inventory_id,restaurant_id,menu_item_id,record_date,opening_stock,stock_received,stock_used,closing_stock,reorder_level,stock_status
INV000000001,R001,M0001,2025-03-01,199,180,218,161,21,Normal
INV000000002,R001,M0002,2025-03-01,62,56,70,48,40,Normal
INV000000003,R001,M0003,2025-03-01,149,96,168,77,25,Normal
INV000000004,R001,M0004,2025-03-01,156,163,226,93,37,Normal
INV000000005,R001,M0005,2025-03-01,100,150,83,167,38,Normal
INV000000006,R001,M0006,2025-03-01,125,172,220,77,35,Normal
INV000000007,R001,M0007,2025-03-01,175,71,144,102,49,Normal
INV000000008,R001,M0008,2025-03-01,74,106,140,40,31,Normal
INV000000009,R001,M0009,2025-03-01,112,125,114,123,40,Normal
INV000000010,R001,M0010,2025-03-01,20,18,18,20,53,Low
INV000000011,R001,M0011,2025-03-01,24,142,34,132,34,Normal
INV000000012,R001,M0012,2025-03-01,21,86,28,79,28,Normal
INV000000013,R001,M0013,2025-03-01,239,90,11,318,59,Normal
INV000000014,R001,M0014,2025-03-01,230,80,283,27,47,Low
INV000000015,R001,M0015,2025-03-01,162,156,292,26,24,Normal
INV000000016,R001,M0016,2025-03-01,44,19,58,5,37,Low
INV000000017,R001,M0017,2025-03-01,59,45,33,71,38,Normal
INV000000018,R001,M0018,2025-03-01,247,159,127,279,29,Normal
INV000000019,R001,M0019,2025-03-01,85,86,23,148,51,Normal
INV000000020,R001,M0020,2025-03-01,122,155,111,166,19,Normal
INV000000021,R001,M0021,2025-03-01,205,93,247,51,26,Normal
INV000000022,R001,M0022,2025-03-01,144,157,48,253,53,Normal
INV000000023,R001,M0023,2025-03-01,184,86,19,251,51,Normal
INV000000024,R001,M0024,2025-03-01,117,30,14,133,36,Normal
INV000000025,R001,M0025,2025-03-01,109,121,106,124,22,Normal
INV000000026,R001,M0026,2025-03-01,242,68,308,2,15,Low
INV000000027,R001,M0027,2025-03-01,182,171,195,158,18,Normal
INV000000028,R001,M0028,2025-03-01,98,144,10,232,35,Normal
INV000000029,R001,M0029,2025-03-01,158,154,76,236,35,Normal
INV000000030,R001,M0030,2025-03-01,148,66,39,175,18,Normal
INV000000031,R001,M0031,2025-03-01,192,110,228,74,53,Normal
INV000000032,R001,M0032,2025-03-01,167,139,46,260,29,Normal
INV000000033,R001,M0033,2025-03-01,130,84,201,13,40,Low
INV000000034,R001,M0034,2025-03-01,57,43,43,57,20,Normal
INV000000035,R001,M0035,2025-03-01,141,156,25,272,50,Normal
INV000000036,R001,M0036,2025-03-01,122,77,21,178,40,Normal
INV000000037,R001,M0037,2025-03-01,148,121,66,203,23,Normal
INV000000038,R001,M0038,2025-03-01,143,153,101,195,46,Normal
INV000000039,R001,M0039,2025-03-01,121,176,292,5,27,Low
INV000000040,R001,M0040,2025-03-01,163,167,268,62,30,Normal
INV000000041,R002,M0001,2025-03-01,82,28,34,76,42,Normal
INV000000042,R002,M0002,2025-03-01,102,157,45,214,22,Normal
INV000000043,R002,M0003,2025-03-01,191,115,216,90,38,Normal
INV000000044,R002,M0004,2025-03-01,109,58,82,85,37,Normal
INV000000045,R002,M0005,2025-03-01,172,177,12,337,34,Normal
INV000000046,R002,M0006,2025-03-01,63,99,157,5,43,Low
INV000000047,R002,M0007,2025-03-01,179,47,112,114,17,Normal
INV000000048,R002,M0008,2025-03-01,229,69,102,196,58,Normal
INV000000049,R002,M0009,2025-03-01,115,49,21,143,22,Normal
INV000000050,R002,M0010,2025-03-01,209,23,62,170,54,Normal
INV000000051,R002,M0011,2025-03-01,57,83,3,137,36,Normal
INV000000052,R002,M0012,2025-03-01,197,38,78,157,43,Normal
INV000000053,R002,M0013,2025-03-01,140,15,84,71,28,Normal
INV000000054,R002,M0014,2025-03-01,209,147,108,248,28,Normal
INV000000055,R002,M0015,2025-03-01,159,143,132,170,50,Normal
INV000000056,R002,M0016,2025-03-01,143,169,72,240,59,Normal
INV000000057,R002,M0017,2025-03-01,198,14,96,116,52,Normal
INV000000058,R002,M0018,2025-03-01,189,144,22,311,31,Normal
INV000000059,R002,M0019,2025-03-01,63,25,36,52,27,Normal
INV000000060,R002,M0020,2025-03-01,222,168,138,252,18,Normal
INV000000061,R002,M0021,2025-03-01,139,177,4,312,19,Normal
INV000000062,R002,M0022,2025-03-01,119,179,138,160,57,Normal
INV000000063,R002,M0023,2025-03-01,238,178,184,232,21,Normal
INV000000064,R002,M0024,2025-03-01,24,84,83,25,39,Low
INV000000065,R002,M0025,2025-03-01,79,107,130,56,60,Low
INV000000066,R002,M0026,2025-03-01,45,90,124,11,53,Low
INV000000067,R002,M0027,2025-03-01,156,32,47,141,27,Normal
INV000000068,R002,M0028,2025-03-01,148,127,11,264,17,Normal
INV000000069,R002,M0029,2025-03-01,83,145,78,150,36,Normal
INV000000070,R002,M0030,2025-03-01,145,110,80,175,16,Normal
INV000000071,R002,M0031,2025-03-01,108,100,90,118,55,Normal
INV000000072,R002,M0032,2025-03-01,97,70,128,39,32,Normal
INV000000073,R002,M0033,2025-03-01,227,25,160,92,31,Normal
INV000000074,R002,M0034,2025-03-01,244,109,15,338,50,Normal
INV000000075,R002,M0035,2025-03-01,91,67,38,120,36,Normal
INV000000076,R002,M0036,2025-03-01,249,110,336,23,23,Low
INV000000077,R002,M0037,2025-03-01,42,107,133,16,58,Low
INV000000078,R002,M0038,2025-03-01,176,170,116,230,41,Normal
INV000000079,R002,M0039,2025-03-01,81,156,39,198,42,Normal
INV000000080,R002,M0040,2025-03-01,99,164,168,95,43,Normal
INV000000081,R003,M0001,2025-03-01,158,43,52,149,56,Normal
INV000000082,R003,M0002,2025-03-01,55,158,138,75,58,Normal
INV000000083,R003,M0003,2025-03-01,224,61,70,215,34,Normal
INV000000084,R003,M0004,2025-03-01,196,144,69,271,42,Normal
INV000000085,R003,M0005,2025-03-01,217,47,80,184,35,Normal
INV000000086,R003,M0006,2025-03-01,37,152,136,53,22,Normal
INV000000087,R003,M0007,2025-03-01,67,91,37,121,16,Normal
INV000000088,R003,M0008,2025-03-01,215,91,211,95,41,Normal
INV000000089,R003,M0009,2025-03-01,97,123,190,30,55,Low
INV000000090,R003,M0010,2025-03-01,209,80,77,212,27,Normal
INV000000091,R003,M0011,2025-03-01,47,43,23,67,16,Normal
INV000000092,R003,M0012,2025-03-01,215,166,315,66,32,Normal
INV000000093,R003,M0013,2025-03-01,175,155,313,17,29,Low
INV000000094,R003,M0014,2025-03-01,172,69,59,182,58,Normal
INV000000095,R003,M0015,2025-03-01,26,101,20,107,59,Normal
INV000000096,R003,M0016,2025-03-01,219,132,68,283,47,Normal
INV000000097,R003,M0017,2025-03-01,236,164,240,160,60,Normal
INV000000098,R003,M0018,2025-03-01,186,105,94,197,39,Normal
INV000000099,R003,M0019,2025-03-01,145,131,70,206,25,Normal
INV000000100,R003,M0020,2025-03-01,69,67,8,128,41,Normal
INV000000101,R003,M0021,2025-03-01,215,13,69,159,41,Normal
INV000000102,R003,M0022,2025-03-01,76,61,52,85,19,Normal
INV000000103,R003,M0023,2025-03-01,65,122,157,30,46,Low
INV000000104,R003,M0024,2025-03-01,196,93,234,55,30,Normal
INV000000105,R003,M0025,2025-03-01,129,113,198,44,17,Normal
INV000000106,R003,M0026,2025-03-01,175,107,160,122,40,Normal
INV000000107,R003,M0027,2025-03-01,176,156,304,28,49,Low
INV000000108,R003,M0028,2025-03-01,154,174,19,309,48,Normal
INV000000109,R003,M0029,2025-03-01,47,125,116,56,17,Normal
INV000000110,R003,M0030,2025-03-01,244,72,265,51,49,Normal
INV000000111,R003,M0031,2025-03-01,121,20,99,42,48,Low
INV000000112,R003,M0032,2025-03-01,215,171,25,361,27,Normal
INV000000113,R003,M0033,2025-03-01,94,122,101,115,34,Normal
INV000000114,R003,M0034,2025-03-01,218,83,236,65,25,Normal
INV000000115,R003,M0035,2025-03-01,128,85,156,57,18,Normal
INV000000116,R003,M0036,2025-03-01,196,142,72,266,44,Normal
INV000000117,R003,M0037,2025-03-01,232,175,231,176,20,Normal
INV000000118,R003,M0038,2025-03-01,204,138,57,285,26,Normal
INV000000119,R003,M0039,2025-03-01,219,159,356,22,49,Low
INV000000120,R003,M0040,2025-03-01,54,110,105,59,35,Normal
INV000000121,R004,M0001,2025-03-01,135,16,45,106,44,Normal
INV000000122,R004,M0002,2025-03-01,171,61,225,7,44,Low
INV000000123,R004,M0003,2025-03-01,43,74,41,76,59,Normal
INV000000124,R004,M0004,2025-03-01,186,51,183,54,22,Normal
INV000000125,R004,M0005,2025-03-01,43,39,57,25,55,Low
INV000000126,R004,M0006,2025-03-01,112,31,134,9,60,Low
INV000000127,R004,M0007,2025-03-01,118,140,81,177,39,Normal
INV000000128,R004,M0008,2025-03-01,160,107,22,245,25,Normal
INV000000129,R004,M0009,2025-03-01,105,154,76,183,25,Normal
INV000000130,R004,M0010,2025-03-01,242,47,91,198,60,Normal
INV000000131,R004,M0011,2025-03-01,33,117,78,72,34,Normal
INV000000132,R004,M0012,2025-03-01,206,124,147,183,55,Normal
INV000000133,R004,M0013,2025-03-01,66,40,16,90,27,Normal
INV000000134,R004,M0014,2025-03-01,20,169,64,125,15,Normal
INV000000135,R004,M0015,2025-03-01,137,137,255,19,49,Low
INV000000136,R004,M0016,2025-03-01,226,11,155,82,46,Normal
INV000000137,R004,M0017,2025-03-01,80,65,121,24,44,Low
INV000000138,R004,M0018,2025-03-01,124,123,20,227,53,Normal
INV000000139,R004,M0019,2025-03-01,173,11,62,122,50,Normal
INV000000140,R004,M0020,2025-03-01,91,168,106,153,18,Normal
INV000000141,R004,M0021,2025-03-01,67,47,7,107,56,Normal
INV000000142,R004,M0022,2025-03-01,109,19,37,91,17,Normal
INV000000143,R004,M0023,2025-03-01,190,157,308,39,34,Normal
INV000000144,R004,M0024,2025-03-01,104,32,12,124,21,Normal
INV000000145,R004,M0025,2025-03-01,126,55,41,140,58,Normal
INV000000146,R004,M0026,2025-03-01,92,166,90,168,44,Normal
INV000000147,R004,M0027,2025-03-01,211,158,184,185,17,Normal
INV000000148,R004,M0028,2025-03-01,43,86,82,47,38,Normal
INV000000149,R004,M0029,2025-03-01,249,107,34,322,42,Normal
INV000000150,R004,M0030,2025-03-01,235,150,33,352,33,Normal
INV000000151,R004,M0031,2025-03-01,140,44,31,153,59,Normal
INV000000152,R004,M0032,2025-03-01,240,80,168,152,48,Normal
INV000000153,R004,M0033,2025-03-01,125,144,107,162,59,Normal
INV000000154,R004,M0034,2025-03-01,73,166,14,225,21,Normal
INV000000155,R004,M0035,2025-03-01,166,171,270,67,20,Normal
INV000000156,R004,M0036,2025-03-01,143,164,147,160,42,Normal
INV000000157,R004,M0037,2025-03-01,175,91,132,134,48,Normal
INV000000158,R004,M0038,2025-03-01,167,169,181,155,23,Normal
INV000000159,R004,M0039,2025-03-01,177,154,254,77,48,Normal
INV000000160,R004,M0040,2025-03-01,206,171,254,123,46,Normal
INV000000161,R005,M0001,2025-03-01,226,56,119,163,60,Normal
INV000000162,R005,M0002,2025-03-01,94,59,0,153,22,Normal
INV000000163,R005,M0003,2025-03-01,26,129,30,125,28,Normal
INV000000164,R005,M0004,2025-03-01,224,167,212,179,41,Normal
INV000000165,R005,M0005,2025-03-01,31,95,44,82,50,Normal
INV000000166,R005,M0006,2025-03-01,226,173,108,291,15,Normal
INV000000167,R005,M0007,2025-03-01,183,61,176,68,33,Normal
INV000000168,R005,M0008,2025-03-01,85,27,39,73,34,Normal
INV000000169,R005,M0009,2025-03-01,149,150,165,134,15,Normal
INV000000170,R005,M0010,2025-03-01,49,95,87,57,40,Normal
INV000000171,R005,M0011,2025-03-01,205,155,315,45,16,Normal
INV000000172,R005,M0012,2025-03-01,233,54,99,188,36,Normal
INV000000173,R005,M0013,2025-03-01,233,96,245,84,45,Normal
INV000000174,R005,M0014,2025-03-01,224,19,165,78,23,Normal
INV000000175,R005,M0015,2025-03-01,143,49,160,32,44,Low
INV000000176,R005,M0016,2025-03-01,248,147,171,224,44,Normal
INV000000177,R005,M0017,2025-03-01,220,115,28,307,48,Normal
INV000000178,R005,M0018,2025-03-01,96,154,185,65,58,Normal
INV000000179,R005,M0019,2025-03-01,100,152,137,115,16,Normal
INV000000180,R005,M0020,2025-03-01,73,157,175,55,36,Normal
INV000000181,R005,M0021,2025-03-01,224,100,33,291,24,Normal
INV000000182,R005,M0022,2025-03-01,91,17,43,65,39,Normal
INV000000183,R005,M0023,2025-03-01,180,146,84,242,51,Normal
INV000000184,R005,M0024,2025-03-01,175,109,95,189,53,Normal
INV000000185,R005,M0025,2025-03-01,49,88,80,57,60,Low
INV000000186,R005,M0026,2025-03-01,28,79,52,55,20,Normal
INV000000187,R005,M0027,2025-03-01,147,70,95,122,43,Normal
INV000000188,R005,M0028,2025-03-01,232,87,110,209,48,Normal
INV000000189,R005,M0029,2025-03-01,97,54,28,123,38,Normal
INV000000190,R005,M0030,2025-03-01,220,19,199,40,27,Normal
INV000000191,R005,M0031,2025-03-01,43,123,129,37,16,Normal
INV000000192,R005,M0032,2025-03-01,224,133,256,101,24,Normal
INV000000193,R005,M0033,2025-03-01,68,97,123,42,48,Low
INV000000194,R005,M0034,2025-03-01,99,93,36,156,21,Normal
INV000000195,R005,M0035,2025-03-01,230,142,346,26,23,Normal
INV000000196,R005,M0036,2025-03-01,72,19,58,33,39,Low
INV000000197,R005,M0037,2025-03-01,202,143,59,286,15,Normal
INV000000198,R005,M0038,2025-03-01,99,21,87,33,53,Low
INV000000199,R005,M0039,2025-03-01,243,32,170,105,44,Normal
INV000000200,R005,M0040,2025-03-01,247,21,52,216,48,Normal
INV000000201,R006,M0001,2025-03-01,216,178,381,13,34,Low
INV000000202,R006,M0002,2025-03-01,25,157,79,103,55,Normal
INV000000203,R006,M0003,2025-03-01,248,63,164,147,27,Normal
INV000000204,R006,M0004,2025-03-01,69,83,70,82,49,Normal
INV000000205,R006,M0005,2025-03-01,101,122,171,52,22,Normal
INV000000206,R006,M0006,2025-03-01,89,48,40,97,32,Normal
INV000000207,R006,M0007,2025-03-01,49,13,61,1,54,Low
INV000000208,R006,M0008,2025-03-01,163,141,52,252,28,Normal
INV000000209,R006,M0009,2025-03-01,158,99,163,94,32,Normal
INV000000210,R006,M0010,2025-03-01,56,82,62,76,25,Normal
INV000000211,R006,M0011,2025-03-01,38,89,86,41,49,Low
INV000000212,R006,M0012,2025-03-01,133,22,33,122,16,Normal
INV000000213,R006,M0013,2025-03-01,140,22,27,135,39,Normal
INV000000214,R006,M0014,2025-03-01,33,32,54,11,40,Low
INV000000215,R006,M0015,2025-03-01,65,162,151,76,55,Normal
INV000000216,R006,M0016,2025-03-01,234,124,315,43,37,Normal
INV000000217,R006,M0017,2025-03-01,99,95,50,144,60,Normal
INV000000218,R006,M0018,2025-03-01,214,146,40,320,44,Normal
INV000000219,R006,M0019,2025-03-01,165,43,23,185,59,Normal
INV000000220,R006,M0020,2025-03-01,139,34,116,57,34,Normal
INV000000221,R006,M0021,2025-03-01,195,174,363,6,44,Low
INV000000222,R006,M0022,2025-03-01,140,69,57,152,24,Normal
INV000000223,R006,M0023,2025-03-01,240,167,132,275,38,Normal
INV000000224,R006,M0024,2025-03-01,120,56,170,6,36,Low
INV000000225,R006,M0025,2025-03-01,221,93,232,82,46,Normal
INV000000226,R006,M0026,2025-03-01,27,26,30,23,22,Normal
INV000000227,R006,M0027,2025-03-01,109,132,118,123,25,Normal
INV000000228,R006,M0028,2025-03-01,92,99,154,37,51,Low
INV000000229,R006,M0029,2025-03-01,52,140,26,166,40,Normal
INV000000230,R006,M0030,2025-03-01,229,37,166,100,50,Normal
INV000000231,R006,M0031,2025-03-01,186,28,202,12,34,Low
INV000000232,R006,M0032,2025-03-01,156,128,205,79,52,Normal
INV000000233,R006,M0033,2025-03-01,125,71,158,38,30,Normal
INV000000234,R006,M0034,2025-03-01,160,50,123,87,39,Normal
INV000000235,R006,M0035,2025-03-01,36,97,53,80,59,Normal
INV000000236,R006,M0036,2025-03-01,171,120,222,69,51,Normal
INV000000237,R006,M0037,2025-03-01,221,97,278,40,59,Low
INV000000238,R006,M0038,2025-03-01,80,54,19,115,60,Normal
INV000000239,R006,M0039,2025-03-01,166,134,58,242,52,Normal
INV000000240,R006,M0040,2025-03-01,172,128,166,134,50,Normal
INV000000241,R007,M0001,2025-03-01,44,123,45,122,34,Normal
INV000000242,R007,M0002,2025-03-01,123,27,27,123,58,Normal
INV000000243,R007,M0003,2025-03-01,228,162,194,196,35,Normal
INV000000244,R007,M0004,2025-03-01,146,175,31,290,20,Normal
INV000000245,R007,M0005,2025-03-01,75,45,113,7,52,Low
INV000000246,R007,M0006,2025-03-01,213,172,0,385,24,Normal
INV000000247,R007,M0007,2025-03-01,189,48,115,122,49,Normal
INV000000248,R007,M0008,2025-03-01,94,109,157,46,51,Low
INV000000249,R007,M0009,2025-03-01,134,60,52,142,58,Normal
INV000000250,R007,M0010,2025-03-01,244,91,153,182,51,Normal
INV000000251,R007,M0011,2025-03-01,223,87,222,88,60,Normal
INV000000252,R007,M0012,2025-03-01,108,32,2,138,54,Normal
INV000000253,R007,M0013,2025-03-01,150,113,65,198,33,Normal
INV000000254,R007,M0014,2025-03-01,35,104,13,126,15,Normal
INV000000255,R007,M0015,2025-03-01,200,153,183,170,22,Normal
INV000000256,R007,M0016,2025-03-01,240,82,15,307,30,Normal
INV000000257,R007,M0017,2025-03-01,130,161,201,90,55,Normal
INV000000258,R007,M0018,2025-03-01,101,107,103,105,39,Normal
INV000000259,R007,M0019,2025-03-01,131,149,108,172,57,Normal
INV000000260,R007,M0020,2025-03-01,64,131,35,160,27,Normal
INV000000261,R007,M0021,2025-03-01,162,108,184,86,41,Normal
INV000000262,R007,M0022,2025-03-01,59,83,32,110,23,Normal
INV000000263,R007,M0023,2025-03-01,22,28,41,9,16,Low
INV000000264,R007,M0024,2025-03-01,56,134,168,22,42,Low
INV000000265,R007,M0025,2025-03-01,54,31,17,68,56,Normal
INV000000266,R007,M0026,2025-03-01,226,116,233,109,59,Normal
INV000000267,R007,M0027,2025-03-01,174,118,92,200,44,Normal
INV000000268,R007,M0028,2025-03-01,150,118,230,38,39,Low
INV000000269,R007,M0029,2025-03-01,110,67,47,130,42,Normal
INV000000270,R007,M0030,2025-03-01,174,11,147,38,46,Low
INV000000271,R007,M0031,2025-03-01,236,70,256,50,32,Normal
INV000000272,R007,M0032,2025-03-01,125,149,187,87,17,Normal
INV000000273,R007,M0033,2025-03-01,29,155,123,61,60,Normal
INV000000274,R007,M0034,2025-03-01,114,38,148,4,45,Low
INV000000275,R007,M0035,2025-03-01,196,30,36,190,48,Normal
INV000000276,R007,M0036,2025-03-01,239,81,238,82,48,Normal
INV000000277,R007,M0037,2025-03-01,40,143,156,27,20,Normal
INV000000278,R007,M0038,2025-03-01,82,130,161,51,57,Low
INV000000279,R007,M0039,2025-03-01,191,29,175,45,55,Low
INV000000280,R007,M0040,2025-03-01,158,158,159,157,54,Normal
INV000000281,R008,M0001,2025-03-01,33,97,2,128,45,Normal
INV000000282,R008,M0002,2025-03-01,136,141,240,37,51,Low
INV000000283,R008,M0003,2025-03-01,207,94,215,86,37,Normal
INV000000284,R008,M0004,2025-03-01,224,85,148,161,25,Normal
INV000000285,R008,M0005,2025-03-01,29,162,191,0,34,Low
INV000000286,R008,M0006,2025-03-01,206,154,133,227,18,Normal
INV000000287,R008,M0007,2025-03-01,181,131,296,16,25,Low
INV000000288,R008,M0008,2025-03-01,166,23,168,21,33,Low
INV000000289,R008,M0009,2025-03-01,227,169,13,383,33,Normal
INV000000290,R008,M0010,2025-03-01,144,31,32,143,47,Normal
INV000000291,R008,M0011,2025-03-01,39,81,32,88,23,Normal
INV000000292,R008,M0012,2025-03-01,177,81,140,118,31,Normal
INV000000293,R008,M0013,2025-03-01,23,38,38,23,26,Low
INV000000294,R008,M0014,2025-03-01,171,48,168,51,43,Normal
INV000000295,R008,M0015,2025-03-01,114,54,66,102,59,Normal
INV000000296,R008,M0016,2025-03-01,80,134,46,168,48,Normal
INV000000297,R008,M0017,2025-03-01,240,18,175,83,20,Normal
INV000000298,R008,M0018,2025-03-01,57,162,210,9,24,Low
INV000000299,R008,M0019,2025-03-01,234,136,211,159,39,Normal
INV000000300,R008,M0020,2025-03-01,80,179,225,34,55,Low
INV000000301,R008,M0021,2025-03-01,62,63,73,52,37,Normal
INV000000302,R008,M0022,2025-03-01,33,174,67,140,22,Normal
INV000000303,R008,M0023,2025-03-01,33,52,59,26,40,Low
INV000000304,R008,M0024,2025-03-01,141,87,121,107,49,Normal
INV000000305,R008,M0025,2025-03-01,79,107,174,12,60,Low
INV000000306,R008,M0026,2025-03-01,119,131,67,183,24,Normal
INV000000307,R008,M0027,2025-03-01,155,121,6,270,33,Normal
INV000000308,R008,M0028,2025-03-01,224,124,195,153,58,Normal
INV000000309,R008,M0029,2025-03-01,100,145,174,71,17,Normal
INV000000310,R008,M0030,2025-03-01,44,146,163,27,37,Low
INV000000311,R008,M0031,2025-03-01,236,120,312,44,56,Low
INV000000312,R008,M0032,2025-03-01,239,79,171,147,32,Normal
INV000000313,R008,M0033,2025-03-01,88,35,32,91,56,Normal
INV000000314,R008,M0034,2025-03-01,169,110,236,43,58,Low
INV000000315,R008,M0035,2025-03-01,211,71,99,183,48,Normal
INV000000316,R008,M0036,2025-03-01,106,56,80,82,50,Normal
INV000000317,R008,M0037,2025-03-01,22,12,4,30,15,Normal
INV000000318,R008,M0038,2025-03-01,125,35,134,26,21,Normal
INV000000319,R008,M0039,2025-03-01,195,124,179,140,29,Normal
INV000000320,R008,M0040,2025-03-01,205,82,128,159,27,Normal
INV000000321,R009,M0001,2025-03-01,28,16,39,5,20,Low
INV000000322,R009,M0002,2025-03-01,34,162,168,28,28,Low
INV000000323,R009,M0003,2025-03-01,173,173,62,284,60,Normal
INV000000324,R009,M0004,2025-03-01,50,32,77,5,23,Low
INV000000325,R009,M0005,2025-03-01,116,178,289,5,26,Low
INV000000326,R009,M0006,2025-03-01,249,38,94,193,31,Normal
INV000000327,R009,M0007,2025-03-01,95,129,169,55,19,Normal
INV000000328,R009,M0008,2025-03-01,183,126,141,168,42,Normal
INV000000329,R009,M0009,2025-03-01,197,180,165,212,31,Normal
INV000000330,R009,M0010,2025-03-01,61,28,35,54,18,Normal
INV000000331,R009,M0011,2025-03-01,117,109,85,141,18,Normal
INV000000332,R009,M0012,2025-03-01,86,77,45,118,43,Normal
INV000000333,R009,M0013,2025-03-01,37,135,51,121,54,Normal
INV000000334,R009,M0014,2025-03-01,120,55,165,10,46,Low
INV000000335,R009,M0015,2025-03-01,47,46,69,24,42,Low
INV000000336,R009,M0016,2025-03-01,75,167,164,78,21,Normal
INV000000337,R009,M0017,2025-03-01,133,76,26,183,17,Normal
INV000000338,R009,M0018,2025-03-01,38,28,32,34,43,Low
INV000000339,R009,M0019,2025-03-01,24,137,38,123,56,Normal
INV000000340,R009,M0020,2025-03-01,183,10,9,184,57,Normal
INV000000341,R009,M0021,2025-03-01,119,78,38,159,59,Normal
INV000000342,R009,M0022,2025-03-01,104,110,147,67,15,Normal
INV000000343,R009,M0023,2025-03-01,151,135,244,42,42,Low
INV000000344,R009,M0024,2025-03-01,123,27,138,12,29,Low
INV000000345,R009,M0025,2025-03-01,20,108,123,5,22,Low
INV000000346,R009,M0026,2025-03-01,165,147,183,129,36,Normal
INV000000347,R009,M0027,2025-03-01,194,87,205,76,18,Normal
INV000000348,R009,M0028,2025-03-01,181,175,46,310,38,Normal
INV000000349,R009,M0029,2025-03-01,156,97,20,233,44,Normal
INV000000350,R009,M0030,2025-03-01,214,84,103,195,26,Normal
INV000000351,R009,M0031,2025-03-01,161,20,98,83,57,Normal
INV000000352,R009,M0032,2025-03-01,68,86,99,55,21,Normal
INV000000353,R009,M0033,2025-03-01,181,101,249,33,20,Normal
INV000000354,R009,M0034,2025-03-01,246,171,224,193,27,Normal
INV000000355,R009,M0035,2025-03-01,55,19,24,50,16,Normal
INV000000356,R009,M0036,2025-03-01,204,161,122,243,46,Normal
INV000000357,R009,M0037,2025-03-01,119,26,138,7,56,Low
INV000000358,R009,M0038,2025-03-01,98,137,136,99,43,Normal
INV000000359,R009,M0039,2025-03-01,24,19,21,22,18,Normal
INV000000360,R009,M0040,2025-03-01,106,20,51,75,22,Normal
INV000000361,R010,M0001,2025-03-01,74,177,170,81,48,Normal
INV000000362,R010,M0002,2025-03-01,137,147,76,208,52,Normal
INV000000363,R010,M0003,2025-03-01,79,28,4,103,24,Normal
INV000000364,R010,M0004,2025-03-01,145,177,9,313,45,Normal
INV000000365,R010,M0005,2025-03-01,178,21,62,137,59,Normal
INV000000366,R010,M0006,2025-03-01,186,43,3,226,26,Normal
INV000000367,R010,M0007,2025-03-01,181,22,78,125,21,Normal
INV000000368,R010,M0008,2025-03-01,136,166,87,215,52,Normal
INV000000369,R010,M0009,2025-03-01,36,37,14,59,46,Normal
INV000000370,R010,M0010,2025-03-01,172,167,112,227,19,Normal
INV000000371,R010,M0011,2025-03-01,225,61,218,68,36,Normal
INV000000372,R010,M0012,2025-03-01,227,112,166,173,22,Normal
INV000000373,R010,M0013,2025-03-01,195,157,279,73,23,Normal
INV000000374,R010,M0014,2025-03-01,102,64,11,155,52,Normal
INV000000375,R010,M0015,2025-03-01,64,95,16,143,22,Normal
INV000000376,R010,M0016,2025-03-01,90,46,106,30,25,Normal
INV000000377,R010,M0017,2025-03-01,198,104,283,19,25,Low
INV000000378,R010,M0018,2025-03-01,132,72,148,56,17,Normal
INV000000379,R010,M0019,2025-03-01,54,35,80,9,54,Low
INV000000380,R010,M0020,2025-03-01,116,50,4,162,46,Normal
INV000000381,R010,M0021,2025-03-01,40,11,0,51,26,Normal
INV000000382,R010,M0022,2025-03-01,42,176,151,67,33,Normal
INV000000383,R010,M0023,2025-03-01,126,131,64,193,28,Normal
INV000000384,R010,M0024,2025-03-01,56,173,69,160,48,Normal
INV000000385,R010,M0025,2025-03-01,135,115,61,189,26,Normal
INV000000386,R010,M0026,2025-03-01,176,19,152,43,26,Normal
INV000000387,R010,M0027,2025-03-01,203,137,313,27,20,Normal
INV000000388,R010,M0028,2025-03-01,180,87,178,89,41,Normal
INV000000389,R010,M0029,2025-03-01,21,152,60,113,27,Normal
INV000000390,R010,M0030,2025-03-01,50,145,24,171,54,Normal
INV000000391,R010,M0031,2025-03-01,112,148,259,1,29,Low
INV000000392,R010,M0032,2025-03-01,138,170,106,202,32,Normal
INV000000393,R010,M0033,2025-03-01,33,59,14,78,24,Normal
INV000000394,R010,M0034,2025-03-01,195,131,254,72,26,Normal
INV000000395,R010,M0035,2025-03-01,60,21,6,75,56,Normal
INV000000396,R010,M0036,2025-03-01,113,82,53,142,42,Normal
INV000000397,R010,M0037,2025-03-01,84,95,157,22,44,Low
INV000000398,R010,M0038,2025-03-01,31,36,6,61,49,Normal
INV000000399,R010,M0039,2025-03-01,65,50,100,15,16,Low
INV000000400,R010,M0040,2025-03-01,144,141,59,226,19,Normal
INV000000401,R011,M0001,2025-03-01,249,70,227,92,52,Normal
INV000000402,R011,M0002,2025-03-01,168,93,214,47,27,Normal
INV000000403,R011,M0003,2025-03-01,211,93,117,187,22,Normal
INV000000404,R011,M0004,2025-03-01,103,68,25,146,30,Normal
INV000000405,R011,M0005,2025-03-01,208,115,102,221,39,Normal
INV000000406,R011,M0006,2025-03-01,248,66,37,277,45,Normal
INV000000407,R011,M0007,2025-03-01,169,134,27,276,42,Normal
INV000000408,R011,M0008,2025-03-01,57,65,118,4,54,Low
INV000000409,R011,M0009,2025-03-01,136,55,99,92,38,Normal
INV000000410,R011,M0010,2025-03-01,54,127,49,132,55,Normal
INV000000411,R011,M0011,2025-03-01,111,79,51,139,36,Normal
INV000000412,R011,M0012,2025-03-01,52,18,7,63,32,Normal
INV000000413,R011,M0013,2025-03-01,54,38,59,33,44,Low
INV000000414,R011,M0014,2025-03-01,127,53,87,93,29,Normal
INV000000415,R011,M0015,2025-03-01,246,85,309,22,25,Low
INV000000416,R011,M0016,2025-03-01,222,173,313,82,25,Normal
INV000000417,R011,M0017,2025-03-01,167,151,117,201,20,Normal
INV000000418,R011,M0018,2025-03-01,125,143,250,18,28,Low
INV000000419,R011,M0019,2025-03-01,171,131,236,66,32,Normal
INV000000420,R011,M0020,2025-03-01,23,119,63,79,30,Normal
INV000000421,R011,M0021,2025-03-01,103,121,148,76,29,Normal
INV000000422,R011,M0022,2025-03-01,248,161,76,333,51,Normal
INV000000423,R011,M0023,2025-03-01,249,11,213,47,17,Normal
INV000000424,R011,M0024,2025-03-01,30,130,129,31,17,Normal
INV000000425,R011,M0025,2025-03-01,128,145,201,72,45,Normal
INV000000426,R011,M0026,2025-03-01,227,35,231,31,46,Low
INV000000427,R011,M0027,2025-03-01,81,31,71,41,15,Normal
INV000000428,R011,M0028,2025-03-01,197,114,111,200,23,Normal
INV000000429,R011,M0029,2025-03-01,111,85,61,135,56,Normal
INV000000430,R011,M0030,2025-03-01,43,14,30,27,57,Low
INV000000431,R011,M0031,2025-03-01,98,51,117,32,51,Low
INV000000432,R011,M0032,2025-03-01,211,159,12,358,44,Normal
INV000000433,R011,M0033,2025-03-01,138,45,180,3,40,Low
INV000000434,R011,M0034,2025-03-01,67,104,160,11,44,Low
INV000000435,R011,M0035,2025-03-01,200,172,0,372,55,Normal
INV000000436,R011,M0036,2025-03-01,38,108,85,61,48,Normal
INV000000437,R011,M0037,2025-03-01,28,85,54,59,32,Normal
INV000000438,R011,M0038,2025-03-01,198,166,277,87,51,Normal
INV000000439,R011,M0039,2025-03-01,223,63,41,245,54,Normal
INV000000440,R011,M0040,2025-03-01,245,95,28,312,47,Normal
INV000000441,R012,M0001,2025-03-01,192,103,26,269,22,Normal
INV000000442,R012,M0002,2025-03-01,118,103,119,102,54,Normal
INV000000443,R012,M0003,2025-03-01,30,103,93,40,26,Normal
INV000000444,R012,M0004,2025-03-01,185,153,34,304,50,Normal
INV000000445,R012,M0005,2025-03-01,201,62,70,193,36,Normal
INV000000446,R012,M0006,2025-03-01,81,148,29,200,56,Normal
INV000000447,R012,M0007,2025-03-01,142,158,107,193,29,Normal
INV000000448,R012,M0008,2025-03-01,102,100,68,134,47,Normal
INV000000449,R012,M0009,2025-03-01,194,118,141,171,18,Normal
INV000000450,R012,M0010,2025-03-01,36,105,88,53,43,Normal
INV000000451,R012,M0011,2025-03-01,144,138,269,13,22,Low
INV000000452,R012,M0012,2025-03-01,140,146,272,14,33,Low
INV000000453,R012,M0013,2025-03-01,135,168,188,115,58,Normal
INV000000454,R012,M0014,2025-03-01,197,26,48,175,44,Normal
INV000000455,R012,M0015,2025-03-01,42,30,50,22,26,Low
INV000000456,R012,M0016,2025-03-01,93,29,13,109,25,Normal
INV000000457,R012,M0017,2025-03-01,90,38,37,91,46,Normal
INV000000458,R012,M0018,2025-03-01,58,62,66,54,55,Low
INV000000459,R012,M0019,2025-03-01,25,85,53,57,58,Low
INV000000460,R012,M0020,2025-03-01,158,43,121,80,37,Normal
INV000000461,R012,M0021,2025-03-01,127,123,188,62,56,Normal
INV000000462,R012,M0022,2025-03-01,25,84,24,85,19,Normal
INV000000463,R012,M0023,2025-03-01,25,69,66,28,56,Low
INV000000464,R012,M0024,2025-03-01,105,115,148,72,36,Normal
INV000000465,R012,M0025,2025-03-01,187,175,167,195,46,Normal
INV000000466,R012,M0026,2025-03-01,171,180,271,80,50,Normal
INV000000467,R012,M0027,2025-03-01,133,127,155,105,51,Normal
INV000000468,R012,M0028,2025-03-01,53,88,43,98,31,Normal
INV000000469,R012,M0029,2025-03-01,78,133,95,116,33,Normal
INV000000470,R012,M0030,2025-03-01,217,22,37,202,37,Normal
INV000000471,R012,M0031,2025-03-01,92,126,42,176,54,Normal
INV000000472,R012,M0032,2025-03-01,61,147,73,135,26,Normal
INV000000473,R012,M0033,2025-03-01,64,180,203,41,24,Normal
INV000000474,R012,M0034,2025-03-01,61,70,29,102,17,Normal
INV000000475,R012,M0035,2025-03-01,101,157,64,194,43,Normal
INV000000476,R012,M0036,2025-03-01,86,104,47,143,28,Normal
INV000000477,R012,M0037,2025-03-01,163,18,170,11,35,Low
INV000000478,R012,M0038,2025-03-01,108,47,95,60,43,Normal
INV000000479,R012,M0039,2025-03-01,158,51,136,73,34,Normal
INV000000480,R012,M0040,2025-03-01,51,16,51,16,46,Low
INV000000481,R013,M0001,2025-03-01,216,47,234,29,35,Low
INV000000482,R013,M0002,2025-03-01,59,11,69,1,47,Low
INV000000483,R013,M0003,2025-03-01,104,175,151,128,45,Normal
INV000000484,R013,M0004,2025-03-01,249,84,293,40,57,Low
INV000000485,R013,M0005,2025-03-01,57,154,186,25,43,Low
INV000000486,R013,M0006,2025-03-01,106,38,122,22,17,Normal
INV000000487,R013,M0007,2025-03-01,55,151,29,177,34,Normal
INV000000488,R013,M0008,2025-03-01,26,112,56,82,43,Normal
INV000000489,R013,M0009,2025-03-01,111,33,83,61,18,Normal
INV000000490,R013,M0010,2025-03-01,175,174,99,250,52,Normal
INV000000491,R013,M0011,2025-03-01,154,66,200,20,32,Low
INV000000492,R013,M0012,2025-03-01,70,15,10,75,49,Normal
INV000000493,R013,M0013,2025-03-01,237,124,346,15,57,Low
INV000000494,R013,M0014,2025-03-01,42,141,100,83,27,Normal
INV000000495,R013,M0015,2025-03-01,145,91,154,82,53,Normal
INV000000496,R013,M0016,2025-03-01,150,24,170,4,38,Low
INV000000497,R013,M0017,2025-03-01,121,47,109,59,38,Normal
INV000000498,R013,M0018,2025-03-01,118,105,3,220,33,Normal
INV000000499,R013,M0019,2025-03-01,108,99,78,129,43,Normal
INV000000500,R013,M0020,2025-03-01,243,153,44,352,28,Normal
INV000000501,R013,M0021,2025-03-01,206,123,212,117,43,Normal
INV000000502,R013,M0022,2025-03-01,93,51,108,36,41,Low
INV000000503,R013,M0023,2025-03-01,55,160,153,62,20,Normal
INV000000504,R013,M0024,2025-03-01,56,63,38,81,45,Normal
INV000000505,R013,M0025,2025-03-01,242,144,171,215,19,Normal
INV000000506,R013,M0026,2025-03-01,171,106,45,232,15,Normal
INV000000507,R013,M0027,2025-03-01,124,173,139,158,41,Normal
INV000000508,R013,M0028,2025-03-01,64,152,118,98,60,Normal
INV000000509,R013,M0029,2025-03-01,165,45,51,159,26,Normal
INV000000510,R013,M0030,2025-03-01,233,107,148,192,50,Normal
INV000000511,R013,M0031,2025-03-01,145,20,77,88,52,Normal
INV000000512,R013,M0032,2025-03-01,97,136,143,90,44,Normal
INV000000513,R013,M0033,2025-03-01,77,16,0,93,24,Normal
INV000000514,R013,M0034,2025-03-01,87,86,163,10,55,Low
INV000000515,R013,M0035,2025-03-01,140,41,167,14,57,Low
INV000000516,R013,M0036,2025-03-01,248,83,213,118,26,Normal
INV000000517,R013,M0037,2025-03-01,145,175,125,195,16,Normal
INV000000518,R013,M0038,2025-03-01,50,80,126,4,19,Low
INV000000519,R013,M0039,2025-03-01,173,102,246,29,51,Low
INV000000520,R013,M0040,2025-03-01,131,76,160,47,58,Low
INV000000521,R014,M0001,2025-03-01,141,40,95,86,47,Normal
INV000000522,R014,M0002,2025-03-01,207,157,8,356,31,Normal
INV000000523,R014,M0003,2025-03-01,61,158,14,205,24,Normal
INV000000524,R014,M0004,2025-03-01,101,128,224,5,59,Low
INV000000525,R014,M0005,2025-03-01,54,101,41,114,18,Normal
INV000000526,R014,M0006,2025-03-01,89,102,107,84,55,Normal
INV000000527,R014,M0007,2025-03-01,111,22,74,59,33,Normal
INV000000528,R014,M0008,2025-03-01,155,173,39,289,47,Normal
INV000000529,R014,M0009,2025-03-01,69,170,46,193,21,Normal
INV000000530,R014,M0010,2025-03-01,173,52,139,86,35,Normal
INV000000531,R014,M0011,2025-03-01,243,90,154,179,32,Normal
INV000000532,R014,M0012,2025-03-01,195,102,49,248,49,Normal
INV000000533,R014,M0013,2025-03-01,168,100,73,195,15,Normal
INV000000534,R014,M0014,2025-03-01,55,142,72,125,38,Normal
INV000000535,R014,M0015,2025-03-01,219,134,210,143,36,Normal
INV000000536,R014,M0016,2025-03-01,61,36,27,70,24,Normal
INV000000537,R014,M0017,2025-03-01,148,66,212,2,27,Low
INV000000538,R014,M0018,2025-03-01,223,153,314,62,59,Normal
INV000000539,R014,M0019,2025-03-01,232,144,272,104,60,Normal
INV000000540,R014,M0020,2025-03-01,161,39,106,94,44,Normal
INV000000541,R014,M0021,2025-03-01,39,39,16,62,16,Normal
INV000000542,R014,M0022,2025-03-01,142,99,79,162,59,Normal
INV000000543,R014,M0023,2025-03-01,112,45,113,44,53,Low
INV000000544,R014,M0024,2025-03-01,153,97,44,206,60,Normal
INV000000545,R014,M0025,2025-03-01,97,17,95,19,22,Low
INV000000546,R014,M0026,2025-03-01,76,42,109,9,59,Low
INV000000547,R014,M0027,2025-03-01,56,68,39,85,23,Normal
INV000000548,R014,M0028,2025-03-01,73,43,10,106,42,Normal
INV000000549,R014,M0029,2025-03-01,196,38,19,215,16,Normal
INV000000550,R014,M0030,2025-03-01,218,133,220,131,17,Normal
INV000000551,R014,M0031,2025-03-01,70,37,4,103,57,Normal
INV000000552,R014,M0032,2025-03-01,151,161,30,282,45,Normal
INV000000553,R014,M0033,2025-03-01,50,74,5,119,19,Normal
INV000000554,R014,M0034,2025-03-01,97,180,5,272,21,Normal
INV000000555,R014,M0035,2025-03-01,220,41,105,156,52,Normal
INV000000556,R014,M0036,2025-03-01,250,61,94,217,57,Normal
INV000000557,R014,M0037,2025-03-01,109,17,11,115,24,Normal
INV000000558,R014,M0038,2025-03-01,236,81,296,21,37,Low
INV000000559,R014,M0039,2025-03-01,110,51,128,33,54,Low
INV000000560,R014,M0040,2025-03-01,81,139,145,75,19,Normal
INV000000561,R015,M0001,2025-03-01,45,158,195,8,15,Low
INV000000562,R015,M0002,2025-03-01,155,65,183,37,27,Normal
INV000000563,R015,M0003,2025-03-01,92,53,137,8,15,Low
INV000000564,R015,M0004,2025-03-01,205,35,236,4,28,Low
INV000000565,R015,M0005,2025-03-01,149,131,187,93,59,Normal
INV000000566,R015,M0006,2025-03-01,170,57,112,115,58,Normal
INV000000567,R015,M0007,2025-03-01,47,56,45,58,39,Normal
INV000000568,R015,M0008,2025-03-01,128,64,131,61,29,Normal
INV000000569,R015,M0009,2025-03-01,124,38,80,82,22,Normal
INV000000570,R015,M0010,2025-03-01,139,38,133,44,23,Normal
INV000000571,R015,M0011,2025-03-01,146,102,180,68,33,Normal
INV000000572,R015,M0012,2025-03-01,162,20,21,161,35,Normal
INV000000573,R015,M0013,2025-03-01,146,39,98,87,33,Normal
INV000000574,R015,M0014,2025-03-01,136,163,159,140,58,Normal
INV000000575,R015,M0015,2025-03-01,235,123,115,243,50,Normal
INV000000576,R015,M0016,2025-03-01,124,84,109,99,27,Normal
INV000000577,R015,M0017,2025-03-01,239,27,243,23,58,Low
INV000000578,R015,M0018,2025-03-01,114,55,3,166,58,Normal
INV000000579,R015,M0019,2025-03-01,145,36,101,80,43,Normal
INV000000580,R015,M0020,2025-03-01,153,178,43,288,22,Normal
INV000000581,R015,M0021,2025-03-01,56,111,102,65,59,Normal
INV000000582,R015,M0022,2025-03-01,171,36,189,18,25,Low
INV000000583,R015,M0023,2025-03-01,36,103,50,89,36,Normal
INV000000584,R015,M0024,2025-03-01,71,162,216,17,40,Low
INV000000585,R015,M0025,2025-03-01,51,69,107,13,42,Low
INV000000586,R015,M0026,2025-03-01,205,137,142,200,60,Normal
INV000000587,R015,M0027,2025-03-01,216,158,303,71,32,Normal
INV000000588,R015,M0028,2025-03-01,213,174,204,183,37,Normal
INV000000589,R015,M0029,2025-03-01,141,180,308,13,40,Low
INV000000590,R015,M0030,2025-03-01,144,140,142,142,24,Normal
INV000000591,R015,M0031,2025-03-01,216,126,55,287,22,Normal
INV000000592,R015,M0032,2025-03-01,84,135,127,92,29,Normal
INV000000593,R015,M0033,2025-03-01,180,44,7,217,21,Normal
INV000000594,R015,M0034,2025-03-01,208,23,212,19,19,Low
INV000000595,R015,M0035,2025-03-01,147,16,45,118,39,Normal
INV000000596,R015,M0036,2025-03-01,174,93,78,189,34,Normal
INV000000597,R015,M0037,2025-03-01,179,169,49,299,19,Normal
INV000000598,R015,M0038,2025-03-01,189,143,252,80,44,Normal
INV000000599,R015,M0039,2025-03-01,71,85,127,29,46,Low
INV000000600,R015,M0040,2025-03-01,149,76,138,87,36,Normal
INV000000601,R016,M0001,2025-03-01,227,148,279,96,16,Normal
INV000000602,R016,M0002,2025-03-01,215,18,110,123,22,Normal
INV000000603,R016,M0003,2025-03-01,118,125,80,163,39,Normal
INV000000604,R016,M0004,2025-03-01,133,127,18,242,17,Normal
INV000000605,R016,M0005,2025-03-01,65,152,168,49,34,Normal
INV000000606,R016,M0006,2025-03-01,246,52,251,47,42,Normal
INV000000607,R016,M0007,2025-03-01,54,89,99,44,46,Low
INV000000608,R016,M0008,2025-03-01,215,38,145,108,58,Normal
INV000000609,R016,M0009,2025-03-01,145,178,283,40,58,Low
INV000000610,R016,M0010,2025-03-01,158,156,240,74,45,Normal
INV000000611,R016,M0011,2025-03-01,163,50,129,84,18,Normal
INV000000612,R016,M0012,2025-03-01,120,77,126,71,52,Normal
INV000000613,R016,M0013,2025-03-01,116,167,180,103,33,Normal
INV000000614,R016,M0014,2025-03-01,102,25,7,120,52,Normal
INV000000615,R016,M0015,2025-03-01,31,42,46,27,37,Low
INV000000616,R016,M0016,2025-03-01,227,159,13,373,55,Normal
INV000000617,R016,M0017,2025-03-01,107,107,24,190,42,Normal
INV000000618,R016,M0018,2025-03-01,108,101,105,104,37,Normal
INV000000619,R016,M0019,2025-03-01,34,179,62,151,30,Normal
INV000000620,R016,M0020,2025-03-01,80,175,159,96,52,Normal
INV000000621,R016,M0021,2025-03-01,41,26,39,28,22,Normal
INV000000622,R016,M0022,2025-03-01,106,53,5,154,49,Normal
INV000000623,R016,M0023,2025-03-01,103,19,58,64,57,Normal
INV000000624,R016,M0024,2025-03-01,241,118,290,69,47,Normal
INV000000625,R016,M0025,2025-03-01,250,117,136,231,16,Normal
INV000000626,R016,M0026,2025-03-01,198,130,301,27,16,Normal
INV000000627,R016,M0027,2025-03-01,101,106,146,61,39,Normal
INV000000628,R016,M0028,2025-03-01,102,156,50,208,46,Normal
INV000000629,R016,M0029,2025-03-01,45,62,43,64,46,Normal
INV000000630,R016,M0030,2025-03-01,148,180,173,155,25,Normal
INV000000631,R016,M0031,2025-03-01,177,86,186,77,42,Normal
INV000000632,R016,M0032,2025-03-01,71,137,162,46,19,Normal
INV000000633,R016,M0033,2025-03-01,235,147,109,273,33,Normal
INV000000634,R016,M0034,2025-03-01,87,22,38,71,51,Normal
INV000000635,R016,M0035,2025-03-01,122,67,159,30,20,Normal
INV000000636,R016,M0036,2025-03-01,203,158,48,313,52,Normal
INV000000637,R016,M0037,2025-03-01,106,79,17,168,51,Normal
INV000000638,R016,M0038,2025-03-01,225,145,243,127,42,Normal
INV000000639,R016,M0039,2025-03-01,73,98,19,152,56,Normal
INV000000640,R016,M0040,2025-03-01,230,87,258,59,34,Normal
INV000000641,R017,M0001,2025-03-01,130,179,276,33,35,Low
INV000000642,R017,M0002,2025-03-01,71,116,102,85,31,Normal
INV000000643,R017,M0003,2025-03-01,179,141,232,88,57,Normal
INV000000644,R017,M0004,2025-03-01,215,150,92,273,16,Normal
INV000000645,R017,M0005,2025-03-01,180,142,95,227,51,Normal
INV000000646,R017,M0006,2025-03-01,147,64,169,42,44,Low
INV000000647,R017,M0007,2025-03-01,88,173,222,39,51,Low
INV000000648,R017,M0008,2025-03-01,206,170,30,346,48,Normal
INV000000649,R017,M0009,2025-03-01,71,103,118,56,24,Normal
INV000000650,R017,M0010,2025-03-01,81,48,76,53,42,Normal
INV000000651,R017,M0011,2025-03-01,125,91,212,4,19,Low
INV000000652,R017,M0012,2025-03-01,182,62,216,28,41,Low
INV000000653,R017,M0013,2025-03-01,88,83,165,6,25,Low
INV000000654,R017,M0014,2025-03-01,85,163,60,188,40,Normal
INV000000655,R017,M0015,2025-03-01,81,39,19,101,27,Normal
INV000000656,R017,M0016,2025-03-01,27,72,39,60,44,Normal
INV000000657,R017,M0017,2025-03-01,144,153,223,74,42,Normal
INV000000658,R017,M0018,2025-03-01,185,19,51,153,25,Normal
INV000000659,R017,M0019,2025-03-01,89,44,7,126,31,Normal
INV000000660,R017,M0020,2025-03-01,222,81,281,22,26,Low
INV000000661,R017,M0021,2025-03-01,184,20,184,20,46,Low
INV000000662,R017,M0022,2025-03-01,220,15,14,221,20,Normal
INV000000663,R017,M0023,2025-03-01,100,164,152,112,19,Normal
INV000000664,R017,M0024,2025-03-01,250,114,186,178,57,Normal
INV000000665,R017,M0025,2025-03-01,188,33,101,120,23,Normal
INV000000666,R017,M0026,2025-03-01,80,38,73,45,47,Low
INV000000667,R017,M0027,2025-03-01,50,143,170,23,52,Low
INV000000668,R017,M0028,2025-03-01,218,144,128,234,46,Normal
INV000000669,R017,M0029,2025-03-01,246,33,121,158,53,Normal
INV000000670,R017,M0030,2025-03-01,51,90,84,57,52,Normal
INV000000671,R017,M0031,2025-03-01,208,109,120,197,42,Normal
INV000000672,R017,M0032,2025-03-01,75,46,13,108,26,Normal
INV000000673,R017,M0033,2025-03-01,74,80,112,42,41,Normal
INV000000674,R017,M0034,2025-03-01,85,160,14,231,46,Normal
INV000000675,R017,M0035,2025-03-01,156,105,57,204,35,Normal
INV000000676,R017,M0036,2025-03-01,159,118,243,34,58,Low
INV000000677,R017,M0037,2025-03-01,83,81,37,127,38,Normal
INV000000678,R017,M0038,2025-03-01,141,104,210,35,34,Normal
INV000000679,R017,M0039,2025-03-01,25,175,155,45,17,Normal
INV000000680,R017,M0040,2025-03-01,235,179,409,5,18,Low
INV000000681,R018,M0001,2025-03-01,196,71,129,138,50,Normal
INV000000682,R018,M0002,2025-03-01,118,89,163,44,59,Low
INV000000683,R018,M0003,2025-03-01,112,41,136,17,30,Low
INV000000684,R018,M0004,2025-03-01,239,123,198,164,15,Normal
INV000000685,R018,M0005,2025-03-01,120,75,77,118,20,Normal
INV000000686,R018,M0006,2025-03-01,230,70,152,148,28,Normal
INV000000687,R018,M0007,2025-03-01,240,51,224,67,55,Normal
INV000000688,R018,M0008,2025-03-01,101,174,208,67,17,Normal
INV000000689,R018,M0009,2025-03-01,90,30,105,15,46,Low
INV000000690,R018,M0010,2025-03-01,140,115,170,85,60,Normal
INV000000691,R018,M0011,2025-03-01,128,35,41,122,59,Normal
INV000000692,R018,M0012,2025-03-01,86,139,16,209,37,Normal
INV000000693,R018,M0013,2025-03-01,127,164,280,11,35,Low
INV000000694,R018,M0014,2025-03-01,136,17,13,140,56,Normal
INV000000695,R018,M0015,2025-03-01,184,57,161,80,43,Normal
INV000000696,R018,M0016,2025-03-01,222,174,69,327,15,Normal
INV000000697,R018,M0017,2025-03-01,122,61,160,23,34,Low
INV000000698,R018,M0018,2025-03-01,100,157,42,215,22,Normal
INV000000699,R018,M0019,2025-03-01,60,73,132,1,60,Low
INV000000700,R018,M0020,2025-03-01,216,176,390,2,23,Low
INV000000701,R018,M0021,2025-03-01,236,162,351,47,41,Normal
INV000000702,R018,M0022,2025-03-01,222,91,231,82,45,Normal
INV000000703,R018,M0023,2025-03-01,243,44,133,154,26,Normal
INV000000704,R018,M0024,2025-03-01,195,161,167,189,33,Normal
INV000000705,R018,M0025,2025-03-01,70,31,53,48,38,Normal
INV000000706,R018,M0026,2025-03-01,66,110,96,80,51,Normal
INV000000707,R018,M0027,2025-03-01,77,15,2,90,50,Normal
INV000000708,R018,M0028,2025-03-01,185,166,320,31,29,Normal
INV000000709,R018,M0029,2025-03-01,42,128,50,120,31,Normal
INV000000710,R018,M0030,2025-03-01,199,53,12,240,40,Normal
INV000000711,R018,M0031,2025-03-01,178,119,133,164,24,Normal
INV000000712,R018,M0032,2025-03-01,42,104,43,103,51,Normal
INV000000713,R018,M0033,2025-03-01,50,13,55,8,44,Low
INV000000714,R018,M0034,2025-03-01,231,136,60,307,29,Normal
INV000000715,R018,M0035,2025-03-01,202,62,97,167,32,Normal
INV000000716,R018,M0036,2025-03-01,93,136,97,132,23,Normal
INV000000717,R018,M0037,2025-03-01,130,62,153,39,28,Normal
INV000000718,R018,M0038,2025-03-01,230,82,96,216,41,Normal
INV000000719,R018,M0039,2025-03-01,66,114,37,143,16,Normal
INV000000720,R018,M0040,2025-03-01,94,77,60,111,54,Normal
INV000000721,R019,M0001,2025-03-01,135,73,94,114,52,Normal
INV000000722,R019,M0002,2025-03-01,195,175,234,136,20,Normal
INV000000723,R019,M0003,2025-03-01,22,130,34,118,35,Normal
INV000000724,R019,M0004,2025-03-01,197,111,108,200,60,Normal
INV000000725,R019,M0005,2025-03-01,118,118,188,48,53,Low
INV000000726,R019,M0006,2025-03-01,85,28,12,101,50,Normal
INV000000727,R019,M0007,2025-03-01,35,23,21,37,30,Normal
INV000000728,R019,M0008,2025-03-01,140,100,155,85,57,Normal
INV000000729,R019,M0009,2025-03-01,225,163,363,25,17,Normal
INV000000730,R019,M0010,2025-03-01,21,74,64,31,54,Low
INV000000731,R019,M0011,2025-03-01,117,87,101,103,57,Normal
INV000000732,R019,M0012,2025-03-01,114,43,143,14,17,Low
INV000000733,R019,M0013,2025-03-01,168,55,66,157,25,Normal
INV000000734,R019,M0014,2025-03-01,148,136,173,111,44,Normal
INV000000735,R019,M0015,2025-03-01,53,32,40,45,60,Low
INV000000736,R019,M0016,2025-03-01,155,120,72,203,31,Normal
INV000000737,R019,M0017,2025-03-01,49,90,11,128,23,Normal
INV000000738,R019,M0018,2025-03-01,147,81,191,37,38,Low
INV000000739,R019,M0019,2025-03-01,130,82,67,145,54,Normal
INV000000740,R019,M0020,2025-03-01,232,77,264,45,35,Normal
INV000000741,R019,M0021,2025-03-01,131,52,80,103,46,Normal
INV000000742,R019,M0022,2025-03-01,215,48,225,38,18,Normal
INV000000743,R019,M0023,2025-03-01,68,48,6,110,29,Normal
INV000000744,R019,M0024,2025-03-01,66,19,60,25,31,Low
INV000000745,R019,M0025,2025-03-01,61,129,111,79,22,Normal
INV000000746,R019,M0026,2025-03-01,249,136,20,365,43,Normal
INV000000747,R019,M0027,2025-03-01,111,153,248,16,44,Low
INV000000748,R019,M0028,2025-03-01,146,38,184,0,24,Low
INV000000749,R019,M0029,2025-03-01,51,99,23,127,28,Normal
INV000000750,R019,M0030,2025-03-01,242,82,92,232,25,Normal
INV000000751,R019,M0031,2025-03-01,211,140,139,212,51,Normal
INV000000752,R019,M0032,2025-03-01,248,179,299,128,28,Normal
INV000000753,R019,M0033,2025-03-01,169,11,134,46,51,Low
INV000000754,R019,M0034,2025-03-01,66,116,19,163,30,Normal
INV000000755,R019,M0035,2025-03-01,216,137,346,7,21,Low
INV000000756,R019,M0036,2025-03-01,247,94,13,328,33,Normal
INV000000757,R019,M0037,2025-03-01,194,41,100,135,38,Normal
INV000000758,R019,M0038,2025-03-01,171,37,82,126,24,Normal
INV000000759,R019,M0039,2025-03-01,27,30,29,28,60,Low
INV000000760,R019,M0040,2025-03-01,188,132,232,88,55,Normal
INV000000761,R020,M0001,2025-03-01,88,162,168,82,15,Normal
INV000000762,R020,M0002,2025-03-01,104,21,83,42,54,Low
INV000000763,R020,M0003,2025-03-01,135,93,187,41,51,Low
INV000000764,R020,M0004,2025-03-01,53,64,110,7,18,Low
INV000000765,R020,M0005,2025-03-01,225,174,144,255,35,Normal
INV000000766,R020,M0006,2025-03-01,224,24,190,58,19,Normal
INV000000767,R020,M0007,2025-03-01,160,164,195,129,20,Normal
INV000000768,R020,M0008,2025-03-01,122,75,45,152,30,Normal
INV000000769,R020,M0009,2025-03-01,217,112,45,284,16,Normal
INV000000770,R020,M0010,2025-03-01,238,63,83,218,39,Normal
INV000000771,R020,M0011,2025-03-01,219,113,145,187,56,Normal
INV000000772,R020,M0012,2025-03-01,212,177,78,311,22,Normal
INV000000773,R020,M0013,2025-03-01,96,135,205,26,42,Low
INV000000774,R020,M0014,2025-03-01,208,89,67,230,37,Normal
INV000000775,R020,M0015,2025-03-01,190,34,213,11,38,Low
INV000000776,R020,M0016,2025-03-01,151,61,125,87,43,Normal
INV000000777,R020,M0017,2025-03-01,246,109,243,112,32,Normal
INV000000778,R020,M0018,2025-03-01,164,163,216,111,20,Normal
INV000000779,R020,M0019,2025-03-01,213,118,188,143,54,Normal
INV000000780,R020,M0020,2025-03-01,67,121,161,27,42,Low
INV000000781,R020,M0021,2025-03-01,43,20,43,20,44,Low
INV000000782,R020,M0022,2025-03-01,193,67,79,181,46,Normal
INV000000783,R020,M0023,2025-03-01,154,171,268,57,20,Normal
INV000000784,R020,M0024,2025-03-01,94,129,111,112,20,Normal
INV000000785,R020,M0025,2025-03-01,225,132,153,204,24,Normal
INV000000786,R020,M0026,2025-03-01,52,86,63,75,48,Normal
INV000000787,R020,M0027,2025-03-01,129,85,145,69,18,Normal
INV000000788,R020,M0028,2025-03-01,161,29,11,179,47,Normal
INV000000789,R020,M0029,2025-03-01,47,140,108,79,41,Normal
INV000000790,R020,M0030,2025-03-01,44,128,169,3,51,Low
INV000000791,R020,M0031,2025-03-01,228,74,181,121,31,Normal
INV000000792,R020,M0032,2025-03-01,169,30,196,3,47,Low
INV000000793,R020,M0033,2025-03-01,24,39,59,4,26,Low
INV000000794,R020,M0034,2025-03-01,221,56,201,76,17,Normal
INV000000795,R020,M0035,2025-03-01,41,116,76,81,35,Normal
INV000000796,R020,M0036,2025-03-01,170,126,230,66,54,Normal
INV000000797,R020,M0037,2025-03-01,226,77,174,129,26,Normal
INV000000798,R020,M0038,2025-03-01,74,57,20,111,53,Normal
INV000000799,R020,M0039,2025-03-01,86,37,55,68,49,Normal
INV000000800,R020,M0040,2025-03-01,24,11,25,10,22,Low
INV000000801,R021,M0001,2025-03-01,23,53,61,15,44,Low
INV000000802,R021,M0002,2025-03-01,197,113,308,2,46,Low
INV000000803,R021,M0003,2025-03-01,97,168,184,81,59,Normal
INV000000804,R021,M0004,2025-03-01,192,111,154,149,20,Normal
INV000000805,R021,M0005,2025-03-01,52,44,1,95,27,Normal
INV000000806,R021,M0006,2025-03-01,48,14,44,18,27,Low
INV000000807,R021,M0007,2025-03-01,239,16,107,148,45,Normal
INV000000808,R021,M0008,2025-03-01,186,47,166,67,30,Normal
INV000000809,R021,M0009,2025-03-01,131,170,275,26,27,Low
INV000000810,R021,M0010,2025-03-01,42,87,118,11,24,Low
INV000000811,R021,M0011,2025-03-01,141,118,11,248,22,Normal
INV000000812,R021,M0012,2025-03-01,62,49,94,17,59,Low
INV000000813,R021,M0013,2025-03-01,133,134,241,26,16,Normal
INV000000814,R021,M0014,2025-03-01,240,125,299,66,30,Normal
INV000000815,R021,M0015,2025-03-01,71,85,145,11,40,Low
INV000000816,R021,M0016,2025-03-01,33,95,2,126,21,Normal
INV000000817,R021,M0017,2025-03-01,181,120,212,89,46,Normal
INV000000818,R021,M0018,2025-03-01,208,158,305,61,50,Normal
INV000000819,R021,M0019,2025-03-01,94,19,62,51,40,Normal
INV000000820,R021,M0020,2025-03-01,144,141,249,36,29,Normal
INV000000821,R021,M0021,2025-03-01,202,25,135,92,16,Normal
INV000000822,R021,M0022,2025-03-01,128,157,161,124,50,Normal
INV000000823,R021,M0023,2025-03-01,36,78,114,0,56,Low
INV000000824,R021,M0024,2025-03-01,126,131,59,198,46,Normal
INV000000825,R021,M0025,2025-03-01,179,175,177,177,43,Normal
INV000000826,R021,M0026,2025-03-01,198,121,10,309,25,Normal
INV000000827,R021,M0027,2025-03-01,93,59,120,32,37,Low
INV000000828,R021,M0028,2025-03-01,132,69,129,72,29,Normal
INV000000829,R021,M0029,2025-03-01,170,96,239,27,23,Normal
INV000000830,R021,M0030,2025-03-01,246,85,199,132,41,Normal
INV000000831,R021,M0031,2025-03-01,233,177,376,34,38,Low
INV000000832,R021,M0032,2025-03-01,223,130,82,271,54,Normal
INV000000833,R021,M0033,2025-03-01,73,82,22,133,57,Normal
INV000000834,R021,M0034,2025-03-01,143,43,44,142,27,Normal
INV000000835,R021,M0035,2025-03-01,60,165,125,100,21,Normal
INV000000836,R021,M0036,2025-03-01,223,116,252,87,34,Normal
INV000000837,R021,M0037,2025-03-01,80,63,142,1,18,Low
INV000000838,R021,M0038,2025-03-01,24,101,112,13,31,Low
INV000000839,R021,M0039,2025-03-01,111,50,44,117,47,Normal
INV000000840,R021,M0040,2025-03-01,28,26,21,33,42,Low
INV000000841,R022,M0001,2025-03-01,49,168,58,159,22,Normal
INV000000842,R022,M0002,2025-03-01,163,67,124,106,31,Normal
INV000000843,R022,M0003,2025-03-01,107,100,196,11,17,Low
INV000000844,R022,M0004,2025-03-01,217,152,136,233,24,Normal
INV000000845,R022,M0005,2025-03-01,238,141,309,70,57,Normal
INV000000846,R022,M0006,2025-03-01,46,22,56,12,44,Low
INV000000847,R022,M0007,2025-03-01,235,38,54,219,54,Normal
INV000000848,R022,M0008,2025-03-01,176,36,210,2,50,Low
INV000000849,R022,M0009,2025-03-01,30,139,26,143,25,Normal
INV000000850,R022,M0010,2025-03-01,181,40,52,169,38,Normal
INV000000851,R022,M0011,2025-03-01,60,84,113,31,47,Low
INV000000852,R022,M0012,2025-03-01,147,35,39,143,56,Normal
INV000000853,R022,M0013,2025-03-01,113,95,35,173,22,Normal
INV000000854,R022,M0014,2025-03-01,237,61,224,74,41,Normal
INV000000855,R022,M0015,2025-03-01,216,11,62,165,45,Normal
INV000000856,R022,M0016,2025-03-01,107,83,129,61,25,Normal
INV000000857,R022,M0017,2025-03-01,41,78,47,72,60,Normal
INV000000858,R022,M0018,2025-03-01,213,116,184,145,55,Normal
INV000000859,R022,M0019,2025-03-01,190,72,77,185,48,Normal
INV000000860,R022,M0020,2025-03-01,127,68,35,160,42,Normal
INV000000861,R022,M0021,2025-03-01,125,114,229,10,44,Low
INV000000862,R022,M0022,2025-03-01,238,142,349,31,38,Low
INV000000863,R022,M0023,2025-03-01,27,123,37,113,15,Normal
INV000000864,R022,M0024,2025-03-01,203,142,35,310,20,Normal
INV000000865,R022,M0025,2025-03-01,106,90,102,94,25,Normal
INV000000866,R022,M0026,2025-03-01,131,25,100,56,17,Normal
INV000000867,R022,M0027,2025-03-01,189,174,77,286,51,Normal
INV000000868,R022,M0028,2025-03-01,34,171,182,23,57,Low
INV000000869,R022,M0029,2025-03-01,244,143,151,236,41,Normal
INV000000870,R022,M0030,2025-03-01,122,151,155,118,35,Normal
INV000000871,R022,M0031,2025-03-01,108,12,105,15,32,Low
INV000000872,R022,M0032,2025-03-01,250,145,312,83,24,Normal
INV000000873,R022,M0033,2025-03-01,199,113,228,84,56,Normal
INV000000874,R022,M0034,2025-03-01,72,149,159,62,54,Normal
INV000000875,R022,M0035,2025-03-01,186,123,176,133,56,Normal
INV000000876,R022,M0036,2025-03-01,123,60,77,106,20,Normal
INV000000877,R022,M0037,2025-03-01,29,147,85,91,39,Normal
INV000000878,R022,M0038,2025-03-01,205,42,133,114,49,Normal
INV000000879,R022,M0039,2025-03-01,92,64,23,133,47,Normal
INV000000880,R022,M0040,2025-03-01,161,89,133,117,36,Normal
INV000000881,R023,M0001,2025-03-01,213,172,81,304,16,Normal
INV000000882,R023,M0002,2025-03-01,27,148,151,24,31,Low
INV000000883,R023,M0003,2025-03-01,81,87,108,60,47,Normal
INV000000884,R023,M0004,2025-03-01,48,25,47,26,31,Low
INV000000885,R023,M0005,2025-03-01,180,139,181,138,22,Normal
INV000000886,R023,M0006,2025-03-01,32,176,31,177,43,Normal
INV000000887,R023,M0007,2025-03-01,96,156,188,64,15,Normal
INV000000888,R023,M0008,2025-03-01,136,96,60,172,52,Normal
INV000000889,R023,M0009,2025-03-01,164,170,273,61,53,Normal
INV000000890,R023,M0010,2025-03-01,79,99,76,102,33,Normal
INV000000891,R023,M0011,2025-03-01,190,156,344,2,23,Low
INV000000892,R023,M0012,2025-03-01,202,106,266,42,30,Normal
INV000000893,R023,M0013,2025-03-01,46,93,132,7,52,Low
INV000000894,R023,M0014,2025-03-01,69,102,116,55,21,Normal
INV000000895,R023,M0015,2025-03-01,57,118,105,70,20,Normal
INV000000896,R023,M0016,2025-03-01,43,25,54,14,23,Low
INV000000897,R023,M0017,2025-03-01,141,64,114,91,19,Normal
INV000000898,R023,M0018,2025-03-01,114,144,206,52,52,Low
INV000000899,R023,M0019,2025-03-01,163,142,202,103,31,Normal
INV000000900,R023,M0020,2025-03-01,169,137,216,90,43,Normal
INV000000901,R023,M0021,2025-03-01,196,135,213,118,25,Normal
INV000000902,R023,M0022,2025-03-01,56,139,32,163,46,Normal
INV000000903,R023,M0023,2025-03-01,202,127,66,263,60,Normal
INV000000904,R023,M0024,2025-03-01,151,145,60,236,59,Normal
INV000000905,R023,M0025,2025-03-01,74,126,121,79,17,Normal
INV000000906,R023,M0026,2025-03-01,211,50,189,72,22,Normal
INV000000907,R023,M0027,2025-03-01,174,114,56,232,22,Normal
INV000000908,R023,M0028,2025-03-01,114,156,148,122,17,Normal
INV000000909,R023,M0029,2025-03-01,153,49,30,172,38,Normal
INV000000910,R023,M0030,2025-03-01,98,105,77,126,33,Normal
INV000000911,R023,M0031,2025-03-01,144,17,36,125,24,Normal
INV000000912,R023,M0032,2025-03-01,220,160,215,165,18,Normal
INV000000913,R023,M0033,2025-03-01,248,88,145,191,28,Normal
INV000000914,R023,M0034,2025-03-01,66,135,0,201,22,Normal
INV000000915,R023,M0035,2025-03-01,160,99,34,225,17,Normal
INV000000916,R023,M0036,2025-03-01,126,133,158,101,51,Normal
INV000000917,R023,M0037,2025-03-01,135,96,200,31,39,Low
INV000000918,R023,M0038,2025-03-01,141,165,67,239,23,Normal
INV000000919,R023,M0039,2025-03-01,149,172,235,86,43,Normal
INV000000920,R023,M0040,2025-03-01,190,124,76,238,35,Normal
INV000000921,R024,M0001,2025-03-01,42,169,170,41,54,Low
INV000000922,R024,M0002,2025-03-01,124,109,59,174,40,Normal
INV000000923,R024,M0003,2025-03-01,106,148,11,243,57,Normal
INV000000924,R024,M0004,2025-03-01,247,123,142,228,56,Normal
INV000000925,R024,M0005,2025-03-01,42,52,90,4,16,Low
INV000000926,R024,M0006,2025-03-01,166,171,158,179,50,Normal
INV000000927,R024,M0007,2025-03-01,185,41,164,62,50,Normal
INV000000928,R024,M0008,2025-03-01,41,59,79,21,49,Low
INV000000929,R024,M0009,2025-03-01,167,23,145,45,48,Low
INV000000930,R024,M0010,2025-03-01,68,131,128,71,16,Normal
INV000000931,R024,M0011,2025-03-01,50,178,136,92,26,Normal
INV000000932,R024,M0012,2025-03-01,24,80,100,4,28,Low
INV000000933,R024,M0013,2025-03-01,82,158,113,127,20,Normal
INV000000934,R024,M0014,2025-03-01,226,146,310,62,35,Normal
INV000000935,R024,M0015,2025-03-01,122,160,23,259,46,Normal
INV000000936,R024,M0016,2025-03-01,240,15,174,81,42,Normal
INV000000937,R024,M0017,2025-03-01,66,116,6,176,48,Normal
INV000000938,R024,M0018,2025-03-01,101,107,65,143,20,Normal
INV000000939,R024,M0019,2025-03-01,49,35,69,15,25,Low
INV000000940,R024,M0020,2025-03-01,93,46,46,93,31,Normal
INV000000941,R024,M0021,2025-03-01,216,32,39,209,34,Normal
INV000000942,R024,M0022,2025-03-01,124,53,15,162,54,Normal
INV000000943,R024,M0023,2025-03-01,103,56,6,153,60,Normal
INV000000944,R024,M0024,2025-03-01,34,86,49,71,21,Normal
INV000000945,R024,M0025,2025-03-01,101,46,105,42,35,Normal
INV000000946,R024,M0026,2025-03-01,86,106,30,162,18,Normal
INV000000947,R024,M0027,2025-03-01,71,71,60,82,46,Normal
INV000000948,R024,M0028,2025-03-01,150,139,197,92,22,Normal
INV000000949,R024,M0029,2025-03-01,88,25,40,73,44,Normal
INV000000950,R024,M0030,2025-03-01,161,114,33,242,45,Normal
INV000000951,R024,M0031,2025-03-01,27,114,59,82,16,Normal
INV000000952,R024,M0032,2025-03-01,88,151,150,89,58,Normal
INV000000953,R024,M0033,2025-03-01,45,73,97,21,50,Low
INV000000954,R024,M0034,2025-03-01,186,42,77,151,51,Normal
INV000000955,R024,M0035,2025-03-01,124,124,21,227,55,Normal
INV000000956,R024,M0036,2025-03-01,148,62,200,10,24,Low
INV000000957,R024,M0037,2025-03-01,115,148,86,177,30,Normal
INV000000958,R024,M0038,2025-03-01,157,118,231,44,17,Normal
INV000000959,R024,M0039,2025-03-01,20,128,74,74,56,Normal
INV000000960,R024,M0040,2025-03-01,62,10,7,65,45,Normal
INV000000961,R025,M0001,2025-03-01,89,163,64,188,58,Normal
INV000000962,R025,M0002,2025-03-01,117,99,215,1,55,Low
INV000000963,R025,M0003,2025-03-01,74,159,215,18,47,Low
INV000000964,R025,M0004,2025-03-01,92,21,20,93,49,Normal
INV000000965,R025,M0005,2025-03-01,164,27,76,115,20,Normal
INV000000966,R025,M0006,2025-03-01,121,41,35,127,50,Normal
INV000000967,R025,M0007,2025-03-01,91,120,53,158,54,Normal
INV000000968,R025,M0008,2025-03-01,149,91,226,14,58,Low
INV000000969,R025,M0009,2025-03-01,107,172,133,146,60,Normal
INV000000970,R025,M0010,2025-03-01,135,79,62,152,57,Normal
INV000000971,R025,M0011,2025-03-01,102,97,53,146,44,Normal
INV000000972,R025,M0012,2025-03-01,173,94,8,259,59,Normal
INV000000973,R025,M0013,2025-03-01,54,175,0,229,53,Normal
INV000000974,R025,M0014,2025-03-01,141,11,2,150,58,Normal
INV000000975,R025,M0015,2025-03-01,64,115,142,37,59,Low
INV000000976,R025,M0016,2025-03-01,200,135,201,134,49,Normal
INV000000977,R025,M0017,2025-03-01,40,176,166,50,19,Normal
INV000000978,R025,M0018,2025-03-01,157,17,171,3,43,Low
INV000000979,R025,M0019,2025-03-01,192,41,90,143,39,Normal
INV000000980,R025,M0020,2025-03-01,231,163,183,211,39,Normal
INV000000981,R025,M0021,2025-03-01,65,12,15,62,44,Normal
INV000000982,R025,M0022,2025-03-01,114,59,113,60,15,Normal
INV000000983,R025,M0023,2025-03-01,76,15,35,56,58,Low
INV000000984,R025,M0024,2025-03-01,201,101,98,204,20,Normal
INV000000985,R025,M0025,2025-03-01,228,167,320,75,34,Normal
INV000000986,R025,M0026,2025-03-01,226,66,119,173,46,Normal
INV000000987,R025,M0027,2025-03-01,112,19,71,60,46,Normal
INV000000988,R025,M0028,2025-03-01,200,165,107,258,15,Normal
INV000000989,R025,M0029,2025-03-01,70,173,101,142,22,Normal
INV000000990,R025,M0030,2025-03-01,242,81,291,32,47,Low
INV000000991,R025,M0031,2025-03-01,146,53,141,58,27,Normal
INV000000992,R025,M0032,2025-03-01,188,154,308,34,51,Low
INV000000993,R025,M0033,2025-03-01,64,26,75,15,23,Low
INV000000994,R025,M0034,2025-03-01,210,26,32,204,31,Normal
INV000000995,R025,M0035,2025-03-01,165,68,225,8,48,Low
INV000000996,R025,M0036,2025-03-01,206,80,98,188,58,Normal
INV000000997,R025,M0037,2025-03-01,25,146,157,14,31,Low
INV000000998,R025,M0038,2025-03-01,194,153,232,115,15,Normal
INV000000999,R025,M0039,2025-03-01,129,174,26,277,35,Normal
INV000001000,R025,M0040,2025-03-01,130,114,70,174,22,Normal
INV000001001,R001,M0001,2025-04-01,194,142,238,98,46,Normal
INV000001002,R001,M0002,2025-04-01,112,142,194,60,17,Normal
INV000001003,R001,M0003,2025-04-01,246,67,24,289,32,Normal
INV000001004,R001,M0004,2025-04-01,127,146,229,44,35,Normal
INV000001005,R001,M0005,2025-04-01,21,110,49,82,36,Normal
INV000001006,R001,M0006,2025-04-01,40,156,6,190,29,Normal
INV000001007,R001,M0007,2025-04-01,196,118,38,276,30,Normal
INV000001008,R001,M0008,2025-04-01,70,52,42,80,34,Normal
INV000001009,R001,M0009,2025-04-01,36,170,160,46,21,Normal
INV000001010,R001,M0010,2025-04-01,27,132,110,49,16,Normal
INV000001011,R001,M0011,2025-04-01,171,170,171,170,31,Normal
INV000001012,R001,M0012,2025-04-01,83,37,60,60,30,Normal
INV000001013,R001,M0013,2025-04-01,107,23,85,45,48,Low
INV000001014,R001,M0014,2025-04-01,223,70,37,256,53,Normal
INV000001015,R001,M0015,2025-04-01,178,122,48,252,55,Normal
INV000001016,R001,M0016,2025-04-01,134,158,63,229,20,Normal
INV000001017,R001,M0017,2025-04-01,35,18,24,29,35,Low
INV000001018,R001,M0018,2025-04-01,247,26,65,208,18,Normal
INV000001019,R001,M0019,2025-04-01,225,123,28,320,34,Normal
INV000001020,R001,M0020,2025-04-01,176,170,221,125,19,Normal
INV000001021,R001,M0021,2025-04-01,46,24,6,64,33,Normal
INV000001022,R001,M0022,2025-04-01,237,107,205,139,21,Normal
INV000001023,R001,M0023,2025-04-01,178,115,119,174,53,Normal
INV000001024,R001,M0024,2025-04-01,221,178,319,80,15,Normal
INV000001025,R001,M0025,2025-04-01,136,108,118,126,42,Normal
INV000001026,R001,M0026,2025-04-01,245,168,317,96,21,Normal
INV000001027,R001,M0027,2025-04-01,106,176,13,269,44,Normal
INV000001028,R001,M0028,2025-04-01,152,94,150,96,27,Normal
INV000001029,R001,M0029,2025-04-01,47,36,1,82,53,Normal
INV000001030,R001,M0030,2025-04-01,202,27,151,78,27,Normal
INV000001031,R001,M0031,2025-04-01,166,42,163,45,47,Low
INV000001032,R001,M0032,2025-04-01,85,100,107,78,45,Normal
INV000001033,R001,M0033,2025-04-01,205,168,227,146,26,Normal
INV000001034,R001,M0034,2025-04-01,82,45,11,116,18,Normal
INV000001035,R001,M0035,2025-04-01,52,89,111,30,47,Low
INV000001036,R001,M0036,2025-04-01,186,101,159,128,52,Normal
INV000001037,R001,M0037,2025-04-01,246,148,74,320,24,Normal
INV000001038,R001,M0038,2025-04-01,140,89,154,75,36,Normal
INV000001039,R001,M0039,2025-04-01,94,104,2,196,48,Normal
INV000001040,R001,M0040,2025-04-01,170,178,347,1,24,Low
INV000001041,R002,M0001,2025-04-01,34,70,64,40,50,Low
INV000001042,R002,M0002,2025-04-01,239,23,216,46,37,Normal
INV000001043,R002,M0003,2025-04-01,70,61,51,80,19,Normal
INV000001044,R002,M0004,2025-04-01,107,58,121,44,59,Low
INV000001045,R002,M0005,2025-04-01,197,129,307,19,59,Low
INV000001046,R002,M0006,2025-04-01,104,158,171,91,54,Normal
INV000001047,R002,M0007,2025-04-01,96,117,84,129,25,Normal
INV000001048,R002,M0008,2025-04-01,46,126,10,162,46,Normal
INV000001049,R002,M0009,2025-04-01,76,10,81,5,29,Low
INV000001050,R002,M0010,2025-04-01,197,68,238,27,54,Low
INV000001051,R002,M0011,2025-04-01,74,71,123,22,36,Low
INV000001052,R002,M0012,2025-04-01,226,106,105,227,40,Normal
INV000001053,R002,M0013,2025-04-01,67,11,46,32,15,Normal
INV000001054,R002,M0014,2025-04-01,38,101,7,132,50,Normal
INV000001055,R002,M0015,2025-04-01,49,46,37,58,43,Normal
INV000001056,R002,M0016,2025-04-01,69,171,149,91,38,Normal
INV000001057,R002,M0017,2025-04-01,31,17,12,36,27,Normal
INV000001058,R002,M0018,2025-04-01,92,54,56,90,31,Normal
INV000001059,R002,M0019,2025-04-01,204,54,173,85,50,Normal
INV000001060,R002,M0020,2025-04-01,82,55,50,87,16,Normal
INV000001061,R002,M0021,2025-04-01,65,77,25,117,16,Normal
INV000001062,R002,M0022,2025-04-01,232,45,194,83,56,Normal
INV000001063,R002,M0023,2025-04-01,221,38,173,86,28,Normal
INV000001064,R002,M0024,2025-04-01,98,126,61,163,38,Normal
INV000001065,R002,M0025,2025-04-01,227,105,87,245,48,Normal
INV000001066,R002,M0026,2025-04-01,224,169,222,171,60,Normal
INV000001067,R002,M0027,2025-04-01,36,40,18,58,23,Normal
INV000001068,R002,M0028,2025-04-01,223,58,98,183,49,Normal
INV000001069,R002,M0029,2025-04-01,116,105,81,140,53,Normal
INV000001070,R002,M0030,2025-04-01,129,172,125,176,17,Normal
INV000001071,R002,M0031,2025-04-01,215,167,300,82,27,Normal
INV000001072,R002,M0032,2025-04-01,238,147,150,235,24,Normal
INV000001073,R002,M0033,2025-04-01,103,73,13,163,55,Normal
INV000001074,R002,M0034,2025-04-01,223,81,64,240,47,Normal
INV000001075,R002,M0035,2025-04-01,169,135,107,197,20,Normal
INV000001076,R002,M0036,2025-04-01,220,130,339,11,54,Low
INV000001077,R002,M0037,2025-04-01,36,52,65,23,39,Low
INV000001078,R002,M0038,2025-04-01,212,175,384,3,47,Low
INV000001079,R002,M0039,2025-04-01,115,137,132,120,44,Normal
INV000001080,R002,M0040,2025-04-01,65,92,95,62,48,Normal
INV000001081,R003,M0001,2025-04-01,197,133,253,77,45,Normal
INV000001082,R003,M0002,2025-04-01,88,158,102,144,55,Normal
INV000001083,R003,M0003,2025-04-01,222,159,332,49,17,Normal
INV000001084,R003,M0004,2025-04-01,73,66,51,88,43,Normal
INV000001085,R003,M0005,2025-04-01,240,70,202,108,28,Normal
INV000001086,R003,M0006,2025-04-01,98,118,96,120,51,Normal
INV000001087,R003,M0007,2025-04-01,60,105,65,100,50,Normal
INV000001088,R003,M0008,2025-04-01,41,44,10,75,33,Normal
INV000001089,R003,M0009,2025-04-01,133,142,180,95,29,Normal
INV000001090,R003,M0010,2025-04-01,169,20,119,70,47,Normal
INV000001091,R003,M0011,2025-04-01,179,96,218,57,43,Normal
INV000001092,R003,M0012,2025-04-01,139,120,209,50,38,Normal
INV000001093,R003,M0013,2025-04-01,225,137,162,200,32,Normal
INV000001094,R003,M0014,2025-04-01,117,16,45,88,43,Normal
INV000001095,R003,M0015,2025-04-01,79,77,19,137,37,Normal
INV000001096,R003,M0016,2025-04-01,250,31,150,131,47,Normal
INV000001097,R003,M0017,2025-04-01,151,149,40,260,32,Normal
INV000001098,R003,M0018,2025-04-01,78,35,15,98,19,Normal
INV000001099,R003,M0019,2025-04-01,112,19,51,80,36,Normal
INV000001100,R003,M0020,2025-04-01,70,94,64,100,34,Normal
INV000001101,R003,M0021,2025-04-01,210,80,97,193,60,Normal
INV000001102,R003,M0022,2025-04-01,174,45,218,1,60,Low
INV000001103,R003,M0023,2025-04-01,209,149,133,225,15,Normal
INV000001104,R003,M0024,2025-04-01,217,86,144,159,37,Normal
INV000001105,R003,M0025,2025-04-01,220,113,207,126,52,Normal
INV000001106,R003,M0026,2025-04-01,213,177,6,384,45,Normal
INV000001107,R003,M0027,2025-04-01,187,141,76,252,40,Normal
INV000001108,R003,M0028,2025-04-01,78,68,53,93,45,Normal
INV000001109,R003,M0029,2025-04-01,79,142,150,71,50,Normal
INV000001110,R003,M0030,2025-04-01,213,129,236,106,36,Normal
INV000001111,R003,M0031,2025-04-01,222,31,80,173,27,Normal
INV000001112,R003,M0032,2025-04-01,129,116,53,192,43,Normal
INV000001113,R003,M0033,2025-04-01,135,152,15,272,38,Normal
INV000001114,R003,M0034,2025-04-01,55,157,32,180,34,Normal
INV000001115,R003,M0035,2025-04-01,208,12,127,93,57,Normal
INV000001116,R003,M0036,2025-04-01,233,100,173,160,29,Normal
INV000001117,R003,M0037,2025-04-01,127,118,175,70,40,Normal
INV000001118,R003,M0038,2025-04-01,215,147,153,209,35,Normal
INV000001119,R003,M0039,2025-04-01,170,15,145,40,17,Normal
INV000001120,R003,M0040,2025-04-01,55,49,42,62,51,Normal
INV000001121,R004,M0001,2025-04-01,181,164,311,34,51,Low
INV000001122,R004,M0002,2025-04-01,241,110,195,156,28,Normal
INV000001123,R004,M0003,2025-04-01,120,26,136,10,39,Low
INV000001124,R004,M0004,2025-04-01,68,131,27,172,36,Normal
INV000001125,R004,M0005,2025-04-01,165,125,155,135,20,Normal
INV000001126,R004,M0006,2025-04-01,63,36,86,13,50,Low
INV000001127,R004,M0007,2025-04-01,65,18,77,6,46,Low
INV000001128,R004,M0008,2025-04-01,26,57,25,58,19,Normal
INV000001129,R004,M0009,2025-04-01,118,82,52,148,29,Normal
INV000001130,R004,M0010,2025-04-01,94,178,268,4,19,Low
INV000001131,R004,M0011,2025-04-01,136,24,94,66,48,Normal
INV000001132,R004,M0012,2025-04-01,22,53,41,34,41,Low
INV000001133,R004,M0013,2025-04-01,120,50,28,142,23,Normal
INV000001134,R004,M0014,2025-04-01,157,117,244,30,19,Normal
INV000001135,R004,M0015,2025-04-01,119,62,33,148,28,Normal
INV000001136,R004,M0016,2025-04-01,99,120,209,10,60,Low
INV000001137,R004,M0017,2025-04-01,190,131,81,240,53,Normal
INV000001138,R004,M0018,2025-04-01,167,89,103,153,47,Normal
INV000001139,R004,M0019,2025-04-01,203,127,141,189,27,Normal
INV000001140,R004,M0020,2025-04-01,21,46,57,10,19,Low
INV000001141,R004,M0021,2025-04-01,231,112,309,34,30,Normal
INV000001142,R004,M0022,2025-04-01,154,94,233,15,51,Low
INV000001143,R004,M0023,2025-04-01,245,135,235,145,44,Normal
INV000001144,R004,M0024,2025-04-01,167,20,23,164,33,Normal
INV000001145,R004,M0025,2025-04-01,185,126,177,134,59,Normal
INV000001146,R004,M0026,2025-04-01,235,86,200,121,54,Normal
INV000001147,R004,M0027,2025-04-01,230,54,212,72,30,Normal
INV000001148,R004,M0028,2025-04-01,65,168,187,46,42,Normal
INV000001149,R004,M0029,2025-04-01,137,108,233,12,57,Low
INV000001150,R004,M0030,2025-04-01,66,155,24,197,40,Normal
INV000001151,R004,M0031,2025-04-01,198,21,61,158,25,Normal
INV000001152,R004,M0032,2025-04-01,90,170,149,111,57,Normal
INV000001153,R004,M0033,2025-04-01,37,65,63,39,41,Low
INV000001154,R004,M0034,2025-04-01,215,151,62,304,38,Normal
INV000001155,R004,M0035,2025-04-01,39,36,64,11,35,Low
INV000001156,R004,M0036,2025-04-01,124,125,42,207,31,Normal
INV000001157,R004,M0037,2025-04-01,73,139,11,201,44,Normal
INV000001158,R004,M0038,2025-04-01,26,28,40,14,59,Low
INV000001159,R004,M0039,2025-04-01,192,128,195,125,36,Normal
INV000001160,R004,M0040,2025-04-01,210,112,99,223,40,Normal
INV000001161,R005,M0001,2025-04-01,29,12,16,25,22,Normal
INV000001162,R005,M0002,2025-04-01,201,44,83,162,57,Normal
INV000001163,R005,M0003,2025-04-01,211,128,248,91,44,Normal
INV000001164,R005,M0004,2025-04-01,37,31,31,37,60,Low
INV000001165,R005,M0005,2025-04-01,132,45,120,57,32,Normal
INV000001166,R005,M0006,2025-04-01,235,51,87,199,16,Normal
INV000001167,R005,M0007,2025-04-01,175,35,45,165,33,Normal
INV000001168,R005,M0008,2025-04-01,51,146,189,8,40,Low
INV000001169,R005,M0009,2025-04-01,63,29,85,7,15,Low
INV000001170,R005,M0010,2025-04-01,193,79,78,194,43,Normal
INV000001171,R005,M0011,2025-04-01,111,55,55,111,60,Normal
INV000001172,R005,M0012,2025-04-01,28,146,55,119,43,Normal
INV000001173,R005,M0013,2025-04-01,198,22,214,6,55,Low
INV000001174,R005,M0014,2025-04-01,227,143,328,42,57,Low
INV000001175,R005,M0015,2025-04-01,203,178,52,329,39,Normal
INV000001176,R005,M0016,2025-04-01,196,88,227,57,18,Normal
INV000001177,R005,M0017,2025-04-01,173,11,12,172,39,Normal
INV000001178,R005,M0018,2025-04-01,216,61,127,150,38,Normal
INV000001179,R005,M0019,2025-04-01,81,61,23,119,16,Normal
INV000001180,R005,M0020,2025-04-01,127,17,3,141,36,Normal
INV000001181,R005,M0021,2025-04-01,230,59,32,257,29,Normal
INV000001182,R005,M0022,2025-04-01,245,34,85,194,25,Normal
INV000001183,R005,M0023,2025-04-01,31,116,131,16,21,Low
INV000001184,R005,M0024,2025-04-01,228,93,165,156,50,Normal
INV000001185,R005,M0025,2025-04-01,180,58,159,79,28,Normal
INV000001186,R005,M0026,2025-04-01,158,111,219,50,22,Normal
INV000001187,R005,M0027,2025-04-01,79,64,27,116,37,Normal
INV000001188,R005,M0028,2025-04-01,102,54,3,153,40,Normal
INV000001189,R005,M0029,2025-04-01,187,90,6,271,39,Normal
INV000001190,R005,M0030,2025-04-01,74,127,56,145,19,Normal
INV000001191,R005,M0031,2025-04-01,188,81,188,81,17,Normal
INV000001192,R005,M0032,2025-04-01,37,65,52,50,34,Normal
INV000001193,R005,M0033,2025-04-01,216,163,255,124,21,Normal
INV000001194,R005,M0034,2025-04-01,202,147,291,58,25,Normal
INV000001195,R005,M0035,2025-04-01,84,34,76,42,35,Normal
INV000001196,R005,M0036,2025-04-01,181,109,68,222,36,Normal
INV000001197,R005,M0037,2025-04-01,64,172,194,42,59,Low
INV000001198,R005,M0038,2025-04-01,101,180,246,35,19,Normal
INV000001199,R005,M0039,2025-04-01,105,14,77,42,52,Low
INV000001200,R005,M0040,2025-04-01,134,107,130,111,55,Normal
INV000001201,R006,M0001,2025-04-01,209,69,257,21,52,Low
INV000001202,R006,M0002,2025-04-01,200,13,59,154,16,Normal
INV000001203,R006,M0003,2025-04-01,177,41,79,139,30,Normal
INV000001204,R006,M0004,2025-04-01,208,119,124,203,54,Normal
INV000001205,R006,M0005,2025-04-01,40,25,17,48,38,Normal
INV000001206,R006,M0006,2025-04-01,147,85,51,181,24,Normal
INV000001207,R006,M0007,2025-04-01,116,62,164,14,17,Low
INV000001208,R006,M0008,2025-04-01,80,163,242,1,43,Low
INV000001209,R006,M0009,2025-04-01,209,94,68,235,32,Normal
INV000001210,R006,M0010,2025-04-01,101,174,20,255,48,Normal
INV000001211,R006,M0011,2025-04-01,222,116,331,7,33,Low
INV000001212,R006,M0012,2025-04-01,212,16,58,170,36,Normal
INV000001213,R006,M0013,2025-04-01,107,72,52,127,49,Normal
INV000001214,R006,M0014,2025-04-01,33,180,63,150,58,Normal
INV000001215,R006,M0015,2025-04-01,198,66,195,69,48,Normal
INV000001216,R006,M0016,2025-04-01,102,56,113,45,55,Low
INV000001217,R006,M0017,2025-04-01,21,26,31,16,19,Low
INV000001218,R006,M0018,2025-04-01,69,23,81,11,24,Low
INV000001219,R006,M0019,2025-04-01,72,42,11,103,26,Normal
INV000001220,R006,M0020,2025-04-01,171,150,104,217,30,Normal
INV000001221,R006,M0021,2025-04-01,149,30,109,70,44,Normal
INV000001222,R006,M0022,2025-04-01,99,52,50,101,30,Normal
INV000001223,R006,M0023,2025-04-01,128,55,155,28,30,Low
INV000001224,R006,M0024,2025-04-01,97,83,147,33,43,Low
INV000001225,R006,M0025,2025-04-01,182,61,69,174,45,Normal
INV000001226,R006,M0026,2025-04-01,40,102,101,41,39,Normal
INV000001227,R006,M0027,2025-04-01,62,130,112,80,42,Normal
INV000001228,R006,M0028,2025-04-01,149,166,221,94,24,Normal
INV000001229,R006,M0029,2025-04-01,229,133,10,352,39,Normal
INV000001230,R006,M0030,2025-04-01,129,31,76,84,53,Normal
INV000001231,R006,M0031,2025-04-01,157,49,141,65,26,Normal
INV000001232,R006,M0032,2025-04-01,85,107,118,74,34,Normal
INV000001233,R006,M0033,2025-04-01,136,82,96,122,50,Normal
INV000001234,R006,M0034,2025-04-01,175,133,36,272,36,Normal
INV000001235,R006,M0035,2025-04-01,54,130,50,134,24,Normal
INV000001236,R006,M0036,2025-04-01,68,11,1,78,47,Normal
INV000001237,R006,M0037,2025-04-01,206,105,251,60,40,Normal
INV000001238,R006,M0038,2025-04-01,126,111,190,47,38,Normal
INV000001239,R006,M0039,2025-04-01,118,135,78,175,56,Normal
INV000001240,R006,M0040,2025-04-01,170,28,104,94,17,Normal
INV000001241,R007,M0001,2025-04-01,51,108,144,15,25,Low
INV000001242,R007,M0002,2025-04-01,69,121,65,125,37,Normal
INV000001243,R007,M0003,2025-04-01,150,135,188,97,59,Normal
INV000001244,R007,M0004,2025-04-01,34,176,98,112,42,Normal
INV000001245,R007,M0005,2025-04-01,208,73,124,157,45,Normal
INV000001246,R007,M0006,2025-04-01,28,102,7,123,59,Normal
INV000001247,R007,M0007,2025-04-01,190,175,75,290,31,Normal
INV000001248,R007,M0008,2025-04-01,174,126,75,225,31,Normal
INV000001249,R007,M0009,2025-04-01,83,164,148,99,57,Normal
INV000001250,R007,M0010,2025-04-01,235,51,6,280,22,Normal
INV000001251,R007,M0011,2025-04-01,217,33,164,86,60,Normal
INV000001252,R007,M0012,2025-04-01,118,111,180,49,52,Low
INV000001253,R007,M0013,2025-04-01,250,30,265,15,27,Low
INV000001254,R007,M0014,2025-04-01,244,118,84,278,42,Normal
INV000001255,R007,M0015,2025-04-01,84,87,128,43,49,Low
INV000001256,R007,M0016,2025-04-01,188,107,157,138,41,Normal
INV000001257,R007,M0017,2025-04-01,212,32,27,217,55,Normal
INV000001258,R007,M0018,2025-04-01,166,98,73,191,32,Normal
INV000001259,R007,M0019,2025-04-01,211,63,203,71,59,Normal
INV000001260,R007,M0020,2025-04-01,98,11,21,88,46,Normal
INV000001261,R007,M0021,2025-04-01,20,34,4,50,59,Low
INV000001262,R007,M0022,2025-04-01,126,144,213,57,56,Normal
INV000001263,R007,M0023,2025-04-01,93,120,43,170,26,Normal
INV000001264,R007,M0024,2025-04-01,115,57,34,138,27,Normal
INV000001265,R007,M0025,2025-04-01,144,56,128,72,22,Normal
INV000001266,R007,M0026,2025-04-01,135,155,108,182,26,Normal
INV000001267,R007,M0027,2025-04-01,71,25,95,1,26,Low
INV000001268,R007,M0028,2025-04-01,227,59,132,154,41,Normal
INV000001269,R007,M0029,2025-04-01,132,170,55,247,55,Normal
INV000001270,R007,M0030,2025-04-01,62,30,37,55,20,Normal
INV000001271,R007,M0031,2025-04-01,116,41,70,87,19,Normal
INV000001272,R007,M0032,2025-04-01,107,17,74,50,30,Normal
INV000001273,R007,M0033,2025-04-01,142,134,51,225,15,Normal
INV000001274,R007,M0034,2025-04-01,35,78,96,17,15,Normal
INV000001275,R007,M0035,2025-04-01,190,159,21,328,21,Normal
INV000001276,R007,M0036,2025-04-01,74,143,202,15,15,Low
INV000001277,R007,M0037,2025-04-01,116,164,266,14,32,Low
INV000001278,R007,M0038,2025-04-01,144,131,172,103,53,Normal
INV000001279,R007,M0039,2025-04-01,129,96,94,131,58,Normal
INV000001280,R007,M0040,2025-04-01,247,97,161,183,30,Normal
INV000001281,R008,M0001,2025-04-01,112,180,204,88,39,Normal
INV000001282,R008,M0002,2025-04-01,176,24,91,109,36,Normal
INV000001283,R008,M0003,2025-04-01,226,35,1,260,44,Normal
INV000001284,R008,M0004,2025-04-01,242,112,71,283,16,Normal
INV000001285,R008,M0005,2025-04-01,174,41,135,80,32,Normal
INV000001286,R008,M0006,2025-04-01,199,73,188,84,43,Normal
INV000001287,R008,M0007,2025-04-01,178,178,243,113,47,Normal
INV000001288,R008,M0008,2025-04-01,125,179,96,208,15,Normal
INV000001289,R008,M0009,2025-04-01,183,92,8,267,55,Normal
INV000001290,R008,M0010,2025-04-01,112,21,83,50,58,Low
INV000001291,R008,M0011,2025-04-01,133,69,155,47,46,Normal
INV000001292,R008,M0012,2025-04-01,122,166,41,247,37,Normal
INV000001293,R008,M0013,2025-04-01,129,131,51,209,39,Normal
INV000001294,R008,M0014,2025-04-01,95,165,99,161,60,Normal
INV000001295,R008,M0015,2025-04-01,56,143,146,53,60,Low
INV000001296,R008,M0016,2025-04-01,149,18,32,135,46,Normal
INV000001297,R008,M0017,2025-04-01,223,32,154,101,58,Normal
INV000001298,R008,M0018,2025-04-01,160,129,86,203,43,Normal
INV000001299,R008,M0019,2025-04-01,49,133,169,13,49,Low
INV000001300,R008,M0020,2025-04-01,81,72,54,99,25,Normal
INV000001301,R008,M0021,2025-04-01,212,178,358,32,20,Normal
INV000001302,R008,M0022,2025-04-01,47,121,7,161,25,Normal
INV000001303,R008,M0023,2025-04-01,103,108,196,15,32,Low
INV000001304,R008,M0024,2025-04-01,76,75,121,30,57,Low
INV000001305,R008,M0025,2025-04-01,51,180,34,197,49,Normal
INV000001306,R008,M0026,2025-04-01,182,135,46,271,59,Normal
INV000001307,R008,M0027,2025-04-01,105,67,147,25,53,Low
INV000001308,R008,M0028,2025-04-01,36,174,87,123,39,Normal
INV000001309,R008,M0029,2025-04-01,203,107,287,23,42,Low
INV000001310,R008,M0030,2025-04-01,226,69,114,181,31,Normal
INV000001311,R008,M0031,2025-04-01,49,84,22,111,22,Normal
INV000001312,R008,M0032,2025-04-01,42,97,48,91,22,Normal
INV000001313,R008,M0033,2025-04-01,166,104,65,205,35,Normal
INV000001314,R008,M0034,2025-04-01,117,157,0,274,34,Normal
INV000001315,R008,M0035,2025-04-01,35,161,137,59,27,Normal
INV000001316,R008,M0036,2025-04-01,236,109,216,129,35,Normal
INV000001317,R008,M0037,2025-04-01,217,103,64,256,48,Normal
INV000001318,R008,M0038,2025-04-01,189,164,302,51,29,Normal
INV000001319,R008,M0039,2025-04-01,47,111,2,156,49,Normal
INV000001320,R008,M0040,2025-04-01,238,127,161,204,24,Normal
INV000001321,R009,M0001,2025-04-01,228,85,112,201,46,Normal
INV000001322,R009,M0002,2025-04-01,194,126,75,245,53,Normal
INV000001323,R009,M0003,2025-04-01,92,47,8,131,53,Normal
INV000001324,R009,M0004,2025-04-01,101,89,128,62,59,Normal
INV000001325,R009,M0005,2025-04-01,51,80,122,9,55,Low
INV000001326,R009,M0006,2025-04-01,232,65,253,44,33,Normal
INV000001327,R009,M0007,2025-04-01,200,106,30,276,36,Normal
INV000001328,R009,M0008,2025-04-01,59,63,108,14,29,Low
INV000001329,R009,M0009,2025-04-01,199,23,221,1,26,Low
INV000001330,R009,M0010,2025-04-01,239,134,372,1,40,Low
INV000001331,R009,M0011,2025-04-01,96,178,81,193,16,Normal
INV000001332,R009,M0012,2025-04-01,160,110,172,98,42,Normal
INV000001333,R009,M0013,2025-04-01,193,131,178,146,40,Normal
INV000001334,R009,M0014,2025-04-01,120,28,135,13,33,Low
INV000001335,R009,M0015,2025-04-01,92,59,140,11,40,Low
INV000001336,R009,M0016,2025-04-01,44,43,41,46,52,Low
INV000001337,R009,M0017,2025-04-01,241,23,155,109,44,Normal
INV000001338,R009,M0018,2025-04-01,187,51,147,91,23,Normal
INV000001339,R009,M0019,2025-04-01,133,133,149,117,24,Normal
INV000001340,R009,M0020,2025-04-01,73,65,50,88,56,Normal
INV000001341,R009,M0021,2025-04-01,22,102,92,32,51,Low
INV000001342,R009,M0022,2025-04-01,46,47,48,45,42,Normal
INV000001343,R009,M0023,2025-04-01,193,53,237,9,18,Low
INV000001344,R009,M0024,2025-04-01,44,101,121,24,26,Low
INV000001345,R009,M0025,2025-04-01,33,40,65,8,56,Low
INV000001346,R009,M0026,2025-04-01,106,161,222,45,24,Normal
INV000001347,R009,M0027,2025-04-01,180,113,125,168,17,Normal
INV000001348,R009,M0028,2025-04-01,50,71,50,71,46,Normal
INV000001349,R009,M0029,2025-04-01,97,162,88,171,56,Normal
INV000001350,R009,M0030,2025-04-01,210,106,45,271,44,Normal
INV000001351,R009,M0031,2025-04-01,241,176,195,222,32,Normal
INV000001352,R009,M0032,2025-04-01,181,177,227,131,38,Normal
INV000001353,R009,M0033,2025-04-01,22,40,7,55,20,Normal
INV000001354,R009,M0034,2025-04-01,51,135,164,22,57,Low
INV000001355,R009,M0035,2025-04-01,150,67,5,212,52,Normal
INV000001356,R009,M0036,2025-04-01,166,156,245,77,32,Normal
INV000001357,R009,M0037,2025-04-01,197,34,203,28,52,Low
INV000001358,R009,M0038,2025-04-01,66,108,123,51,56,Low
INV000001359,R009,M0039,2025-04-01,199,121,152,168,51,Normal
INV000001360,R009,M0040,2025-04-01,52,35,41,46,19,Normal
INV000001361,R010,M0001,2025-04-01,202,147,94,255,40,Normal
INV000001362,R010,M0002,2025-04-01,228,15,100,143,50,Normal
INV000001363,R010,M0003,2025-04-01,229,147,271,105,46,Normal
INV000001364,R010,M0004,2025-04-01,36,142,149,29,49,Low
INV000001365,R010,M0005,2025-04-01,202,176,63,315,28,Normal
INV000001366,R010,M0006,2025-04-01,188,40,46,182,53,Normal
INV000001367,R010,M0007,2025-04-01,197,56,1,252,50,Normal
INV000001368,R010,M0008,2025-04-01,134,90,31,193,17,Normal
INV000001369,R010,M0009,2025-04-01,52,157,52,157,56,Normal
INV000001370,R010,M0010,2025-04-01,61,32,71,22,31,Low
INV000001371,R010,M0011,2025-04-01,237,18,43,212,22,Normal
INV000001372,R010,M0012,2025-04-01,149,86,93,142,49,Normal
INV000001373,R010,M0013,2025-04-01,63,118,168,13,15,Low
INV000001374,R010,M0014,2025-04-01,83,86,11,158,48,Normal
INV000001375,R010,M0015,2025-04-01,220,85,273,32,43,Low
INV000001376,R010,M0016,2025-04-01,55,157,125,87,59,Normal
INV000001377,R010,M0017,2025-04-01,100,143,233,10,37,Low
INV000001378,R010,M0018,2025-04-01,175,147,261,61,28,Normal
INV000001379,R010,M0019,2025-04-01,196,35,169,62,17,Normal
INV000001380,R010,M0020,2025-04-01,80,19,24,75,24,Normal
INV000001381,R010,M0021,2025-04-01,96,65,34,127,53,Normal
INV000001382,R010,M0022,2025-04-01,161,65,151,75,37,Normal
INV000001383,R010,M0023,2025-04-01,91,42,108,25,19,Normal
INV000001384,R010,M0024,2025-04-01,160,75,66,169,39,Normal
INV000001385,R010,M0025,2025-04-01,186,51,102,135,44,Normal
INV000001386,R010,M0026,2025-04-01,41,75,86,30,42,Low
INV000001387,R010,M0027,2025-04-01,197,46,137,106,28,Normal
INV000001388,R010,M0028,2025-04-01,38,171,187,22,32,Low
INV000001389,R010,M0029,2025-04-01,182,175,98,259,60,Normal
INV000001390,R010,M0030,2025-04-01,115,154,261,8,53,Low
INV000001391,R010,M0031,2025-04-01,61,117,39,139,35,Normal
INV000001392,R010,M0032,2025-04-01,221,121,194,148,16,Normal
INV000001393,R010,M0033,2025-04-01,174,73,19,228,32,Normal
INV000001394,R010,M0034,2025-04-01,51,146,28,169,58,Normal
INV000001395,R010,M0035,2025-04-01,160,114,33,241,36,Normal
INV000001396,R010,M0036,2025-04-01,183,32,92,123,36,Normal
INV000001397,R010,M0037,2025-04-01,219,79,74,224,29,Normal
INV000001398,R010,M0038,2025-04-01,90,12,12,90,39,Normal
INV000001399,R010,M0039,2025-04-01,76,106,26,156,22,Normal
INV000001400,R010,M0040,2025-04-01,64,144,186,22,34,Low
INV000001401,R011,M0001,2025-04-01,170,135,48,257,48,Normal
INV000001402,R011,M0002,2025-04-01,109,156,144,121,50,Normal
INV000001403,R011,M0003,2025-04-01,89,165,25,229,18,Normal
INV000001404,R011,M0004,2025-04-01,63,91,99,55,26,Normal
INV000001405,R011,M0005,2025-04-01,108,146,141,113,53,Normal
INV000001406,R011,M0006,2025-04-01,245,113,244,114,52,Normal
INV000001407,R011,M0007,2025-04-01,52,76,2,126,58,Normal
INV000001408,R011,M0008,2025-04-01,151,49,168,32,23,Normal
INV000001409,R011,M0009,2025-04-01,56,106,145,17,32,Low
INV000001410,R011,M0010,2025-04-01,33,173,94,112,60,Normal
INV000001411,R011,M0011,2025-04-01,219,73,214,78,60,Normal
INV000001412,R011,M0012,2025-04-01,137,56,112,81,37,Normal
INV000001413,R011,M0013,2025-04-01,224,129,257,96,33,Normal
INV000001414,R011,M0014,2025-04-01,90,119,133,76,60,Normal
INV000001415,R011,M0015,2025-04-01,245,68,156,157,55,Normal
INV000001416,R011,M0016,2025-04-01,239,32,156,115,41,Normal
INV000001417,R011,M0017,2025-04-01,217,90,46,261,55,Normal
INV000001418,R011,M0018,2025-04-01,40,29,30,39,20,Normal
INV000001419,R011,M0019,2025-04-01,62,157,14,205,20,Normal
INV000001420,R011,M0020,2025-04-01,210,83,283,10,46,Low
INV000001421,R011,M0021,2025-04-01,226,12,108,130,58,Normal
INV000001422,R011,M0022,2025-04-01,150,44,122,72,46,Normal
INV000001423,R011,M0023,2025-04-01,151,146,63,234,40,Normal
INV000001424,R011,M0024,2025-04-01,23,167,48,142,15,Normal
INV000001425,R011,M0025,2025-04-01,202,118,273,47,37,Normal
INV000001426,R011,M0026,2025-04-01,82,179,21,240,53,Normal
INV000001427,R011,M0027,2025-04-01,134,53,172,15,48,Low
INV000001428,R011,M0028,2025-04-01,77,54,19,112,38,Normal
INV000001429,R011,M0029,2025-04-01,234,44,263,15,37,Low
INV000001430,R011,M0030,2025-04-01,33,118,126,25,39,Low
INV000001431,R011,M0031,2025-04-01,63,105,28,140,36,Normal
INV000001432,R011,M0032,2025-04-01,193,73,60,206,33,Normal
INV000001433,R011,M0033,2025-04-01,96,133,75,154,31,Normal
INV000001434,R011,M0034,2025-04-01,74,10,80,4,51,Low
INV000001435,R011,M0035,2025-04-01,120,65,78,107,56,Normal
INV000001436,R011,M0036,2025-04-01,151,19,118,52,54,Low
INV000001437,R011,M0037,2025-04-01,237,134,29,342,37,Normal
INV000001438,R011,M0038,2025-04-01,21,167,117,71,36,Normal
INV000001439,R011,M0039,2025-04-01,96,100,27,169,15,Normal
INV000001440,R011,M0040,2025-04-01,109,57,102,64,37,Normal
INV000001441,R012,M0001,2025-04-01,22,35,27,30,46,Low
INV000001442,R012,M0002,2025-04-01,70,31,67,34,47,Low
INV000001443,R012,M0003,2025-04-01,250,49,210,89,22,Normal
INV000001444,R012,M0004,2025-04-01,144,11,39,116,57,Normal
INV000001445,R012,M0005,2025-04-01,84,67,120,31,40,Low
INV000001446,R012,M0006,2025-04-01,115,86,93,108,42,Normal
INV000001447,R012,M0007,2025-04-01,248,56,274,30,32,Low
INV000001448,R012,M0008,2025-04-01,47,122,168,1,43,Low
INV000001449,R012,M0009,2025-04-01,61,45,45,61,42,Normal
INV000001450,R012,M0010,2025-04-01,21,101,113,9,60,Low
INV000001451,R012,M0011,2025-04-01,70,38,24,84,33,Normal
INV000001452,R012,M0012,2025-04-01,30,44,50,24,41,Low
INV000001453,R012,M0013,2025-04-01,210,94,16,288,25,Normal
INV000001454,R012,M0014,2025-04-01,190,60,242,8,45,Low
INV000001455,R012,M0015,2025-04-01,190,78,60,208,41,Normal
INV000001456,R012,M0016,2025-04-01,145,150,253,42,58,Low
INV000001457,R012,M0017,2025-04-01,202,42,83,161,40,Normal
INV000001458,R012,M0018,2025-04-01,148,109,67,190,22,Normal
INV000001459,R012,M0019,2025-04-01,47,15,8,54,24,Normal
INV000001460,R012,M0020,2025-04-01,108,138,3,243,58,Normal
INV000001461,R012,M0021,2025-04-01,80,23,86,17,36,Low
INV000001462,R012,M0022,2025-04-01,129,162,4,287,42,Normal
INV000001463,R012,M0023,2025-04-01,142,84,72,154,46,Normal
INV000001464,R012,M0024,2025-04-01,41,119,63,97,54,Normal
INV000001465,R012,M0025,2025-04-01,59,140,47,152,30,Normal
INV000001466,R012,M0026,2025-04-01,91,39,67,63,59,Normal
INV000001467,R012,M0027,2025-04-01,83,180,219,44,27,Normal
INV000001468,R012,M0028,2025-04-01,141,36,128,49,54,Low
INV000001469,R012,M0029,2025-04-01,66,58,109,15,52,Low
INV000001470,R012,M0030,2025-04-01,181,172,76,277,29,Normal
INV000001471,R012,M0031,2025-04-01,50,43,51,42,17,Normal
INV000001472,R012,M0032,2025-04-01,90,59,37,112,42,Normal
INV000001473,R012,M0033,2025-04-01,24,167,51,140,20,Normal
INV000001474,R012,M0034,2025-04-01,241,23,194,70,41,Normal
INV000001475,R012,M0035,2025-04-01,154,88,179,63,55,Normal
INV000001476,R012,M0036,2025-04-01,79,66,86,59,42,Normal
INV000001477,R012,M0037,2025-04-01,142,25,130,37,42,Low
INV000001478,R012,M0038,2025-04-01,184,23,77,130,22,Normal
INV000001479,R012,M0039,2025-04-01,88,103,71,120,37,Normal
INV000001480,R012,M0040,2025-04-01,202,117,126,193,35,Normal
INV000001481,R013,M0001,2025-04-01,249,22,93,178,17,Normal
INV000001482,R013,M0002,2025-04-01,20,23,42,1,35,Low
INV000001483,R013,M0003,2025-04-01,74,83,120,37,32,Normal
INV000001484,R013,M0004,2025-04-01,175,35,110,100,26,Normal
INV000001485,R013,M0005,2025-04-01,84,135,93,126,36,Normal
INV000001486,R013,M0006,2025-04-01,97,38,24,111,57,Normal
INV000001487,R013,M0007,2025-04-01,23,151,33,141,36,Normal
INV000001488,R013,M0008,2025-04-01,112,102,190,24,52,Low
INV000001489,R013,M0009,2025-04-01,155,164,190,129,30,Normal
INV000001490,R013,M0010,2025-04-01,186,80,107,159,52,Normal
INV000001491,R013,M0011,2025-04-01,118,32,27,123,23,Normal
INV000001492,R013,M0012,2025-04-01,181,164,61,284,17,Normal
INV000001493,R013,M0013,2025-04-01,170,177,97,250,27,Normal
INV000001494,R013,M0014,2025-04-01,200,124,50,274,19,Normal
INV000001495,R013,M0015,2025-04-01,159,168,175,152,34,Normal
INV000001496,R013,M0016,2025-04-01,205,131,103,233,49,Normal
INV000001497,R013,M0017,2025-04-01,204,49,11,242,23,Normal
INV000001498,R013,M0018,2025-04-01,69,117,140,46,60,Low
INV000001499,R013,M0019,2025-04-01,84,153,88,149,38,Normal
INV000001500,R013,M0020,2025-04-01,134,171,60,245,42,Normal
INV000001501,R013,M0021,2025-04-01,37,133,107,63,48,Normal
INV000001502,R013,M0022,2025-04-01,148,15,42,121,53,Normal
INV000001503,R013,M0023,2025-04-01,90,43,74,59,17,Normal
INV000001504,R013,M0024,2025-04-01,164,25,177,12,27,Low
INV000001505,R013,M0025,2025-04-01,209,111,253,67,58,Normal
INV000001506,R013,M0026,2025-04-01,156,141,38,259,25,Normal
INV000001507,R013,M0027,2025-04-01,132,140,196,76,50,Normal
INV000001508,R013,M0028,2025-04-01,219,109,205,123,53,Normal
INV000001509,R013,M0029,2025-04-01,89,62,47,104,15,Normal
INV000001510,R013,M0030,2025-04-01,60,156,55,161,52,Normal
INV000001511,R013,M0031,2025-04-01,198,12,202,8,47,Low
INV000001512,R013,M0032,2025-04-01,136,138,268,6,31,Low
INV000001513,R013,M0033,2025-04-01,97,66,75,88,60,Normal
INV000001514,R013,M0034,2025-04-01,88,151,30,209,25,Normal
INV000001515,R013,M0035,2025-04-01,77,21,68,30,30,Low
INV000001516,R013,M0036,2025-04-01,94,20,81,33,24,Normal
INV000001517,R013,M0037,2025-04-01,246,81,68,259,32,Normal
INV000001518,R013,M0038,2025-04-01,243,23,127,139,28,Normal
INV000001519,R013,M0039,2025-04-01,156,39,0,195,56,Normal
INV000001520,R013,M0040,2025-04-01,108,171,188,91,35,Normal
INV000001521,R014,M0001,2025-04-01,41,150,67,124,23,Normal
INV000001522,R014,M0002,2025-04-01,124,166,150,140,35,Normal
INV000001523,R014,M0003,2025-04-01,34,170,2,202,37,Normal
INV000001524,R014,M0004,2025-04-01,76,81,45,112,31,Normal
INV000001525,R014,M0005,2025-04-01,24,147,168,3,52,Low
INV000001526,R014,M0006,2025-04-01,47,107,65,89,55,Normal
INV000001527,R014,M0007,2025-04-01,182,164,282,64,28,Normal
INV000001528,R014,M0008,2025-04-01,229,123,112,240,35,Normal
INV000001529,R014,M0009,2025-04-01,88,62,148,2,55,Low
INV000001530,R014,M0010,2025-04-01,226,111,79,258,43,Normal
INV000001531,R014,M0011,2025-04-01,79,121,94,106,24,Normal
INV000001532,R014,M0012,2025-04-01,250,132,47,335,46,Normal
INV000001533,R014,M0013,2025-04-01,66,127,47,146,26,Normal
INV000001534,R014,M0014,2025-04-01,68,155,125,98,26,Normal
INV000001535,R014,M0015,2025-04-01,185,82,10,257,34,Normal
INV000001536,R014,M0016,2025-04-01,61,55,104,12,40,Low
INV000001537,R014,M0017,2025-04-01,195,165,96,264,19,Normal
INV000001538,R014,M0018,2025-04-01,56,28,54,30,30,Low
INV000001539,R014,M0019,2025-04-01,136,175,206,105,21,Normal
INV000001540,R014,M0020,2025-04-01,205,144,70,279,15,Normal
INV000001541,R014,M0021,2025-04-01,174,35,96,113,39,Normal
INV000001542,R014,M0022,2025-04-01,25,38,1,62,56,Normal
INV000001543,R014,M0023,2025-04-01,31,43,31,43,20,Normal
INV000001544,R014,M0024,2025-04-01,88,46,3,131,15,Normal
INV000001545,R014,M0025,2025-04-01,222,37,173,86,60,Normal
INV000001546,R014,M0026,2025-04-01,41,61,17,85,45,Normal
INV000001547,R014,M0027,2025-04-01,214,154,227,141,25,Normal
INV000001548,R014,M0028,2025-04-01,98,94,122,70,24,Normal
INV000001549,R014,M0029,2025-04-01,82,24,69,37,59,Low
INV000001550,R014,M0030,2025-04-01,88,170,63,195,16,Normal
INV000001551,R014,M0031,2025-04-01,231,21,26,226,49,Normal
INV000001552,R014,M0032,2025-04-01,95,36,130,1,41,Low
INV000001553,R014,M0033,2025-04-01,56,10,28,38,16,Normal
INV000001554,R014,M0034,2025-04-01,78,119,98,99,24,Normal
INV000001555,R014,M0035,2025-04-01,110,177,146,141,29,Normal
INV000001556,R014,M0036,2025-04-01,245,108,351,2,60,Low
INV000001557,R014,M0037,2025-04-01,230,38,251,17,25,Low
INV000001558,R014,M0038,2025-04-01,48,67,13,102,33,Normal
INV000001559,R014,M0039,2025-04-01,111,29,85,55,22,Normal
INV000001560,R014,M0040,2025-04-01,112,31,11,132,53,Normal
INV000001561,R015,M0001,2025-04-01,58,55,54,59,48,Normal
INV000001562,R015,M0002,2025-04-01,105,163,92,176,58,Normal
INV000001563,R015,M0003,2025-04-01,128,48,170,6,58,Low
INV000001564,R015,M0004,2025-04-01,97,169,146,120,37,Normal
INV000001565,R015,M0005,2025-04-01,244,36,138,142,46,Normal
INV000001566,R015,M0006,2025-04-01,189,104,135,158,60,Normal
INV000001567,R015,M0007,2025-04-01,224,29,201,52,15,Normal
INV000001568,R015,M0008,2025-04-01,240,48,75,213,35,Normal
INV000001569,R015,M0009,2025-04-01,57,109,114,52,45,Normal
INV000001570,R015,M0010,2025-04-01,228,27,57,198,51,Normal
INV000001571,R015,M0011,2025-04-01,129,81,37,173,20,Normal
INV000001572,R015,M0012,2025-04-01,102,42,46,98,39,Normal
INV000001573,R015,M0013,2025-04-01,110,91,126,75,42,Normal
INV000001574,R015,M0014,2025-04-01,143,115,170,88,23,Normal
INV000001575,R015,M0015,2025-04-01,225,177,125,277,39,Normal
INV000001576,R015,M0016,2025-04-01,127,150,254,23,49,Low
INV000001577,R015,M0017,2025-04-01,156,136,272,20,49,Low
INV000001578,R015,M0018,2025-04-01,230,68,196,102,20,Normal
INV000001579,R015,M0019,2025-04-01,168,117,269,16,51,Low
INV000001580,R015,M0020,2025-04-01,218,66,44,240,30,Normal
INV000001581,R015,M0021,2025-04-01,112,10,26,96,16,Normal
INV000001582,R015,M0022,2025-04-01,112,152,242,22,23,Low
INV000001583,R015,M0023,2025-04-01,48,25,44,29,38,Low
INV000001584,R015,M0024,2025-04-01,237,45,150,132,44,Normal
INV000001585,R015,M0025,2025-04-01,56,151,107,100,30,Normal
INV000001586,R015,M0026,2025-04-01,73,67,14,126,23,Normal
INV000001587,R015,M0027,2025-04-01,50,46,48,48,16,Normal
INV000001588,R015,M0028,2025-04-01,198,118,190,126,18,Normal
INV000001589,R015,M0029,2025-04-01,199,37,169,67,52,Normal
INV000001590,R015,M0030,2025-04-01,38,132,152,18,25,Low
INV000001591,R015,M0031,2025-04-01,27,47,46,28,24,Normal
INV000001592,R015,M0032,2025-04-01,40,72,9,103,15,Normal
INV000001593,R015,M0033,2025-04-01,165,116,76,205,26,Normal
INV000001594,R015,M0034,2025-04-01,140,45,135,50,59,Low
INV000001595,R015,M0035,2025-04-01,96,130,105,121,36,Normal
INV000001596,R015,M0036,2025-04-01,133,175,6,302,33,Normal
INV000001597,R015,M0037,2025-04-01,48,49,7,90,56,Normal
INV000001598,R015,M0038,2025-04-01,28,164,192,0,26,Low
INV000001599,R015,M0039,2025-04-01,148,51,2,197,40,Normal
INV000001600,R015,M0040,2025-04-01,233,118,348,3,44,Low
INV000001601,R016,M0001,2025-04-01,161,76,235,2,51,Low
INV000001602,R016,M0002,2025-04-01,148,88,181,55,29,Normal
INV000001603,R016,M0003,2025-04-01,128,50,69,109,20,Normal
INV000001604,R016,M0004,2025-04-01,153,106,64,195,28,Normal
INV000001605,R016,M0005,2025-04-01,122,168,28,262,29,Normal
INV000001606,R016,M0006,2025-04-01,120,57,143,34,53,Low
INV000001607,R016,M0007,2025-04-01,235,29,239,25,45,Low
INV000001608,R016,M0008,2025-04-01,100,177,207,70,39,Normal
INV000001609,R016,M0009,2025-04-01,62,23,47,38,56,Low
INV000001610,R016,M0010,2025-04-01,128,59,69,118,21,Normal
INV000001611,R016,M0011,2025-04-01,46,29,46,29,53,Low
INV000001612,R016,M0012,2025-04-01,219,95,14,300,30,Normal
INV000001613,R016,M0013,2025-04-01,92,51,138,5,21,Low
INV000001614,R016,M0014,2025-04-01,36,64,76,24,15,Normal
INV000001615,R016,M0015,2025-04-01,213,89,96,206,50,Normal
INV000001616,R016,M0016,2025-04-01,71,173,237,7,17,Low
INV000001617,R016,M0017,2025-04-01,81,78,21,138,51,Normal
INV000001618,R016,M0018,2025-04-01,164,21,144,41,45,Low
INV000001619,R016,M0019,2025-04-01,31,22,20,33,20,Normal
INV000001620,R016,M0020,2025-04-01,99,12,45,66,33,Normal
INV000001621,R016,M0021,2025-04-01,121,138,99,160,35,Normal
INV000001622,R016,M0022,2025-04-01,212,110,182,140,23,Normal
INV000001623,R016,M0023,2025-04-01,199,34,84,149,41,Normal
INV000001624,R016,M0024,2025-04-01,249,138,51,336,47,Normal
INV000001625,R016,M0025,2025-04-01,226,48,12,262,52,Normal
INV000001626,R016,M0026,2025-04-01,223,107,244,86,52,Normal
INV000001627,R016,M0027,2025-04-01,242,19,148,113,25,Normal
INV000001628,R016,M0028,2025-04-01,58,128,20,166,55,Normal
INV000001629,R016,M0029,2025-04-01,43,69,27,85,58,Normal
INV000001630,R016,M0030,2025-04-01,187,46,196,37,60,Low
INV000001631,R016,M0031,2025-04-01,61,138,132,67,53,Normal
INV000001632,R016,M0032,2025-04-01,186,143,174,155,43,Normal
INV000001633,R016,M0033,2025-04-01,221,43,173,91,33,Normal
INV000001634,R016,M0034,2025-04-01,112,169,220,61,17,Normal
INV000001635,R016,M0035,2025-04-01,248,109,122,235,28,Normal
INV000001636,R016,M0036,2025-04-01,176,165,38,303,24,Normal
INV000001637,R016,M0037,2025-04-01,165,170,254,81,21,Normal
INV000001638,R016,M0038,2025-04-01,226,13,36,203,34,Normal
INV000001639,R016,M0039,2025-04-01,160,32,127,65,21,Normal
INV000001640,R016,M0040,2025-04-01,136,90,43,183,33,Normal
INV000001641,R017,M0001,2025-04-01,61,27,35,53,51,Normal
INV000001642,R017,M0002,2025-04-01,113,100,22,191,19,Normal
INV000001643,R017,M0003,2025-04-01,65,127,66,126,45,Normal
INV000001644,R017,M0004,2025-04-01,85,123,166,42,23,Normal
INV000001645,R017,M0005,2025-04-01,51,155,124,82,17,Normal
INV000001646,R017,M0006,2025-04-01,113,83,102,94,41,Normal
INV000001647,R017,M0007,2025-04-01,239,168,348,59,23,Normal
INV000001648,R017,M0008,2025-04-01,132,103,131,104,54,Normal
INV000001649,R017,M0009,2025-04-01,100,105,21,184,58,Normal
INV000001650,R017,M0010,2025-04-01,125,139,230,34,31,Normal
INV000001651,R017,M0011,2025-04-01,244,20,29,235,30,Normal
INV000001652,R017,M0012,2025-04-01,199,153,4,348,24,Normal
INV000001653,R017,M0013,2025-04-01,238,36,148,126,39,Normal
INV000001654,R017,M0014,2025-04-01,60,155,102,113,19,Normal
INV000001655,R017,M0015,2025-04-01,77,109,118,68,57,Normal
INV000001656,R017,M0016,2025-04-01,43,99,119,23,44,Low
INV000001657,R017,M0017,2025-04-01,184,146,238,92,21,Normal
INV000001658,R017,M0018,2025-04-01,41,56,93,4,21,Low
INV000001659,R017,M0019,2025-04-01,121,120,51,190,40,Normal
INV000001660,R017,M0020,2025-04-01,104,26,81,49,36,Normal
INV000001661,R017,M0021,2025-04-01,174,134,108,200,59,Normal
INV000001662,R017,M0022,2025-04-01,209,131,58,282,32,Normal
INV000001663,R017,M0023,2025-04-01,136,19,139,16,24,Low
INV000001664,R017,M0024,2025-04-01,140,47,163,24,28,Low
INV000001665,R017,M0025,2025-04-01,101,155,16,240,53,Normal
INV000001666,R017,M0026,2025-04-01,218,107,31,294,38,Normal
INV000001667,R017,M0027,2025-04-01,222,120,242,100,28,Normal
INV000001668,R017,M0028,2025-04-01,33,64,2,95,58,Normal
INV000001669,R017,M0029,2025-04-01,128,79,64,143,55,Normal
INV000001670,R017,M0030,2025-04-01,65,31,18,78,19,Normal
INV000001671,R017,M0031,2025-04-01,90,113,20,183,34,Normal
INV000001672,R017,M0032,2025-04-01,243,125,214,154,48,Normal
INV000001673,R017,M0033,2025-04-01,74,76,47,103,18,Normal
INV000001674,R017,M0034,2025-04-01,43,119,87,75,34,Normal
INV000001675,R017,M0035,2025-04-01,62,60,44,78,41,Normal
INV000001676,R017,M0036,2025-04-01,143,131,274,0,59,Low
INV000001677,R017,M0037,2025-04-01,220,51,223,48,37,Normal
INV000001678,R017,M0038,2025-04-01,197,156,199,154,15,Normal
INV000001679,R017,M0039,2025-04-01,163,162,101,224,19,Normal
INV000001680,R017,M0040,2025-04-01,205,180,296,89,54,Normal
INV000001681,R018,M0001,2025-04-01,57,92,81,68,15,Normal
INV000001682,R018,M0002,2025-04-01,58,127,37,148,46,Normal
INV000001683,R018,M0003,2025-04-01,241,91,58,274,58,Normal
INV000001684,R018,M0004,2025-04-01,124,77,133,68,15,Normal
INV000001685,R018,M0005,2025-04-01,135,42,162,15,43,Low
INV000001686,R018,M0006,2025-04-01,183,158,49,292,17,Normal
INV000001687,R018,M0007,2025-04-01,75,58,107,26,59,Low
INV000001688,R018,M0008,2025-04-01,159,52,153,58,39,Normal
INV000001689,R018,M0009,2025-04-01,75,99,53,121,27,Normal
INV000001690,R018,M0010,2025-04-01,193,157,7,343,38,Normal
INV000001691,R018,M0011,2025-04-01,228,103,8,323,34,Normal
INV000001692,R018,M0012,2025-04-01,249,88,257,80,22,Normal
INV000001693,R018,M0013,2025-04-01,199,137,332,4,44,Low
INV000001694,R018,M0014,2025-04-01,125,115,90,150,37,Normal
INV000001695,R018,M0015,2025-04-01,232,148,218,162,48,Normal
INV000001696,R018,M0016,2025-04-01,215,95,58,252,26,Normal
INV000001697,R018,M0017,2025-04-01,137,119,191,65,26,Normal
INV000001698,R018,M0018,2025-04-01,161,162,83,240,49,Normal
INV000001699,R018,M0019,2025-04-01,131,107,72,166,57,Normal
INV000001700,R018,M0020,2025-04-01,196,121,145,172,59,Normal
INV000001701,R018,M0021,2025-04-01,178,35,22,191,21,Normal
INV000001702,R018,M0022,2025-04-01,42,176,4,214,54,Normal
INV000001703,R018,M0023,2025-04-01,125,36,127,34,54,Low
INV000001704,R018,M0024,2025-04-01,159,35,162,32,43,Low
INV000001705,R018,M0025,2025-04-01,148,158,16,290,57,Normal
INV000001706,R018,M0026,2025-04-01,94,117,54,157,29,Normal
INV000001707,R018,M0027,2025-04-01,218,126,282,62,39,Normal
INV000001708,R018,M0028,2025-04-01,49,60,109,0,45,Low
INV000001709,R018,M0029,2025-04-01,51,99,118,32,41,Low
INV000001710,R018,M0030,2025-04-01,230,175,360,45,40,Normal
INV000001711,R018,M0031,2025-04-01,21,105,100,26,29,Low
INV000001712,R018,M0032,2025-04-01,149,82,68,163,57,Normal
INV000001713,R018,M0033,2025-04-01,87,88,106,69,58,Normal
INV000001714,R018,M0034,2025-04-01,81,11,53,39,17,Normal
INV000001715,R018,M0035,2025-04-01,23,16,9,30,38,Low
INV000001716,R018,M0036,2025-04-01,235,142,307,70,35,Normal
INV000001717,R018,M0037,2025-04-01,105,53,146,12,42,Low
INV000001718,R018,M0038,2025-04-01,81,152,100,133,27,Normal
INV000001719,R018,M0039,2025-04-01,177,174,201,150,18,Normal
INV000001720,R018,M0040,2025-04-01,225,157,219,163,23,Normal
INV000001721,R019,M0001,2025-04-01,182,109,88,203,40,Normal
INV000001722,R019,M0002,2025-04-01,101,142,40,203,42,Normal
INV000001723,R019,M0003,2025-04-01,79,35,90,24,23,Normal
INV000001724,R019,M0004,2025-04-01,149,40,161,28,51,Low
INV000001725,R019,M0005,2025-04-01,220,110,321,9,31,Low
INV000001726,R019,M0006,2025-04-01,234,151,81,304,35,Normal
INV000001727,R019,M0007,2025-04-01,72,33,11,94,16,Normal
INV000001728,R019,M0008,2025-04-01,131,12,39,104,16,Normal
INV000001729,R019,M0009,2025-04-01,178,149,40,287,51,Normal
INV000001730,R019,M0010,2025-04-01,117,16,33,100,44,Normal
INV000001731,R019,M0011,2025-04-01,182,171,183,170,26,Normal
INV000001732,R019,M0012,2025-04-01,81,177,113,145,34,Normal
INV000001733,R019,M0013,2025-04-01,69,147,215,1,30,Low
INV000001734,R019,M0014,2025-04-01,205,106,133,178,57,Normal
INV000001735,R019,M0015,2025-04-01,33,80,10,103,24,Normal
INV000001736,R019,M0016,2025-04-01,180,15,163,32,52,Low
INV000001737,R019,M0017,2025-04-01,241,36,56,221,44,Normal
INV000001738,R019,M0018,2025-04-01,172,41,27,186,24,Normal
INV000001739,R019,M0019,2025-04-01,92,77,46,123,20,Normal
INV000001740,R019,M0020,2025-04-01,39,136,92,83,28,Normal
INV000001741,R019,M0021,2025-04-01,120,35,125,30,16,Normal
INV000001742,R019,M0022,2025-04-01,125,28,124,29,55,Low
INV000001743,R019,M0023,2025-04-01,39,63,87,15,41,Low
INV000001744,R019,M0024,2025-04-01,116,90,162,44,43,Normal
INV000001745,R019,M0025,2025-04-01,226,51,92,185,34,Normal
INV000001746,R019,M0026,2025-04-01,22,55,72,5,55,Low
INV000001747,R019,M0027,2025-04-01,175,18,30,163,36,Normal
INV000001748,R019,M0028,2025-04-01,108,133,157,84,53,Normal
INV000001749,R019,M0029,2025-04-01,159,11,40,130,48,Normal
INV000001750,R019,M0030,2025-04-01,209,75,62,222,27,Normal
INV000001751,R019,M0031,2025-04-01,175,17,137,55,16,Normal
INV000001752,R019,M0032,2025-04-01,152,141,78,215,28,Normal
INV000001753,R019,M0033,2025-04-01,241,103,58,286,28,Normal
INV000001754,R019,M0034,2025-04-01,27,93,17,103,29,Normal
INV000001755,R019,M0035,2025-04-01,41,42,34,49,32,Normal
INV000001756,R019,M0036,2025-04-01,143,61,23,181,37,Normal
INV000001757,R019,M0037,2025-04-01,201,151,333,19,33,Low
INV000001758,R019,M0038,2025-04-01,139,136,223,52,47,Normal
INV000001759,R019,M0039,2025-04-01,122,59,64,117,26,Normal
INV000001760,R019,M0040,2025-04-01,70,81,100,51,21,Normal
INV000001761,R020,M0001,2025-04-01,169,160,159,170,25,Normal
INV000001762,R020,M0002,2025-04-01,223,62,249,36,42,Low
INV000001763,R020,M0003,2025-04-01,246,124,216,154,53,Normal
INV000001764,R020,M0004,2025-04-01,211,79,163,127,54,Normal
INV000001765,R020,M0005,2025-04-01,47,165,98,114,42,Normal
INV000001766,R020,M0006,2025-04-01,71,155,90,136,38,Normal
INV000001767,R020,M0007,2025-04-01,249,171,419,1,19,Low
INV000001768,R020,M0008,2025-04-01,135,52,8,179,47,Normal
INV000001769,R020,M0009,2025-04-01,84,160,104,140,33,Normal
INV000001770,R020,M0010,2025-04-01,174,175,271,78,37,Normal
INV000001771,R020,M0011,2025-04-01,121,17,29,109,26,Normal
INV000001772,R020,M0012,2025-04-01,227,92,219,100,26,Normal
INV000001773,R020,M0013,2025-04-01,111,72,18,165,28,Normal
INV000001774,R020,M0014,2025-04-01,188,105,190,103,24,Normal
INV000001775,R020,M0015,2025-04-01,219,90,62,247,15,Normal
INV000001776,R020,M0016,2025-04-01,101,12,91,22,36,Low
INV000001777,R020,M0017,2025-04-01,74,129,145,58,35,Normal
INV000001778,R020,M0018,2025-04-01,250,69,287,32,19,Normal
INV000001779,R020,M0019,2025-04-01,118,82,154,46,28,Normal
INV000001780,R020,M0020,2025-04-01,154,65,26,193,50,Normal
INV000001781,R020,M0021,2025-04-01,91,165,38,218,51,Normal
INV000001782,R020,M0022,2025-04-01,248,175,215,208,58,Normal
INV000001783,R020,M0023,2025-04-01,213,121,162,172,35,Normal
INV000001784,R020,M0024,2025-04-01,70,60,12,118,46,Normal
INV000001785,R020,M0025,2025-04-01,147,21,70,98,41,Normal
INV000001786,R020,M0026,2025-04-01,50,41,57,34,25,Normal
INV000001787,R020,M0027,2025-04-01,173,93,196,70,30,Normal
INV000001788,R020,M0028,2025-04-01,167,15,72,110,16,Normal
INV000001789,R020,M0029,2025-04-01,184,157,2,339,44,Normal
INV000001790,R020,M0030,2025-04-01,92,43,103,32,17,Normal
INV000001791,R020,M0031,2025-04-01,249,146,270,125,17,Normal
INV000001792,R020,M0032,2025-04-01,106,175,8,273,19,Normal
INV000001793,R020,M0033,2025-04-01,140,34,106,68,34,Normal
INV000001794,R020,M0034,2025-04-01,90,91,88,93,40,Normal
INV000001795,R020,M0035,2025-04-01,40,152,80,112,46,Normal
INV000001796,R020,M0036,2025-04-01,176,22,100,98,34,Normal
INV000001797,R020,M0037,2025-04-01,198,126,252,72,56,Normal
INV000001798,R020,M0038,2025-04-01,51,105,26,130,16,Normal
INV000001799,R020,M0039,2025-04-01,77,22,1,98,23,Normal
INV000001800,R020,M0040,2025-04-01,46,92,111,27,29,Low
INV000001801,R021,M0001,2025-04-01,63,32,24,71,38,Normal
INV000001802,R021,M0002,2025-04-01,228,147,2,373,59,Normal
INV000001803,R021,M0003,2025-04-01,242,23,132,133,17,Normal
INV000001804,R021,M0004,2025-04-01,48,22,38,32,19,Normal
INV000001805,R021,M0005,2025-04-01,87,94,176,5,54,Low
INV000001806,R021,M0006,2025-04-01,222,107,138,191,59,Normal
INV000001807,R021,M0007,2025-04-01,63,45,74,34,44,Low
INV000001808,R021,M0008,2025-04-01,50,42,40,52,24,Normal
INV000001809,R021,M0009,2025-04-01,212,159,211,160,55,Normal
INV000001810,R021,M0010,2025-04-01,134,41,133,42,48,Low
INV000001811,R021,M0011,2025-04-01,81,157,122,116,57,Normal
INV000001812,R021,M0012,2025-04-01,145,81,82,144,45,Normal
INV000001813,R021,M0013,2025-04-01,77,33,33,77,33,Normal
INV000001814,R021,M0014,2025-04-01,202,31,90,143,50,Normal
INV000001815,R021,M0015,2025-04-01,233,72,105,200,59,Normal
INV000001816,R021,M0016,2025-04-01,39,29,63,5,18,Low
INV000001817,R021,M0017,2025-04-01,74,13,85,2,28,Low
INV000001818,R021,M0018,2025-04-01,139,108,48,199,46,Normal
INV000001819,R021,M0019,2025-04-01,46,97,53,90,52,Normal
INV000001820,R021,M0020,2025-04-01,214,145,263,96,35,Normal
INV000001821,R021,M0021,2025-04-01,214,89,232,71,56,Normal
INV000001822,R021,M0022,2025-04-01,59,139,27,171,23,Normal
INV000001823,R021,M0023,2025-04-01,76,103,98,81,43,Normal
INV000001824,R021,M0024,2025-04-01,242,168,262,148,27,Normal
INV000001825,R021,M0025,2025-04-01,219,112,96,235,19,Normal
INV000001826,R021,M0026,2025-04-01,91,118,42,167,58,Normal
INV000001827,R021,M0027,2025-04-01,98,157,52,203,24,Normal
INV000001828,R021,M0028,2025-04-01,138,37,28,147,30,Normal
INV000001829,R021,M0029,2025-04-01,24,127,47,104,32,Normal
INV000001830,R021,M0030,2025-04-01,27,131,135,23,43,Low
INV000001831,R021,M0031,2025-04-01,110,77,30,157,50,Normal
INV000001832,R021,M0032,2025-04-01,41,100,110,31,28,Normal
INV000001833,R021,M0033,2025-04-01,58,111,128,41,42,Low
INV000001834,R021,M0034,2025-04-01,150,95,13,232,43,Normal
INV000001835,R021,M0035,2025-04-01,89,104,25,168,18,Normal
INV000001836,R021,M0036,2025-04-01,186,107,216,77,27,Normal
INV000001837,R021,M0037,2025-04-01,95,58,103,50,26,Normal
INV000001838,R021,M0038,2025-04-01,172,80,135,117,53,Normal
INV000001839,R021,M0039,2025-04-01,146,142,221,67,21,Normal
INV000001840,R021,M0040,2025-04-01,194,22,165,51,30,Normal
INV000001841,R022,M0001,2025-04-01,48,66,14,100,18,Normal
INV000001842,R022,M0002,2025-04-01,249,19,136,132,30,Normal
INV000001843,R022,M0003,2025-04-01,36,146,25,157,32,Normal
INV000001844,R022,M0004,2025-04-01,77,168,179,66,60,Normal
INV000001845,R022,M0005,2025-04-01,123,110,100,133,21,Normal
INV000001846,R022,M0006,2025-04-01,76,78,126,28,28,Low
INV000001847,R022,M0007,2025-04-01,63,62,44,81,55,Normal
INV000001848,R022,M0008,2025-04-01,93,162,147,108,15,Normal
INV000001849,R022,M0009,2025-04-01,44,57,64,37,59,Low
INV000001850,R022,M0010,2025-04-01,179,132,156,155,59,Normal
INV000001851,R022,M0011,2025-04-01,81,53,80,54,58,Low
INV000001852,R022,M0012,2025-04-01,37,52,23,66,36,Normal
INV000001853,R022,M0013,2025-04-01,250,126,72,304,15,Normal
INV000001854,R022,M0014,2025-04-01,190,131,219,102,36,Normal
INV000001855,R022,M0015,2025-04-01,25,55,33,47,19,Normal
INV000001856,R022,M0016,2025-04-01,63,12,45,30,45,Low
INV000001857,R022,M0017,2025-04-01,169,10,125,54,30,Normal
INV000001858,R022,M0018,2025-04-01,140,38,11,167,16,Normal
INV000001859,R022,M0019,2025-04-01,165,84,213,36,29,Normal
INV000001860,R022,M0020,2025-04-01,154,138,85,207,24,Normal
INV000001861,R022,M0021,2025-04-01,218,34,25,227,34,Normal
INV000001862,R022,M0022,2025-04-01,225,95,231,89,46,Normal
INV000001863,R022,M0023,2025-04-01,208,99,279,28,31,Low
INV000001864,R022,M0024,2025-04-01,189,134,129,194,38,Normal
INV000001865,R022,M0025,2025-04-01,137,13,90,60,34,Normal
INV000001866,R022,M0026,2025-04-01,201,95,265,31,57,Low
INV000001867,R022,M0027,2025-04-01,239,162,247,154,22,Normal
INV000001868,R022,M0028,2025-04-01,89,142,186,45,55,Low
INV000001869,R022,M0029,2025-04-01,25,47,52,20,29,Low
INV000001870,R022,M0030,2025-04-01,188,46,91,143,46,Normal
INV000001871,R022,M0031,2025-04-01,27,72,73,26,59,Low
INV000001872,R022,M0032,2025-04-01,130,102,52,180,20,Normal
INV000001873,R022,M0033,2025-04-01,69,106,163,12,21,Low
INV000001874,R022,M0034,2025-04-01,90,170,230,30,48,Low
INV000001875,R022,M0035,2025-04-01,64,77,89,52,36,Normal
INV000001876,R022,M0036,2025-04-01,120,160,213,67,32,Normal
INV000001877,R022,M0037,2025-04-01,99,58,10,147,52,Normal
INV000001878,R022,M0038,2025-04-01,153,97,213,37,54,Low
INV000001879,R022,M0039,2025-04-01,51,120,116,55,51,Normal
INV000001880,R022,M0040,2025-04-01,222,98,147,173,22,Normal
INV000001881,R023,M0001,2025-04-01,22,137,37,122,44,Normal
INV000001882,R023,M0002,2025-04-01,194,48,133,109,33,Normal
INV000001883,R023,M0003,2025-04-01,179,152,83,248,34,Normal
INV000001884,R023,M0004,2025-04-01,144,83,16,211,33,Normal
INV000001885,R023,M0005,2025-04-01,23,126,10,139,28,Normal
INV000001886,R023,M0006,2025-04-01,92,161,31,222,18,Normal
INV000001887,R023,M0007,2025-04-01,145,88,1,232,42,Normal
INV000001888,R023,M0008,2025-04-01,110,179,0,289,18,Normal
INV000001889,R023,M0009,2025-04-01,84,45,89,40,33,Normal
INV000001890,R023,M0010,2025-04-01,221,138,340,19,50,Low
INV000001891,R023,M0011,2025-04-01,59,32,91,0,32,Low
INV000001892,R023,M0012,2025-04-01,56,60,55,61,52,Normal
INV000001893,R023,M0013,2025-04-01,40,84,28,96,17,Normal
INV000001894,R023,M0014,2025-04-01,141,100,63,178,58,Normal
INV000001895,R023,M0015,2025-04-01,183,108,216,75,40,Normal
INV000001896,R023,M0016,2025-04-01,45,76,117,4,34,Low
INV000001897,R023,M0017,2025-04-01,172,89,88,173,51,Normal
INV000001898,R023,M0018,2025-04-01,131,92,205,18,52,Low
INV000001899,R023,M0019,2025-04-01,55,61,32,84,23,Normal
INV000001900,R023,M0020,2025-04-01,126,151,102,175,34,Normal
INV000001901,R023,M0021,2025-04-01,98,31,76,53,51,Normal
INV000001902,R023,M0022,2025-04-01,180,128,279,29,26,Normal
INV000001903,R023,M0023,2025-04-01,116,121,24,213,23,Normal
INV000001904,R023,M0024,2025-04-01,154,123,160,117,47,Normal
INV000001905,R023,M0025,2025-04-01,195,101,239,57,37,Normal
INV000001906,R023,M0026,2025-04-01,129,129,215,43,41,Normal
INV000001907,R023,M0027,2025-04-01,138,17,143,12,16,Low
INV000001908,R023,M0028,2025-04-01,216,117,45,288,23,Normal
INV000001909,R023,M0029,2025-04-01,177,87,124,140,52,Normal
INV000001910,R023,M0030,2025-04-01,151,105,65,191,54,Normal
INV000001911,R023,M0031,2025-04-01,159,154,150,163,18,Normal
INV000001912,R023,M0032,2025-04-01,213,110,64,259,40,Normal
INV000001913,R023,M0033,2025-04-01,191,11,118,84,48,Normal
INV000001914,R023,M0034,2025-04-01,137,23,21,139,18,Normal
INV000001915,R023,M0035,2025-04-01,89,176,54,211,36,Normal
INV000001916,R023,M0036,2025-04-01,172,34,74,132,51,Normal
INV000001917,R023,M0037,2025-04-01,143,94,221,16,18,Low
INV000001918,R023,M0038,2025-04-01,51,159,172,38,47,Low
INV000001919,R023,M0039,2025-04-01,209,23,179,53,28,Normal
INV000001920,R023,M0040,2025-04-01,152,46,143,55,46,Normal
INV000001921,R024,M0001,2025-04-01,54,67,114,7,58,Low
INV000001922,R024,M0002,2025-04-01,183,49,77,155,55,Normal
INV000001923,R024,M0003,2025-04-01,99,11,103,7,46,Low
INV000001924,R024,M0004,2025-04-01,179,61,29,211,19,Normal
INV000001925,R024,M0005,2025-04-01,20,49,15,54,48,Normal
INV000001926,R024,M0006,2025-04-01,44,73,26,91,21,Normal
INV000001927,R024,M0007,2025-04-01,141,16,129,28,43,Low
INV000001928,R024,M0008,2025-04-01,120,24,31,113,34,Normal
INV000001929,R024,M0009,2025-04-01,123,133,94,162,30,Normal
INV000001930,R024,M0010,2025-04-01,235,149,133,251,54,Normal
INV000001931,R024,M0011,2025-04-01,194,122,315,1,22,Low
INV000001932,R024,M0012,2025-04-01,130,47,162,15,16,Low
INV000001933,R024,M0013,2025-04-01,67,46,104,9,57,Low
INV000001934,R024,M0014,2025-04-01,81,53,130,4,59,Low
INV000001935,R024,M0015,2025-04-01,159,61,121,99,45,Normal
INV000001936,R024,M0016,2025-04-01,94,84,170,8,21,Low
INV000001937,R024,M0017,2025-04-01,170,136,188,118,57,Normal
INV000001938,R024,M0018,2025-04-01,90,110,98,102,59,Normal
INV000001939,R024,M0019,2025-04-01,224,37,237,24,41,Low
INV000001940,R024,M0020,2025-04-01,228,118,75,271,16,Normal
INV000001941,R024,M0021,2025-04-01,92,127,30,189,51,Normal
INV000001942,R024,M0022,2025-04-01,119,12,77,54,17,Normal
INV000001943,R024,M0023,2025-04-01,185,176,336,25,54,Low
INV000001944,R024,M0024,2025-04-01,133,20,90,63,23,Normal
INV000001945,R024,M0025,2025-04-01,139,127,141,125,15,Normal
INV000001946,R024,M0026,2025-04-01,60,101,128,33,47,Low
INV000001947,R024,M0027,2025-04-01,73,99,134,38,39,Low
INV000001948,R024,M0028,2025-04-01,151,26,44,133,56,Normal
INV000001949,R024,M0029,2025-04-01,58,100,144,14,36,Low
INV000001950,R024,M0030,2025-04-01,137,45,71,111,57,Normal
INV000001951,R024,M0031,2025-04-01,97,110,17,190,56,Normal
INV000001952,R024,M0032,2025-04-01,143,106,246,3,45,Low
INV000001953,R024,M0033,2025-04-01,175,178,92,261,51,Normal
INV000001954,R024,M0034,2025-04-01,201,139,337,3,48,Low
INV000001955,R024,M0035,2025-04-01,86,43,82,47,52,Low
INV000001956,R024,M0036,2025-04-01,168,99,206,61,19,Normal
INV000001957,R024,M0037,2025-04-01,31,17,46,2,25,Low
INV000001958,R024,M0038,2025-04-01,79,34,85,28,21,Normal
INV000001959,R024,M0039,2025-04-01,147,131,165,113,29,Normal
INV000001960,R024,M0040,2025-04-01,217,70,53,234,26,Normal
INV000001961,R025,M0001,2025-04-01,206,108,215,99,19,Normal
INV000001962,R025,M0002,2025-04-01,35,166,64,137,22,Normal
INV000001963,R025,M0003,2025-04-01,29,28,28,29,38,Low
INV000001964,R025,M0004,2025-04-01,175,171,15,331,26,Normal
INV000001965,R025,M0005,2025-04-01,102,37,115,24,39,Low
INV000001966,R025,M0006,2025-04-01,54,173,146,81,50,Normal
INV000001967,R025,M0007,2025-04-01,71,60,64,67,46,Normal
INV000001968,R025,M0008,2025-04-01,132,83,57,158,27,Normal
INV000001969,R025,M0009,2025-04-01,209,51,222,38,48,Low
INV000001970,R025,M0010,2025-04-01,227,59,44,242,52,Normal
INV000001971,R025,M0011,2025-04-01,26,171,171,26,21,Normal
INV000001972,R025,M0012,2025-04-01,72,18,17,73,15,Normal
INV000001973,R025,M0013,2025-04-01,112,114,145,81,49,Normal
INV000001974,R025,M0014,2025-04-01,241,28,174,95,26,Normal
INV000001975,R025,M0015,2025-04-01,194,174,270,98,46,Normal
INV000001976,R025,M0016,2025-04-01,68,63,121,10,47,Low
INV000001977,R025,M0017,2025-04-01,110,101,158,53,50,Normal
INV000001978,R025,M0018,2025-04-01,238,45,34,249,43,Normal
INV000001979,R025,M0019,2025-04-01,129,170,192,107,19,Normal
INV000001980,R025,M0020,2025-04-01,165,30,32,163,48,Normal
INV000001981,R025,M0021,2025-04-01,96,35,30,101,46,Normal
INV000001982,R025,M0022,2025-04-01,79,23,76,26,49,Low
INV000001983,R025,M0023,2025-04-01,104,15,28,91,33,Normal
INV000001984,R025,M0024,2025-04-01,232,74,199,107,60,Normal
INV000001985,R025,M0025,2025-04-01,111,27,40,98,33,Normal
INV000001986,R025,M0026,2025-04-01,39,146,147,38,30,Normal
INV000001987,R025,M0027,2025-04-01,238,142,312,68,47,Normal
INV000001988,R025,M0028,2025-04-01,99,112,158,53,18,Normal
INV000001989,R025,M0029,2025-04-01,159,38,149,48,45,Normal
INV000001990,R025,M0030,2025-04-01,87,177,15,249,17,Normal
INV000001991,R025,M0031,2025-04-01,106,117,66,157,27,Normal
INV000001992,R025,M0032,2025-04-01,105,25,35,95,28,Normal
INV000001993,R025,M0033,2025-04-01,160,94,236,18,57,Low
INV000001994,R025,M0034,2025-04-01,244,25,120,149,46,Normal
INV000001995,R025,M0035,2025-04-01,38,154,156,36,59,Low
INV000001996,R025,M0036,2025-04-01,233,19,88,164,19,Normal
INV000001997,R025,M0037,2025-04-01,126,163,41,248,50,Normal
INV000001998,R025,M0038,2025-04-01,142,43,69,116,17,Normal
INV000001999,R025,M0039,2025-04-01,46,19,63,2,47,Low
INV000002000,R025,M0040,2025-04-01,77,176,89,164,42,Normal
INV000002001,R001,M0001,2025-05-01,142,87,200,29,29,Low
INV000002002,R001,M0002,2025-05-01,25,24,1,48,27,Normal
INV000002003,R001,M0003,2025-05-01,156,165,194,127,58,Normal
INV000002004,R001,M0004,2025-05-01,195,14,141,68,45,Normal
INV000002005,R001,M0005,2025-05-01,33,109,96,46,59,Low
INV000002006,R001,M0006,2025-05-01,52,120,109,63,50,Normal
INV000002007,R001,M0007,2025-05-01,55,39,56,38,22,Normal
INV000002008,R001,M0008,2025-05-01,249,167,188,228,37,Normal
INV000002009,R001,M0009,2025-05-01,69,97,111,55,18,Normal
INV000002010,R001,M0010,2025-05-01,80,69,23,126,52,Normal
INV000002011,R001,M0011,2025-05-01,22,68,52,38,49,Low
INV000002012,R001,M0012,2025-05-01,165,21,3,183,30,Normal
INV000002013,R001,M0013,2025-05-01,228,24,19,233,18,Normal
INV000002014,R001,M0014,2025-05-01,52,122,46,128,33,Normal
INV000002015,R001,M0015,2025-05-01,31,90,44,77,53,Normal
INV000002016,R001,M0016,2025-05-01,187,72,149,110,23,Normal
INV000002017,R001,M0017,2025-05-01,175,111,245,41,57,Low
INV000002018,R001,M0018,2025-05-01,51,178,19,210,19,Normal
INV000002019,R001,M0019,2025-05-01,84,149,52,181,46,Normal
INV000002020,R001,M0020,2025-05-01,200,101,112,189,43,Normal
INV000002021,R001,M0021,2025-05-01,202,87,187,102,50,Normal
INV000002022,R001,M0022,2025-05-01,94,177,125,146,48,Normal
INV000002023,R001,M0023,2025-05-01,248,78,163,163,59,Normal
INV000002024,R001,M0024,2025-05-01,158,138,53,243,18,Normal
INV000002025,R001,M0025,2025-05-01,108,115,180,43,54,Low
INV000002026,R001,M0026,2025-05-01,144,81,20,205,28,Normal
INV000002027,R001,M0027,2025-05-01,55,143,59,139,34,Normal
INV000002028,R001,M0028,2025-05-01,209,151,107,253,22,Normal
INV000002029,R001,M0029,2025-05-01,115,46,9,152,30,Normal
INV000002030,R001,M0030,2025-05-01,198,122,232,88,22,Normal
INV000002031,R001,M0031,2025-05-01,25,137,8,154,32,Normal
INV000002032,R001,M0032,2025-05-01,91,160,98,153,34,Normal
INV000002033,R001,M0033,2025-05-01,231,31,30,232,32,Normal
INV000002034,R001,M0034,2025-05-01,238,166,196,208,46,Normal
INV000002035,R001,M0035,2025-05-01,24,107,98,33,43,Low
INV000002036,R001,M0036,2025-05-01,31,67,26,72,39,Normal
INV000002037,R001,M0037,2025-05-01,67,178,110,135,49,Normal
INV000002038,R001,M0038,2025-05-01,33,179,78,134,17,Normal
INV000002039,R001,M0039,2025-05-01,158,99,13,244,53,Normal
INV000002040,R001,M0040,2025-05-01,213,96,134,175,52,Normal
INV000002041,R002,M0001,2025-05-01,75,17,43,49,54,Low
INV000002042,R002,M0002,2025-05-01,131,119,200,50,18,Normal
INV000002043,R002,M0003,2025-05-01,226,37,198,65,58,Normal
INV000002044,R002,M0004,2025-05-01,93,146,118,121,42,Normal
INV000002045,R002,M0005,2025-05-01,166,155,265,56,31,Normal
INV000002046,R002,M0006,2025-05-01,61,107,119,49,30,Normal
INV000002047,R002,M0007,2025-05-01,53,13,35,31,58,Low
INV000002048,R002,M0008,2025-05-01,90,31,31,90,49,Normal
INV000002049,R002,M0009,2025-05-01,95,96,146,45,40,Normal
INV000002050,R002,M0010,2025-05-01,29,167,70,126,38,Normal
INV000002051,R002,M0011,2025-05-01,88,178,128,138,56,Normal
INV000002052,R002,M0012,2025-05-01,227,165,6,386,22,Normal
INV000002053,R002,M0013,2025-05-01,98,155,169,84,35,Normal
INV000002054,R002,M0014,2025-05-01,234,77,91,220,43,Normal
INV000002055,R002,M0015,2025-05-01,138,14,112,40,15,Normal
INV000002056,R002,M0016,2025-05-01,139,19,91,67,45,Normal
INV000002057,R002,M0017,2025-05-01,183,152,111,224,41,Normal
INV000002058,R002,M0018,2025-05-01,34,158,20,172,32,Normal
INV000002059,R002,M0019,2025-05-01,249,166,282,133,35,Normal
INV000002060,R002,M0020,2025-05-01,36,122,46,112,31,Normal
INV000002061,R002,M0021,2025-05-01,216,80,132,164,46,Normal
INV000002062,R002,M0022,2025-05-01,52,68,80,40,26,Normal
INV000002063,R002,M0023,2025-05-01,57,168,167,58,18,Normal
INV000002064,R002,M0024,2025-05-01,79,39,83,35,17,Normal
INV000002065,R002,M0025,2025-05-01,67,139,112,94,52,Normal
INV000002066,R002,M0026,2025-05-01,101,20,70,51,60,Low
INV000002067,R002,M0027,2025-05-01,78,25,91,12,31,Low
INV000002068,R002,M0028,2025-05-01,85,14,86,13,37,Low
INV000002069,R002,M0029,2025-05-01,158,21,153,26,30,Low
INV000002070,R002,M0030,2025-05-01,109,37,19,127,47,Normal
INV000002071,R002,M0031,2025-05-01,133,38,130,41,19,Normal
INV000002072,R002,M0032,2025-05-01,80,62,83,59,51,Normal
INV000002073,R002,M0033,2025-05-01,115,116,18,213,56,Normal
INV000002074,R002,M0034,2025-05-01,129,82,36,175,16,Normal
INV000002075,R002,M0035,2025-05-01,103,165,184,84,36,Normal
INV000002076,R002,M0036,2025-05-01,124,176,191,109,45,Normal
INV000002077,R002,M0037,2025-05-01,95,169,15,249,25,Normal
INV000002078,R002,M0038,2025-05-01,114,21,74,61,24,Normal
INV000002079,R002,M0039,2025-05-01,171,16,27,160,53,Normal
INV000002080,R002,M0040,2025-05-01,74,90,130,34,60,Low
INV000002081,R003,M0001,2025-05-01,219,140,297,62,60,Normal
INV000002082,R003,M0002,2025-05-01,108,65,96,77,52,Normal
INV000002083,R003,M0003,2025-05-01,28,178,185,21,24,Low
INV000002084,R003,M0004,2025-05-01,117,176,40,253,19,Normal
INV000002085,R003,M0005,2025-05-01,77,154,128,103,51,Normal
INV000002086,R003,M0006,2025-05-01,181,150,214,117,49,Normal
INV000002087,R003,M0007,2025-05-01,207,41,216,32,48,Low
INV000002088,R003,M0008,2025-05-01,224,23,155,92,45,Normal
INV000002089,R003,M0009,2025-05-01,188,144,266,66,43,Normal
INV000002090,R003,M0010,2025-05-01,101,78,49,130,51,Normal
INV000002091,R003,M0011,2025-05-01,95,72,84,83,30,Normal
INV000002092,R003,M0012,2025-05-01,224,102,118,208,44,Normal
INV000002093,R003,M0013,2025-05-01,100,39,61,78,43,Normal
INV000002094,R003,M0014,2025-05-01,207,114,185,136,20,Normal
INV000002095,R003,M0015,2025-05-01,110,153,258,5,19,Low
INV000002096,R003,M0016,2025-05-01,112,177,247,42,53,Low
INV000002097,R003,M0017,2025-05-01,78,124,201,1,41,Low
INV000002098,R003,M0018,2025-05-01,78,155,211,22,23,Low
INV000002099,R003,M0019,2025-05-01,157,72,198,31,41,Low
INV000002100,R003,M0020,2025-05-01,192,159,340,11,23,Low
INV000002101,R003,M0021,2025-05-01,175,76,203,48,33,Normal
INV000002102,R003,M0022,2025-05-01,107,90,30,167,20,Normal
INV000002103,R003,M0023,2025-05-01,124,117,129,112,24,Normal
INV000002104,R003,M0024,2025-05-01,167,136,101,202,26,Normal
INV000002105,R003,M0025,2025-05-01,244,126,7,363,25,Normal
INV000002106,R003,M0026,2025-05-01,50,117,67,100,50,Normal
INV000002107,R003,M0027,2025-05-01,202,130,51,281,23,Normal
INV000002108,R003,M0028,2025-05-01,242,18,220,40,16,Normal
INV000002109,R003,M0029,2025-05-01,196,52,18,230,23,Normal
INV000002110,R003,M0030,2025-05-01,151,145,198,98,42,Normal
INV000002111,R003,M0031,2025-05-01,110,42,102,50,59,Low
INV000002112,R003,M0032,2025-05-01,162,71,182,51,33,Normal
INV000002113,R003,M0033,2025-05-01,50,96,86,60,52,Normal
INV000002114,R003,M0034,2025-05-01,175,167,55,287,17,Normal
INV000002115,R003,M0035,2025-05-01,38,100,114,24,41,Low
INV000002116,R003,M0036,2025-05-01,181,125,223,83,33,Normal
INV000002117,R003,M0037,2025-05-01,213,132,68,277,26,Normal
INV000002118,R003,M0038,2025-05-01,205,160,260,105,20,Normal
INV000002119,R003,M0039,2025-05-01,58,11,47,22,58,Low
INV000002120,R003,M0040,2025-05-01,186,126,194,118,35,Normal
INV000002121,R004,M0001,2025-05-01,132,55,130,57,52,Normal
INV000002122,R004,M0002,2025-05-01,91,34,29,96,34,Normal
INV000002123,R004,M0003,2025-05-01,146,97,12,231,51,Normal
INV000002124,R004,M0004,2025-05-01,152,144,296,0,47,Low
INV000002125,R004,M0005,2025-05-01,236,119,146,209,35,Normal
INV000002126,R004,M0006,2025-05-01,118,91,193,16,26,Low
INV000002127,R004,M0007,2025-05-01,56,20,26,50,42,Normal
INV000002128,R004,M0008,2025-05-01,152,81,147,86,54,Normal
INV000002129,R004,M0009,2025-05-01,100,35,88,47,33,Normal
INV000002130,R004,M0010,2025-05-01,62,40,36,66,32,Normal
INV000002131,R004,M0011,2025-05-01,144,122,114,152,25,Normal
INV000002132,R004,M0012,2025-05-01,93,76,155,14,21,Low
INV000002133,R004,M0013,2025-05-01,79,180,142,117,24,Normal
INV000002134,R004,M0014,2025-05-01,44,62,70,36,47,Low
INV000002135,R004,M0015,2025-05-01,213,53,14,252,53,Normal
INV000002136,R004,M0016,2025-05-01,30,148,137,41,27,Normal
INV000002137,R004,M0017,2025-05-01,21,135,6,150,38,Normal
INV000002138,R004,M0018,2025-05-01,72,82,146,8,42,Low
INV000002139,R004,M0019,2025-05-01,207,123,266,64,23,Normal
INV000002140,R004,M0020,2025-05-01,232,126,151,207,22,Normal
INV000002141,R004,M0021,2025-05-01,203,40,113,130,42,Normal
INV000002142,R004,M0022,2025-05-01,146,77,22,201,23,Normal
INV000002143,R004,M0023,2025-05-01,91,39,90,40,20,Normal
INV000002144,R004,M0024,2025-05-01,210,66,38,238,35,Normal
INV000002145,R004,M0025,2025-05-01,60,139,85,114,32,Normal
INV000002146,R004,M0026,2025-05-01,136,171,262,45,58,Low
INV000002147,R004,M0027,2025-05-01,218,28,180,66,59,Normal
INV000002148,R004,M0028,2025-05-01,100,19,55,64,21,Normal
INV000002149,R004,M0029,2025-05-01,200,143,162,181,27,Normal
INV000002150,R004,M0030,2025-05-01,235,152,338,49,55,Low
INV000002151,R004,M0031,2025-05-01,29,172,160,41,15,Normal
INV000002152,R004,M0032,2025-05-01,82,45,96,31,29,Normal
INV000002153,R004,M0033,2025-05-01,192,60,67,185,45,Normal
INV000002154,R004,M0034,2025-05-01,58,134,47,145,46,Normal
INV000002155,R004,M0035,2025-05-01,92,43,50,85,55,Normal
INV000002156,R004,M0036,2025-05-01,244,32,264,12,28,Low
INV000002157,R004,M0037,2025-05-01,20,121,17,124,46,Normal
INV000002158,R004,M0038,2025-05-01,162,166,106,222,60,Normal
INV000002159,R004,M0039,2025-05-01,65,19,53,31,59,Low
INV000002160,R004,M0040,2025-05-01,87,167,97,157,55,Normal
INV000002161,R005,M0001,2025-05-01,169,70,163,76,37,Normal
INV000002162,R005,M0002,2025-05-01,143,145,92,196,34,Normal
INV000002163,R005,M0003,2025-05-01,235,69,149,155,57,Normal
INV000002164,R005,M0004,2025-05-01,144,135,200,79,53,Normal
INV000002165,R005,M0005,2025-05-01,111,149,246,14,33,Low
INV000002166,R005,M0006,2025-05-01,44,66,14,96,33,Normal
INV000002167,R005,M0007,2025-05-01,127,124,83,168,30,Normal
INV000002168,R005,M0008,2025-05-01,189,118,59,248,26,Normal
INV000002169,R005,M0009,2025-05-01,138,91,169,60,22,Normal
INV000002170,R005,M0010,2025-05-01,108,111,180,39,23,Normal
INV000002171,R005,M0011,2025-05-01,218,133,250,101,53,Normal
INV000002172,R005,M0012,2025-05-01,125,70,7,188,33,Normal
INV000002173,R005,M0013,2025-05-01,88,139,55,172,41,Normal
INV000002174,R005,M0014,2025-05-01,35,153,82,106,31,Normal
INV000002175,R005,M0015,2025-05-01,192,91,210,73,40,Normal
INV000002176,R005,M0016,2025-05-01,227,123,217,133,40,Normal
INV000002177,R005,M0017,2025-05-01,86,23,34,75,46,Normal
INV000002178,R005,M0018,2025-05-01,206,66,173,99,55,Normal
INV000002179,R005,M0019,2025-05-01,229,21,78,172,43,Normal
INV000002180,R005,M0020,2025-05-01,124,66,146,44,25,Normal
INV000002181,R005,M0021,2025-05-01,157,62,199,20,55,Low
INV000002182,R005,M0022,2025-05-01,48,167,156,59,36,Normal
INV000002183,R005,M0023,2025-05-01,53,164,138,79,16,Normal
INV000002184,R005,M0024,2025-05-01,204,15,205,14,39,Low
INV000002185,R005,M0025,2025-05-01,43,95,90,48,50,Low
INV000002186,R005,M0026,2025-05-01,36,177,12,201,48,Normal
INV000002187,R005,M0027,2025-05-01,73,102,137,38,27,Normal
INV000002188,R005,M0028,2025-05-01,60,147,101,106,60,Normal
INV000002189,R005,M0029,2025-05-01,78,84,41,121,38,Normal
INV000002190,R005,M0030,2025-05-01,104,115,55,164,50,Normal
INV000002191,R005,M0031,2025-05-01,207,73,6,274,17,Normal
INV000002192,R005,M0032,2025-05-01,236,15,193,58,48,Normal
INV000002193,R005,M0033,2025-05-01,46,138,101,83,46,Normal
INV000002194,R005,M0034,2025-05-01,30,50,36,44,34,Normal
INV000002195,R005,M0035,2025-05-01,26,68,80,14,59,Low
INV000002196,R005,M0036,2025-05-01,83,18,34,67,22,Normal
INV000002197,R005,M0037,2025-05-01,228,106,205,129,23,Normal
INV000002198,R005,M0038,2025-05-01,229,79,43,265,19,Normal
INV000002199,R005,M0039,2025-05-01,38,139,106,71,16,Normal
INV000002200,R005,M0040,2025-05-01,23,148,154,17,24,Low
INV000002201,R006,M0001,2025-05-01,44,160,202,2,40,Low
INV000002202,R006,M0002,2025-05-01,69,165,219,15,34,Low
INV000002203,R006,M0003,2025-05-01,220,92,217,95,47,Normal
INV000002204,R006,M0004,2025-05-01,210,15,77,148,32,Normal
INV000002205,R006,M0005,2025-05-01,137,61,25,173,31,Normal
INV000002206,R006,M0006,2025-05-01,187,157,241,103,39,Normal
INV000002207,R006,M0007,2025-05-01,94,119,23,190,29,Normal
INV000002208,R006,M0008,2025-05-01,124,153,142,135,45,Normal
INV000002209,R006,M0009,2025-05-01,92,146,129,109,30,Normal
INV000002210,R006,M0010,2025-05-01,117,14,127,4,40,Low
INV000002211,R006,M0011,2025-05-01,115,149,55,209,43,Normal
INV000002212,R006,M0012,2025-05-01,77,157,6,228,40,Normal
INV000002213,R006,M0013,2025-05-01,217,69,228,58,38,Normal
INV000002214,R006,M0014,2025-05-01,142,154,55,241,56,Normal
INV000002215,R006,M0015,2025-05-01,99,95,36,158,55,Normal
INV000002216,R006,M0016,2025-05-01,41,34,71,4,25,Low
INV000002217,R006,M0017,2025-05-01,73,135,151,57,30,Normal
INV000002218,R006,M0018,2025-05-01,41,46,51,36,54,Low
INV000002219,R006,M0019,2025-05-01,234,131,267,98,51,Normal
INV000002220,R006,M0020,2025-05-01,214,69,30,253,46,Normal
INV000002221,R006,M0021,2025-05-01,84,115,79,120,36,Normal
INV000002222,R006,M0022,2025-05-01,233,48,18,263,35,Normal
INV000002223,R006,M0023,2025-05-01,196,154,306,44,41,Normal
INV000002224,R006,M0024,2025-05-01,243,11,68,186,59,Normal
INV000002225,R006,M0025,2025-05-01,73,153,203,23,46,Low
INV000002226,R006,M0026,2025-05-01,159,137,160,136,56,Normal
INV000002227,R006,M0027,2025-05-01,80,92,118,54,60,Low
INV000002228,R006,M0028,2025-05-01,143,141,284,0,20,Low
INV000002229,R006,M0029,2025-05-01,46,118,19,145,39,Normal
INV000002230,R006,M0030,2025-05-01,52,13,20,45,48,Low
INV000002231,R006,M0031,2025-05-01,211,41,42,210,27,Normal
INV000002232,R006,M0032,2025-05-01,132,39,9,162,42,Normal
INV000002233,R006,M0033,2025-05-01,146,53,160,39,48,Low
INV000002234,R006,M0034,2025-05-01,144,45,140,49,41,Normal
INV000002235,R006,M0035,2025-05-01,122,12,75,59,22,Normal
INV000002236,R006,M0036,2025-05-01,131,85,184,32,58,Low
INV000002237,R006,M0037,2025-05-01,89,143,82,150,54,Normal
INV000002238,R006,M0038,2025-05-01,247,105,288,64,56,Normal
INV000002239,R006,M0039,2025-05-01,62,46,37,71,48,Normal
INV000002240,R006,M0040,2025-05-01,195,62,190,67,48,Normal
INV000002241,R007,M0001,2025-05-01,174,74,120,128,44,Normal
INV000002242,R007,M0002,2025-05-01,73,94,34,133,25,Normal
INV000002243,R007,M0003,2025-05-01,154,131,5,280,35,Normal
INV000002244,R007,M0004,2025-05-01,126,55,38,143,45,Normal
INV000002245,R007,M0005,2025-05-01,37,11,19,29,59,Low
INV000002246,R007,M0006,2025-05-01,68,61,24,105,49,Normal
INV000002247,R007,M0007,2025-05-01,137,94,24,207,18,Normal
INV000002248,R007,M0008,2025-05-01,179,129,304,4,25,Low
INV000002249,R007,M0009,2025-05-01,37,99,57,79,37,Normal
INV000002250,R007,M0010,2025-05-01,180,13,49,144,32,Normal
INV000002251,R007,M0011,2025-05-01,92,119,149,62,34,Normal
INV000002252,R007,M0012,2025-05-01,114,169,206,77,31,Normal
INV000002253,R007,M0013,2025-05-01,163,148,103,208,19,Normal
INV000002254,R007,M0014,2025-05-01,171,49,26,194,28,Normal
INV000002255,R007,M0015,2025-05-01,91,55,67,79,51,Normal
INV000002256,R007,M0016,2025-05-01,46,42,66,22,52,Low
INV000002257,R007,M0017,2025-05-01,185,108,169,124,51,Normal
INV000002258,R007,M0018,2025-05-01,217,161,309,69,32,Normal
INV000002259,R007,M0019,2025-05-01,226,167,342,51,45,Normal
INV000002260,R007,M0020,2025-05-01,73,53,0,126,29,Normal
INV000002261,R007,M0021,2025-05-01,75,33,102,6,54,Low
INV000002262,R007,M0022,2025-05-01,57,46,21,82,45,Normal
INV000002263,R007,M0023,2025-05-01,243,10,82,171,19,Normal
INV000002264,R007,M0024,2025-05-01,249,23,70,202,47,Normal
INV000002265,R007,M0025,2025-05-01,226,122,217,131,57,Normal
INV000002266,R007,M0026,2025-05-01,140,93,77,156,47,Normal
INV000002267,R007,M0027,2025-05-01,214,40,61,193,50,Normal
INV000002268,R007,M0028,2025-05-01,120,106,198,28,39,Low
INV000002269,R007,M0029,2025-05-01,200,131,181,150,34,Normal
INV000002270,R007,M0030,2025-05-01,234,143,162,215,48,Normal
INV000002271,R007,M0031,2025-05-01,40,164,54,150,25,Normal
INV000002272,R007,M0032,2025-05-01,182,81,73,190,42,Normal
INV000002273,R007,M0033,2025-05-01,163,123,250,36,59,Low
INV000002274,R007,M0034,2025-05-01,221,74,61,234,50,Normal
INV000002275,R007,M0035,2025-05-01,250,121,333,38,37,Normal
INV000002276,R007,M0036,2025-05-01,65,16,46,35,44,Low
INV000002277,R007,M0037,2025-05-01,217,98,217,98,28,Normal
INV000002278,R007,M0038,2025-05-01,177,153,97,233,39,Normal
INV000002279,R007,M0039,2025-05-01,115,55,2,168,27,Normal
INV000002280,R007,M0040,2025-05-01,133,102,134,101,27,Normal
INV000002281,R008,M0001,2025-05-01,21,160,79,102,36,Normal
INV000002282,R008,M0002,2025-05-01,44,104,64,84,47,Normal
INV000002283,R008,M0003,2025-05-01,23,165,69,119,17,Normal
INV000002284,R008,M0004,2025-05-01,185,80,245,20,40,Low
INV000002285,R008,M0005,2025-05-01,31,74,35,70,55,Normal
INV000002286,R008,M0006,2025-05-01,34,156,7,183,60,Normal
INV000002287,R008,M0007,2025-05-01,140,165,232,73,46,Normal
INV000002288,R008,M0008,2025-05-01,64,131,191,4,56,Low
INV000002289,R008,M0009,2025-05-01,212,149,53,308,17,Normal
INV000002290,R008,M0010,2025-05-01,114,17,39,92,60,Normal
INV000002291,R008,M0011,2025-05-01,208,55,67,196,20,Normal
INV000002292,R008,M0012,2025-05-01,127,40,14,153,43,Normal
INV000002293,R008,M0013,2025-05-01,183,25,80,128,21,Normal
INV000002294,R008,M0014,2025-05-01,239,149,142,246,27,Normal
INV000002295,R008,M0015,2025-05-01,187,167,8,346,36,Normal
INV000002296,R008,M0016,2025-05-01,234,91,86,239,52,Normal
INV000002297,R008,M0017,2025-05-01,204,103,264,43,15,Normal
INV000002298,R008,M0018,2025-05-01,190,113,213,90,57,Normal
INV000002299,R008,M0019,2025-05-01,191,25,16,200,27,Normal
INV000002300,R008,M0020,2025-05-01,231,138,75,294,32,Normal
INV000002301,R008,M0021,2025-05-01,41,54,56,39,17,Normal
INV000002302,R008,M0022,2025-05-01,90,165,101,154,59,Normal
INV000002303,R008,M0023,2025-05-01,149,114,88,175,55,Normal
INV000002304,R008,M0024,2025-05-01,211,10,79,142,32,Normal
INV000002305,R008,M0025,2025-05-01,163,99,60,202,36,Normal
INV000002306,R008,M0026,2025-05-01,139,155,44,250,51,Normal
INV000002307,R008,M0027,2025-05-01,138,32,29,141,20,Normal
INV000002308,R008,M0028,2025-05-01,66,32,23,75,35,Normal
INV000002309,R008,M0029,2025-05-01,171,170,10,331,25,Normal
INV000002310,R008,M0030,2025-05-01,221,12,55,178,55,Normal
INV000002311,R008,M0031,2025-05-01,115,127,20,222,30,Normal
INV000002312,R008,M0032,2025-05-01,98,174,97,175,23,Normal
INV000002313,R008,M0033,2025-05-01,99,23,48,74,60,Normal
INV000002314,R008,M0034,2025-05-01,93,55,71,77,23,Normal
INV000002315,R008,M0035,2025-05-01,164,90,105,149,29,Normal
INV000002316,R008,M0036,2025-05-01,233,58,139,152,27,Normal
INV000002317,R008,M0037,2025-05-01,65,85,66,84,59,Normal
INV000002318,R008,M0038,2025-05-01,132,77,23,186,46,Normal
INV000002319,R008,M0039,2025-05-01,110,158,186,82,37,Normal
INV000002320,R008,M0040,2025-05-01,217,174,267,124,43,Normal
INV000002321,R009,M0001,2025-05-01,232,171,351,52,25,Normal
INV000002322,R009,M0002,2025-05-01,29,159,98,90,24,Normal
INV000002323,R009,M0003,2025-05-01,157,155,107,205,59,Normal
INV000002324,R009,M0004,2025-05-01,131,98,165,64,58,Normal
INV000002325,R009,M0005,2025-05-01,223,83,106,200,36,Normal
INV000002326,R009,M0006,2025-05-01,199,138,282,55,32,Normal
INV000002327,R009,M0007,2025-05-01,43,141,53,131,31,Normal
INV000002328,R009,M0008,2025-05-01,75,129,66,138,17,Normal
INV000002329,R009,M0009,2025-05-01,49,142,168,23,55,Low
INV000002330,R009,M0010,2025-05-01,67,131,35,163,44,Normal
INV000002331,R009,M0011,2025-05-01,170,92,190,72,51,Normal
INV000002332,R009,M0012,2025-05-01,116,178,17,277,35,Normal
INV000002333,R009,M0013,2025-05-01,199,36,161,74,37,Normal
INV000002334,R009,M0014,2025-05-01,242,12,40,214,41,Normal
INV000002335,R009,M0015,2025-05-01,141,95,86,150,56,Normal
INV000002336,R009,M0016,2025-05-01,45,57,45,57,34,Normal
INV000002337,R009,M0017,2025-05-01,61,129,139,51,26,Normal
INV000002338,R009,M0018,2025-05-01,212,15,112,115,54,Normal
INV000002339,R009,M0019,2025-05-01,136,161,294,3,59,Low
INV000002340,R009,M0020,2025-05-01,131,112,121,122,30,Normal
INV000002341,R009,M0021,2025-05-01,84,105,153,36,36,Low
INV000002342,R009,M0022,2025-05-01,143,112,153,102,17,Normal
INV000002343,R009,M0023,2025-05-01,244,69,259,54,21,Normal
INV000002344,R009,M0024,2025-05-01,127,119,198,48,32,Normal
INV000002345,R009,M0025,2025-05-01,167,112,14,265,25,Normal
INV000002346,R009,M0026,2025-05-01,151,52,76,127,53,Normal
INV000002347,R009,M0027,2025-05-01,198,144,101,241,51,Normal
INV000002348,R009,M0028,2025-05-01,212,45,66,191,57,Normal
INV000002349,R009,M0029,2025-05-01,105,23,23,105,34,Normal
INV000002350,R009,M0030,2025-05-01,222,46,177,91,44,Normal
INV000002351,R009,M0031,2025-05-01,121,52,117,56,15,Normal
INV000002352,R009,M0032,2025-05-01,188,47,51,184,26,Normal
INV000002353,R009,M0033,2025-05-01,97,88,20,165,26,Normal
INV000002354,R009,M0034,2025-05-01,80,62,111,31,20,Normal
INV000002355,R009,M0035,2025-05-01,205,72,78,199,58,Normal
INV000002356,R009,M0036,2025-05-01,162,105,2,265,45,Normal
INV000002357,R009,M0037,2025-05-01,60,98,25,133,45,Normal
INV000002358,R009,M0038,2025-05-01,160,110,108,162,45,Normal
INV000002359,R009,M0039,2025-05-01,191,106,237,60,60,Low
INV000002360,R009,M0040,2025-05-01,82,34,49,67,23,Normal
INV000002361,R010,M0001,2025-05-01,101,44,102,43,35,Normal
INV000002362,R010,M0002,2025-05-01,249,82,217,114,53,Normal
INV000002363,R010,M0003,2025-05-01,120,146,36,230,37,Normal
INV000002364,R010,M0004,2025-05-01,145,160,13,292,29,Normal
INV000002365,R010,M0005,2025-05-01,246,165,91,320,30,Normal
INV000002366,R010,M0006,2025-05-01,114,102,87,129,47,Normal
INV000002367,R010,M0007,2025-05-01,230,10,156,84,53,Normal
INV000002368,R010,M0008,2025-05-01,212,111,39,284,56,Normal
INV000002369,R010,M0009,2025-05-01,78,45,63,60,27,Normal
INV000002370,R010,M0010,2025-05-01,31,64,38,57,42,Normal
INV000002371,R010,M0011,2025-05-01,43,96,98,41,56,Low
INV000002372,R010,M0012,2025-05-01,66,118,38,146,33,Normal
INV000002373,R010,M0013,2025-05-01,99,109,172,36,45,Low
INV000002374,R010,M0014,2025-05-01,28,76,53,51,26,Normal
INV000002375,R010,M0015,2025-05-01,61,111,132,40,21,Normal
INV000002376,R010,M0016,2025-05-01,139,31,88,82,58,Normal
INV000002377,R010,M0017,2025-05-01,207,35,167,75,40,Normal
INV000002378,R010,M0018,2025-05-01,225,13,41,197,35,Normal
INV000002379,R010,M0019,2025-05-01,52,157,129,80,39,Normal
INV000002380,R010,M0020,2025-05-01,195,126,5,316,46,Normal
INV000002381,R010,M0021,2025-05-01,187,112,216,83,18,Normal
INV000002382,R010,M0022,2025-05-01,97,118,66,149,55,Normal
INV000002383,R010,M0023,2025-05-01,49,164,206,7,43,Low
INV000002384,R010,M0024,2025-05-01,148,105,199,54,45,Normal
INV000002385,R010,M0025,2025-05-01,202,95,273,24,38,Low
INV000002386,R010,M0026,2025-05-01,48,55,54,49,49,Low
INV000002387,R010,M0027,2025-05-01,214,108,40,282,24,Normal
INV000002388,R010,M0028,2025-05-01,21,96,90,27,52,Low
INV000002389,R010,M0029,2025-05-01,86,60,131,15,54,Low
INV000002390,R010,M0030,2025-05-01,206,126,222,110,18,Normal
INV000002391,R010,M0031,2025-05-01,138,82,10,210,22,Normal
INV000002392,R010,M0032,2025-05-01,242,135,235,142,38,Normal
INV000002393,R010,M0033,2025-05-01,32,163,175,20,38,Low
INV000002394,R010,M0034,2025-05-01,84,118,86,116,58,Normal
INV000002395,R010,M0035,2025-05-01,95,16,69,42,32,Normal
INV000002396,R010,M0036,2025-05-01,65,85,91,59,41,Normal
INV000002397,R010,M0037,2025-05-01,24,124,83,65,34,Normal
INV000002398,R010,M0038,2025-05-01,182,19,152,49,22,Normal
INV000002399,R010,M0039,2025-05-01,111,19,101,29,30,Low
INV000002400,R010,M0040,2025-05-01,64,31,68,27,21,Normal
INV000002401,R011,M0001,2025-05-01,52,47,81,18,46,Low
INV000002402,R011,M0002,2025-05-01,130,80,88,122,44,Normal
INV000002403,R011,M0003,2025-05-01,196,168,124,240,48,Normal
INV000002404,R011,M0004,2025-05-01,165,127,20,272,19,Normal
INV000002405,R011,M0005,2025-05-01,103,105,9,199,24,Normal
INV000002406,R011,M0006,2025-05-01,175,173,51,297,39,Normal
INV000002407,R011,M0007,2025-05-01,151,30,86,95,55,Normal
INV000002408,R011,M0008,2025-05-01,211,87,216,82,40,Normal
INV000002409,R011,M0009,2025-05-01,25,57,32,50,56,Low
INV000002410,R011,M0010,2025-05-01,210,30,214,26,42,Low
INV000002411,R011,M0011,2025-05-01,49,59,73,35,31,Normal
INV000002412,R011,M0012,2025-05-01,97,167,263,1,49,Low
INV000002413,R011,M0013,2025-05-01,238,72,25,285,38,Normal
INV000002414,R011,M0014,2025-05-01,166,131,110,187,42,Normal
INV000002415,R011,M0015,2025-05-01,90,57,70,77,47,Normal
INV000002416,R011,M0016,2025-05-01,191,21,154,58,40,Normal
INV000002417,R011,M0017,2025-05-01,66,82,69,79,15,Normal
INV000002418,R011,M0018,2025-05-01,124,63,4,183,41,Normal
INV000002419,R011,M0019,2025-05-01,188,43,70,161,32,Normal
INV000002420,R011,M0020,2025-05-01,138,163,162,139,21,Normal
INV000002421,R011,M0021,2025-05-01,76,67,4,139,60,Normal
INV000002422,R011,M0022,2025-05-01,103,66,16,153,54,Normal
INV000002423,R011,M0023,2025-05-01,93,165,235,23,52,Low
INV000002424,R011,M0024,2025-05-01,127,172,168,131,49,Normal
INV000002425,R011,M0025,2025-05-01,119,131,238,12,50,Low
INV000002426,R011,M0026,2025-05-01,23,97,43,77,35,Normal
INV000002427,R011,M0027,2025-05-01,108,123,38,193,44,Normal
INV000002428,R011,M0028,2025-05-01,238,137,107,268,49,Normal
INV000002429,R011,M0029,2025-05-01,198,53,172,79,39,Normal
INV000002430,R011,M0030,2025-05-01,85,113,8,190,57,Normal
INV000002431,R011,M0031,2025-05-01,238,156,40,354,55,Normal
INV000002432,R011,M0032,2025-05-01,144,153,176,121,20,Normal
INV000002433,R011,M0033,2025-05-01,73,145,94,124,34,Normal
INV000002434,R011,M0034,2025-05-01,94,90,115,69,58,Normal
INV000002435,R011,M0035,2025-05-01,139,17,39,117,54,Normal
INV000002436,R011,M0036,2025-05-01,169,52,159,62,37,Normal
INV000002437,R011,M0037,2025-05-01,164,120,212,72,16,Normal
INV000002438,R011,M0038,2025-05-01,212,82,284,10,46,Low
INV000002439,R011,M0039,2025-05-01,80,106,137,49,23,Normal
INV000002440,R011,M0040,2025-05-01,116,165,63,218,21,Normal
INV000002441,R012,M0001,2025-05-01,121,65,54,132,22,Normal
INV000002442,R012,M0002,2025-05-01,166,84,45,205,25,Normal
INV000002443,R012,M0003,2025-05-01,216,112,281,47,41,Normal
INV000002444,R012,M0004,2025-05-01,110,65,107,68,53,Normal
INV000002445,R012,M0005,2025-05-01,91,91,92,90,55,Normal
INV000002446,R012,M0006,2025-05-01,47,180,226,1,58,Low
INV000002447,R012,M0007,2025-05-01,182,172,162,192,47,Normal
INV000002448,R012,M0008,2025-05-01,157,146,200,103,29,Normal
INV000002449,R012,M0009,2025-05-01,239,113,253,99,44,Normal
INV000002450,R012,M0010,2025-05-01,93,125,40,178,26,Normal
INV000002451,R012,M0011,2025-05-01,122,83,0,205,49,Normal
INV000002452,R012,M0012,2025-05-01,232,95,237,90,56,Normal
INV000002453,R012,M0013,2025-05-01,64,35,49,50,52,Low
INV000002454,R012,M0014,2025-05-01,187,117,214,90,41,Normal
INV000002455,R012,M0015,2025-05-01,68,172,7,233,54,Normal
INV000002456,R012,M0016,2025-05-01,77,45,78,44,54,Low
INV000002457,R012,M0017,2025-05-01,148,30,153,25,51,Low
INV000002458,R012,M0018,2025-05-01,207,114,11,310,35,Normal
INV000002459,R012,M0019,2025-05-01,176,73,42,207,51,Normal
INV000002460,R012,M0020,2025-05-01,180,130,46,264,38,Normal
INV000002461,R012,M0021,2025-05-01,25,163,167,21,39,Low
INV000002462,R012,M0022,2025-05-01,161,140,98,203,25,Normal
INV000002463,R012,M0023,2025-05-01,137,104,185,56,30,Normal
INV000002464,R012,M0024,2025-05-01,64,130,182,12,27,Low
INV000002465,R012,M0025,2025-05-01,102,43,75,70,19,Normal
INV000002466,R012,M0026,2025-05-01,248,17,105,160,51,Normal
INV000002467,R012,M0027,2025-05-01,138,127,125,140,58,Normal
INV000002468,R012,M0028,2025-05-01,174,123,123,174,26,Normal
INV000002469,R012,M0029,2025-05-01,138,138,56,220,53,Normal
INV000002470,R012,M0030,2025-05-01,234,94,81,247,30,Normal
INV000002471,R012,M0031,2025-05-01,138,27,1,164,17,Normal
INV000002472,R012,M0032,2025-05-01,194,114,266,42,45,Low
INV000002473,R012,M0033,2025-05-01,240,108,36,312,41,Normal
INV000002474,R012,M0034,2025-05-01,86,147,30,203,60,Normal
INV000002475,R012,M0035,2025-05-01,218,165,331,52,49,Normal
INV000002476,R012,M0036,2025-05-01,202,16,112,106,45,Normal
INV000002477,R012,M0037,2025-05-01,231,25,149,107,40,Normal
INV000002478,R012,M0038,2025-05-01,232,20,93,159,40,Normal
INV000002479,R012,M0039,2025-05-01,203,140,322,21,56,Low
INV000002480,R012,M0040,2025-05-01,132,119,201,50,22,Normal
INV000002481,R013,M0001,2025-05-01,46,47,33,60,52,Normal
INV000002482,R013,M0002,2025-05-01,212,38,184,66,25,Normal
INV000002483,R013,M0003,2025-05-01,113,115,168,60,36,Normal
INV000002484,R013,M0004,2025-05-01,56,72,123,5,28,Low
INV000002485,R013,M0005,2025-05-01,87,34,42,79,56,Normal
INV000002486,R013,M0006,2025-05-01,197,28,117,108,60,Normal
INV000002487,R013,M0007,2025-05-01,145,72,193,24,31,Low
INV000002488,R013,M0008,2025-05-01,107,85,176,16,43,Low
INV000002489,R013,M0009,2025-05-01,104,125,179,50,31,Normal
INV000002490,R013,M0010,2025-05-01,165,80,152,93,17,Normal
INV000002491,R013,M0011,2025-05-01,214,45,75,184,48,Normal
INV000002492,R013,M0012,2025-05-01,93,16,28,81,38,Normal
INV000002493,R013,M0013,2025-05-01,164,102,149,117,34,Normal
INV000002494,R013,M0014,2025-05-01,203,50,145,108,55,Normal
INV000002495,R013,M0015,2025-05-01,98,131,182,47,43,Normal
INV000002496,R013,M0016,2025-05-01,192,85,79,198,59,Normal
INV000002497,R013,M0017,2025-05-01,52,47,77,22,33,Low
INV000002498,R013,M0018,2025-05-01,239,108,131,216,55,Normal
INV000002499,R013,M0019,2025-05-01,78,17,27,68,52,Normal
INV000002500,R013,M0020,2025-05-01,97,47,3,141,31,Normal
INV000002501,R013,M0021,2025-05-01,113,140,190,63,48,Normal
INV000002502,R013,M0022,2025-05-01,123,132,87,168,37,Normal
INV000002503,R013,M0023,2025-05-01,184,49,150,83,47,Normal
INV000002504,R013,M0024,2025-05-01,100,143,95,148,39,Normal
INV000002505,R013,M0025,2025-05-01,241,134,331,44,25,Normal
INV000002506,R013,M0026,2025-05-01,242,144,246,140,26,Normal
INV000002507,R013,M0027,2025-05-01,143,107,3,247,57,Normal
INV000002508,R013,M0028,2025-05-01,36,97,57,76,34,Normal
INV000002509,R013,M0029,2025-05-01,72,67,38,101,32,Normal
INV000002510,R013,M0030,2025-05-01,175,40,166,49,27,Normal
INV000002511,R013,M0031,2025-05-01,111,137,117,131,51,Normal
INV000002512,R013,M0032,2025-05-01,183,13,191,5,48,Low
INV000002513,R013,M0033,2025-05-01,249,68,103,214,38,Normal
INV000002514,R013,M0034,2025-05-01,190,18,102,106,55,Normal
INV000002515,R013,M0035,2025-05-01,45,94,129,10,19,Low
INV000002516,R013,M0036,2025-05-01,89,151,136,104,49,Normal
INV000002517,R013,M0037,2025-05-01,243,30,28,245,43,Normal
INV000002518,R013,M0038,2025-05-01,165,143,126,182,30,Normal
INV000002519,R013,M0039,2025-05-01,85,56,62,79,29,Normal
INV000002520,R013,M0040,2025-05-01,196,126,90,232,17,Normal
INV000002521,R014,M0001,2025-05-01,175,78,141,112,32,Normal
INV000002522,R014,M0002,2025-05-01,43,58,93,8,19,Low
INV000002523,R014,M0003,2025-05-01,53,143,77,119,18,Normal
INV000002524,R014,M0004,2025-05-01,73,68,62,79,52,Normal
INV000002525,R014,M0005,2025-05-01,214,158,244,128,44,Normal
INV000002526,R014,M0006,2025-05-01,45,147,13,179,35,Normal
INV000002527,R014,M0007,2025-05-01,222,172,37,357,27,Normal
INV000002528,R014,M0008,2025-05-01,142,39,113,68,20,Normal
INV000002529,R014,M0009,2025-05-01,141,60,25,176,49,Normal
INV000002530,R014,M0010,2025-05-01,170,65,153,82,46,Normal
INV000002531,R014,M0011,2025-05-01,96,155,2,249,52,Normal
INV000002532,R014,M0012,2025-05-01,130,38,113,55,56,Low
INV000002533,R014,M0013,2025-05-01,69,160,206,23,55,Low
INV000002534,R014,M0014,2025-05-01,177,126,0,303,31,Normal
INV000002535,R014,M0015,2025-05-01,213,114,307,20,32,Low
INV000002536,R014,M0016,2025-05-01,146,171,90,227,36,Normal
INV000002537,R014,M0017,2025-05-01,149,133,263,19,33,Low
INV000002538,R014,M0018,2025-05-01,185,86,135,136,49,Normal
INV000002539,R014,M0019,2025-05-01,83,97,70,110,58,Normal
INV000002540,R014,M0020,2025-05-01,163,138,158,143,55,Normal
INV000002541,R014,M0021,2025-05-01,132,38,46,124,46,Normal
INV000002542,R014,M0022,2025-05-01,21,91,65,47,45,Normal
INV000002543,R014,M0023,2025-05-01,146,51,45,152,19,Normal
INV000002544,R014,M0024,2025-05-01,214,120,155,179,21,Normal
INV000002545,R014,M0025,2025-05-01,240,123,175,188,55,Normal
INV000002546,R014,M0026,2025-05-01,195,147,93,249,27,Normal
INV000002547,R014,M0027,2025-05-01,219,37,118,138,28,Normal
INV000002548,R014,M0028,2025-05-01,98,138,78,158,35,Normal
INV000002549,R014,M0029,2025-05-01,216,145,241,120,21,Normal
INV000002550,R014,M0030,2025-05-01,195,86,107,174,51,Normal
INV000002551,R014,M0031,2025-05-01,192,49,82,159,25,Normal
INV000002552,R014,M0032,2025-05-01,69,111,43,137,25,Normal
INV000002553,R014,M0033,2025-05-01,176,179,80,275,35,Normal
INV000002554,R014,M0034,2025-05-01,152,131,213,70,32,Normal
INV000002555,R014,M0035,2025-05-01,78,77,120,35,34,Normal
INV000002556,R014,M0036,2025-05-01,114,47,78,83,36,Normal
INV000002557,R014,M0037,2025-05-01,206,100,161,145,43,Normal
INV000002558,R014,M0038,2025-05-01,98,118,144,72,40,Normal
INV000002559,R014,M0039,2025-05-01,215,116,2,329,40,Normal
INV000002560,R014,M0040,2025-05-01,34,114,90,58,56,Normal
INV000002561,R015,M0001,2025-05-01,226,45,233,38,32,Normal
INV000002562,R015,M0002,2025-05-01,24,61,26,59,57,Normal
INV000002563,R015,M0003,2025-05-01,203,75,150,128,38,Normal
INV000002564,R015,M0004,2025-05-01,26,92,54,64,39,Normal
INV000002565,R015,M0005,2025-05-01,103,152,102,153,28,Normal
INV000002566,R015,M0006,2025-05-01,178,138,225,91,32,Normal
INV000002567,R015,M0007,2025-05-01,47,29,31,45,25,Normal
INV000002568,R015,M0008,2025-05-01,103,132,184,51,52,Low
INV000002569,R015,M0009,2025-05-01,140,21,99,62,59,Normal
INV000002570,R015,M0010,2025-05-01,200,134,127,207,32,Normal
INV000002571,R015,M0011,2025-05-01,175,160,192,143,18,Normal
INV000002572,R015,M0012,2025-05-01,45,24,43,26,32,Low
INV000002573,R015,M0013,2025-05-01,157,104,224,37,33,Normal
INV000002574,R015,M0014,2025-05-01,48,130,34,144,19,Normal
INV000002575,R015,M0015,2025-05-01,103,115,211,7,24,Low
INV000002576,R015,M0016,2025-05-01,243,48,153,138,51,Normal
INV000002577,R015,M0017,2025-05-01,71,153,22,202,43,Normal
INV000002578,R015,M0018,2025-05-01,82,93,146,29,49,Low
INV000002579,R015,M0019,2025-05-01,215,179,133,261,50,Normal
INV000002580,R015,M0020,2025-05-01,155,84,176,63,16,Normal
INV000002581,R015,M0021,2025-05-01,55,27,40,42,38,Normal
INV000002582,R015,M0022,2025-05-01,217,124,109,232,26,Normal
INV000002583,R015,M0023,2025-05-01,102,129,58,173,44,Normal
INV000002584,R015,M0024,2025-05-01,112,95,50,157,58,Normal
INV000002585,R015,M0025,2025-05-01,200,76,130,146,53,Normal
INV000002586,R015,M0026,2025-05-01,211,15,35,191,22,Normal
INV000002587,R015,M0027,2025-05-01,184,115,218,81,40,Normal
INV000002588,R015,M0028,2025-05-01,226,134,24,336,48,Normal
INV000002589,R015,M0029,2025-05-01,35,141,95,81,16,Normal
INV000002590,R015,M0030,2025-05-01,164,121,16,269,47,Normal
INV000002591,R015,M0031,2025-05-01,243,93,275,61,46,Normal
INV000002592,R015,M0032,2025-05-01,92,157,85,164,55,Normal
INV000002593,R015,M0033,2025-05-01,37,29,11,55,50,Normal
INV000002594,R015,M0034,2025-05-01,219,38,81,176,47,Normal
INV000002595,R015,M0035,2025-05-01,236,32,239,29,54,Low
INV000002596,R015,M0036,2025-05-01,186,58,192,52,19,Normal
INV000002597,R015,M0037,2025-05-01,216,120,141,195,44,Normal
INV000002598,R015,M0038,2025-05-01,135,48,166,17,36,Low
INV000002599,R015,M0039,2025-05-01,38,56,82,12,51,Low
INV000002600,R015,M0040,2025-05-01,106,126,135,97,59,Normal
INV000002601,R016,M0001,2025-05-01,209,120,10,319,40,Normal
INV000002602,R016,M0002,2025-05-01,167,85,1,251,54,Normal
INV000002603,R016,M0003,2025-05-01,232,109,9,332,15,Normal
INV000002604,R016,M0004,2025-05-01,77,92,109,60,24,Normal
INV000002605,R016,M0005,2025-05-01,86,67,149,4,58,Low
INV000002606,R016,M0006,2025-05-01,216,93,272,37,44,Low
INV000002607,R016,M0007,2025-05-01,187,180,102,265,51,Normal
INV000002608,R016,M0008,2025-05-01,110,157,78,189,27,Normal
INV000002609,R016,M0009,2025-05-01,217,47,105,159,34,Normal
INV000002610,R016,M0010,2025-05-01,66,35,3,98,49,Normal
INV000002611,R016,M0011,2025-05-01,174,20,32,162,49,Normal
INV000002612,R016,M0012,2025-05-01,109,27,83,53,35,Normal
INV000002613,R016,M0013,2025-05-01,78,178,106,150,27,Normal
INV000002614,R016,M0014,2025-05-01,97,51,108,40,32,Normal
INV000002615,R016,M0015,2025-05-01,79,65,90,54,16,Normal
INV000002616,R016,M0016,2025-05-01,55,122,31,146,39,Normal
INV000002617,R016,M0017,2025-05-01,26,123,53,96,39,Normal
INV000002618,R016,M0018,2025-05-01,32,124,112,44,40,Normal
INV000002619,R016,M0019,2025-05-01,70,62,97,35,52,Low
INV000002620,R016,M0020,2025-05-01,228,41,47,222,26,Normal
INV000002621,R016,M0021,2025-05-01,149,158,264,43,22,Normal
INV000002622,R016,M0022,2025-05-01,61,63,15,109,46,Normal
INV000002623,R016,M0023,2025-05-01,209,164,183,190,35,Normal
INV000002624,R016,M0024,2025-05-01,126,58,53,131,20,Normal
INV000002625,R016,M0025,2025-05-01,224,139,184,179,45,Normal
INV000002626,R016,M0026,2025-05-01,85,140,28,197,44,Normal
INV000002627,R016,M0027,2025-05-01,24,11,24,11,41,Low
INV000002628,R016,M0028,2025-05-01,122,35,90,67,38,Normal
INV000002629,R016,M0029,2025-05-01,99,26,55,70,56,Normal
INV000002630,R016,M0030,2025-05-01,96,68,21,143,56,Normal
INV000002631,R016,M0031,2025-05-01,184,109,241,52,16,Normal
INV000002632,R016,M0032,2025-05-01,90,175,165,100,17,Normal
INV000002633,R016,M0033,2025-05-01,56,73,45,84,51,Normal
INV000002634,R016,M0034,2025-05-01,22,42,19,45,23,Normal
INV000002635,R016,M0035,2025-05-01,197,130,19,308,18,Normal
INV000002636,R016,M0036,2025-05-01,172,63,221,14,57,Low
INV000002637,R016,M0037,2025-05-01,95,105,158,42,41,Normal
INV000002638,R016,M0038,2025-05-01,230,50,214,66,26,Normal
INV000002639,R016,M0039,2025-05-01,64,142,38,168,57,Normal
INV000002640,R016,M0040,2025-05-01,66,103,28,141,25,Normal
INV000002641,R017,M0001,2025-05-01,27,137,52,112,34,Normal
INV000002642,R017,M0002,2025-05-01,123,170,191,102,31,Normal
INV000002643,R017,M0003,2025-05-01,179,92,14,257,16,Normal
INV000002644,R017,M0004,2025-05-01,104,17,113,8,45,Low
INV000002645,R017,M0005,2025-05-01,28,46,52,22,17,Normal
INV000002646,R017,M0006,2025-05-01,158,106,86,178,25,Normal
INV000002647,R017,M0007,2025-05-01,45,13,22,36,29,Normal
INV000002648,R017,M0008,2025-05-01,43,117,16,144,22,Normal
INV000002649,R017,M0009,2025-05-01,141,128,212,57,49,Normal
INV000002650,R017,M0010,2025-05-01,132,44,154,22,55,Low
INV000002651,R017,M0011,2025-05-01,20,89,60,49,45,Normal
INV000002652,R017,M0012,2025-05-01,250,75,65,260,35,Normal
INV000002653,R017,M0013,2025-05-01,188,148,187,149,54,Normal
INV000002654,R017,M0014,2025-05-01,191,34,122,103,46,Normal
INV000002655,R017,M0015,2025-05-01,211,156,100,267,23,Normal
INV000002656,R017,M0016,2025-05-01,76,141,33,184,24,Normal
INV000002657,R017,M0017,2025-05-01,77,178,42,213,21,Normal
INV000002658,R017,M0018,2025-05-01,203,113,144,172,54,Normal
INV000002659,R017,M0019,2025-05-01,46,73,28,91,31,Normal
INV000002660,R017,M0020,2025-05-01,67,178,77,168,36,Normal
INV000002661,R017,M0021,2025-05-01,201,128,302,27,48,Low
INV000002662,R017,M0022,2025-05-01,152,157,136,173,23,Normal
INV000002663,R017,M0023,2025-05-01,103,118,95,126,57,Normal
INV000002664,R017,M0024,2025-05-01,57,158,188,27,17,Normal
INV000002665,R017,M0025,2025-05-01,211,108,24,295,27,Normal
INV000002666,R017,M0026,2025-05-01,66,13,18,61,55,Normal
INV000002667,R017,M0027,2025-05-01,28,70,20,78,40,Normal
INV000002668,R017,M0028,2025-05-01,102,12,73,41,45,Low
INV000002669,R017,M0029,2025-05-01,143,98,48,193,55,Normal
INV000002670,R017,M0030,2025-05-01,242,157,207,192,43,Normal
INV000002671,R017,M0031,2025-05-01,74,126,159,41,31,Normal
INV000002672,R017,M0032,2025-05-01,159,122,60,221,32,Normal
INV000002673,R017,M0033,2025-05-01,187,141,172,156,36,Normal
INV000002674,R017,M0034,2025-05-01,248,57,130,175,36,Normal
INV000002675,R017,M0035,2025-05-01,226,134,281,79,44,Normal
INV000002676,R017,M0036,2025-05-01,189,34,171,52,36,Normal
INV000002677,R017,M0037,2025-05-01,215,142,134,223,19,Normal
INV000002678,R017,M0038,2025-05-01,220,103,218,105,56,Normal
INV000002679,R017,M0039,2025-05-01,26,149,32,143,21,Normal
INV000002680,R017,M0040,2025-05-01,78,127,28,177,22,Normal
INV000002681,R018,M0001,2025-05-01,160,85,32,213,37,Normal
INV000002682,R018,M0002,2025-05-01,98,125,111,112,50,Normal
INV000002683,R018,M0003,2025-05-01,41,139,46,134,40,Normal
INV000002684,R018,M0004,2025-05-01,229,140,99,270,24,Normal
INV000002685,R018,M0005,2025-05-01,235,66,8,293,27,Normal
INV000002686,R018,M0006,2025-05-01,207,100,269,38,53,Low
INV000002687,R018,M0007,2025-05-01,219,48,24,243,49,Normal
INV000002688,R018,M0008,2025-05-01,112,148,117,143,59,Normal
INV000002689,R018,M0009,2025-05-01,155,52,95,112,25,Normal
INV000002690,R018,M0010,2025-05-01,45,52,81,16,55,Low
INV000002691,R018,M0011,2025-05-01,239,168,115,292,60,Normal
INV000002692,R018,M0012,2025-05-01,58,148,156,50,42,Normal
INV000002693,R018,M0013,2025-05-01,239,61,142,158,18,Normal
INV000002694,R018,M0014,2025-05-01,122,85,99,108,48,Normal
INV000002695,R018,M0015,2025-05-01,127,131,239,19,35,Low
INV000002696,R018,M0016,2025-05-01,54,86,0,140,19,Normal
INV000002697,R018,M0017,2025-05-01,84,152,171,65,34,Normal
INV000002698,R018,M0018,2025-05-01,73,166,152,87,19,Normal
INV000002699,R018,M0019,2025-05-01,35,115,35,115,24,Normal
INV000002700,R018,M0020,2025-05-01,143,51,62,132,40,Normal
INV000002701,R018,M0021,2025-05-01,221,50,214,57,40,Normal
INV000002702,R018,M0022,2025-05-01,171,59,63,167,37,Normal
INV000002703,R018,M0023,2025-05-01,38,67,35,70,23,Normal
INV000002704,R018,M0024,2025-05-01,248,112,63,297,52,Normal
INV000002705,R018,M0025,2025-05-01,192,48,52,188,43,Normal
INV000002706,R018,M0026,2025-05-01,56,80,83,53,15,Normal
INV000002707,R018,M0027,2025-05-01,183,40,133,90,34,Normal
INV000002708,R018,M0028,2025-05-01,154,36,160,30,53,Low
INV000002709,R018,M0029,2025-05-01,140,69,169,40,43,Low
INV000002710,R018,M0030,2025-05-01,96,41,116,21,24,Low
INV000002711,R018,M0031,2025-05-01,38,97,69,66,17,Normal
INV000002712,R018,M0032,2025-05-01,117,75,28,164,55,Normal
INV000002713,R018,M0033,2025-05-01,139,119,86,172,60,Normal
INV000002714,R018,M0034,2025-05-01,197,134,149,182,29,Normal
INV000002715,R018,M0035,2025-05-01,153,36,22,167,53,Normal
INV000002716,R018,M0036,2025-05-01,173,102,123,152,57,Normal
INV000002717,R018,M0037,2025-05-01,146,120,215,51,18,Normal
INV000002718,R018,M0038,2025-05-01,183,36,197,22,32,Low
INV000002719,R018,M0039,2025-05-01,235,80,128,187,55,Normal
INV000002720,R018,M0040,2025-05-01,150,94,107,137,57,Normal
INV000002721,R019,M0001,2025-05-01,234,74,182,126,20,Normal
INV000002722,R019,M0002,2025-05-01,23,35,45,13,46,Low
INV000002723,R019,M0003,2025-05-01,82,159,126,115,29,Normal
INV000002724,R019,M0004,2025-05-01,171,121,136,156,21,Normal
INV000002725,R019,M0005,2025-05-01,219,134,287,66,53,Normal
INV000002726,R019,M0006,2025-05-01,234,154,192,196,53,Normal
INV000002727,R019,M0007,2025-05-01,152,180,195,137,17,Normal
INV000002728,R019,M0008,2025-05-01,174,37,151,60,56,Normal
INV000002729,R019,M0009,2025-05-01,45,157,24,178,22,Normal
INV000002730,R019,M0010,2025-05-01,215,71,184,102,52,Normal
INV000002731,R019,M0011,2025-05-01,192,164,215,141,40,Normal
INV000002732,R019,M0012,2025-05-01,203,20,88,135,56,Normal
INV000002733,R019,M0013,2025-05-01,221,122,235,108,51,Normal
INV000002734,R019,M0014,2025-05-01,241,143,19,365,40,Normal
INV000002735,R019,M0015,2025-05-01,228,170,381,17,42,Low
INV000002736,R019,M0016,2025-05-01,191,16,55,152,51,Normal
INV000002737,R019,M0017,2025-05-01,66,16,80,2,36,Low
INV000002738,R019,M0018,2025-05-01,45,84,105,24,16,Normal
INV000002739,R019,M0019,2025-05-01,206,126,129,203,37,Normal
INV000002740,R019,M0020,2025-05-01,229,98,180,147,30,Normal
INV000002741,R019,M0021,2025-05-01,90,124,200,14,18,Low
INV000002742,R019,M0022,2025-05-01,103,127,178,52,55,Low
INV000002743,R019,M0023,2025-05-01,87,51,53,85,50,Normal
INV000002744,R019,M0024,2025-05-01,217,150,331,36,35,Normal
INV000002745,R019,M0025,2025-05-01,209,112,178,143,26,Normal
INV000002746,R019,M0026,2025-05-01,236,137,45,328,36,Normal
INV000002747,R019,M0027,2025-05-01,110,167,275,2,29,Low
INV000002748,R019,M0028,2025-05-01,101,88,25,164,20,Normal
INV000002749,R019,M0029,2025-05-01,183,113,160,136,54,Normal
INV000002750,R019,M0030,2025-05-01,147,173,95,225,39,Normal
INV000002751,R019,M0031,2025-05-01,71,77,124,24,37,Low
INV000002752,R019,M0032,2025-05-01,106,122,92,136,25,Normal
INV000002753,R019,M0033,2025-05-01,63,92,4,151,22,Normal
INV000002754,R019,M0034,2025-05-01,68,158,79,147,47,Normal
INV000002755,R019,M0035,2025-05-01,199,174,286,87,33,Normal
INV000002756,R019,M0036,2025-05-01,213,153,275,91,26,Normal
INV000002757,R019,M0037,2025-05-01,121,168,38,251,27,Normal
INV000002758,R019,M0038,2025-05-01,43,33,76,0,57,Low
INV000002759,R019,M0039,2025-05-01,123,77,37,163,60,Normal
INV000002760,R019,M0040,2025-05-01,107,146,90,163,40,Normal
INV000002761,R020,M0001,2025-05-01,54,108,26,136,33,Normal
INV000002762,R020,M0002,2025-05-01,177,155,42,290,35,Normal
INV000002763,R020,M0003,2025-05-01,77,123,10,190,30,Normal
INV000002764,R020,M0004,2025-05-01,160,49,170,39,32,Normal
INV000002765,R020,M0005,2025-05-01,26,136,57,105,59,Normal
INV000002766,R020,M0006,2025-05-01,76,72,57,91,43,Normal
INV000002767,R020,M0007,2025-05-01,185,65,37,213,15,Normal
INV000002768,R020,M0008,2025-05-01,95,72,5,162,54,Normal
INV000002769,R020,M0009,2025-05-01,143,122,212,53,50,Normal
INV000002770,R020,M0010,2025-05-01,161,155,98,218,41,Normal
INV000002771,R020,M0011,2025-05-01,67,142,148,61,40,Normal
INV000002772,R020,M0012,2025-05-01,180,157,198,139,31,Normal
INV000002773,R020,M0013,2025-05-01,200,103,134,169,42,Normal
INV000002774,R020,M0014,2025-05-01,114,103,60,157,35,Normal
INV000002775,R020,M0015,2025-05-01,158,101,39,220,59,Normal
INV000002776,R020,M0016,2025-05-01,54,92,63,83,49,Normal
INV000002777,R020,M0017,2025-05-01,168,42,24,186,47,Normal
INV000002778,R020,M0018,2025-05-01,201,131,274,58,35,Normal
INV000002779,R020,M0019,2025-05-01,46,164,58,152,37,Normal
INV000002780,R020,M0020,2025-05-01,203,175,283,95,29,Normal
INV000002781,R020,M0021,2025-05-01,139,78,147,70,18,Normal
INV000002782,R020,M0022,2025-05-01,137,168,224,81,46,Normal
INV000002783,R020,M0023,2025-05-01,171,121,33,259,25,Normal
INV000002784,R020,M0024,2025-05-01,25,153,114,64,50,Normal
INV000002785,R020,M0025,2025-05-01,186,24,88,122,45,Normal
INV000002786,R020,M0026,2025-05-01,242,47,32,257,58,Normal
INV000002787,R020,M0027,2025-05-01,110,26,70,66,51,Normal
INV000002788,R020,M0028,2025-05-01,84,17,91,10,53,Low
INV000002789,R020,M0029,2025-05-01,145,120,68,197,40,Normal
INV000002790,R020,M0030,2025-05-01,75,179,115,139,34,Normal
INV000002791,R020,M0031,2025-05-01,157,87,84,160,29,Normal
INV000002792,R020,M0032,2025-05-01,165,140,208,97,24,Normal
INV000002793,R020,M0033,2025-05-01,216,148,348,16,52,Low
INV000002794,R020,M0034,2025-05-01,100,11,78,33,18,Normal
INV000002795,R020,M0035,2025-05-01,202,101,300,3,22,Low
INV000002796,R020,M0036,2025-05-01,218,28,157,89,19,Normal
INV000002797,R020,M0037,2025-05-01,155,115,82,188,27,Normal
INV000002798,R020,M0038,2025-05-01,83,163,198,48,26,Normal
INV000002799,R020,M0039,2025-05-01,233,56,15,274,56,Normal
INV000002800,R020,M0040,2025-05-01,146,40,84,102,20,Normal
INV000002801,R021,M0001,2025-05-01,44,113,146,11,59,Low
INV000002802,R021,M0002,2025-05-01,195,109,208,96,39,Normal
INV000002803,R021,M0003,2025-05-01,198,131,70,259,36,Normal
INV000002804,R021,M0004,2025-05-01,66,34,39,61,37,Normal
INV000002805,R021,M0005,2025-05-01,65,120,64,121,46,Normal
INV000002806,R021,M0006,2025-05-01,43,57,33,67,40,Normal
INV000002807,R021,M0007,2025-05-01,71,68,89,50,56,Low
INV000002808,R021,M0008,2025-05-01,182,30,86,126,43,Normal
INV000002809,R021,M0009,2025-05-01,212,34,134,112,31,Normal
INV000002810,R021,M0010,2025-05-01,25,165,15,175,50,Normal
INV000002811,R021,M0011,2025-05-01,35,105,24,116,25,Normal
INV000002812,R021,M0012,2025-05-01,20,145,3,162,15,Normal
INV000002813,R021,M0013,2025-05-01,103,108,78,133,16,Normal
INV000002814,R021,M0014,2025-05-01,224,155,288,91,38,Normal
INV000002815,R021,M0015,2025-05-01,239,27,88,178,27,Normal
INV000002816,R021,M0016,2025-05-01,182,168,255,95,26,Normal
INV000002817,R021,M0017,2025-05-01,157,65,88,134,21,Normal
INV000002818,R021,M0018,2025-05-01,243,49,191,101,51,Normal
INV000002819,R021,M0019,2025-05-01,65,122,180,7,26,Low
INV000002820,R021,M0020,2025-05-01,149,48,113,84,16,Normal
INV000002821,R021,M0021,2025-05-01,179,19,137,61,22,Normal
INV000002822,R021,M0022,2025-05-01,226,89,149,166,21,Normal
INV000002823,R021,M0023,2025-05-01,109,56,151,14,48,Low
INV000002824,R021,M0024,2025-05-01,62,35,63,34,27,Normal
INV000002825,R021,M0025,2025-05-01,174,49,156,67,36,Normal
INV000002826,R021,M0026,2025-05-01,136,178,280,34,39,Low
INV000002827,R021,M0027,2025-05-01,220,124,59,285,57,Normal
INV000002828,R021,M0028,2025-05-01,161,26,86,101,30,Normal
INV000002829,R021,M0029,2025-05-01,113,46,61,98,46,Normal
INV000002830,R021,M0030,2025-05-01,68,113,10,171,37,Normal
INV000002831,R021,M0031,2025-05-01,35,132,151,16,21,Low
INV000002832,R021,M0032,2025-05-01,237,143,46,334,57,Normal
INV000002833,R021,M0033,2025-05-01,187,92,269,10,51,Low
INV000002834,R021,M0034,2025-05-01,167,146,267,46,40,Normal
INV000002835,R021,M0035,2025-05-01,213,149,329,33,27,Normal
INV000002836,R021,M0036,2025-05-01,92,92,34,150,43,Normal
INV000002837,R021,M0037,2025-05-01,215,60,149,126,55,Normal
INV000002838,R021,M0038,2025-05-01,129,113,111,131,39,Normal
INV000002839,R021,M0039,2025-05-01,41,135,6,170,46,Normal
INV000002840,R021,M0040,2025-05-01,46,92,123,15,54,Low
INV000002841,R022,M0001,2025-05-01,119,88,127,80,33,Normal
INV000002842,R022,M0002,2025-05-01,217,24,135,106,17,Normal
INV000002843,R022,M0003,2025-05-01,68,32,39,61,52,Normal
INV000002844,R022,M0004,2025-05-01,211,156,277,90,26,Normal
INV000002845,R022,M0005,2025-05-01,184,90,24,250,49,Normal
INV000002846,R022,M0006,2025-05-01,27,22,19,30,39,Low
INV000002847,R022,M0007,2025-05-01,68,100,137,31,18,Normal
INV000002848,R022,M0008,2025-05-01,230,121,260,91,48,Normal
INV000002849,R022,M0009,2025-05-01,237,55,260,32,38,Low
INV000002850,R022,M0010,2025-05-01,194,21,54,161,21,Normal
INV000002851,R022,M0011,2025-05-01,137,57,56,138,60,Normal
INV000002852,R022,M0012,2025-05-01,101,28,52,77,46,Normal
INV000002853,R022,M0013,2025-05-01,72,156,163,65,54,Normal
INV000002854,R022,M0014,2025-05-01,23,21,24,20,28,Low
INV000002855,R022,M0015,2025-05-01,250,39,148,141,15,Normal
INV000002856,R022,M0016,2025-05-01,81,178,169,90,26,Normal
INV000002857,R022,M0017,2025-05-01,119,68,95,92,40,Normal
INV000002858,R022,M0018,2025-05-01,31,49,18,62,53,Normal
INV000002859,R022,M0019,2025-05-01,83,169,171,81,31,Normal
INV000002860,R022,M0020,2025-05-01,245,118,348,15,51,Low
INV000002861,R022,M0021,2025-05-01,201,170,158,213,28,Normal
INV000002862,R022,M0022,2025-05-01,244,177,377,44,32,Normal
INV000002863,R022,M0023,2025-05-01,124,12,106,30,41,Low
INV000002864,R022,M0024,2025-05-01,116,81,48,149,46,Normal
INV000002865,R022,M0025,2025-05-01,84,163,2,245,55,Normal
INV000002866,R022,M0026,2025-05-01,197,111,21,287,59,Normal
INV000002867,R022,M0027,2025-05-01,216,124,65,275,57,Normal
INV000002868,R022,M0028,2025-05-01,196,67,36,227,55,Normal
INV000002869,R022,M0029,2025-05-01,49,39,20,68,46,Normal
INV000002870,R022,M0030,2025-05-01,37,56,68,25,35,Low
INV000002871,R022,M0031,2025-05-01,62,75,101,36,33,Normal
INV000002872,R022,M0032,2025-05-01,157,83,72,168,51,Normal
INV000002873,R022,M0033,2025-05-01,86,37,97,26,22,Normal
INV000002874,R022,M0034,2025-05-01,121,61,22,160,50,Normal
INV000002875,R022,M0035,2025-05-01,236,137,102,271,23,Normal
INV000002876,R022,M0036,2025-05-01,152,19,120,51,45,Normal
INV000002877,R022,M0037,2025-05-01,47,38,29,56,17,Normal
INV000002878,R022,M0038,2025-05-01,233,109,94,248,20,Normal
INV000002879,R022,M0039,2025-05-01,215,27,61,181,42,Normal
INV000002880,R022,M0040,2025-05-01,177,104,224,57,24,Normal
INV000002881,R023,M0001,2025-05-01,133,162,21,274,57,Normal
INV000002882,R023,M0002,2025-05-01,148,58,196,10,28,Low
INV000002883,R023,M0003,2025-05-01,205,91,22,274,51,Normal
INV000002884,R023,M0004,2025-05-01,23,49,43,29,31,Low
INV000002885,R023,M0005,2025-05-01,64,99,118,45,27,Normal
INV000002886,R023,M0006,2025-05-01,250,174,28,396,40,Normal
INV000002887,R023,M0007,2025-05-01,117,49,74,92,47,Normal
INV000002888,R023,M0008,2025-05-01,36,67,23,80,55,Normal
INV000002889,R023,M0009,2025-05-01,69,95,112,52,16,Normal
INV000002890,R023,M0010,2025-05-01,243,122,35,330,30,Normal
INV000002891,R023,M0011,2025-05-01,174,145,147,172,50,Normal
INV000002892,R023,M0012,2025-05-01,61,46,70,37,35,Normal
INV000002893,R023,M0013,2025-05-01,34,38,8,64,41,Normal
INV000002894,R023,M0014,2025-05-01,152,146,8,290,54,Normal
INV000002895,R023,M0015,2025-05-01,204,53,164,93,38,Normal
INV000002896,R023,M0016,2025-05-01,29,46,13,62,58,Normal
INV000002897,R023,M0017,2025-05-01,79,11,48,42,15,Normal
INV000002898,R023,M0018,2025-05-01,164,24,99,89,51,Normal
INV000002899,R023,M0019,2025-05-01,50,67,97,20,55,Low
INV000002900,R023,M0020,2025-05-01,29,154,139,44,19,Normal
INV000002901,R023,M0021,2025-05-01,25,176,121,80,51,Normal
INV000002902,R023,M0022,2025-05-01,185,108,144,149,58,Normal
INV000002903,R023,M0023,2025-05-01,177,109,230,56,30,Normal
INV000002904,R023,M0024,2025-05-01,194,135,313,16,31,Low
INV000002905,R023,M0025,2025-05-01,108,172,232,48,45,Normal
INV000002906,R023,M0026,2025-05-01,250,49,232,67,49,Normal
INV000002907,R023,M0027,2025-05-01,245,102,114,233,24,Normal
INV000002908,R023,M0028,2025-05-01,93,173,89,177,39,Normal
INV000002909,R023,M0029,2025-05-01,85,51,94,42,16,Normal
INV000002910,R023,M0030,2025-05-01,130,86,36,180,17,Normal
INV000002911,R023,M0031,2025-05-01,137,115,181,71,49,Normal
INV000002912,R023,M0032,2025-05-01,238,68,205,101,23,Normal
INV000002913,R023,M0033,2025-05-01,235,170,180,225,28,Normal
INV000002914,R023,M0034,2025-05-01,123,117,226,14,41,Low
INV000002915,R023,M0035,2025-05-01,137,125,227,35,39,Low
INV000002916,R023,M0036,2025-05-01,138,103,86,155,35,Normal
INV000002917,R023,M0037,2025-05-01,190,112,68,234,48,Normal
INV000002918,R023,M0038,2025-05-01,72,72,55,89,60,Normal
INV000002919,R023,M0039,2025-05-01,68,155,49,174,57,Normal
INV000002920,R023,M0040,2025-05-01,220,168,186,202,44,Normal
INV000002921,R024,M0001,2025-05-01,160,114,191,83,56,Normal
INV000002922,R024,M0002,2025-05-01,98,64,100,62,24,Normal
INV000002923,R024,M0003,2025-05-01,140,37,138,39,56,Low
INV000002924,R024,M0004,2025-05-01,135,86,213,8,54,Low
INV000002925,R024,M0005,2025-05-01,125,23,51,97,28,Normal
INV000002926,R024,M0006,2025-05-01,106,151,80,177,57,Normal
INV000002927,R024,M0007,2025-05-01,118,142,221,39,26,Normal
INV000002928,R024,M0008,2025-05-01,133,16,52,97,39,Normal
INV000002929,R024,M0009,2025-05-01,165,180,88,257,32,Normal
INV000002930,R024,M0010,2025-05-01,210,154,79,285,56,Normal
INV000002931,R024,M0011,2025-05-01,122,157,101,178,24,Normal
INV000002932,R024,M0012,2025-05-01,125,91,119,97,30,Normal
INV000002933,R024,M0013,2025-05-01,242,43,249,36,35,Normal
INV000002934,R024,M0014,2025-05-01,176,166,271,71,55,Normal
INV000002935,R024,M0015,2025-05-01,244,19,49,214,19,Normal
INV000002936,R024,M0016,2025-05-01,41,15,0,56,18,Normal
INV000002937,R024,M0017,2025-05-01,104,33,80,57,37,Normal
INV000002938,R024,M0018,2025-05-01,71,48,27,92,34,Normal
INV000002939,R024,M0019,2025-05-01,235,26,185,76,54,Normal
INV000002940,R024,M0020,2025-05-01,100,159,228,31,45,Low
INV000002941,R024,M0021,2025-05-01,106,54,74,86,34,Normal
INV000002942,R024,M0022,2025-05-01,45,153,40,158,24,Normal
INV000002943,R024,M0023,2025-05-01,61,116,30,147,49,Normal
INV000002944,R024,M0024,2025-05-01,178,114,81,211,50,Normal
INV000002945,R024,M0025,2025-05-01,161,170,240,91,59,Normal
INV000002946,R024,M0026,2025-05-01,91,73,29,135,57,Normal
INV000002947,R024,M0027,2025-05-01,57,123,24,156,17,Normal
INV000002948,R024,M0028,2025-05-01,54,107,121,40,39,Normal
INV000002949,R024,M0029,2025-05-01,142,53,5,190,52,Normal
INV000002950,R024,M0030,2025-05-01,196,102,225,73,52,Normal
INV000002951,R024,M0031,2025-05-01,166,56,114,108,16,Normal
INV000002952,R024,M0032,2025-05-01,145,155,176,124,36,Normal
INV000002953,R024,M0033,2025-05-01,41,104,17,128,26,Normal
INV000002954,R024,M0034,2025-05-01,54,169,76,147,58,Normal
INV000002955,R024,M0035,2025-05-01,120,48,28,140,57,Normal
INV000002956,R024,M0036,2025-05-01,70,172,82,160,33,Normal
INV000002957,R024,M0037,2025-05-01,202,31,90,143,53,Normal
INV000002958,R024,M0038,2025-05-01,224,136,8,352,54,Normal
INV000002959,R024,M0039,2025-05-01,248,161,213,196,25,Normal
INV000002960,R024,M0040,2025-05-01,113,74,49,138,47,Normal
INV000002961,R025,M0001,2025-05-01,91,143,231,3,16,Low
INV000002962,R025,M0002,2025-05-01,145,91,231,5,25,Low
INV000002963,R025,M0003,2025-05-01,33,176,61,148,59,Normal
INV000002964,R025,M0004,2025-05-01,98,77,114,61,42,Normal
INV000002965,R025,M0005,2025-05-01,106,20,34,92,57,Normal
INV000002966,R025,M0006,2025-05-01,137,178,41,274,36,Normal
INV000002967,R025,M0007,2025-05-01,161,18,33,146,54,Normal
INV000002968,R025,M0008,2025-05-01,22,156,4,174,34,Normal
INV000002969,R025,M0009,2025-05-01,117,61,120,58,39,Normal
INV000002970,R025,M0010,2025-05-01,119,19,69,69,59,Normal
INV000002971,R025,M0011,2025-05-01,116,95,93,118,47,Normal
INV000002972,R025,M0012,2025-05-01,238,118,208,148,60,Normal
INV000002973,R025,M0013,2025-05-01,107,43,88,62,31,Normal
INV000002974,R025,M0014,2025-05-01,161,59,125,95,33,Normal
INV000002975,R025,M0015,2025-05-01,88,31,116,3,43,Low
INV000002976,R025,M0016,2025-05-01,191,31,206,16,57,Low
INV000002977,R025,M0017,2025-05-01,101,140,229,12,22,Low
INV000002978,R025,M0018,2025-05-01,25,42,13,54,30,Normal
INV000002979,R025,M0019,2025-05-01,39,55,47,47,19,Normal
INV000002980,R025,M0020,2025-05-01,59,156,205,10,30,Low
INV000002981,R025,M0021,2025-05-01,219,32,221,30,19,Normal
INV000002982,R025,M0022,2025-05-01,22,13,21,14,54,Low
INV000002983,R025,M0023,2025-05-01,38,49,74,13,55,Low
INV000002984,R025,M0024,2025-05-01,243,127,323,47,36,Normal
INV000002985,R025,M0025,2025-05-01,221,180,54,347,54,Normal
INV000002986,R025,M0026,2025-05-01,51,24,17,58,27,Normal
INV000002987,R025,M0027,2025-05-01,210,30,47,193,20,Normal
INV000002988,R025,M0028,2025-05-01,203,33,0,236,42,Normal
INV000002989,R025,M0029,2025-05-01,222,69,107,184,18,Normal
INV000002990,R025,M0030,2025-05-01,203,30,99,134,35,Normal
INV000002991,R025,M0031,2025-05-01,180,145,98,227,45,Normal
INV000002992,R025,M0032,2025-05-01,229,60,253,36,53,Low
INV000002993,R025,M0033,2025-05-01,200,57,240,17,33,Low
INV000002994,R025,M0034,2025-05-01,207,161,31,337,43,Normal
INV000002995,R025,M0035,2025-05-01,67,139,1,205,20,Normal
INV000002996,R025,M0036,2025-05-01,65,60,33,92,24,Normal
INV000002997,R025,M0037,2025-05-01,244,148,294,98,27,Normal
INV000002998,R025,M0038,2025-05-01,199,41,179,61,19,Normal
INV000002999,R025,M0039,2025-05-01,68,57,108,17,35,Low
INV000003000,R025,M0040,2025-05-01,213,68,83,198,40,Normal
