order_id,customer_id,restaurant_id,promotion_id,order_datetime,ordering_channel,order_status,subtotal,discount_amount,tax_amount,delivery_fee,final_amount,payment_method
O00000001,C0000310,R001,,2025-04-01 19:11:16,Takeaway,Completed,3920.0,0.0,588.0,0,4508.0,Card
O00000002,C0000183,R003,P0016,2026-07-18 18:04:24,Takeaway,Completed,12509.5,200.0,1846.42,0,14155.92,Card
O00000003,C0000421,R001,,2026-06-21 14:11:08,Website,Completed,5280.5,0.0,792.08,100,6172.58,Mobile Wallet
O00000004,C0000678,R015,,2026-01-05 18:28:21,Delivery Partner,Completed,9771.45,0.0,1465.72,0,11237.17,Card
O00000005,C0000072,R018,,2025-03-05 05:34:54,Mobile App,Completed,8930.0,0.0,1339.5,0,10269.5,Cash
O00000006,C0000012,R020,,2025-07-18 17:19:44,Mobile App,Completed,5316.5,0.0,797.48,120,6233.98,Cash
O00000007,C0000171,R003,,2025-10-11 16:36:47,Takeaway,Completed,9183.0,0.0,1377.45,0,10560.45,Bank Transfer
O00000008,C0000042,R015,,2025-11-09 13:59:34,Dine-In,Completed,7009.5,0.0,1051.42,0,8060.92,Card
O00000009,C0000169,R022,P0023,2025-08-10 10:00:36,Takeaway,Completed,4122.5,618.38,525.62,0,4029.74,Cash
O00000010,C0000981,R005,,2025-03-18 19:15:54,Mobile App,Completed,4488.0,0.0,673.2,80,5241.2,Card
O00000011,C0000308,R021,,2026-01-16 06:29:16,Delivery Partner,Completed,5363.5,0.0,804.52,80,6248.02,Cash
O00000012,C0000459,R010,,2025-12-12 07:08:27,Website,Completed,1166.0,0.0,174.9,100,1440.9,Cash
O00000013,C0000437,R007,,2025-08-01 14:41:00,Dine-In,Completed,4904.0,0.0,735.6,0,5639.6,Card
O00000014,C0000656,R023,,2025-03-21 11:09:52,Dine-In,Completed,7274.1,0.0,1091.12,0,8365.22,Cash
O00000015,C0000884,R025,,2026-08-29 19:12:08,Delivery Partner,Completed,11240.0,0.0,1686.0,100,13026.0,Card
O00000016,C0000411,R008,,2025-11-21 18:47:54,Dine-In,Completed,8340.0,0.0,1251.0,0,9591.0,Card
O00000017,C0000209,R003,,2026-04-18 19:19:48,Mobile App,Completed,4967.5,0.0,745.12,120,5832.62,Card
O00000018,C0000092,R018,,2025-11-05 12:28:12,Dine-In,Completed,10188.0,0.0,1528.2,0,11716.2,Card
O00000019,C0000118,R017,,2025-03-24 19:56:46,Mobile App,Completed,10520.0,0.0,1578.0,150,12248.0,Card
O00000020,C0000101,R016,,2025-08-16 20:03:31,Takeaway,Completed,585.9,0.0,87.88,0,673.78,Cash
O00000021,C0000095,R022,P0006,2025-08-23 13:45:27,Dine-In,Completed,5144.5,100.0,756.68,0,5801.18,Card
O00000022,C0000460,R013,,2026-06-02 13:48:52,Mobile App,Completed,10889.3,0.0,1633.39,120,12642.69,Cash
O00000023,C0000323,R004,,2026-02-22 20:27:30,Takeaway,Completed,16734.0,0.0,2510.1,0,19244.1,Card
O00000024,C0000038,R003,,2025-07-28 06:36:07,Dine-In,Completed,5876.0,0.0,881.4,0,6757.4,Card
O00000025,C0000936,R011,,2026-08-13 13:12:07,Website,Completed,5720.0,0.0,858.0,80,6658.0,Card
O00000026,C0000167,R002,,2025-08-23 08:56:59,Delivery Partner,Completed,7372.0,0.0,1105.8,0,8477.8,Card
O00000027,C0000299,R018,,2026-08-30 04:02:33,Takeaway,Completed,5396.0,0.0,809.4,0,6205.4,Card
O00000028,C0000471,R004,P0022,2026-08-29 08:36:22,Dine-In,Completed,7989.5,798.95,1078.58,0,8269.13,Cash
O00000029,C0000354,R017,,2025-06-11 14:47:09,Dine-In,Completed,2425.0,0.0,363.75,0,2788.75,Card
O00000030,C0000088,R006,,2025-08-18 18:18:36,Mobile App,Completed,10308.25,0.0,1546.24,120,11974.49,Bank Transfer
O00000031,C0000617,R010,,2025-11-23 12:27:47,Delivery Partner,Completed,3479.5,0.0,521.92,120,4121.42,Cash
O00000032,C0000013,R011,,2026-02-28 20:18:24,Takeaway,Completed,12196.5,0.0,1829.48,0,14025.98,Cash
O00000033,C0000302,R005,P0013,2025-12-14 14:16:50,Mobile App,Cancelled,9014.0,2253.5,1014.08,0,0.0,Cash
O00000034,C0000068,R025,,2026-08-14 22:17:32,Dine-In,Completed,2774.75,0.0,416.21,0,3190.96,Card
O00000035,C0000357,R018,,2026-04-02 21:17:44,Mobile App,Completed,13477.1,0.0,2021.56,120,15618.66,Card
O00000036,C0000044,R025,P0029,2025-06-22 19:56:03,Dine-In,Completed,2681.0,804.3,281.5,0,2158.2,Mobile Wallet
O00000037,C0000576,R025,,2025-04-25 21:22:06,Delivery Partner,Completed,2130.0,0.0,319.5,150,2599.5,Card
O00000038,C0000047,R010,,2026-03-14 18:39:32,Website,Completed,3480.0,0.0,522.0,80,4082.0,Cash
O00000039,C0000780,R009,,2025-05-24 20:49:01,Takeaway,Completed,8041.0,0.0,1206.15,0,9247.15,Bank Transfer
O00000040,C0000727,R016,,2026-05-05 11:08:47,Delivery Partner,Completed,9821.0,0.0,1473.15,0,11294.15,Cash
O00000041,C0000119,R010,,2025-08-17 13:28:45,Dine-In,Completed,4592.0,0.0,688.8,0,5280.8,Cash
O00000042,C0000135,R010,,2025-08-26 19:50:31,Dine-In,Completed,4740.0,0.0,711.0,0,5451.0,Cash
O00000043,C0000470,R004,,2025-03-06 14:41:04,Delivery Partner,Completed,1816.0,0.0,272.4,0,2088.4,Cash
O00000044,C0000009,R021,,2026-03-21 20:28:56,Takeaway,Completed,5728.5,0.0,859.28,0,6587.78,Mobile Wallet
O00000045,C0000008,R024,,2025-04-29 20:01:45,Delivery Partner,Completed,2236.5,0.0,335.48,150,2721.98,Card
O00000046,C0000018,R014,,2026-04-27 12:59:16,Mobile App,Completed,11751.0,0.0,1762.65,0,13513.65,Mobile Wallet
O00000047,C0000295,R008,P0029,2025-11-26 20:16:11,Delivery Partner,Completed,12497.5,3749.25,1312.24,100,10160.49,Mobile Wallet
O00000048,C0000022,R001,,2026-05-03 09:56:51,Website,Completed,8833.5,0.0,1325.02,120,10278.52,Cash
O00000049,C0000070,R016,,2026-01-12 13:55:11,Dine-In,Completed,8914.5,0.0,1337.18,0,10251.68,Card
O00000050,C0000396,R017,P0015,2025-04-13 15:44:34,Delivery Partner,Completed,5971.22,200.0,865.68,100,6736.9,Card
O00000051,C0000001,R010,,2026-04-23 11:30:20,Dine-In,Completed,6420.0,0.0,963.0,0,7383.0,Mobile Wallet
O00000052,C0000030,R006,P0021,2025-04-07 17:27:20,Website,Completed,7390.0,100.0,1093.5,100,8483.5,Cash
O00000053,C0000856,R007,,2025-11-19 17:42:57,Mobile App,Completed,11630.0,0.0,1744.5,0,13374.5,Card
O00000054,C0000418,R018,P0015,2025-06-01 10:47:01,Website,Completed,3251.4,200.0,457.71,80,3589.11,Mobile Wallet
O00000055,C0000085,R002,P0013,2026-04-17 19:51:52,Website,Completed,13976.0,3494.0,1572.3,120,12174.3,Cash
O00000056,C0000003,R021,P0001,2026-07-12 18:38:56,Delivery Partner,Completed,6621.5,500.0,918.22,80,7119.72,Cash
O00000057,C0000322,R009,P0011,2025-12-27 12:59:20,Delivery Partner,Completed,5170.0,1292.5,581.62,150,4609.12,Card
O00000058,C0000046,R005,,2025-12-14 11:29:14,Delivery Partner,Completed,5324.3,0.0,798.64,100,6222.94,Card
O00000059,C0000917,R008,,2026-04-22 20:34:10,Mobile App,Completed,8664.05,0.0,1299.61,120,10083.66,Card
O00000060,C0000449,R024,,2025-03-03 20:47:09,Delivery Partner,Completed,4624.8,0.0,693.72,150,5468.52,Mobile Wallet
O00000061,C0000946,R005,,2026-07-16 11:50:17,Website,Completed,4283.88,0.0,642.58,120,5046.46,Card
O00000062,C0000705,R024,P0006,2025-06-15 05:19:22,Delivery Partner,Completed,6066.5,100.0,894.98,0,6861.48,Card
O00000063,C0000215,R015,P0025,2026-08-22 19:15:30,Delivery Partner,Completed,2120.9,200.0,288.14,150,2359.04,Cash
O00000064,C0000426,R008,P0012,2026-04-08 17:33:53,Dine-In,Completed,1367.0,150.0,182.55,0,1399.55,Mobile Wallet
O00000065,C0000641,R005,,2026-04-28 08:13:54,Takeaway,Completed,1596.0,0.0,239.4,0,1835.4,Mobile Wallet
O00000066,C0000313,R005,,2026-02-24 17:25:55,Delivery Partner,Completed,4440.0,0.0,666.0,0,5106.0,Cash
O00000067,C0000005,R020,,2025-11-15 14:19:25,Dine-In,Completed,7684.0,0.0,1152.6,0,8836.6,Card
O00000068,C0000203,R017,P0018,2026-01-05 19:41:52,Mobile App,Completed,1930.0,579.0,202.65,150,1703.65,Mobile Wallet
O00000069,C0000017,R009,,2025-03-25 10:50:01,Delivery Partner,Completed,3560.5,0.0,534.07,0,4094.57,Card
O00000070,C0000489,R002,,2026-02-05 14:23:38,Dine-In,Cancelled,3606.0,0.0,540.9,0,0.0,Card
O00000071,C0000441,R001,,2026-02-06 09:42:06,Delivery Partner,Completed,6988.5,0.0,1048.27,150,8186.77,Card
O00000072,C0000985,R022,P0002,2026-07-01 21:17:23,Delivery Partner,Completed,3174.0,158.7,452.3,150,3617.6,Cash
O00000073,C0000373,R021,P0025,2025-12-03 19:42:38,Takeaway,Completed,5756.0,200.0,833.4,0,6389.4,Card
O00000074,C0000621,R011,,2025-04-11 19:08:31,Website,Completed,2408.28,0.0,361.24,80,2849.52,Mobile Wallet
O00000075,C0000065,R015,P0026,2025-08-15 18:18:25,Dine-In,Completed,4814.25,722.14,613.82,0,4705.93,Card
O00000076,C0000105,R001,,2026-02-23 14:19:22,Website,Completed,8856.5,0.0,1328.48,120,10304.98,Card
O00000077,C0000831,R007,P0019,2025-07-07 21:41:13,Mobile App,Completed,4900.0,500.0,660.0,150,5210.0,Cash
O00000078,C0000549,R023,P0006,2025-07-31 07:29:28,Delivery Partner,Completed,2740.5,100.0,396.08,100,3136.58,Cash
O00000079,C0000407,R019,P0011,2026-05-23 19:25:24,Dine-In,Completed,1819.0,454.75,204.64,0,1568.89,Cash
O00000080,C0000059,R024,P0019,2026-01-12 10:30:55,Website,Completed,8094.68,500.0,1139.2,0,8733.88,Cash
O00000081,C0000466,R015,,2025-12-04 12:34:30,Delivery Partner,Completed,3800.5,0.0,570.07,100,4470.57,Card
O00000082,C0000773,R006,P0028,2025-08-22 15:02:01,Dine-In,Cancelled,6622.5,500.0,918.38,0,0.0,Card
O00000083,C0000049,R020,P0010,2026-04-05 19:55:01,Delivery Partner,Completed,19537.0,200.0,2900.55,120,22357.55,Cash
O00000084,C0000476,R010,,2025-08-04 20:39:22,Delivery Partner,Completed,13420.5,0.0,2013.07,100,15533.57,Bank Transfer
O00000085,C0000141,R012,P0016,2026-04-09 17:28:57,Mobile App,Refunded,7202.0,200.0,1050.3,150,8202.3,Card
O00000086,C0000014,R013,P0010,2025-04-07 13:05:46,Delivery Partner,Completed,7397.2,200.0,1079.58,80,8356.78,Mobile Wallet
O00000087,C0000562,R015,P0018,2026-06-16 21:51:10,Mobile App,Completed,6200.0,1860.0,651.0,0,4991.0,Cash
O00000088,C0000027,R019,P0022,2025-11-30 11:00:28,Mobile App,Completed,10396.0,1039.6,1403.46,0,10759.86,Cash
O00000089,C0000058,R017,,2025-10-29 19:51:41,Dine-In,Completed,12832.0,0.0,1924.8,0,14756.8,Card
O00000090,C0000593,R013,P0003,2026-01-28 17:23:34,Mobile App,Completed,1774.0,200.0,236.1,100,1910.1,Cash
O00000091,C0000529,R002,,2026-02-05 13:37:48,Mobile App,Completed,7715.0,0.0,1157.25,150,9022.25,Cash
O00000092,C0000059,R018,,2025-05-10 00:33:08,Website,Completed,5244.3,0.0,786.64,100,6130.94,Cash
O00000093,C0000878,R011,,2026-04-18 14:50:31,Dine-In,Completed,1920.0,0.0,288.0,0,2208.0,Cash
O00000094,C0000043,R005,,2025-07-28 12:59:29,Takeaway,Completed,11603.0,0.0,1740.45,0,13343.45,Card
O00000095,C0000987,R004,P0025,2026-07-09 08:06:14,Website,Completed,1890.5,0.0,283.58,150,2324.08,Mobile Wallet
O00000096,C0000523,R002,,2026-05-22 07:10:13,Dine-In,Completed,10831.35,0.0,1624.7,0,12456.05,Card
O00000097,C0000140,R016,,2025-09-07 13:10:50,Mobile App,Completed,2738.5,0.0,410.78,0,3149.28,Cash
O00000098,C0000017,R025,,2026-05-16 17:35:16,Takeaway,Completed,4936.5,0.0,740.48,0,5676.98,Mobile Wallet
O00000099,C0000093,R007,,2025-09-13 20:19:21,,Completed,3513.68,0.0,527.05,120,4160.73,Cash
O00000100,C0000035,R008,P0024,2025-04-23 09:15:51,Delivery Partner,Completed,5754.0,1726.2,604.17,100,4731.97,Mobile Wallet
O00000101,C0000364,R008,P0014,2026-08-10 14:04:29,Delivery Partner,Completed,2798.4,300.0,374.76,0,2873.16,Bank Transfer
O00000102,C0000116,R002,P0019,2026-02-22 13:23:16,Takeaway,Completed,3133.5,500.0,395.02,0,3028.52,Cash
O00000103,C0000079,R015,,2025-11-07 15:29:15,Takeaway,Completed,4692.5,0.0,703.88,0,5396.38,Cash
O00000104,C0000552,R005,,2025-10-06 19:29:51,Delivery Partner,Completed,4095.25,0.0,614.29,150,4859.54,Bank Transfer
O00000105,C0000049,R019,,2025-08-25 16:38:07,Delivery Partner,Completed,6293.5,0.0,944.02,80,7317.52,Cash
O00000106,C0000323,R010,,2026-08-21 20:56:58,Dine-In,Completed,4347.12,0.0,652.07,0,4999.19,Cash
O00000107,C0000035,R009,,2025-05-11 15:47:38,Delivery Partner,Completed,3253.0,0.0,487.95,80,3820.95,Card
O00000108,C0000489,R025,P0003,2025-08-19 17:46:30,Takeaway,Completed,6760.75,200.0,984.11,0,7544.86,Cash
O00000109,C0000368,R022,,2025-11-22 14:36:11,Mobile App,Completed,13621.0,0.0,2043.15,0,15664.15,Bank Transfer
O00000110,C0000618,R020,,2025-11-19 20:32:32,Dine-In,Completed,9976.6,0.0,1496.49,0,11473.09,Cash
O00000111,C0000006,R008,,2025-11-15 21:19:57,Delivery Partner,Completed,10262.0,0.0,1539.3,120,11921.3,Card
O00000112,C0000041,R005,,2025-06-03 18:53:11,Website,Completed,10546.5,0.0,1581.98,100,12228.48,Card
O00000113,C0000023,R019,,2025-05-17 20:21:24,Takeaway,Completed,9081.0,0.0,1362.15,0,10443.15,Card
O00000114,C0000034,R013,P0022,2025-07-16 06:40:37,Website,Completed,5755.0,575.5,776.92,120,6076.42,Card
O00000115,C0000011,R014,P0001,2026-07-14 20:57:47,Takeaway,Completed,3808.0,500.0,496.2,0,3804.2,Bank Transfer
O00000116,C0000295,R008,P0030,2025-04-29 10:20:17,Dine-In,Completed,4141.0,150.0,598.65,0,4589.65,Mobile Wallet
O00000117,C0000330,R016,,2026-04-19 12:36:18,Mobile App,Completed,2986.5,0.0,447.98,120,3554.48,Card
O00000118,C0000695,R022,P0013,2026-04-19 06:53:54,Mobile App,Completed,4343.0,1085.75,488.59,0,3745.84,Card
O00000119,C0000159,R005,P0029,2026-05-17 22:26:02,Dine-In,Completed,2073.5,622.05,217.72,0,1669.17,Cash
O00000120,C0000263,R001,,2026-06-28 20:37:34,Mobile App,Completed,3853.0,0.0,577.95,120,4550.95,Card
O00000121,C0000982,R019,,2025-07-21 21:34:04,Mobile App,Completed,11586.0,0.0,1737.9,100,13423.9,Cash
O00000122,C0000262,R023,P0016,2025-06-29 20:37:34,Mobile App,Completed,6170.5,200.0,895.58,100,6966.08,Mobile Wallet
O00000123,C0000307,R019,P0014,2025-11-12 14:39:50,Takeaway,Completed,10221.0,300.0,1488.15,0,11409.15,Cash
O00000124,C0000992,R017,,2025-07-22 21:59:26,Dine-In,Completed,8851.32,0.0,1327.7,0,10179.02,Mobile Wallet
O00000125,C0000988,R024,,2026-04-07 22:05:36,Takeaway,Completed,430.0,0.0,64.5,0,494.5,Card
O00000126,C0000164,R023,,2026-02-12 15:31:45,Mobile App,Completed,6278.0,0.0,941.7,0,7219.7,Bank Transfer
O00000127,C0000381,R021,,2026-06-22 09:15:20,Mobile App,Completed,2463.0,0.0,369.45,0,2832.45,Card
O00000128,C0000213,R010,P0017,2025-04-13 18:27:15,Delivery Partner,Completed,4697.5,300.0,659.62,80,5137.12,Mobile Wallet
O00000129,C0000497,R005,,2026-07-14 22:15:27,Dine-In,Completed,1523.78,0.0,228.57,0,1752.35,Card
O00000130,C0000873,R022,,2025-08-07 20:26:24,Website,Completed,4011.0,0.0,601.65,100,4712.65,Bank Transfer
O00000131,C0000087,R007,,2025-11-25 20:52:32,Dine-In,Completed,5617.0,0.0,842.55,0,6459.55,Mobile Wallet
O00000132,C0000652,R016,,2025-10-29 21:02:16,Dine-In,Completed,1444.0,0.0,216.6,0,1660.6,Mobile Wallet
O00000133,C0000406,R003,P0026,2026-04-20 20:48:42,Mobile App,Completed,10948.0,1642.2,1395.87,0,10701.67,Cash
O00000134,C0000071,R012,P0010,2025-10-19 19:20:29,Website,Completed,7014.0,200.0,1022.1,0,7836.1,Card
O00000135,C0000616,R014,,2026-07-30 18:37:40,Delivery Partner,Completed,5435.0,0.0,815.25,100,6350.25,Cash
O00000136,C0000167,R020,P0014,2026-07-07 12:37:52,Website,Completed,16336.2,300.0,2405.43,100,18541.63,Cash
O00000137,C0000015,R001,,2026-06-20 17:29:03,Dine-In,Completed,7573.5,0.0,1136.02,0,8709.52,Mobile Wallet
O00000138,C0000986,R007,,2025-04-07 15:21:01,Website,Completed,3931.98,0.0,589.8,100,4621.78,Cash
O00000139,C0000166,R018,,2026-06-11 20:18:59,Delivery Partner,Completed,5562.0,0.0,834.3,0,6396.3,Card
O00000140,C0000273,R023,,2026-05-02 15:30:08,Mobile App,Completed,3410.0,0.0,511.5,120,4041.5,Cash
O00000141,C0000634,R022,,2025-04-24 08:19:53,Delivery Partner,Completed,11898.0,0.0,1784.7,0,13682.7,Cash
O00000142,C0000918,R004,P0013,2025-04-26 00:46:30,Dine-In,Refunded,7019.0,1754.75,789.64,0,6053.89,Cash
O00000143,C0000748,R016,P0021,2025-04-23 18:18:24,Delivery Partner,Completed,13978.0,100.0,2081.7,80,16039.7,Card
O00000144,C0000256,R011,,2025-03-07 16:01:36,Takeaway,Completed,6943.5,0.0,1041.52,0,7985.02,Cash
O00000145,C0000277,R018,P0020,2025-12-24 12:39:35,Mobile App,Completed,2281.0,342.15,290.83,100,2329.68,Card
O00000146,C0000072,R023,,2026-08-16 09:38:54,Website,Completed,5826.0,0.0,873.9,80,6779.9,Cash
O00000147,C0000197,R016,,2025-10-29 14:26:04,Takeaway,Completed,7257.0,0.0,1088.55,0,8345.55,Bank Transfer
O00000148,C0000890,R007,,2025-12-20 08:07:23,Delivery Partner,Completed,2690.0,0.0,403.5,80,3173.5,Bank Transfer
O00000149,C0000507,R021,,2026-08-13 13:44:23,Dine-In,Completed,7265.5,0.0,1089.82,0,8355.32,Card
O00000150,C0000001,R025,,2025-07-16 13:53:28,Dine-In,Completed,3500.0,0.0,525.0,0,4025.0,Cash
O00000151,C0000014,R003,,2026-06-13 14:26:49,Delivery Partner,Completed,8664.0,0.0,1299.6,100,10063.6,Cash
O00000152,C0000844,R025,,2025-12-23 14:14:44,Dine-In,Completed,2505.0,0.0,375.75,0,2880.75,Mobile Wallet
O00000153,C0000704,R005,,2026-01-04 12:11:30,Mobile App,Cancelled,5044.15,0.0,756.62,80,0.0,Card
O00000154,C0000218,R018,,2025-09-05 20:46:36,Website,Completed,21001.0,0.0,3150.15,100,24251.15,Card
O00000155,C0000358,R025,,2025-12-31 13:13:57,Delivery Partner,Completed,6481.0,0.0,972.15,120,7573.15,Mobile Wallet
O00000156,C0000076,R017,,2025-04-08 11:06:55,Delivery Partner,Completed,6695.6,0.0,1004.34,100,7799.94,Mobile Wallet
O00000157,C0000609,R001,,2026-04-23 09:16:18,Delivery Partner,Completed,7508.0,0.0,1126.2,0,8634.2,Mobile Wallet
O00000158,C0000342,R016,,2025-08-02 12:25:22,Delivery Partner,Completed,5916.5,0.0,887.48,120,6923.98,Mobile Wallet
O00000159,C0000460,R015,,2026-06-29 07:36:34,Delivery Partner,Completed,8947.5,0.0,1342.12,100,10389.62,Mobile Wallet
O00000160,C0000128,R013,,2025-09-19 05:19:53,Mobile App,Completed,4200.0,0.0,630.0,80,4910.0,Mobile Wallet
O00000161,C0000169,R007,,2025-05-16 17:09:49,Takeaway,Completed,4958.5,0.0,743.78,0,5702.28,Card
O00000162,C0000040,R003,,2026-03-18 17:18:05,Website,Completed,2719.5,0.0,407.92,80,3207.42,Bank Transfer
O00000163,C0000892,R024,,2025-05-28 16:17:05,Dine-In,Completed,4280.0,0.0,642.0,0,4922.0,Mobile Wallet
O00000164,C0000889,R023,,2026-04-17 19:29:55,Dine-In,Completed,6531.5,0.0,979.72,0,7511.22,Card
O00000165,C0000651,R013,,2026-08-13 05:29:36,Delivery Partner,Completed,621.0,0.0,93.15,100,814.15,Card
O00000166,C0000867,R016,,2026-04-30 21:24:29,Delivery Partner,Completed,9115.0,0.0,1367.25,120,10602.25,Mobile Wallet
O00000167,C0000420,R023,,2025-03-13 07:23:00,Mobile App,Completed,8587.0,0.0,1288.05,80,9955.05,Card
O00000168,C0000050,R001,,2026-01-22 18:09:07,Dine-In,Refunded,10606.5,0.0,1590.98,0,12197.48,Mobile Wallet
O00000169,C0000557,R001,P0008,2026-03-17 08:01:27,Mobile App,Completed,6296.0,1574.0,708.3,100,5530.3,Cash
O00000170,C0000096,R016,,2026-05-26 20:37:24,Mobile App,Cancelled,9214.65,0.0,1382.2,80,0.0,Mobile Wallet
O00000171,C0000178,R002,,2025-03-30 15:31:32,Takeaway,Completed,8100.0,0.0,1215.0,0,9315.0,Card
O00000172,C0000068,R018,,2025-11-20 07:34:52,Mobile App,Completed,3165.0,0.0,474.75,100,3739.75,Cash
O00000173,C0000164,R021,P0021,2025-12-18 17:50:59,Dine-In,Completed,3843.0,100.0,561.45,0,4304.45,Mobile Wallet
O00000174,C0000439,R025,,2025-05-30 00:36:37,Mobile App,Completed,17088.7,0.0,2563.3,150,19802.0,Cash
O00000175,C0000013,R023,,2025-08-24 19:06:51,Delivery Partner,Completed,7272.0,0.0,1090.8,120,8482.8,Mobile Wallet
O00000176,C0000012,R018,,2025-10-30 18:06:13,Website,Completed,8304.0,0.0,1245.6,0,9549.6,Cash
O00000177,C0000445,R005,,2026-05-30 10:26:10,Dine-In,Completed,8948.0,0.0,1342.2,0,10290.2,Bank Transfer
O00000178,C0000588,R005,,2026-07-22 13:09:01,Mobile App,Completed,6553.0,0.0,982.95,0,7535.95,Cash
O00000179,C0000283,R008,P0024,2026-02-07 00:32:52,Dine-In,Cancelled,12075.5,3622.65,1267.93,0,0.0,Cash
O00000180,C0000031,R009,,2025-10-05 18:42:29,Delivery Partner,Completed,5766.38,0.0,864.96,150,6781.34,Bank Transfer
O00000181,C0000170,R024,P0008,2025-07-16 12:54:29,Takeaway,Completed,2928.0,732.0,329.4,0,2525.4,Cash
O00000182,C0000554,R014,P0027,2026-08-22 17:06:03,Delivery Partner,Completed,11615.5,300.0,1697.32,120,13132.82,Bank Transfer
O00000183,C0000448,R013,,2026-08-22 21:05:12,Delivery Partner,Completed,4796.0,0.0,719.4,150,5665.4,Mobile Wallet
O00000184,C0000013,R018,,2026-07-20 12:05:06,Mobile App,Refunded,3635.0,0.0,545.25,100,4280.25,Cash
O00000185,C0000935,R004,P0030,2026-05-04 23:12:37,Takeaway,Completed,2717.0,150.0,385.05,0,2952.05,Card
O00000186,C0000046,R018,,2025-08-26 18:47:02,Delivery Partner,Completed,2020.0,0.0,303.0,120,2443.0,Cash
O00000187,C0000045,R022,P0023,2026-05-21 11:12:08,Dine-In,Completed,7552.5,1132.88,962.94,0,7382.56,Card
O00000188,C0000194,R020,,2025-10-12 14:01:13,Dine-In,Completed,5694.0,0.0,854.1,0,6548.1,Card
O00000189,C0000097,R015,P0027,2025-08-26 19:18:51,Dine-In,Completed,5680.25,300.0,807.04,0,6187.29,Card
O00000190,C0000966,R007,,2026-04-12 14:50:10,Mobile App,Refunded,4225.6,0.0,633.84,0,4859.44,Bank Transfer
O00000191,C0000007,R013,P0005,2025-04-12 07:18:36,Takeaway,Completed,2236.0,100.0,320.4,0,2456.4,Cash
O00000192,C0000085,R002,,2025-03-27 09:49:13,Delivery Partner,Cancelled,10512.5,0.0,1576.88,120,0.0,Card
O00000193,C0000133,R009,,2025-11-03 19:56:18,Dine-In,Completed,3220.0,0.0,483.0,0,3703.0,Card
O00000194,C0000225,R005,,2025-11-02 18:37:07,Delivery Partner,Completed,4000.0,0.0,600.0,0,4600.0,Cash
O00000195,C0000001,R001,,2026-07-03 17:01:58,Dine-In,Completed,6589.5,0.0,988.42,0,7577.92,Mobile Wallet
O00000196,C0000008,R019,P0005,2025-05-06 09:50:06,Takeaway,Completed,5071.5,100.0,745.72,0,5717.22,Card
O00000197,C0000060,R020,P0016,2025-05-04 20:25:58,Takeaway,Completed,8803.5,200.0,1290.52,0,9894.02,Bank Transfer
O00000198,C0000286,R019,,2025-05-18 22:05:58,Delivery Partner,Completed,7022.0,0.0,1053.3,120,8195.3,Card
O00000199,C0000569,R022,,2025-03-16 06:19:06,Dine-In,Completed,10228.5,0.0,1534.28,0,11762.78,Card
O00000200,C0000449,R013,,2025-04-08 07:22:55,Website,Completed,4892.72,0.0,733.91,80,5706.63,Mobile Wallet
O00000201,C0000300,R006,P0002,2026-02-26 20:53:54,Takeaway,Completed,4357.5,217.88,620.94,0,4760.56,Mobile Wallet
O00000202,C0000144,R010,P0017,2025-10-25 19:14:02,Delivery Partner,Completed,3779.0,300.0,521.85,0,4000.85,Mobile Wallet
O00000203,C0000744,R011,,2026-04-22 17:05:02,Takeaway,Completed,4033.5,0.0,605.02,0,4638.52,Cash
O00000204,C0000194,R023,,2026-08-27 21:27:17,Dine-In,Completed,6292.15,0.0,943.82,0,7235.97,Card
O00000205,C0000081,R025,,2026-02-25 18:34:44,Website,Completed,17732.5,0.0,2659.88,100,20492.38,Card
O00000206,C0000373,R016,P0016,2025-03-28 10:10:32,Takeaway,Completed,7965.0,200.0,1164.75,0,8929.75,Card
O00000207,C0000456,R025,,2025-04-25 19:07:36,Mobile App,Completed,1530.0,0.0,229.5,80,1839.5,Card
O00000208,C0000145,R023,,2026-06-25 18:56:27,Dine-In,Completed,9628.75,0.0,1444.31,0,11073.06,Mobile Wallet
O00000209,C0000002,R001,,2025-12-14 23:53:35,Website,Completed,17984.0,0.0,2697.6,80,20761.6,Cash
O00000210,C0000010,R019,,2026-05-26 10:49:15,Mobile App,Completed,8376.2,0.0,1256.43,80,9712.63,Cash
O00000211,C0000699,R005,,2026-06-12 17:48:14,Dine-In,Completed,6880.0,0.0,1032.0,0,7912.0,Cash
O00000212,C0000005,R006,P0020,2026-07-21 19:50:28,Website,Completed,9181.0,1377.15,1170.58,120,9094.43,Cash
O00000213,C0000328,R006,P0007,2026-08-03 13:50:58,Dine-In,Completed,10656.5,200.0,1568.48,0,12024.98,Cash
O00000214,C0000032,R005,P0011,2025-12-27 13:23:17,Mobile App,Completed,5103.0,1275.75,574.09,120,4521.34,Mobile Wallet
O00000215,C0000048,R006,,2025-09-03 20:20:48,Mobile App,Completed,3420.5,0.0,513.07,80,4013.57,Bank Transfer
O00000216,C0000068,R025,,2026-08-10 13:48:45,Delivery Partner,Completed,5241.5,0.0,786.22,80,6107.72,Card
O00000217,C0000003,R013,,2025-12-24 17:58:45,Dine-In,Completed,15709.47,0.0,2356.42,0,18065.89,Card
O00000218,C0000030,R001,P0004,2025-04-04 20:35:18,Mobile App,Completed,7774.8,777.48,1049.6,100,8146.92,Mobile Wallet
O00000219,C0000400,R001,,2026-02-16 10:06:28,Mobile App,Completed,6988.5,0.0,1048.27,0,8036.77,Cash
O00000220,C0000230,R025,P0025,2026-01-15 22:04:05,Mobile App,Completed,2930.0,200.0,409.5,80,3219.5,Cash
O00000221,C0000616,R014,,2026-07-04 18:57:44,Mobile App,Completed,10537.0,0.0,1580.55,100,12217.55,Card
O00000222,C0000005,R008,P0029,2026-02-22 15:28:49,Dine-In,Completed,11425.0,3427.5,1199.62,0,9197.12,Card
O00000223,C0000777,R009,P0028,2025-09-08 14:15:57,Mobile App,Completed,4357.68,500.0,578.65,80,4516.33,Mobile Wallet
O00000224,C0000993,R023,,2026-08-12 21:05:46,Website,Completed,5792.5,0.0,868.88,80,6741.38,Bank Transfer
O00000225,C0000001,R010,P0002,2026-05-13 10:13:54,Mobile App,Completed,14393.0,719.65,2051.0,150,15874.35,Card
O00000226,C0000932,R006,P0013,2026-02-08 12:57:26,Dine-In,Cancelled,2664.0,666.0,299.7,0,0.0,Card
O00000227,C0000051,R009,,2025-08-07 12:51:06,Takeaway,Completed,4275.0,0.0,641.25,0,4916.25,Cash
O00000228,C0000457,R018,,2025-09-22 12:01:26,Takeaway,Completed,8025.12,0.0,1203.77,0,9228.89,Card
O00000229,C0000078,R015,P0021,2026-03-04 14:24:18,Takeaway,Completed,6402.5,100.0,945.38,0,7247.88,Bank Transfer
O00000230,C0000252,R004,P0028,2025-04-08 23:30:16,Dine-In,Completed,1754.0,0.0,263.1,0,2017.1,Card
O00000231,C0000241,R002,P0006,2025-07-17 20:49:40,Mobile App,Completed,4928.92,100.0,724.34,150,5703.26,Cash
O00000232,C0000118,R006,,2026-03-28 12:49:10,Website,Completed,1768.0,0.0,265.2,80,2113.2,Card
O00000233,C0000493,R017,,2025-11-20 14:12:04,Dine-In,Completed,7548.0,0.0,1132.2,0,8680.2,Card
O00000234,C0000337,R007,,2025-10-09 18:59:01,Website,Cancelled,13933.0,0.0,2089.95,0,0.0,Card
O00000235,C0000239,R023,P0029,2025-05-20 02:17:46,Delivery Partner,Completed,710.0,0.0,106.5,150,966.5,Card
O00000236,C0000964,R023,,2025-10-31 20:16:55,Dine-In,Completed,5904.0,0.0,885.6,0,6789.6,Mobile Wallet
O00000237,C0000876,R020,,2026-04-26 20:44:11,Dine-In,Completed,11227.0,0.0,1684.05,0,12911.05,Card
O00000238,C0000907,R015,P0030,2025-07-21 20:27:41,Mobile App,Completed,5972.5,150.0,873.38,0,6695.88,Mobile Wallet
O00000239,C0000763,R024,,2025-03-03 13:11:41,Dine-In,Completed,3852.5,0.0,577.88,0,4430.38,Mobile Wallet
O00000240,C0000059,R021,,2026-03-03 14:34:51,Website,Completed,16457.5,0.0,2468.62,100,19026.12,Mobile Wallet
O00000241,C0000111,R002,,2026-08-16 01:21:10,Takeaway,Completed,5220.5,0.0,783.08,0,6003.58,Cash
O00000242,C0000049,R021,,2026-01-25 13:38:09,Takeaway,Completed,2521.0,0.0,378.15,0,2899.15,Card
O00000243,C0000971,R012,,2025-05-03 14:00:27,Dine-In,Completed,3896.0,0.0,584.4,0,4480.4,Mobile Wallet
O00000244,C0000022,R010,,2025-08-23 20:36:06,Takeaway,Completed,6219.22,0.0,932.88,0,7152.1,Cash
O00000245,C0000122,R025,,2026-06-18 20:20:13,Dine-In,Completed,11982.5,0.0,1797.38,0,13779.88,Mobile Wallet
O00000246,C0000037,R017,,2025-07-04 22:00:12,Takeaway,Completed,5200.0,0.0,780.0,0,5980.0,Cash
O00000247,C0000046,R018,,2026-01-26 20:03:04,Dine-In,Completed,18610.5,0.0,2791.58,0,21402.08,Mobile Wallet
O00000248,C0000056,R016,,2025-10-09 00:31:50,Mobile App,Completed,10316.65,0.0,1547.5,0,11864.15,Cash
O00000249,C0000387,R010,P0022,2025-06-20 18:57:41,Dine-In,Completed,4314.5,431.45,582.46,0,4465.51,Mobile Wallet
O00000250,C0000007,R008,P0022,2026-05-19 07:00:07,Delivery Partner,Completed,12744.0,1274.4,1720.44,150,13340.04,Cash
O00000251,C0000306,R021,,2026-04-12 12:12:49,Takeaway,Completed,4227.6,0.0,634.14,0,4861.74,Card
O00000252,C0000653,R025,,2026-02-27 17:45:00,Dine-In,Completed,1502.5,0.0,225.38,0,1727.88,Cash
O00000253,C0000567,R022,,2025-07-06 18:46:04,Dine-In,Completed,11981.5,0.0,1797.22,0,13778.72,Cash
O00000254,C0000022,R013,,2025-04-21 18:16:10,Website,Completed,8492.5,0.0,1273.88,0,9766.38,Bank Transfer
O00000255,C0000826,R016,,2026-01-08 06:11:51,Mobile App,Completed,4184.0,0.0,627.6,0,4811.6,Cash
O00000256,C0000572,R008,,2025-12-27 08:06:42,Dine-In,Completed,2070.0,0.0,310.5,0,2380.5,Card
O00000257,C0000001,R012,,2025-06-10 08:54:47,Dine-In,Completed,9920.0,0.0,1488.0,0,11408.0,Mobile Wallet
O00000258,C0000522,R017,,2025-03-31 07:50:09,Delivery Partner,Completed,7024.0,0.0,1053.6,80,8157.6,Cash
O00000259,C0000522,R016,,2025-04-12 09:54:14,Delivery Partner,Completed,11621.0,0.0,1743.15,0,13364.15,Cash
O00000260,C0000228,R009,,2026-08-28 18:02:38,Takeaway,Completed,11848.0,0.0,1777.2,0,13625.2,Cash
O00000261,C0000003,R025,,2026-05-03 20:49:46,Mobile App,Completed,3220.0,0.0,483.0,100,3803.0,Card
O00000262,C0000315,R019,,2026-07-18 13:25:28,Mobile App,Completed,11178.4,0.0,1676.76,0,12855.16,Mobile Wallet
O00000263,C0000566,R017,,2025-06-13 18:30:24,Dine-In,Completed,4555.0,0.0,683.25,0,5238.25,Mobile Wallet
O00000264,C0000067,R024,P0027,2026-08-09 10:35:47,Website,Completed,5368.0,300.0,760.2,0,5828.2,Bank Transfer
O00000265,C0000422,R008,P0006,2025-05-16 22:25:05,Website,Completed,9063.0,100.0,1344.45,80,10387.45,Card
O00000266,C0000114,R012,,2025-12-05 13:02:10,Mobile App,Completed,4481.5,0.0,672.22,80,5233.72,Bank Transfer
O00000267,C0000308,R009,,2026-05-28 20:43:16,Delivery Partner,Completed,9497.0,0.0,1424.55,0,10921.55,Card
O00000268,C0000134,R006,P0020,2025-09-08 21:54:14,Mobile App,Completed,7215.5,1082.32,919.98,100,7153.16,Card
O00000269,C0000084,R025,,2025-10-21 20:27:15,Dine-In,Completed,13865.5,0.0,2079.82,0,15945.32,Card
O00000270,C0000717,R010,,2025-05-07 07:43:55,Takeaway,Completed,11935.5,0.0,1790.32,0,13725.82,Cash
O00000271,C0000547,R009,,2025-05-04 18:16:01,Mobile App,Completed,5493.78,0.0,824.07,0,6317.85,Mobile Wallet
O00000272,C0000108,R004,,2026-02-02 08:37:35,Dine-In,Completed,5194.5,0.0,779.18,0,5973.68,Cash
O00000273,C0000173,R011,P0002,2026-03-07 00:46:18,Mobile App,Cancelled,5088.0,254.4,725.04,150,0.0,Mobile Wallet
O00000274,C0000456,R021,,2026-04-29 06:29:37,Dine-In,Completed,7767.5,0.0,1165.12,0,8932.62,Card
O00000275,C0000639,R022,,2025-12-28 21:01:49,Dine-In,Completed,13635.0,0.0,2045.25,0,15680.25,Cash
O00000276,C0000446,R006,,2026-02-17 20:07:20,Delivery Partner,Completed,3707.68,0.0,556.15,0,4263.83,Cash
O00000277,C0000272,R018,,2025-03-08 11:13:10,Delivery Partner,Completed,8742.25,0.0,1311.34,150,10203.59,Card
O00000278,C0000905,R004,,2025-05-26 16:36:40,Mobile App,Completed,11218.0,0.0,1682.7,80,12980.7,Bank Transfer
O00000279,C0000579,R012,,2026-08-23 21:34:02,Mobile App,Completed,1178.0,0.0,176.7,80,1434.7,Mobile Wallet
O00000280,C0000014,R009,,2025-04-10 15:41:33,Delivery Partner,Completed,4281.5,0.0,642.22,150,5073.72,Card
O00000281,C0000290,R015,,2026-03-08 13:38:17,Website,Completed,7098.0,0.0,1064.7,0,8162.7,Cash
O00000282,C0000153,R023,,2025-06-03 15:10:14,Dine-In,Completed,1783.0,0.0,267.45,0,2050.45,Card
O00000283,C0000612,R009,P0010,2026-03-29 19:14:24,Mobile App,Completed,4901.5,200.0,705.22,150,5556.72,Cash
O00000284,C0000003,R006,,2026-03-23 14:01:53,Mobile App,Completed,6320.0,0.0,948.0,0,7268.0,Mobile Wallet
O00000285,C0000154,R011,P0023,2025-07-05 19:36:49,Takeaway,Completed,8374.0,1256.1,1067.68,0,8185.58,Cash
O00000286,C0000092,R007,,2025-07-25 14:42:50,Dine-In,Completed,4427.2,0.0,664.08,0,5091.28,Card
O00000287,C0000020,R025,P0013,2026-02-23 11:31:14,Website,Completed,3247.0,811.75,365.29,80,2880.54,Mobile Wallet
O00000288,C0000130,R014,P0022,2025-10-02 12:39:29,Dine-In,Completed,3871.5,387.15,522.65,0,4007.0,Card
O00000289,C0000430,R016,,2025-06-13 07:12:16,Takeaway,Cancelled,5811.28,0.0,871.69,0,0.0,Card
O00000290,C0000119,R015,,2026-04-06 15:42:17,Takeaway,Completed,6424.5,0.0,963.68,0,7388.18,Mobile Wallet
O00000291,C0000315,R020,,2025-05-22 09:16:30,Dine-In,Completed,1879.5,0.0,281.92,0,2161.42,Cash
O00000292,C0000329,R009,,2026-06-12 19:14:49,Delivery Partner,Completed,7533.5,0.0,1130.02,150,8813.52,Card
O00000293,C0000323,R019,,2025-12-07 14:32:42,Mobile App,Completed,5420.0,0.0,813.0,150,6383.0,Mobile Wallet
O00000294,C0000260,R012,P0025,2025-04-25 19:50:17,Delivery Partner,Completed,6378.5,200.0,926.78,150,7255.28,Card
O00000295,C0000014,R011,P0025,2026-03-17 21:15:54,Mobile App,Completed,4663.0,200.0,669.45,100,5232.45,Cash
O00000296,C0000044,R008,,2025-12-10 20:50:34,Mobile App,Completed,3756.0,0.0,563.4,100,4419.4,Cash
O00000297,C0000621,R003,P0004,2025-08-10 21:12:12,Mobile App,Completed,4261.0,426.1,575.24,80,4490.14,Bank Transfer
O00000298,C0000233,R019,,2025-10-20 17:54:13,Takeaway,Completed,9845.5,0.0,1476.82,0,11322.32,Card
O00000299,C0000476,R003,,2025-08-10 09:21:58,Mobile App,Completed,9641.38,0.0,1446.21,0,11087.59,Cash
O00000300,C0000303,R025,,2025-07-21 21:22:35,Mobile App,Completed,5646.0,0.0,846.9,120,6612.9,Cash
O00000301,C0000003,R003,P0021,2025-05-27 20:35:17,Delivery Partner,Completed,1340.0,0.0,201.0,120,1661.0,Cash
O00000302,C0000615,R006,,2025-09-16 20:42:04,Delivery Partner,Completed,2250.0,0.0,337.5,100,2687.5,Cash
O00000303,C0000005,R011,P0010,2025-07-14 18:49:13,Dine-In,Completed,9407.5,200.0,1381.12,0,10588.62,Card
O00000304,C0000882,R020,,2026-03-11 17:49:24,Dine-In,Completed,7625.0,0.0,1143.75,0,8768.75,Card
O00000305,C0000043,R014,,2026-03-11 01:09:43,Website,Completed,1900.0,0.0,285.0,100,2285.0,Mobile Wallet
O00000306,C0000243,R002,P0010,2025-12-01 19:16:56,Dine-In,Completed,5062.5,200.0,729.38,0,5591.88,Mobile Wallet
O00000307,C0000005,R012,,2026-04-30 07:29:38,Dine-In,Completed,842.0,0.0,126.3,0,968.3,Card
O00000308,C0000789,R016,,2026-06-04 12:12:11,Dine-In,Completed,16250.58,0.0,2437.59,0,18688.17,Mobile Wallet
O00000309,C0000958,R003,P0005,2026-01-10 16:29:39,Takeaway,Completed,9460.0,100.0,1404.0,0,10764.0,Card
O00000310,C0000021,R021,,2026-02-01 14:56:52,Mobile App,Completed,9367.62,0.0,1405.14,100,10872.76,Card
O00000311,C0000079,R016,,2025-08-01 02:45:52,Mobile App,Completed,7776.9,0.0,1166.53,0,8943.43,Cash
O00000312,C0000001,R010,,2026-07-03 20:29:27,Delivery Partner,Completed,4026.6,0.0,603.99,150,4780.59,Cash
O00000313,C0000599,R020,P0028,2025-03-14 20:06:34,Mobile App,Completed,4736.98,500.0,635.55,0,4872.53,Cash
O00000314,C0000088,R005,,2025-09-08 18:09:53,Takeaway,Completed,6954.6,0.0,1043.19,0,7997.79,Cash
O00000315,C0000325,R013,,2026-04-01 16:34:00,Mobile App,Completed,13964.0,0.0,2094.6,150,16208.6,Mobile Wallet
O00000316,C0000003,R012,P0012,2025-04-12 22:01:02,Dine-In,Completed,7117.0,150.0,1045.05,0,8012.05,Cash
O00000317,C0000490,R001,,2025-06-07 08:29:42,Delivery Partner,Cancelled,7134.0,0.0,1070.1,120,0.0,Cash
O00000318,C0000260,R020,,2026-01-16 19:18:49,Takeaway,Completed,3458.0,0.0,518.7,0,3976.7,Bank Transfer
O00000319,C0000504,R011,P0028,2025-12-30 08:38:06,Delivery Partner,Completed,13602.0,500.0,1965.3,120,15187.3,Mobile Wallet
O00000320,C0000604,R019,,2026-04-10 13:36:08,Mobile App,Completed,1554.0,0.0,233.1,100,1887.1,Card
O00000321,C0000009,R015,P0021,2026-05-19 17:59:35,Delivery Partner,Completed,6491.5,100.0,958.72,150,7500.22,Cash
O00000322,C0000312,R018,P0009,2025-05-08 19:02:22,Mobile App,Completed,7216.5,721.65,974.23,80,7549.08,Mobile Wallet
O00000323,C0000400,R016,,2025-03-10 00:24:23,Delivery Partner,Completed,1848.2,0.0,277.23,120,2245.43,Cash
O00000324,C0000247,R007,P0024,2026-03-14 12:33:09,Mobile App,Completed,3400.0,1020.0,357.0,150,2887.0,Card
O00000325,C0000031,R010,,2025-08-12 16:54:49,Mobile App,Completed,5363.0,0.0,804.45,80,6247.45,Mobile Wallet
O00000326,C0000614,R025,,2026-02-06 16:57:54,Mobile App,Refunded,9100.0,0.0,1365.0,80,10545.0,Card
O00000327,C0000995,R016,,2025-05-20 18:21:47,Delivery Partner,Completed,3068.5,0.0,460.28,80,3608.78,Mobile Wallet
O00000328,C0000936,R017,,2025-11-14 12:37:11,Delivery Partner,Refunded,9474.0,0.0,1421.1,150,11045.1,Cash
O00000329,C0000584,R007,P0030,2025-12-02 16:13:18,Takeaway,Completed,5712.0,150.0,834.3,0,6396.3,Mobile Wallet
O00000330,C0000160,R011,,2026-01-13 10:38:31,Dine-In,Completed,14790.5,0.0,2218.57,0,17009.07,Card
O00000331,C0000103,R017,,2025-12-07 10:53:23,Dine-In,Completed,4416.0,0.0,662.4,0,5078.4,Card
O00000332,C0000006,R005,P0013,2025-11-28 17:01:21,Takeaway,Completed,2578.5,644.62,290.08,0,2223.96,Bank Transfer
O00000333,C0000158,R001,,2025-08-30 18:31:02,Delivery Partner,Cancelled,7301.1,0.0,1095.16,0,0.0,Card
O00000334,C0000023,R003,,2025-04-07 08:42:39,Dine-In,Completed,5826.9,0.0,874.04,0,6700.94,Mobile Wallet
O00000335,C0000059,R016,P0020,2025-04-17 08:52:26,Mobile App,Completed,1491.5,223.72,190.17,0,1457.95,Cash
O00000336,C0000783,R024,,2025-10-26 17:02:18,Website,Cancelled,7335.7,0.0,1100.36,80,0.0,Mobile Wallet
O00000337,C0000934,R015,,2025-09-12 12:40:08,Delivery Partner,Completed,4321.5,0.0,648.22,120,5089.72,Mobile Wallet
O00000338,C0000893,R004,P0002,2025-12-08 13:07:58,Mobile App,Completed,7383.0,369.15,1052.08,150,8215.93,Bank Transfer
O00000339,C0000035,R012,,2025-08-14 13:25:50,Dine-In,Completed,4456.1,0.0,668.42,0,5124.52,Bank Transfer
O00000340,C0000800,R001,,2026-03-14 09:31:48,Delivery Partner,Completed,5301.0,0.0,795.15,150,6246.15,Cash
O00000341,C0000020,R017,P0029,2026-06-16 00:10:12,Dine-In,Completed,890.0,0.0,133.5,0,1023.5,Card
O00000342,C0000238,R024,,2025-08-10 20:49:01,Website,Completed,10520.0,0.0,1578.0,150,12248.0,Mobile Wallet
O00000343,C0000392,R015,P0009,2025-06-12 18:00:35,Dine-In,Completed,4269.0,426.9,576.31,0,4418.41,Card
O00000344,C0000196,R024,,2025-05-01 18:14:28,Dine-In,Completed,2460.7,0.0,369.1,0,2829.8,Card
O00000345,C0000900,R020,,2026-01-31 16:03:10,Delivery Partner,Completed,5544.0,0.0,831.6,150,6525.6,Cash
O00000346,C0000101,R020,,2025-11-01 18:03:33,Website,Completed,12272.0,0.0,1840.8,80,14192.8,Card
O00000347,C0000258,R010,P0012,2025-06-09 21:27:03,Takeaway,Completed,8259.5,150.0,1216.42,0,9325.92,Mobile Wallet
O00000348,C0000007,R011,,2026-02-22 18:09:03,Mobile App,Completed,1610.0,0.0,241.5,150,2001.5,Mobile Wallet
O00000349,C0000710,R018,,2025-05-18 12:10:51,Mobile App,Completed,5869.5,0.0,880.42,120,6869.92,Card
O00000350,C0000156,R002,,2025-12-27 17:49:00,Dine-In,Completed,6394.0,0.0,959.1,0,7353.1,Cash
O00000351,C0000468,R006,P0023,2025-12-14 14:22:24,Website,Completed,8403.0,1260.45,1071.38,120,8333.93,Card
O00000352,C0000443,R016,,2026-04-07 16:46:25,Website,Completed,5123.0,0.0,768.45,150,6041.45,Bank Transfer
O00000353,C0000435,R024,,2025-03-30 15:02:10,Delivery Partner,Completed,12631.64,0.0,1894.75,150,14676.39,Card
O00000354,C0000238,R007,,2026-06-29 20:38:22,Mobile App,Completed,3365.5,0.0,504.82,150,4020.32,Bank Transfer
O00000355,C0000070,R023,,2026-03-22 18:38:01,Website,Completed,7370.0,0.0,1105.5,100,8575.5,Card
O00000356,C0000368,R019,P0026,2025-06-25 10:16:18,Mobile App,Completed,5010.5,751.58,638.84,150,5047.76,Mobile Wallet
O00000357,C0000920,R012,P0003,2025-06-07 07:21:28,Takeaway,Completed,9080.0,200.0,1332.0,0,10212.0,Mobile Wallet
O00000358,C0000678,R018,P0024,2025-10-25 14:51:39,Mobile App,Completed,6708.0,2012.4,704.34,150,5549.94,Bank Transfer
O00000359,C0000012,R010,P0014,2026-05-22 02:26:54,Delivery Partner,Completed,11086.0,300.0,1617.9,100,12503.9,Mobile Wallet
O00000360,C0000002,R007,,2026-06-05 12:55:51,Dine-In,Completed,3630.0,0.0,544.5,0,4174.5,Card
O00000361,C0000230,R004,,2025-12-10 13:15:03,Takeaway,Completed,3260.0,0.0,489.0,0,3749.0,Mobile Wallet
O00000362,C0000582,R017,P0023,2026-06-14 13:15:56,Mobile App,Completed,4171.5,625.72,531.87,0,4077.65,Mobile Wallet
O00000363,C0000089,R017,,2025-03-03 22:39:15,Dine-In,Completed,4884.92,0.0,732.74,0,5617.66,Cash
O00000364,C0000469,R004,P0013,2025-03-19 12:02:46,Delivery Partner,Completed,17459.95,4364.99,1964.24,100,15159.2,Cash
O00000365,C0000860,R021,,2026-07-12 12:51:36,Dine-In,Completed,5640.0,0.0,846.0,0,6486.0,Card
O00000366,C0000193,R005,,2026-04-28 08:46:26,Website,Completed,3060.0,0.0,459.0,120,3639.0,Mobile Wallet
O00000367,C0000054,R001,P0028,2025-11-04 15:32:04,Takeaway,Completed,6430.0,500.0,889.5,0,6819.5,Card
O00000368,C0000832,R019,P0017,2026-04-17 09:41:14,Dine-In,Completed,12158.5,300.0,1778.78,0,13637.28,Card
O00000369,C0000205,R022,,2026-08-06 17:01:22,Delivery Partner,Completed,6943.0,0.0,1041.45,0,7984.45,Cash
O00000370,C0000152,R023,,2026-04-26 09:38:48,Mobile App,Completed,6650.0,0.0,997.5,0,7647.5,Card
O00000371,C0000113,R011,,2026-06-04 17:45:02,Dine-In,Completed,1711.0,0.0,256.65,0,1967.65,Cash
O00000372,C0000163,R001,,2026-04-21 20:47:17,Takeaway,Completed,4660.0,0.0,699.0,0,5359.0,Card
O00000373,C0000431,R008,,2025-05-30 06:26:42,Takeaway,Completed,7823.5,0.0,1173.52,0,8997.02,Bank Transfer
O00000374,C0000172,R004,,2026-05-30 14:59:25,Takeaway,Completed,8520.0,0.0,1278.0,0,9798.0,Mobile Wallet
O00000375,C0000095,R025,,2025-06-13 14:14:05,Mobile App,Completed,4936.5,0.0,740.48,100,5776.98,Card
O00000376,C0000532,R022,P0003,2026-07-02 19:06:58,Mobile App,Completed,2630.0,200.0,364.5,100,2894.5,Card
O00000377,C0000038,R015,,2025-11-08 14:44:43,Mobile App,Completed,8770.0,0.0,1315.5,150,10235.5,Card
O00000378,C0000038,R017,,2026-03-07 17:56:53,Takeaway,Completed,3377.5,0.0,506.62,0,3884.12,Cash
O00000379,C0000463,R018,,2025-11-29 19:41:57,Mobile App,Cancelled,3380.0,0.0,507.0,80,0.0,Bank Transfer
O00000380,C0000736,R003,P0002,2025-04-19 16:08:16,Dine-In,Completed,3564.0,178.2,507.87,0,3893.67,Card
O00000381,C0000053,R018,,2025-08-05 13:40:45,Mobile App,Completed,5770.0,0.0,865.5,80,6715.5,Card
O00000382,C0000034,R007,P0004,2026-08-22 07:05:37,Mobile App,Completed,5247.8,524.78,708.45,100,5531.47,Card
O00000383,C0000427,R017,,2026-08-09 19:55:41,Takeaway,Completed,5321.5,0.0,798.22,0,6119.72,Cash
O00000384,C0000363,R025,P0001,2025-08-23 20:56:47,Dine-In,Completed,4111.0,500.0,541.65,0,4152.65,Cash
O00000385,C0000183,R018,P0013,2026-08-29 22:11:49,Dine-In,Completed,1840.0,0.0,276.0,0,2116.0,Cash
O00000386,C0000010,R020,,2026-06-06 21:29:26,Mobile App,Completed,10066.5,0.0,1509.98,100,11676.48,Card
O00000387,C0000009,R008,,2026-01-28 19:54:19,Mobile App,Completed,7702.5,0.0,1155.38,80,8937.88,Cash
O00000388,C0000584,R011,,2025-03-22 18:19:05,Mobile App,Completed,7130.0,0.0,1069.5,120,8319.5,Bank Transfer
O00000389,C0000187,R003,,2026-07-06 19:19:50,Delivery Partner,Completed,4606.5,0.0,690.98,80,5377.48,Mobile Wallet
O00000390,C0000721,R025,,2025-12-28 14:53:34,Mobile App,Completed,5708.5,0.0,856.28,0,6564.78,Mobile Wallet
O00000391,C0000309,R007,,2026-06-19 17:45:11,Website,Cancelled,9963.55,0.0,1494.53,80,0.0,Mobile Wallet
O00000392,C0000360,R015,P0005,2026-05-31 13:26:47,Dine-In,Completed,6655.5,100.0,983.32,0,7538.82,Mobile Wallet
O00000393,C0000865,R010,P0005,2026-05-30 12:19:02,Takeaway,Completed,11292.0,100.0,1678.8,0,12870.8,Cash
O00000394,C0000026,R012,,2026-03-19 19:58:47,Takeaway,Completed,7875.5,0.0,1181.32,0,9056.82,Card
O00000395,C0000274,R012,,2025-08-06 14:06:03,Mobile App,Completed,6062.0,0.0,909.3,0,6971.3,Cash
O00000396,C0000005,R019,,2025-08-31 10:39:56,Takeaway,Completed,7180.0,0.0,1077.0,0,8257.0,Cash
O00000397,C0000117,R019,,2025-08-16 10:39:51,Mobile App,Completed,1122.5,0.0,168.38,100,1390.88,Card
O00000398,C0000021,R015,,2025-03-11 20:29:44,Website,Completed,2128.5,0.0,319.27,0,2447.77,Card
O00000399,C0000033,R021,,2026-01-11 18:07:03,Dine-In,Completed,6978.0,0.0,1046.7,0,8024.7,Cash
O00000400,C0000866,R021,,2026-03-19 16:01:03,Mobile App,Completed,1631.5,0.0,244.72,150,2026.22,Card
O00000401,C0000351,R005,,2026-06-11 13:13:38,Dine-In,Completed,2702.0,0.0,405.3,0,3107.3,Cash
O00000402,C0000783,R013,,2025-05-14 14:09:20,Mobile App,Completed,3998.7,0.0,599.8,150,4748.5,Mobile Wallet
O00000403,C0000180,R025,,2025-12-22 06:49:43,Website,Completed,3150.0,0.0,472.5,120,3742.5,Bank Transfer
O00000404,C0000335,R009,P0015,2025-03-05 14:17:01,Website,Completed,5629.7,200.0,814.46,100,6344.16,Mobile Wallet
O00000405,C0000002,R022,,2025-04-20 19:17:15,Takeaway,Completed,6505.0,0.0,975.75,0,7480.75,Mobile Wallet
O00000406,C0000203,R023,P0016,2025-03-30 13:15:06,Takeaway,Completed,14097.5,200.0,2084.62,0,15982.12,Card
O00000407,C0000297,R010,,2026-04-03 13:51:18,Mobile App,Completed,5626.5,0.0,843.98,80,6550.48,Cash
O00000408,C0000001,R008,,2025-04-13 02:04:42,Dine-In,Completed,11089.5,0.0,1663.42,0,12752.92,Mobile Wallet
O00000409,C0000604,R009,,2026-03-29 14:51:32,Delivery Partner,Completed,5420.0,0.0,813.0,150,6383.0,Cash
O00000410,C0000079,R006,,2025-07-13 04:30:08,Takeaway,Completed,2132.0,0.0,319.8,0,2451.8,Card
O00000411,C0000188,R024,,2026-06-23 17:36:36,Delivery Partner,Completed,4138.5,0.0,620.78,120,4879.28,Mobile Wallet
O00000412,C0000266,R018,,2026-05-19 15:19:57,Delivery Partner,Completed,8174.0,0.0,1226.1,100,9500.1,Mobile Wallet
O00000413,C0000984,R010,P0004,2026-08-08 20:22:16,Takeaway,Completed,4612.0,461.2,622.62,0,4773.42,Card
O00000414,C0000011,R024,P0010,2026-06-27 17:31:26,Takeaway,Completed,8608.0,200.0,1261.2,0,9669.2,Bank Transfer
O00000415,C0000287,R015,,2026-07-25 12:41:32,Website,Completed,8434.0,0.0,1265.1,120,9819.1,Card
O00000416,C0000261,R013,,2026-06-13 15:16:48,Dine-In,Completed,7453.0,0.0,1117.95,0,8570.95,Cash
O00000417,C0000006,R011,,2026-03-16 18:12:11,Mobile App,Completed,2160.0,0.0,324.0,150,2634.0,Card
O00000418,C0000379,R002,,2025-05-31 07:48:56,Dine-In,Completed,10982.3,0.0,1647.34,0,12629.64,Mobile Wallet
O00000419,C0000075,R008,P0002,2025-07-26 17:49:44,Mobile App,Completed,9130.0,456.5,1301.02,100,10074.52,Card
O00000420,C0000011,R018,,2025-06-23 21:12:55,Dine-In,Completed,3347.0,0.0,502.05,0,3849.05,Mobile Wallet
O00000421,C0000030,R003,P0011,2026-01-24 12:16:10,Takeaway,Completed,5829.0,1457.25,655.76,0,5027.51,Card
O00000422,C0000660,R023,,2025-12-02 17:59:12,Mobile App,Cancelled,6097.5,0.0,914.62,150,0.0,Card
O00000423,C0000012,R025,,2026-06-18 20:14:30,Delivery Partner,Cancelled,11751.88,0.0,1762.78,100,0.0,Cash
O00000424,C0000200,R003,,2026-08-04 15:25:12,Takeaway,Completed,3781.0,0.0,567.15,0,4348.15,Cash
O00000425,C0000035,R021,,2025-10-10 18:43:37,Mobile App,Completed,4956.0,0.0,743.4,80,5779.4,Cash
O00000426,C0000025,R025,,2025-12-03 12:27:25,Mobile App,Completed,2980.0,0.0,447.0,80,3507.0,Card
O00000427,C0000039,R007,,2026-08-15 12:41:30,Dine-In,Completed,6399.72,0.0,959.96,0,7359.68,Mobile Wallet
O00000428,C0000224,R018,P0015,2025-07-28 18:44:21,Mobile App,Completed,2190.0,200.0,298.5,80,2368.5,Mobile Wallet
O00000429,C0000052,R021,,2026-05-08 18:29:05,Website,Completed,4727.5,0.0,709.12,150,5586.62,Cash
O00000430,C0000010,R021,,2025-06-29 21:42:19,Dine-In,Refunded,13062.0,0.0,1959.3,0,15021.3,Card
O00000431,C0000623,R009,,2026-03-10 11:34:20,Website,Completed,8103.9,0.0,1215.58,150,9469.48,Card
O00000432,C0000271,R018,,2025-07-15 14:21:09,Website,Completed,4468.1,0.0,670.22,100,5238.32,Card
O00000433,C0000024,R001,,2026-06-27 11:09:18,Dine-In,Completed,3244.0,0.0,486.6,0,3730.6,Card
O00000434,C0000204,R004,,2025-12-31 07:10:34,Mobile App,Completed,8419.58,0.0,1262.94,0,9682.52,Cash
O00000435,C0000006,R004,P0022,2025-06-08 13:37:25,Mobile App,Completed,11591.0,1159.1,1564.78,100,12096.68,Mobile Wallet
O00000436,C0000315,R017,,2025-06-29 13:32:06,Website,Completed,9240.2,0.0,1386.03,100,10726.23,Bank Transfer
O00000437,C0000105,R023,,2025-11-27 12:05:36,Mobile App,Completed,5766.0,0.0,864.9,0,6630.9,Cash
O00000438,C0000011,R002,,2026-08-09 12:36:07,Dine-In,Completed,3979.5,0.0,596.92,0,4576.42,Mobile Wallet
O00000439,C0000032,R015,P0016,2026-04-25 13:06:04,Delivery Partner,Completed,2030.0,200.0,274.5,100,2204.5,Cash
O00000440,C0000108,R013,P0023,2025-11-24 23:53:43,Mobile App,Completed,5699.5,854.92,726.69,80,5651.27,Cash
O00000441,C0000631,R009,,2025-09-01 19:43:35,Website,Completed,3707.35,0.0,556.1,150,4413.45,Bank Transfer
O00000442,C0000028,R007,,2025-12-25 07:11:50,Dine-In,Completed,5294.5,0.0,794.18,0,6088.68,Mobile Wallet
O00000443,C0000013,R012,,2026-04-14 20:06:27,Website,Completed,8992.0,0.0,1348.8,80,10420.8,Card
O00000444,C0000246,R012,,2026-05-03 18:01:49,Mobile App,Completed,8289.5,0.0,1243.42,0,9532.92,Mobile Wallet
O00000445,C0000291,R014,,2025-08-25 20:59:02,Delivery Partner,Completed,7606.0,0.0,1140.9,0,8746.9,Mobile Wallet
O00000446,C0000009,R023,P0029,2026-03-31 13:00:38,Mobile App,Completed,3161.0,948.3,331.9,0,2544.6,Mobile Wallet
O00000447,C0000073,R015,P0029,2026-02-25 14:22:07,Takeaway,Completed,6423.0,1926.9,674.42,0,5170.52,Cash
O00000448,C0000063,R001,,2026-08-08 20:24:14,Dine-In,Completed,8179.0,0.0,1226.85,0,9405.85,Mobile Wallet
O00000449,C0000032,R009,P0007,2026-07-23 12:17:52,Delivery Partner,Completed,10751.9,200.0,1582.78,0,12134.68,Mobile Wallet
O00000450,C0000090,R016,,2026-05-06 21:43:26,Mobile App,Completed,5491.2,0.0,823.68,100,6414.88,Card
O00000451,C0000003,R009,,2026-04-02 20:06:48,Delivery Partner,Completed,2194.0,0.0,329.1,100,2623.1,Card
O00000452,C0000402,R016,,2025-07-27 22:50:50,,Completed,3207.0,0.0,481.05,0,3688.05,Cash
O00000453,C0000976,R002,P0003,2026-06-06 12:53:35,Website,Completed,16326.0,200.0,2418.9,100,18644.9,Cash
O00000454,C0000379,R010,P0009,2025-10-23 11:02:15,Mobile App,Completed,7348.5,734.85,992.05,0,7605.7,Card
O00000455,C0000118,R025,P0003,2025-07-26 12:28:25,Mobile App,Completed,3880.5,200.0,552.07,100,4332.57,Mobile Wallet
O00000456,C0000423,R018,,2025-09-29 21:09:44,Website,Completed,4277.5,0.0,641.62,100,5019.12,Mobile Wallet
O00000457,C0000305,R013,P0020,2026-06-01 13:58:43,Dine-In,Cancelled,4720.0,708.0,601.8,0,0.0,Card
O00000458,C0000701,R002,,2025-05-19 17:58:03,Mobile App,Completed,6372.9,0.0,955.94,80,7408.84,Mobile Wallet
O00000459,C0000364,R013,,2025-11-07 13:42:11,Mobile App,Completed,10002.5,0.0,1500.38,80,11582.88,Mobile Wallet
O00000460,C0000379,R024,,2025-11-26 13:04:16,Takeaway,Completed,7290.0,0.0,1093.5,0,8383.5,Card
O00000461,C0000045,R003,,2025-03-20 10:33:57,Mobile App,Completed,9699.0,0.0,1454.85,80,11233.85,Cash
O00000462,C0000158,R015,,2025-06-14 16:07:40,Mobile App,Completed,2907.12,0.0,436.07,0,3343.19,Card
O00000463,C0000108,R003,,2026-05-27 20:13:43,Takeaway,Completed,5666.0,0.0,849.9,0,6515.9,Cash
O00000464,C0000001,R023,,2026-05-29 06:39:25,Takeaway,Completed,6948.5,0.0,1042.27,0,7990.77,Cash
O00000465,C0000089,R010,P0013,2025-08-07 20:54:30,Website,Completed,9995.5,2498.88,1124.49,100,8721.11,Cash
O00000466,C0000218,R006,,2026-06-22 18:05:14,Dine-In,Completed,3550.0,0.0,532.5,0,4082.5,Mobile Wallet
O00000467,C0000338,R023,,2026-04-26 17:00:51,Takeaway,Completed,3601.0,0.0,540.15,0,4141.15,Cash
O00000468,C0000865,R022,P0012,2025-10-18 17:55:33,Mobile App,Completed,10461.0,150.0,1546.65,120,11977.65,Card
O00000469,C0000052,R014,P0003,2026-04-14 12:32:28,Dine-In,Completed,4081.5,200.0,582.22,0,4463.72,Bank Transfer
O00000470,C0000022,R009,P0008,2026-08-09 13:39:08,Mobile App,Completed,9850.0,2462.5,1108.12,80,8575.62,Mobile Wallet
O00000471,C0000741,R018,,2025-11-09 19:10:13,Takeaway,Cancelled,1373.0,0.0,205.95,0,0.0,Mobile Wallet
O00000472,C0000880,R008,,2025-07-07 12:49:35,Delivery Partner,Completed,710.0,0.0,106.5,120,936.5,Cash
O00000473,C0000219,R006,,2026-07-29 14:23:03,Takeaway,Completed,7536.75,0.0,1130.51,0,8667.26,Card
O00000474,C0000014,R015,,2026-01-24 02:09:58,Dine-In,Completed,6930.0,0.0,1039.5,0,7969.5,Card
O00000475,C0000217,R014,,2025-04-25 19:43:37,Mobile App,Completed,8332.0,0.0,1249.8,150,9731.8,Card
O00000476,C0000013,R015,P0012,2026-01-06 14:51:55,Dine-In,Completed,6721.0,150.0,985.65,0,7556.65,Card
O00000477,C0000767,R020,P0022,2025-11-30 16:22:36,Delivery Partner,Completed,7058.8,705.88,952.94,100,7405.86,Card
O00000478,C0000479,R006,,2026-06-12 08:15:59,Website,Completed,7065.0,0.0,1059.75,80,8204.75,Bank Transfer
O00000479,C0000053,R022,P0026,2025-12-15 23:36:23,Website,Completed,8615.5,1292.32,1098.48,80,8501.66,Card
O00000480,C0000773,R012,,2025-07-16 12:15:16,Mobile App,Completed,9098.95,0.0,1364.84,100,10563.79,Cash
O00000481,C0000384,R010,P0019,2026-03-07 18:55:12,Delivery Partner,Completed,7614.5,500.0,1067.18,100,8281.68,Card
O00000482,C0000903,R019,,2025-12-21 17:43:19,Mobile App,Completed,9813.5,0.0,1472.02,120,11405.52,Card
O00000483,C0000959,R008,,2025-07-04 19:30:16,Dine-In,Completed,1080.0,0.0,162.0,0,1242.0,Cash
O00000484,C0000001,R005,P0016,2026-01-06 12:05:50,Dine-In,Completed,6708.5,200.0,976.28,0,7484.78,Mobile Wallet
O00000485,C0000015,R010,,2026-05-24 19:29:26,Website,Completed,7893.0,0.0,1183.95,120,9196.95,Card
O00000486,C0000278,R011,,2025-03-16 13:36:54,Delivery Partner,Completed,6850.5,0.0,1027.58,100,7978.08,Card
O00000487,C0000908,R020,,2026-02-08 13:00:32,Dine-In,Completed,8000.0,0.0,1200.0,0,9200.0,Mobile Wallet
O00000488,C0000988,R014,,2025-09-08 18:50:20,Delivery Partner,Completed,5259.5,0.0,788.92,100,6148.42,Mobile Wallet
O00000489,C0000300,R014,P0029,2025-08-07 19:41:16,Delivery Partner,Completed,2877.0,863.1,302.08,80,2395.98,Bank Transfer
O00000490,C0000029,R002,,2025-10-04 18:24:21,Takeaway,Completed,9556.5,0.0,1433.48,0,10989.98,Cash
O00000491,C0000025,R017,P0001,2025-09-04 20:45:24,Website,Completed,3249.0,500.0,412.35,80,3241.35,Card
O00000492,C0000563,R015,,2026-05-30 12:56:02,Dine-In,Cancelled,3440.0,0.0,516.0,0,0.0,Cash
O00000493,C0000328,R023,P0017,2025-07-27 20:20:26,Delivery Partner,Cancelled,11534.0,300.0,1685.1,150,0.0,Mobile Wallet
O00000494,C0000280,R003,,2026-04-06 08:34:26,Mobile App,Cancelled,546.0,0.0,81.9,120,0.0,Card
O00000495,C0000199,R003,P0007,2025-04-19 18:37:45,Mobile App,Completed,2474.0,200.0,341.1,100,2715.1,Mobile Wallet
O00000496,C0000504,R003,,2026-08-04 16:04:11,Delivery Partner,Completed,9032.0,0.0,1354.8,80,10466.8,Bank Transfer
O00000497,C0000721,R003,,2026-02-03 15:48:14,Dine-In,Cancelled,10990.0,0.0,1648.5,0,0.0,Card
O00000498,C0000083,R018,,2026-03-23 12:49:37,Delivery Partner,Refunded,14017.0,0.0,2102.55,100,16219.55,Cash
O00000499,C0000045,R006,,2025-08-10 15:11:19,Dine-In,Completed,5577.5,0.0,836.62,0,6414.12,Card
O00000500,C0000426,R014,,2025-10-14 09:04:21,Website,Completed,7850.62,0.0,1177.59,120,9148.21,Cash
O00000501,C0000826,R003,P0019,2025-06-29 13:08:01,Mobile App,Completed,8290.0,500.0,1168.5,80,9038.5,Mobile Wallet
O00000502,C0000110,R001,P0011,2026-07-24 08:43:03,Website,Completed,7882.0,1970.5,886.72,100,6898.22,Cash
O00000503,C0000067,R010,,2025-11-24 17:51:44,Mobile App,Completed,3324.0,0.0,498.6,100,3922.6,Card
O00000504,C0000047,R013,,2026-02-08 08:08:12,Delivery Partner,Completed,3969.5,0.0,595.42,80,4644.92,Cash
O00000505,C0000059,R009,,2026-04-07 09:34:54,Takeaway,Completed,8919.5,0.0,1337.92,0,10257.42,Cash
O00000506,C0000018,R022,P0024,2025-09-21 07:00:31,Takeaway,Completed,4294.5,1288.35,450.92,0,3457.07,Cash
O00000507,C0000334,R022,P0020,2026-03-31 13:53:58,Takeaway,Completed,11706.7,1756.0,1492.6,0,11443.3,Card
O00000508,C0000072,R025,,2026-03-07 20:46:21,Website,Completed,7525.0,0.0,1128.75,80,8733.75,Cash
O00000509,C0000356,R002,,2026-03-23 20:09:24,Mobile App,Completed,3342.0,0.0,501.3,100,3943.3,Card
O00000510,C0000008,R010,,2025-11-24 07:45:26,Mobile App,Completed,4864.2,0.0,729.63,150,5743.83,Mobile Wallet
O00000511,C0000014,R025,,2025-09-28 18:38:54,Delivery Partner,Completed,4360.0,0.0,654.0,80,5094.0,Bank Transfer
O00000512,C0000267,R012,,2025-06-28 18:35:16,Delivery Partner,Completed,5406.0,0.0,810.9,100,6316.9,Mobile Wallet
O00000513,C0000242,R019,,2026-05-25 16:57:05,Dine-In,Completed,9614.0,0.0,1442.1,0,11056.1,Card
O00000514,C0000067,R003,,2026-01-26 18:36:42,Mobile App,Completed,10046.0,0.0,1506.9,150,11702.9,Mobile Wallet
O00000515,C0000667,R019,,2025-11-01 11:51:50,Dine-In,Completed,4227.0,0.0,634.05,0,4861.05,Card
O00000516,C0000033,R001,P0003,2026-07-31 15:47:15,Delivery Partner,Completed,9408.7,200.0,1381.3,100,10690.0,Card
O00000517,C0000118,R015,,2025-03-26 13:34:07,Delivery Partner,Refunded,6010.0,0.0,901.5,80,6991.5,Card
O00000518,C0000287,R023,P0017,2026-06-08 07:16:32,Delivery Partner,Completed,11485.1,300.0,1677.76,0,12862.86,Card
O00000519,C0000737,R013,,2026-08-30 17:12:09,Website,Completed,5121.0,0.0,768.15,150,6039.15,Mobile Wallet
O00000520,C0000160,R007,P0011,2026-06-28 15:05:33,Mobile App,Completed,2078.0,519.5,233.77,80,1872.27,Cash
O00000521,C0000145,R002,P0026,2026-05-17 12:57:18,Mobile App,Completed,5099.5,764.92,650.19,150,5134.77,Card
O00000522,C0000314,R022,,2025-09-23 14:36:13,Mobile App,Cancelled,18211.0,0.0,2731.65,100,0.0,Card
O00000523,C0000091,R020,,2025-07-03 19:47:02,Dine-In,Completed,8777.0,0.0,1316.55,0,10093.55,Mobile Wallet
O00000524,C0000481,R011,P0010,2026-04-07 19:31:54,Delivery Partner,Completed,2813.0,200.0,391.95,80,3084.95,Cash
O00000525,C0000056,R023,,2025-08-14 18:10:55,Mobile App,Completed,1892.5,0.0,283.88,80,2256.38,Card
O00000526,C0000660,R016,,2025-06-03 14:16:40,Delivery Partner,Completed,4504.0,0.0,675.6,100,5279.6,Mobile Wallet
O00000527,C0000067,R014,P0008,2026-05-04 17:04:22,Delivery Partner,Completed,5398.5,1349.62,607.33,0,4656.21,Cash
O00000528,C0000985,R023,,2025-08-18 13:05:39,Delivery Partner,Cancelled,6982.5,0.0,1047.38,100,0.0,Bank Transfer
O00000529,C0000091,R015,,2026-07-14 08:09:10,Mobile App,Completed,12696.0,0.0,1904.4,120,14720.4,Mobile Wallet
O00000530,C0000759,R020,,2026-06-03 13:52:46,Dine-In,Completed,24632.0,0.0,3694.8,0,28326.8,Card
O00000531,C0000144,R019,,2026-06-07 16:32:05,Takeaway,Completed,12826.0,0.0,1923.9,0,14749.9,Mobile Wallet
O00000532,C0000055,R007,P0027,2026-04-26 17:29:33,Mobile App,Completed,10899.5,300.0,1589.92,80,12269.42,Bank Transfer
O00000533,C0000047,R009,P0010,2026-06-25 21:20:00,Dine-In,Completed,6021.0,200.0,873.15,0,6694.15,Card
O00000534,C0000707,R004,P0012,2026-05-15 19:41:34,Dine-In,Completed,10888.5,150.0,1610.78,0,12349.28,Cash
O00000535,C0000086,R006,P0018,2026-01-23 09:16:24,Website,Completed,6067.68,1820.3,637.11,150,5034.49,Mobile Wallet
O00000536,C0000104,R023,,2025-08-09 09:26:28,Delivery Partner,Completed,4894.32,0.0,734.15,120,5748.47,Cash
O00000537,C0000036,R010,,2026-06-29 08:02:22,Delivery Partner,Cancelled,5628.98,0.0,844.35,80,0.0,Cash
O00000538,C0000919,R003,,2026-06-03 19:59:17,Dine-In,Completed,7800.0,0.0,1170.0,0,8970.0,Mobile Wallet
O00000539,C0000055,R021,P0006,2025-11-16 18:28:13,Delivery Partner,Completed,3961.5,100.0,579.22,150,4590.72,Cash
O00000540,C0000056,R001,,2025-03-22 23:01:16,Website,Completed,5228.2,0.0,784.23,100,6112.43,Mobile Wallet
O00000541,C0000884,R006,,2026-02-13 15:28:01,Website,Completed,5122.0,0.0,768.3,80,5970.3,Card
O00000542,C0000800,R005,,2025-03-28 20:48:30,Takeaway,Completed,8875.0,0.0,1331.25,0,10206.25,Mobile Wallet
O00000543,C0000056,R023,P0016,2026-07-20 17:35:18,Website,Completed,6558.5,200.0,953.78,150,7462.28,Cash
O00000544,C0000733,R015,,2026-08-09 20:33:31,Website,Completed,13884.0,0.0,2082.6,0,15966.6,Card
O00000545,C0000057,R025,P0025,2025-06-10 19:36:53,Mobile App,Completed,2661.0,200.0,369.15,80,2910.15,Card
O00000546,C0000008,R011,P0030,2026-03-07 18:41:27,Takeaway,Cancelled,2800.0,150.0,397.5,0,0.0,Cash
O00000547,C0000655,R020,,2025-04-19 17:00:40,Delivery Partner,Completed,1910.17,0.0,286.53,120,2316.7,Card
O00000548,C0000575,R025,P0017,2026-04-05 19:59:07,Delivery Partner,Completed,13940.9,300.0,2046.13,100,15787.03,Card
O00000549,C0000079,R013,P0013,2025-09-07 14:25:41,Delivery Partner,Completed,3690.0,922.5,415.12,150,3332.62,Bank Transfer
O00000550,C0000009,R006,,2026-03-10 08:00:40,Takeaway,Completed,8911.5,0.0,1336.72,0,10248.22,Card
O00000551,C0000039,R005,,2025-09-22 05:58:58,Mobile App,Completed,11955.6,0.0,1793.34,80,13828.94,Card
O00000552,C0000574,R002,,2025-05-17 14:57:58,Takeaway,Refunded,7409.0,0.0,1111.35,0,8520.35,Card
O00000553,C0000926,R017,P0026,2025-10-11 17:03:39,Website,Completed,4158.78,623.82,530.24,100,4165.2,Bank Transfer
O00000554,C0000061,R024,P0013,2025-04-29 07:38:38,Delivery Partner,Completed,9746.0,2436.5,1096.42,80,8485.92,Mobile Wallet
O00000555,C0000651,R012,,2026-01-08 12:13:21,Dine-In,Completed,10167.88,0.0,1525.18,0,11693.06,Mobile Wallet
O00000556,C0000048,R012,,2025-03-23 12:45:23,Delivery Partner,Cancelled,6255.5,0.0,938.32,80,0.0,Card
O00000557,C0000439,R022,,2025-12-14 16:17:37,Website,Completed,5095.0,0.0,764.25,100,5959.25,Card
O00000558,C0000008,R014,P0027,2026-06-28 12:33:01,Dine-In,Completed,11221.5,300.0,1638.22,0,12559.72,Cash
O00000559,C0000321,R007,P0011,2026-06-02 08:00:40,Takeaway,Completed,9233.5,2308.38,1038.77,0,7963.89,Mobile Wallet
O00000560,C0000066,R022,,2026-06-26 09:52:40,Dine-In,Completed,2044.0,0.0,306.6,0,2350.6,Card
O00000561,C0000848,R014,,2026-07-18 09:21:18,Mobile App,Completed,6883.65,0.0,1032.55,0,7916.2,Mobile Wallet
O00000562,C0000076,R007,,2025-04-25 20:15:40,Dine-In,Completed,5310.0,0.0,796.5,0,6106.5,Cash
O00000563,C0000145,R009,,2025-05-08 12:21:01,Website,Cancelled,3763.0,0.0,564.45,80,0.0,Card
O00000564,C0000690,R014,,2025-12-28 18:49:27,Website,Completed,1802.0,0.0,270.3,0,2072.3,Card
O00000565,C0000176,R021,,2026-07-02 17:15:31,Mobile App,Completed,8852.5,0.0,1327.88,150,10330.38,Cash
O00000566,C0000052,R017,,2026-08-17 22:27:18,Dine-In,Completed,3050.0,0.0,457.5,0,3507.5,Cash
O00000567,C0000279,R017,,2025-03-25 12:27:15,Mobile App,Completed,11289.6,0.0,1693.44,100,13083.04,Card
O00000568,C0000689,R025,,2025-09-12 09:54:29,Takeaway,Completed,3669.0,0.0,550.35,0,4219.35,Card
O00000569,C0000172,R021,P0014,2025-06-23 06:21:21,Delivery Partner,Completed,5275.0,300.0,746.25,0,5721.25,Mobile Wallet
O00000570,C0000018,R013,P0011,2026-04-18 11:55:13,Mobile App,Completed,8766.0,2191.5,986.18,120,7680.68,Card
O00000571,C0000133,R018,,2026-02-14 18:05:51,Dine-In,Completed,12854.5,0.0,1928.18,0,14782.68,Card
O00000572,C0000905,R019,P0011,2025-05-03 07:24:55,Mobile App,Completed,15899.5,3974.88,1788.69,150,13863.31,Card
O00000573,C0000006,R017,,2025-11-22 11:41:00,Website,Completed,790.0,0.0,118.5,120,1028.5,Card
O00000574,C0000152,R006,,2026-03-12 20:01:44,Dine-In,Completed,5501.5,0.0,825.22,0,6326.72,Cash
O00000575,C0000397,R012,P0006,2026-04-30 17:06:53,Mobile App,Completed,4552.0,100.0,667.8,100,5219.8,Card
O00000576,C0000007,R006,,2025-03-11 07:52:01,Website,Completed,3083.75,0.0,462.56,150,3696.31,Cash
O00000577,C0000108,R003,P0029,2026-06-30 06:16:21,Dine-In,Completed,3422.0,1026.6,359.31,0,2754.71,Card
O00000578,C0000877,R015,P0019,2026-01-04 07:34:45,Dine-In,Completed,313.5,0.0,47.02,0,360.52,Mobile Wallet
O00000579,C0000002,R003,,2026-05-18 21:19:32,Website,Completed,7487.5,0.0,1123.12,80,8690.62,Card
O00000580,C0000544,R023,,2026-05-16 20:43:14,Website,Completed,4107.65,0.0,616.15,100,4823.8,Cash
O00000581,C0000691,R015,,2025-06-10 20:01:49,Delivery Partner,Completed,10034.95,0.0,1505.24,80,11620.19,Cash
O00000582,C0000070,R001,P0009,2025-04-27 21:06:40,Mobile App,Completed,6540.0,654.0,882.9,100,6868.9,Cash
O00000583,C0000042,R021,,2026-03-31 15:31:21,Mobile App,Completed,5654.0,0.0,848.1,0,6502.1,Card
O00000584,C0000827,R003,P0003,2025-05-23 11:48:39,Mobile App,Completed,2990.0,200.0,418.5,150,3358.5,Card
O00000585,C0000563,R005,,2026-06-08 13:18:38,Website,Completed,2850.0,0.0,427.5,0,3277.5,Cash
O00000586,C0000013,R014,,2026-04-03 19:11:40,Mobile App,Completed,2437.0,0.0,365.55,100,2902.55,Mobile Wallet
O00000587,C0000041,R004,P0022,2026-06-04 20:08:40,Takeaway,Completed,6587.5,658.75,889.31,0,6818.06,Card
O00000588,C0000364,R022,,2025-08-10 14:26:10,Takeaway,Completed,3283.85,0.0,492.58,0,3776.43,Mobile Wallet
O00000589,C0000161,R009,,2025-08-20 16:13:03,Website,Completed,3001.5,0.0,450.22,120,3571.72,Card
O00000590,C0000235,R018,,2026-03-04 21:01:06,Mobile App,Completed,5815.0,0.0,872.25,0,6687.25,Card
O00000591,C0000899,R010,P0021,2025-03-17 08:20:20,Dine-In,Completed,5548.08,100.0,817.21,0,6265.29,Mobile Wallet
O00000592,C0000161,R008,P0025,2026-04-03 20:03:06,Dine-In,Completed,5720.0,200.0,828.0,0,6348.0,Cash
O00000593,C0000764,R013,,2026-06-01 09:59:03,Delivery Partner,Completed,8495.0,0.0,1274.25,80,9849.25,Cash
O00000594,C0000414,R002,,2025-10-16 15:50:11,Delivery Partner,Completed,5372.0,0.0,805.8,100,6277.8,Mobile Wallet
O00000595,C0000015,R020,,2026-04-23 11:20:57,Takeaway,Completed,3235.28,0.0,485.29,0,3720.57,Card
O00000596,C0000533,R025,P0014,2025-06-02 17:47:26,Mobile App,Completed,5770.6,300.0,820.59,0,6291.19,Bank Transfer
O00000597,C0000251,R020,,2025-08-24 16:21:58,Dine-In,Cancelled,8147.0,0.0,1222.05,0,0.0,Cash
O00000598,C0000046,R007,,2026-08-17 13:48:16,Dine-In,Completed,2924.0,0.0,438.6,0,3362.6,Cash
O00000599,C0000076,R011,,2026-08-24 20:01:19,Mobile App,Completed,14323.0,0.0,2148.45,150,16621.45,Card
O00000600,C0000289,R005,,2025-12-06 18:16:30,Takeaway,Completed,8845.82,0.0,1326.87,0,10172.69,Cash
O00000601,C0000340,R018,,2026-07-25 19:18:25,Website,Completed,4852.5,0.0,727.88,120,5700.38,Card
O00000602,C0000933,R008,,2025-12-11 09:39:30,Mobile App,Completed,22167.5,0.0,3325.12,100,25592.62,Bank Transfer
O00000603,C0000715,R010,P0015,2025-08-06 20:23:34,Delivery Partner,Refunded,4100.0,200.0,585.0,80,4565.0,Cash
O00000604,C0000039,R002,,2025-07-23 09:19:08,Website,Completed,9146.78,0.0,1372.02,80,10598.8,Card
O00000605,C0000579,R003,,2026-07-22 11:37:04,Dine-In,Completed,1990.0,0.0,298.5,0,2288.5,Card
O00000606,C0000001,R023,,2025-06-01 08:11:51,Dine-In,Completed,1791.5,0.0,268.72,0,2060.22,Card
O00000607,C0000017,R005,,2026-01-10 14:24:47,Delivery Partner,Completed,11950.15,0.0,1792.52,80,13822.67,Cash
O00000608,C0000037,R016,,2025-12-28 20:22:07,Delivery Partner,Completed,5398.0,0.0,809.7,150,6357.7,Cash
O00000609,C0000335,R010,,2026-04-10 11:49:20,Mobile App,Completed,5080.0,0.0,762.0,150,5992.0,Cash
O00000610,C0000035,R011,,2025-11-30 13:58:15,Dine-In,Cancelled,7221.5,0.0,1083.22,0,0.0,Bank Transfer
O00000611,C0000121,R019,,2025-07-26 20:33:50,Delivery Partner,Refunded,9152.5,0.0,1372.88,150,10675.38,Mobile Wallet
O00000612,C0000054,R016,,2025-05-30 17:31:15,Dine-In,Completed,7389.5,0.0,1108.42,0,8497.92,Mobile Wallet
O00000613,C0000103,R012,P0022,2026-02-02 19:50:17,Dine-In,Completed,11585.5,1158.55,1564.04,0,11990.99,Cash
O00000614,C0000881,R002,,2026-03-30 10:23:46,Delivery Partner,Completed,2410.0,0.0,361.5,120,2891.5,Cash
O00000615,C0000995,R011,,2026-01-04 18:41:55,Delivery Partner,Completed,1789.5,0.0,268.42,0,2057.92,Card
O00000616,C0000448,R022,,2026-04-09 11:24:27,Website,Completed,14955.0,0.0,2243.25,0,17198.25,Mobile Wallet
O00000617,C0000306,R001,P0014,2025-05-15 23:02:17,Dine-In,Completed,3348.0,300.0,457.2,0,3505.2,Card
O00000618,C0000480,R024,,2026-06-26 16:24:13,Mobile App,Cancelled,10486.5,0.0,1572.98,80,0.0,Card
O00000619,C0000575,R005,,2026-01-11 18:27:55,Mobile App,Completed,1533.0,0.0,229.95,80,1842.95,Card
O00000620,C0000525,R021,P0022,2025-05-07 08:11:47,Website,Completed,9536.0,953.6,1287.36,0,9869.76,Cash
O00000621,C0000008,R014,,2025-11-10 11:25:36,Mobile App,Completed,3714.45,0.0,557.17,100,4371.62,Mobile Wallet
O00000622,C0000087,R018,P0030,2026-06-06 08:47:39,Delivery Partner,Completed,2401.5,150.0,337.72,150,2739.22,Cash
O00000623,C0000107,R007,,2026-07-04 13:43:15,Takeaway,Completed,4717.0,0.0,707.55,0,5424.55,Card
O00000624,C0000124,R005,,2025-07-22 12:07:20,Dine-In,Completed,4932.0,0.0,739.8,0,5671.8,Mobile Wallet
O00000625,C0000107,R008,,2026-03-26 19:04:00,Takeaway,Completed,5630.4,0.0,844.56,0,6474.96,Cash
O00000626,C0000600,R021,P0012,2025-04-22 08:10:59,Mobile App,Completed,7891.0,150.0,1161.15,150,9052.15,Mobile Wallet
O00000627,C0000538,R015,,2025-03-18 19:41:10,Website,Cancelled,4928.65,0.0,739.3,0,0.0,Mobile Wallet
O00000628,C0000001,R025,,2025-12-30 06:34:10,Website,Completed,7705.5,0.0,1155.82,120,8981.32,Cash
O00000629,C0000080,R005,P0026,2026-03-17 10:26:01,Dine-In,Cancelled,3280.0,492.0,418.2,0,0.0,Card
O00000630,C0000366,R013,,2026-05-09 19:54:31,Delivery Partner,Completed,3660.0,0.0,549.0,80,4289.0,Card
O00000631,C0000015,R019,,2025-09-03 19:40:53,Takeaway,Completed,5260.0,0.0,789.0,0,6049.0,Cash
O00000632,C0000006,R002,,2025-03-04 14:43:18,Dine-In,Completed,4067.15,0.0,610.07,0,4677.22,Mobile Wallet
O00000633,C0000669,R005,,2025-11-19 06:37:55,Mobile App,Completed,4816.0,0.0,722.4,100,5638.4,Card
O00000634,C0000188,R005,,2025-03-09 17:18:04,Dine-In,Completed,13138.5,0.0,1970.78,0,15109.28,Card
O00000635,C0000717,R006,,2025-04-18 13:47:02,Mobile App,Cancelled,4980.25,0.0,747.04,150,0.0,Mobile Wallet
O00000636,C0000660,R016,,2025-08-26 12:52:27,Mobile App,Completed,7446.75,0.0,1117.01,150,8713.76,Cash
O00000637,C0000786,R002,,2025-10-28 18:54:25,Dine-In,Completed,5540.5,0.0,831.08,0,6371.58,Mobile Wallet
O00000638,C0000004,R005,,2025-07-30 14:55:22,Takeaway,Refunded,2210.0,0.0,331.5,0,2541.5,Mobile Wallet
O00000639,C0000032,R015,,2026-01-11 07:31:29,Mobile App,Completed,8884.5,0.0,1332.68,80,10297.18,Cash
O00000640,C0000079,R001,,2025-03-30 21:45:07,Takeaway,Completed,8977.0,0.0,1346.55,0,10323.55,Bank Transfer
O00000641,C0000018,R019,,2025-05-17 19:27:35,Mobile App,Completed,2636.0,0.0,395.4,120,3151.4,Card
O00000642,C0000217,R003,,2026-03-17 06:35:28,Website,Completed,5160.0,0.0,774.0,150,6084.0,Mobile Wallet
O00000643,C0000619,R019,,2025-05-15 16:17:12,Dine-In,Completed,18435.0,0.0,2765.25,0,21200.25,Mobile Wallet
O00000644,C0000899,R015,P0019,2026-02-14 07:09:58,Mobile App,Completed,5899.22,500.0,809.88,120,6329.1,Card
O00000645,C0000779,R003,,2025-03-30 20:31:24,Website,Refunded,3444.5,0.0,516.67,150,4111.17,Cash
O00000646,C0000192,R008,,2025-10-12 17:17:21,Delivery Partner,Completed,5938.0,0.0,890.7,120,6948.7,Cash
O00000647,C0000382,R015,P0023,2025-06-04 09:11:45,Delivery Partner,Completed,8300.5,1245.08,1058.31,0,8113.73,Cash
O00000648,C0000049,R001,,2025-04-27 03:50:32,Dine-In,Completed,4219.9,0.0,632.98,0,4852.88,Card
O00000649,C0000148,R006,P0023,2026-01-03 05:07:36,Dine-In,Completed,10764.5,1614.68,1372.47,0,10522.29,Cash
O00000650,C0000745,R022,,2026-07-22 15:32:52,Mobile App,Completed,2750.0,0.0,412.5,120,3282.5,Card
O00000651,C0000002,R017,,2025-03-30 19:45:06,Website,Completed,7528.5,0.0,1129.27,80,8737.77,Cash
O00000652,C0000263,R016,,2025-10-19 08:54:22,Takeaway,Completed,4041.0,0.0,606.15,0,4647.15,Cash
O00000653,C0000748,R013,,2026-03-24 11:37:05,Mobile App,Completed,14006.0,0.0,2100.9,150,16256.9,Card
O00000654,C0000015,R001,,2025-11-10 12:13:14,Website,Completed,17768.0,0.0,2665.2,120,20553.2,Card
O00000655,C0000963,R003,,2026-05-16 11:01:14,Website,Completed,10150.0,0.0,1522.5,120,11792.5,Mobile Wallet
O00000656,C0000001,R024,,2025-06-05 13:08:39,Mobile App,Completed,4609.5,0.0,691.42,0,5300.92,Cash
O00000657,C0000772,R006,,2026-08-08 16:43:33,Dine-In,Completed,5054.85,0.0,758.23,0,5813.08,Cash
O00000658,C0000113,R020,,2025-09-29 18:04:13,Dine-In,Completed,6284.5,0.0,942.68,0,7227.18,Bank Transfer
O00000659,C0000018,R021,,2025-09-04 22:33:28,Mobile App,Completed,5998.58,0.0,899.79,0,6898.37,Cash
O00000660,C0000024,R003,P0008,2026-06-22 21:18:15,Dine-In,Completed,4141.52,1035.38,465.92,0,3572.06,Mobile Wallet
O00000661,C0000469,R015,,2026-01-01 17:06:28,Delivery Partner,Completed,1840.0,0.0,276.0,0,2116.0,Card
O00000662,C0000744,R015,,2025-12-08 19:38:22,Dine-In,Completed,8056.0,0.0,1208.4,0,9264.4,Cash
O00000663,C0000388,R011,,2026-04-04 21:41:09,Dine-In,Completed,7944.5,0.0,1191.68,0,9136.18,Card
O00000664,C0000854,R022,P0006,2026-01-10 07:16:46,Dine-In,Completed,11062.9,100.0,1644.44,0,12607.34,Bank Transfer
O00000665,C0000693,R006,P0025,2025-05-26 00:25:54,Mobile App,Completed,5117.0,200.0,737.55,100,5754.55,Mobile Wallet
O00000666,C0000001,R006,P0016,2026-03-06 04:45:03,Mobile App,Completed,7405.0,200.0,1080.75,80,8365.75,Mobile Wallet
O00000667,C0000425,R009,,2025-05-10 17:26:11,Mobile App,Completed,5603.0,0.0,840.45,0,6443.45,Card
O00000668,C0000084,R014,,2026-05-15 19:42:41,Delivery Partner,Completed,7126.5,0.0,1068.97,150,8345.47,Card
O00000669,C0000189,R011,,2026-08-26 13:27:33,Mobile App,Completed,16163.0,0.0,2424.45,100,18687.45,Card
O00000670,C0000010,R024,,2025-09-25 16:19:03,Dine-In,Completed,6633.0,0.0,994.95,0,7627.95,Card
O00000671,C0000072,R006,,2025-11-01 15:05:19,Website,Completed,5890.0,0.0,883.5,80,6853.5,Bank Transfer
O00000672,C0000378,R018,,2025-03-25 07:07:27,Delivery Partner,Completed,8633.5,0.0,1295.02,120,10048.52,Cash
O00000673,C0000044,R020,,2025-03-08 12:31:27,Dine-In,Completed,4596.4,0.0,689.46,0,5285.86,Card
O00000674,C0000397,R015,P0027,2026-07-18 02:18:05,Takeaway,Completed,1270.0,0.0,190.5,0,1460.5,Card
O00000675,C0000843,R022,,2025-05-08 08:31:13,Website,Completed,6180.5,0.0,927.08,80,7187.58,Card
O00000676,C0000001,R009,P0012,2025-11-02 19:18:54,Takeaway,Completed,9660.0,150.0,1426.5,0,10936.5,Cash
O00000677,C0000598,R011,,2026-05-20 20:23:34,Mobile App,Completed,21805.0,0.0,3270.75,0,25075.75,Cash
O00000678,C0000389,R002,,2026-06-30 19:23:46,Delivery Partner,Completed,4400.0,0.0,660.0,0,5060.0,Card
O00000679,C0000004,R006,,2025-12-10 19:55:57,Dine-In,Completed,12012.0,0.0,1801.8,0,13813.8,Mobile Wallet
O00000680,C0000605,R023,,2026-01-02 19:16:00,Website,Completed,7579.5,0.0,1136.92,120,8836.42,Card
O00000681,C0000046,R014,,2026-03-03 18:55:18,Dine-In,Completed,6693.4,0.0,1004.01,0,7697.41,Card
O00000682,C0000064,R014,,2026-08-09 18:55:56,Dine-In,Completed,8039.0,0.0,1205.85,0,9244.85,Mobile Wallet
O00000683,C0000010,R024,,2026-01-23 18:17:00,Mobile App,Completed,6860.0,0.0,1029.0,100,7989.0,Mobile Wallet
O00000684,C0000265,R013,,2025-12-30 15:11:12,Dine-In,Completed,10241.0,0.0,1536.15,0,11777.15,Cash
O00000685,C0000229,R025,,2025-03-08 13:40:07,Website,Completed,4266.15,0.0,639.92,80,4986.07,Cash
O00000686,C0000109,R005,,2025-04-13 19:22:17,Dine-In,Completed,5158.0,0.0,773.7,0,5931.7,Mobile Wallet
O00000687,C0000027,R009,,2026-01-09 12:55:53,Dine-In,Completed,7810.0,0.0,1171.5,0,8981.5,Card
O00000688,C0000685,R025,,2026-07-26 16:47:34,Dine-In,Completed,8158.0,0.0,1223.7,0,9381.7,Cash
O00000689,C0000754,R011,,2026-06-18 14:17:22,Delivery Partner,Completed,4046.0,0.0,606.9,80,4732.9,Cash
O00000690,C0000272,R007,,2026-08-22 12:15:49,Takeaway,Completed,1456.0,0.0,218.4,0,1674.4,Mobile Wallet
O00000691,C0000054,R002,,2025-12-14 22:15:51,Takeaway,Completed,4300.0,0.0,645.0,0,4945.0,Mobile Wallet
O00000692,C0000010,R024,,2026-05-05 12:35:25,Mobile App,Completed,4548.72,0.0,682.31,80,5311.03,Bank Transfer
O00000693,C0000740,R012,,2026-06-03 12:22:40,Mobile App,Completed,2955.0,0.0,443.25,120,3518.25,Card
O00000694,C0000010,R005,P0022,2026-02-19 09:21:37,Dine-In,Completed,7191.5,719.15,970.85,0,7443.2,Cash
O00000695,C0000001,R024,,2025-09-02 20:38:19,Delivery Partner,Completed,2948.5,0.0,442.28,150,3540.78,Mobile Wallet
O00000696,C0000203,R002,,2025-11-15 17:32:01,Delivery Partner,Completed,4287.5,0.0,643.12,100,5030.62,Cash
O00000697,C0000513,R014,P0027,2026-06-13 17:23:25,Mobile App,Completed,2871.28,300.0,385.69,0,2956.97,Card
O00000698,C0000192,R007,,2025-08-10 20:54:56,Mobile App,Completed,1660.0,0.0,249.0,120,2029.0,Cash
O00000699,C0000004,R005,,2026-07-19 13:19:35,Delivery Partner,Completed,9012.0,0.0,1351.8,150,10513.8,Card
O00000700,C0000454,R004,P0004,2025-07-02 10:32:24,Mobile App,Cancelled,6958.5,695.85,939.4,100,0.0,Mobile Wallet
O00000701,C0000390,R010,,2026-04-15 10:30:29,Delivery Partner,Completed,8444.0,0.0,1266.6,120,9830.6,Card
O00000702,C0000442,R016,P0027,2026-02-08 19:39:17,Dine-In,Completed,2963.5,300.0,399.52,0,3063.02,Cash
O00000703,C0000041,R006,,2026-04-15 17:57:06,Mobile App,Completed,14770.0,0.0,2215.5,80,17065.5,Card
O00000704,C0000614,R021,,2025-10-28 10:54:26,Delivery Partner,Completed,4964.5,0.0,744.68,0,5709.18,Card
O00000705,C0000211,R006,P0005,2026-07-24 08:07:10,Takeaway,Completed,9693.5,100.0,1439.02,0,11032.52,Mobile Wallet
O00000706,C0000267,R009,,2026-02-09 08:09:36,Takeaway,Completed,6587.5,0.0,988.12,0,7575.62,Mobile Wallet
O00000707,C0000277,R001,,2025-08-04 17:00:07,Mobile App,Completed,6068.0,0.0,910.2,120,7098.2,Cash
O00000708,C0000075,R016,,2026-02-13 00:20:10,Delivery Partner,Completed,8564.85,0.0,1284.73,100,9949.58,Mobile Wallet
O00000709,C0000057,R017,,2025-08-03 02:24:23,Dine-In,Completed,4390.5,0.0,658.58,0,5049.08,Cash
O00000710,C0000001,R013,P0013,2025-08-07 13:31:29,Delivery Partner,Completed,7154.78,1788.7,804.91,0,6170.99,Cash
O00000711,C0000143,R006,,2025-10-07 18:52:29,Mobile App,Completed,3700.0,0.0,555.0,100,4355.0,Cash
O00000712,C0000217,R002,,2026-06-10 18:45:51,Delivery Partner,Completed,6609.0,0.0,991.35,150,7750.35,Cash
O00000713,C0000530,R008,,2025-11-30 14:45:51,Website,Completed,4648.5,0.0,697.28,120,5465.78,Mobile Wallet
O00000714,C0000006,R023,P0023,2026-03-08 18:09:14,Mobile App,Completed,3870.0,580.5,493.42,100,3882.92,Mobile Wallet
O00000715,C0000844,R022,,2025-10-03 15:59:55,Delivery Partner,Completed,3907.5,0.0,586.12,80,4573.62,Mobile Wallet
O00000716,C0000063,R004,,2025-07-21 22:50:34,Dine-In,Completed,7412.0,0.0,1111.8,0,8523.8,Bank Transfer
O00000717,C0000122,R009,,2026-08-06 09:56:38,Delivery Partner,Completed,6654.75,0.0,998.21,150,7802.96,Card
O00000718,C0000004,R023,P0016,2026-01-24 17:47:23,Dine-In,Completed,17584.5,200.0,2607.67,0,19992.17,Cash
O00000719,C0000404,R007,,2026-07-25 15:08:07,Dine-In,Completed,4490.0,0.0,673.5,0,5163.5,Card
O00000720,C0000480,R021,P0017,2025-06-18 10:19:42,Website,Completed,8680.5,300.0,1257.08,150,9787.58,Mobile Wallet
O00000721,C0000854,R001,,2025-05-18 19:47:41,Dine-In,Completed,8993.38,0.0,1349.01,0,10342.39,Bank Transfer
O00000722,C0000103,R014,,2026-06-12 12:19:19,Website,Completed,1480.0,0.0,222.0,120,1822.0,Card
O00000723,C0000060,R002,P0012,2026-03-09 13:58:40,Delivery Partner,Completed,4128.0,150.0,596.7,150,4724.7,Mobile Wallet
O00000724,C0000505,R008,P0002,2025-06-08 13:39:46,Dine-In,Completed,6564.5,328.22,935.44,0,7171.72,Mobile Wallet
O00000725,C0000477,R011,,2025-07-25 11:06:25,Dine-In,Completed,11041.5,0.0,1656.22,0,12697.72,Cash
O00000726,C0000870,R005,P0024,2026-05-12 14:10:51,Mobile App,Completed,12213.05,3663.92,1282.37,120,9951.5,Card
O00000727,C0000039,R018,,2025-11-06 14:20:23,Delivery Partner,Completed,9977.0,0.0,1496.55,150,11623.55,Cash
O00000728,C0000475,R012,,2026-03-04 19:37:21,Delivery Partner,Completed,10119.0,0.0,1517.85,150,11786.85,Card
O00000729,C0000006,R021,,2025-08-21 19:46:04,Dine-In,Completed,8380.5,0.0,1257.08,0,9637.58,Mobile Wallet
O00000730,C0000212,R024,P0012,2025-09-27 09:18:14,Delivery Partner,Completed,9711.38,150.0,1434.21,100,11095.59,Mobile Wallet
O00000731,C0000015,R020,,2026-08-26 17:45:35,Takeaway,Refunded,7996.0,0.0,1199.4,0,9195.4,Card
O00000732,C0000404,R019,,2025-07-12 20:14:36,Takeaway,Completed,10249.0,0.0,1537.35,0,11786.35,Mobile Wallet
O00000733,C0000340,R005,,2025-12-03 08:05:28,Dine-In,Completed,12317.5,0.0,1847.62,0,14165.12,Cash
O00000734,C0000004,R007,P0004,2026-06-06 14:55:14,Takeaway,Completed,3160.0,316.0,426.6,0,3270.6,Cash
O00000735,C0000093,R002,,2025-07-07 19:09:26,Mobile App,Completed,26699.0,0.0,4004.85,100,30803.85,Cash
O00000736,C0000142,R017,,2025-10-16 17:45:48,Mobile App,Completed,4274.0,0.0,641.1,80,4995.1,Mobile Wallet
O00000737,C0000056,R013,,2026-01-30 08:15:54,Delivery Partner,Completed,6700.0,0.0,1005.0,0,7705.0,Mobile Wallet
O00000738,C0000003,R011,P0023,2025-11-20 13:44:07,Mobile App,Completed,4370.0,655.5,557.17,0,4271.67,Card
O00000739,C0000092,R005,P0009,2025-11-09 15:10:59,Takeaway,Completed,3420.0,342.0,461.7,0,3539.7,Bank Transfer
O00000740,C0000609,R013,,2025-09-16 23:56:56,Mobile App,Completed,7339.5,0.0,1100.92,150,8590.42,Mobile Wallet
O00000741,C0000118,R023,,2026-01-14 09:34:28,Dine-In,Completed,9280.0,0.0,1392.0,0,10672.0,Card
O00000742,C0000095,R013,,2026-02-05 22:07:18,Mobile App,Completed,5057.0,0.0,758.55,100,5915.55,Card
O00000743,C0000880,R008,,2026-02-22 13:27:30,Mobile App,Completed,3217.0,0.0,482.55,120,3819.55,Mobile Wallet
O00000744,C0000003,R011,,2025-04-07 10:02:08,Dine-In,Completed,9210.0,0.0,1381.5,0,10591.5,Cash
O00000745,C0000568,R008,P0007,2026-02-09 13:01:09,Takeaway,Completed,3053.0,200.0,427.95,0,3280.95,Cash
O00000746,C0000215,R010,,2026-08-05 17:52:36,Delivery Partner,Completed,3535.5,0.0,530.32,120,4185.82,Cash
O00000747,C0000885,R025,,2025-12-20 10:13:09,Mobile App,Completed,9097.6,0.0,1364.64,120,10582.24,Mobile Wallet
O00000748,C0000141,R011,,2026-03-28 12:51:53,Delivery Partner,Completed,3956.9,0.0,593.54,120,4670.44,Bank Transfer
O00000749,C0000479,R001,,2025-12-28 20:28:32,Mobile App,Completed,8938.5,0.0,1340.78,150,10429.28,Card
O00000750,C0000006,R007,,2026-06-11 23:52:24,Delivery Partner,Completed,11840.0,0.0,1776.0,150,13766.0,Bank Transfer
O00000751,C0000854,R008,,2026-07-22 12:53:56,Takeaway,Completed,1675.5,0.0,251.32,0,1926.82,Card
O00000752,C0000108,R006,P0009,2025-06-07 09:46:53,Website,Completed,10142.0,1014.2,1369.17,0,10496.97,Card
O00000753,C0000254,R014,,2025-10-28 19:02:55,Takeaway,Completed,6840.0,0.0,1026.0,0,7866.0,Mobile Wallet
O00000754,C0000019,R020,,2025-10-04 17:00:03,Dine-In,Completed,4532.5,0.0,679.88,0,5212.38,Card
O00000755,C0000887,R007,,2025-10-11 08:14:52,Delivery Partner,Completed,5218.0,0.0,782.7,120,6120.7,Card
O00000756,C0000430,R003,,2025-05-06 21:19:04,Website,Completed,7360.0,0.0,1104.0,120,8584.0,Cash
O00000757,C0000004,R002,,2026-05-19 07:21:22,Delivery Partner,Cancelled,1460.0,0.0,219.0,150,0.0,Cash
O00000758,C0000023,R022,P0001,2025-03-20 17:33:38,Takeaway,Completed,1814.0,500.0,197.1,0,1511.1,Card
O00000759,C0000146,R018,P0019,2025-12-14 14:49:54,Website,Completed,2194.5,500.0,254.18,0,1948.68,Cash
O00000760,C0000043,R022,,2026-02-27 16:32:04,Dine-In,Completed,12305.5,0.0,1845.82,0,14151.32,Mobile Wallet
O00000761,C0000084,R003,,2025-06-20 10:08:51,Dine-In,Completed,6913.3,0.0,1036.99,0,7950.29,Card
O00000762,C0000995,R014,,2026-07-09 18:02:07,Delivery Partner,Completed,16450.0,0.0,2467.5,80,18997.5,Card
O00000763,C0000411,R018,,2026-06-02 21:01:16,Mobile App,Completed,13066.5,0.0,1959.98,80,15106.48,Mobile Wallet
O00000764,C0000841,R013,,2025-11-15 14:03:00,Delivery Partner,Completed,14057.5,0.0,2108.62,100,16266.12,Bank Transfer
O00000765,C0000174,R008,P0020,2025-10-14 16:15:53,Mobile App,Completed,8413.0,1261.95,1072.66,120,8343.71,Cash
O00000766,C0000482,R004,,2025-07-06 11:53:49,Delivery Partner,Completed,2851.5,0.0,427.72,150,3429.22,Card
O00000767,C0000194,R015,,2026-04-05 20:32:11,Mobile App,Completed,12192.15,0.0,1828.82,120,14140.97,Mobile Wallet
O00000768,C0000098,R012,P0020,2025-05-09 22:08:34,Mobile App,Completed,1040.0,156.0,132.6,150,1166.6,Cash
O00000769,C0000250,R014,P0001,2026-03-09 19:56:51,Takeaway,Completed,11867.0,500.0,1705.05,0,13072.05,Cash
O00000770,C0000167,R020,P0030,2026-06-04 16:39:13,Delivery Partner,Completed,12324.0,150.0,1826.1,100,14100.1,Card
O00000771,C0000959,R007,,2025-07-01 21:37:47,Delivery Partner,Completed,7404.0,0.0,1110.6,150,8664.6,Card
O00000772,C0000227,R024,,2026-06-17 09:51:17,Mobile App,Completed,7989.5,0.0,1198.42,100,9287.92,Cash
O00000773,C0000639,R012,,2025-03-18 14:17:09,Website,Cancelled,8310.0,0.0,1246.5,0,0.0,Card
O00000774,C0000422,R009,,2026-07-13 16:15:54,Mobile App,Completed,3950.0,0.0,592.5,0,4542.5,Card
O00000775,C0000212,R010,P0005,2025-05-02 15:07:14,Website,Completed,8686.5,100.0,1287.97,100,9974.47,Card
O00000776,C0000207,R008,,2026-02-17 19:22:41,Delivery Partner,Completed,4564.0,0.0,684.6,0,5248.6,Mobile Wallet
O00000777,C0000106,R020,,2025-07-13 18:59:32,Takeaway,Completed,6468.05,0.0,970.21,0,7438.26,Mobile Wallet
O00000778,C0000012,R002,,2026-06-01 08:35:18,Mobile App,Completed,6776.5,0.0,1016.47,150,7942.97,Card
O00000779,C0000559,R016,,2025-12-06 13:02:33,Takeaway,Completed,7577.0,0.0,1136.55,0,8713.55,Card
O00000780,C0000833,R021,,2025-05-11 13:14:44,Mobile App,Completed,5368.0,0.0,805.2,100,6273.2,Mobile Wallet
O00000781,C0000044,R023,P0007,2026-01-05 17:37:24,Delivery Partner,Completed,5393.0,200.0,778.95,0,5971.95,Card
O00000782,C0000848,R018,,2025-10-12 12:32:15,Takeaway,Completed,6684.0,0.0,1002.6,0,7686.6,Mobile Wallet
O00000783,C0000049,R020,,2026-02-27 08:17:07,Dine-In,Completed,6776.0,0.0,1016.4,0,7792.4,Card
O00000784,C0000261,R022,P0028,2026-06-26 18:22:34,Delivery Partner,Completed,7268.0,500.0,1015.2,80,7863.2,Card
O00000785,C0000107,R024,P0027,2025-10-13 20:42:20,Mobile App,Completed,6095.0,300.0,869.25,100,6764.25,Cash
O00000786,C0000014,R010,,2025-08-05 21:02:18,Mobile App,Completed,1910.0,0.0,286.5,120,2316.5,Mobile Wallet
O00000787,C0000004,R006,P0004,2025-03-08 22:29:45,Dine-In,Completed,3093.0,309.3,417.55,0,3201.25,Card
O00000788,C0000121,R006,,2026-01-07 19:44:10,Dine-In,Completed,2723.0,0.0,408.45,0,3131.45,Mobile Wallet
O00000789,C0000004,R022,P0003,2025-10-09 08:16:43,Takeaway,Completed,550.0,200.0,52.5,0,402.5,Card
O00000790,C0000012,R020,,2025-09-23 20:49:10,Website,Completed,10301.0,0.0,1545.15,0,11846.15,Cash
O00000791,C0000020,R013,P0029,2025-06-07 13:57:59,Mobile App,Completed,8988.0,2696.4,943.74,80,7315.34,Card
O00000792,C0000001,R019,,2025-10-24 19:57:10,Mobile App,Completed,2855.0,0.0,428.25,0,3283.25,Cash
O00000793,C0000023,R017,,2026-08-23 16:31:21,Dine-In,Completed,6292.32,0.0,943.85,0,7236.17,Card
O00000794,C0000312,R002,P0022,2025-08-10 20:45:20,Dine-In,Completed,10035.0,1003.5,1354.72,0,10386.22,Card
O00000795,C0000654,R018,,2026-01-21 14:56:26,Dine-In,Completed,2553.0,0.0,382.95,0,2935.95,Cash
O00000796,C0000035,R007,P0010,2026-04-29 07:06:17,Website,Completed,5556.0,200.0,803.4,120,6279.4,Cash
O00000797,C0000008,R014,,2026-04-15 16:38:41,Takeaway,Completed,5765.5,0.0,864.82,0,6630.32,Mobile Wallet
O00000798,C0000510,R022,,2025-08-27 09:13:47,Delivery Partner,Cancelled,6186.5,0.0,927.97,120,0.0,Mobile Wallet
O00000799,C0000001,R015,P0028,2026-01-28 22:57:39,Takeaway,Completed,1540.0,0.0,231.0,0,1771.0,Cash
O00000800,C0000517,R008,,2026-06-20 16:55:37,Takeaway,Completed,5004.0,0.0,750.6,0,5754.6,Card
O00000801,C0000017,R009,P0006,2025-03-09 16:14:29,Mobile App,Completed,4817.5,100.0,707.62,120,5545.12,Card
O00000802,C0000048,R021,,2025-10-27 20:43:50,Takeaway,Completed,3119.5,0.0,467.92,0,3587.42,Card
O00000803,C0000015,R011,,2025-06-29 17:11:44,Delivery Partner,Completed,3315.5,0.0,497.32,120,3932.82,Cash
O00000804,C0000056,R003,,2025-10-01 12:07:46,Delivery Partner,Completed,4094.9,0.0,614.24,150,4859.14,Cash
O00000805,C0000618,R020,,2025-10-16 12:15:44,,Completed,3950.0,0.0,592.5,0,4542.5,Mobile Wallet
O00000806,C0000017,R014,,2026-04-13 15:40:32,Mobile App,Completed,6358.5,0.0,953.78,150,7462.28,Mobile Wallet
O00000807,C0000988,R008,,2025-04-19 20:33:20,Website,Cancelled,2336.5,0.0,350.48,80,0.0,Card
O00000808,C0000097,R003,,2025-12-06 19:45:59,Delivery Partner,Completed,10626.0,0.0,1593.9,100,12319.9,Mobile Wallet
O00000809,C0000841,R018,,2026-01-01 22:23:58,Takeaway,Completed,5735.5,0.0,860.32,0,6595.82,Card
O00000810,C0000034,R023,,2025-11-27 07:55:01,Dine-In,Completed,11670.5,0.0,1750.58,0,13421.08,Cash
O00000811,C0000033,R014,,2026-04-06 12:28:12,Mobile App,Completed,3632.0,0.0,544.8,80,4256.8,Mobile Wallet
O00000812,C0000298,R020,,2025-09-28 07:15:01,Mobile App,Completed,7633.5,0.0,1145.02,120,8898.52,Cash
O00000813,C0000004,R008,P0022,2026-07-31 19:04:56,Delivery Partner,Completed,6063.5,606.35,818.57,120,6395.72,Mobile Wallet
O00000814,C0000622,R017,P0002,2025-11-21 08:04:42,Delivery Partner,Refunded,4800.0,240.0,684.0,150,5394.0,Card
O00000815,C0000177,R008,,2026-01-05 08:51:44,Dine-In,Completed,3026.0,0.0,453.9,0,3479.9,Mobile Wallet
O00000816,C0000466,R005,,2026-05-26 16:29:30,Delivery Partner,Completed,12770.0,0.0,1915.5,0,14685.5,Card
O00000817,C0000029,R012,P0005,2025-07-28 13:52:09,Delivery Partner,Completed,8743.0,100.0,1296.45,150,10089.45,Mobile Wallet
O00000818,C0000390,R002,,2025-04-10 18:49:22,Delivery Partner,Completed,5140.0,0.0,771.0,80,5991.0,Cash
O00000819,C0000331,R017,,2026-03-24 15:49:21,Website,Completed,8242.0,0.0,1236.3,80,9558.3,Cash
O00000820,C0000550,R013,,2025-11-21 14:04:46,Website,Completed,5811.5,0.0,871.72,120,6803.22,Mobile Wallet
O00000821,C0000080,R022,,2026-07-04 14:42:28,Dine-In,Completed,4192.0,0.0,628.8,0,4820.8,Mobile Wallet
O00000822,C0000863,R014,,2026-08-22 20:12:32,Delivery Partner,Completed,4647.0,0.0,697.05,150,5494.05,Mobile Wallet
O00000823,C0000919,R009,P0030,2025-10-07 13:34:30,Takeaway,Completed,4055.6,150.0,585.84,0,4491.44,Card
O00000824,C0000739,R009,,2025-10-16 13:48:13,Dine-In,Completed,7118.5,0.0,1067.77,0,8186.27,Card
O00000825,C0000306,R009,,2025-10-12 13:24:09,Mobile App,Completed,8049.0,0.0,1207.35,150,9406.35,Card
O00000826,C0000161,R020,,2025-08-25 10:49:17,Website,Completed,13035.0,0.0,1955.25,120,15110.25,Cash
O00000827,C0000005,R006,,2026-05-02 20:13:10,Mobile App,Completed,14465.5,0.0,2169.82,150,16785.32,Mobile Wallet
O00000828,C0000891,R012,P0013,2026-04-20 09:43:38,Website,Completed,12121.5,3030.38,1363.67,120,10574.79,Mobile Wallet
O00000829,C0000900,R010,,2025-11-19 20:45:46,Mobile App,Completed,11775.2,0.0,1766.28,120,13661.48,Mobile Wallet
O00000830,C0000001,R022,P0016,2025-03-24 12:25:02,Takeaway,Completed,3390.0,200.0,478.5,0,3668.5,Card
O00000831,C0000116,R005,,2025-08-16 20:17:01,Dine-In,Completed,4280.0,0.0,642.0,0,4922.0,Card
O00000832,C0000761,R018,P0012,2025-08-06 19:19:53,Mobile App,Completed,6110.0,150.0,894.0,100,6954.0,Mobile Wallet
O00000833,C0000008,R007,P0008,2026-05-18 17:33:07,Dine-In,Completed,14094.38,3523.6,1585.62,0,12156.4,Mobile Wallet
O00000834,C0000036,R013,,2025-04-16 18:06:30,Mobile App,Completed,6348.0,0.0,952.2,100,7400.2,Mobile Wallet
O00000835,C0000955,R001,,2026-05-15 12:46:07,Dine-In,Completed,4382.0,0.0,657.3,0,5039.3,Mobile Wallet
O00000836,C0000702,R006,,2026-03-03 17:59:42,Delivery Partner,Completed,3337.0,0.0,500.55,120,3957.55,Mobile Wallet
O00000837,C0000821,R021,,2026-04-06 12:09:47,Mobile App,Completed,4090.0,0.0,613.5,120,4823.5,Cash
O00000838,C0000020,R021,,2025-10-25 13:14:01,Mobile App,Completed,3723.0,0.0,558.45,120,4401.45,Mobile Wallet
O00000839,C0000041,R008,,2026-03-09 19:16:21,Takeaway,Completed,4828.5,0.0,724.28,0,5552.78,Cash
O00000840,C0000344,R009,,2026-01-27 11:10:59,Dine-In,Completed,8529.0,0.0,1279.35,0,9808.35,Mobile Wallet
O00000841,C0000232,R007,,2026-04-25 20:33:04,Website,Completed,6690.0,0.0,1003.5,120,7813.5,Card
O00000842,C0000081,R010,,2025-11-02 13:26:06,Website,Completed,7744.5,0.0,1161.68,120,9026.18,Cash
O00000843,C0000768,R008,P0024,2025-11-16 16:20:19,Dine-In,Completed,5565.0,1669.5,584.32,0,4479.82,Card
O00000844,C0000801,R002,,2026-02-16 21:30:27,Dine-In,Completed,10798.0,0.0,1619.7,0,12417.7,Cash
O00000845,C0000077,R018,,2025-04-26 18:49:12,Delivery Partner,Completed,6127.0,0.0,919.05,80,7126.05,Cash
O00000846,C0000023,R015,P0023,2025-10-27 18:56:01,Takeaway,Completed,6300.0,945.0,803.25,0,6158.25,Cash
O00000847,C0000022,R024,,2026-08-16 18:03:31,Dine-In,Completed,9464.0,0.0,1419.6,0,10883.6,Card
O00000848,C0000216,R006,,2025-03-21 21:40:25,Dine-In,Completed,1080.0,0.0,162.0,0,1242.0,Cash
O00000849,C0000018,R024,,2025-08-20 11:58:02,Website,Completed,10142.5,0.0,1521.38,0,11663.88,Cash
O00000850,C0000206,R014,P0029,2025-08-19 17:59:40,Website,Completed,3496.5,1048.95,367.13,0,2814.68,Cash
O00000851,C0000196,R025,,2026-02-10 13:48:41,Mobile App,Completed,520.0,0.0,78.0,0,598.0,Cash
O00000852,C0000768,R025,,2025-04-25 01:16:55,Dine-In,Completed,7736.5,0.0,1160.47,0,8896.97,Cash
O00000853,C0000080,R022,P0011,2026-02-07 08:48:12,Mobile App,Completed,8213.9,2053.48,924.06,100,7184.48,Card
O00000854,C0000293,R024,,2025-04-20 12:47:56,Takeaway,Completed,3780.0,0.0,567.0,0,4347.0,Card
O00000855,C0000531,R018,P0015,2025-04-20 17:19:20,Takeaway,Completed,7310.0,200.0,1066.5,0,8176.5,Bank Transfer
O00000856,C0000333,R024,,2026-04-04 20:24:44,Takeaway,Completed,4961.45,0.0,744.22,0,5705.67,Cash
O00000857,C0000904,R003,,2025-08-25 19:39:36,Dine-In,Completed,1360.0,0.0,204.0,0,1564.0,Mobile Wallet
O00000858,C0000341,R001,,2026-08-19 16:22:22,Delivery Partner,Completed,6897.0,0.0,1034.55,150,8081.55,Card
O00000859,C0000802,R023,P0002,2025-03-21 07:14:06,Mobile App,Completed,5175.5,258.77,737.51,150,5804.24,Card
O00000860,C0000055,R001,,2025-11-01 12:32:16,Delivery Partner,Completed,10517.0,0.0,1577.55,0,12094.55,Card
O00000861,C0000293,R014,,2025-04-29 13:18:27,Mobile App,Completed,14586.0,0.0,2187.9,80,16853.9,Cash
O00000862,C0000274,R001,,2025-09-09 17:56:46,Delivery Partner,Completed,7870.0,0.0,1180.5,80,9130.5,Card
O00000863,C0000978,R001,P0021,2026-08-30 07:14:29,Delivery Partner,Completed,7566.0,100.0,1119.9,150,8735.9,Mobile Wallet
O00000864,C0000039,R004,,2026-06-29 16:40:04,Takeaway,Completed,8558.0,0.0,1283.7,0,9841.7,Mobile Wallet
O00000865,C0000019,R012,,2025-03-27 20:04:23,Mobile App,Completed,4206.5,0.0,630.98,80,4917.48,Bank Transfer
O00000866,C0000352,R015,P0017,2026-01-01 18:15:06,Website,Completed,5528.0,300.0,784.2,0,6012.2,Mobile Wallet
O00000867,C0000046,R004,,2026-02-19 19:59:58,Website,Completed,2707.5,0.0,406.12,120,3233.62,Card
O00000868,C0000386,R010,,2025-06-21 18:44:33,Delivery Partner,Completed,2980.0,0.0,447.0,150,3577.0,Card
O00000869,C0000942,R011,,2025-05-17 10:47:55,Mobile App,Refunded,2863.0,0.0,429.45,100,3392.45,Mobile Wallet
O00000870,C0000889,R006,P0028,2026-07-08 08:31:49,Mobile App,Completed,5863.5,500.0,804.52,150,6318.02,Mobile Wallet
O00000871,C0000049,R010,,2026-08-14 20:21:41,Takeaway,Completed,5623.0,0.0,843.45,0,6466.45,Cash
O00000872,C0000028,R012,P0001,2026-08-27 18:42:32,Mobile App,Completed,10746.5,500.0,1536.98,120,11903.48,Mobile Wallet
O00000873,C0000293,R003,P0002,2026-05-06 17:31:58,Delivery Partner,Completed,5533.5,276.68,788.52,80,6125.34,Card
O00000874,C0000322,R015,,2026-02-28 10:12:26,Delivery Partner,Completed,11939.85,0.0,1790.98,80,13810.83,Card
O00000875,C0000416,R016,P0010,2025-09-06 17:37:13,Dine-In,Completed,4918.42,200.0,707.76,0,5426.18,Mobile Wallet
O00000876,C0000528,R010,P0030,2025-05-31 05:25:58,Mobile App,Completed,9289.65,150.0,1370.95,80,10590.6,Mobile Wallet
O00000877,C0000339,R022,,2025-04-12 08:51:18,Mobile App,Completed,2941.0,0.0,441.15,120,3502.15,Bank Transfer
O00000878,C0000013,R023,,2026-03-16 12:16:47,Takeaway,Completed,5231.0,0.0,784.65,0,6015.65,Mobile Wallet
O00000879,C0000605,R011,,2026-05-03 14:04:50,Delivery Partner,Completed,6365.0,0.0,954.75,150,7469.75,Cash
O00000880,C0000007,R016,,2026-05-26 08:48:37,Mobile App,Completed,5152.75,0.0,772.91,120,6045.66,Cash
O00000881,C0000001,R017,,2026-07-13 08:32:11,Takeaway,Completed,3498.5,0.0,524.78,0,4023.28,Card
O00000882,C0000572,R014,,2026-06-25 19:26:02,Mobile App,Completed,3768.5,0.0,565.28,80,4413.78,Mobile Wallet
O00000883,C0000280,R016,P0013,2026-08-31 17:04:06,Takeaway,Completed,4927.0,1231.75,554.29,0,4249.54,Cash
O00000884,C0000466,R014,,2025-07-10 16:36:55,Mobile App,Completed,6921.0,0.0,1038.15,120,8079.15,Mobile Wallet
O00000885,C0000133,R006,P0028,2026-04-22 14:06:34,Dine-In,Completed,6874.0,500.0,956.1,0,7330.1,Card
O00000886,C0000001,R010,,2026-01-14 22:47:24,Dine-In,Completed,8543.0,0.0,1281.45,0,9824.45,Mobile Wallet
O00000887,C0000099,R017,,2025-07-20 06:17:48,Mobile App,Completed,1910.92,0.0,286.64,80,2277.56,Cash
O00000888,C0000348,R023,,2026-08-21 09:30:14,Website,Cancelled,7958.0,0.0,1193.7,0,0.0,Cash
O00000889,C0000047,R010,,2026-07-05 18:05:18,Mobile App,Completed,10899.5,0.0,1634.92,150,12684.42,Cash
O00000890,C0000450,R021,,2025-05-08 08:01:59,Website,Completed,5250.3,0.0,787.54,100,6137.84,Card
O00000891,C0000612,R010,,2025-03-15 17:12:18,Delivery Partner,Completed,8120.0,0.0,1218.0,100,9438.0,Cash
O00000892,C0000189,R014,,2026-03-14 17:41:22,Delivery Partner,Completed,12150.5,0.0,1822.58,150,14123.08,Mobile Wallet
O00000893,C0000753,R020,,2026-01-24 22:52:10,Mobile App,Completed,3591.5,0.0,538.72,0,4130.22,Card
O00000894,C0000715,R017,,2026-07-26 20:51:58,Dine-In,Completed,4943.0,0.0,741.45,0,5684.45,Mobile Wallet
O00000895,C0000757,R009,,2025-07-05 21:10:20,Takeaway,Cancelled,8472.8,0.0,1270.92,0,0.0,Bank Transfer
O00000896,C0000414,R015,,2025-04-14 08:25:51,Mobile App,Completed,14430.0,0.0,2164.5,0,16594.5,Card
O00000897,C0000084,R007,,2025-07-19 20:20:33,Delivery Partner,Completed,7753.5,0.0,1163.02,80,8996.52,Cash
O00000898,C0000213,R002,P0018,2025-03-10 08:01:38,Website,Completed,6430.0,1929.0,675.15,0,5176.15,Mobile Wallet
O00000899,C0000483,R004,,2025-03-20 18:39:50,Mobile App,Completed,5917.5,0.0,887.62,0,6805.12,Cash
O00000900,C0000041,R020,,2026-07-14 19:55:06,Mobile App,Completed,7026.55,0.0,1053.98,80,8160.53,Cash
O00000901,C0000524,R024,,2025-09-10 09:53:41,Mobile App,Completed,10785.5,0.0,1617.82,150,12553.32,Card
O00000902,C0000279,R018,,2025-10-13 18:50:43,Delivery Partner,Completed,5434.0,0.0,815.1,120,6369.1,Cash
O00000903,C0000010,R011,,2025-03-10 06:19:54,Delivery Partner,Completed,6321.0,0.0,948.15,150,7419.15,Card
O00000904,C0000289,R005,,2025-07-25 12:16:26,Delivery Partner,Completed,9071.0,0.0,1360.65,120,10551.65,Card
O00000905,C0000006,R008,,2026-05-15 21:15:49,Mobile App,Completed,1261.6,0.0,189.24,0,1450.84,Card
O00000906,C0000001,R022,,2026-01-31 09:56:22,Takeaway,Completed,4148.9,0.0,622.33,0,4771.23,Cash
O00000907,C0000779,R020,,2026-04-17 07:41:37,Dine-In,Cancelled,4320.0,0.0,648.0,0,0.0,Card
O00000908,C0000221,R005,,2025-11-02 14:04:57,Dine-In,Completed,18065.5,0.0,2709.82,0,20775.32,Cash
O00000909,C0000274,R002,,2025-08-16 20:13:19,Dine-In,Completed,7302.0,0.0,1095.3,0,8397.3,Cash
O00000910,C0000071,R005,,2025-11-21 07:23:26,Delivery Partner,Completed,3762.0,0.0,564.3,100,4426.3,Card
O00000911,C0000274,R003,,2025-08-24 13:50:52,Dine-In,Completed,9904.0,0.0,1485.6,0,11389.6,Card
O00000912,C0000027,R012,,2026-06-02 20:03:59,Dine-In,Completed,2899.5,0.0,434.92,0,3334.42,Card
O00000913,C0000535,R019,P0022,2025-08-10 08:51:07,Mobile App,Completed,2210.0,221.0,298.35,100,2387.35,Cash
O00000914,C0000660,R007,P0007,2026-02-26 12:47:36,Mobile App,Completed,982.0,0.0,147.3,0,1129.3,Bank Transfer
O00000915,C0000717,R019,,2025-05-12 19:23:02,Delivery Partner,Completed,7338.0,0.0,1100.7,120,8558.7,Cash
O00000916,C0000012,R004,,2026-03-13 16:46:01,Dine-In,Completed,8896.5,0.0,1334.48,0,10230.98,Mobile Wallet
O00000917,C0000290,R023,P0015,2026-07-13 20:59:21,Delivery Partner,Completed,8318.92,200.0,1217.84,0,9336.76,Cash
O00000918,C0000635,R014,P0022,2026-01-26 08:08:05,Dine-In,Completed,7639.98,764.0,1031.4,0,7907.38,Mobile Wallet
O00000919,C0000016,R019,,2025-12-30 21:02:38,Delivery Partner,Completed,10289.25,0.0,1543.39,120,11952.64,Card
O00000920,C0000011,R018,P0006,2026-08-09 21:54:39,Mobile App,Cancelled,3532.5,100.0,514.88,80,0.0,Card
O00000921,C0000649,R007,P0008,2026-02-07 09:08:35,Mobile App,Cancelled,4030.0,1007.5,453.38,0,0.0,Cash
O00000922,C0000615,R015,P0008,2025-07-19 05:17:43,Takeaway,Completed,10692.5,2673.12,1202.91,0,9222.29,Card
O00000923,C0000184,R021,,2025-08-07 23:35:23,Mobile App,Completed,9368.5,0.0,1405.28,100,10873.78,Mobile Wallet
O00000924,C0000013,R001,P0004,2026-03-23 14:18:11,Website,Completed,8865.5,886.55,1196.84,100,9275.79,Mobile Wallet
O00000925,C0000247,R012,,2026-04-08 17:23:16,Dine-In,Completed,4414.0,0.0,662.1,0,5076.1,Cash
O00000926,C0000142,R024,,2025-08-13 17:03:21,Dine-In,Completed,2488.5,0.0,373.28,0,2861.78,Card
O00000927,C0000249,R019,,2025-09-06 19:08:53,Delivery Partner,Completed,7686.0,0.0,1152.9,150,8988.9,Cash
O00000928,C0000177,R023,P0014,2026-08-27 19:32:18,Mobile App,Completed,6603.45,300.0,945.52,80,7328.97,Cash
O00000929,C0000302,R006,,2025-04-23 10:00:08,Delivery Partner,Completed,3506.0,0.0,525.9,0,4031.9,Cash
O00000930,C0000507,R013,P0025,2025-10-10 11:51:11,Website,Completed,7474.0,200.0,1091.1,0,8365.1,Cash
O00000931,C0000580,R006,,2025-04-03 20:50:59,Takeaway,Completed,5120.0,0.0,768.0,0,5888.0,Mobile Wallet
O00000932,C0000398,R013,,2026-05-24 20:34:31,Dine-In,Completed,14690.0,0.0,2203.5,0,16893.5,Card
O00000933,C0000037,R015,P0018,2025-04-19 17:09:52,Delivery Partner,Completed,380.0,0.0,57.0,120,557.0,Mobile Wallet
O00000934,C0000144,R016,,2026-03-06 23:11:30,Mobile App,Refunded,4399.5,0.0,659.92,0,5059.42,Mobile Wallet
O00000935,C0000006,R008,P0015,2025-03-31 19:17:16,Dine-In,Refunded,13625.5,200.0,2013.82,0,15439.32,Card
O00000936,C0000187,R013,,2026-03-05 10:13:22,Website,Completed,12494.5,0.0,1874.18,100,14468.68,Card
O00000937,C0000938,R013,,2026-06-05 20:09:09,Dine-In,Completed,4065.0,0.0,609.75,0,4674.75,Bank Transfer
O00000938,C0000389,R020,,2025-10-07 13:09:29,Delivery Partner,Completed,1683.55,0.0,252.53,80,2016.08,Card
O00000939,C0000023,R020,,2025-12-11 05:17:18,Dine-In,Completed,10509.0,0.0,1576.35,0,12085.35,Card
O00000940,C0000066,R012,,2025-10-08 12:23:25,Dine-In,Completed,11095.5,0.0,1664.32,0,12759.82,Mobile Wallet
O00000941,C0000005,R019,,2025-08-11 19:00:25,Dine-In,Completed,15080.85,0.0,2262.13,0,17342.98,Cash
O00000942,C0000031,R017,,2026-05-14 22:29:10,Dine-In,Completed,5024.0,0.0,753.6,0,5777.6,Mobile Wallet
O00000943,C0000219,R003,P0020,2025-07-26 12:14:19,Mobile App,Completed,7340.0,1101.0,935.85,0,7174.85,Cash
O00000944,C0000108,R015,,2026-04-01 11:07:53,Website,Completed,5144.2,0.0,771.63,0,5915.83,Mobile Wallet
O00000945,C0000038,R017,,2025-06-19 17:57:55,Delivery Partner,Completed,2821.5,0.0,423.22,120,3364.72,Mobile Wallet
O00000946,C0000021,R006,,2025-07-13 19:34:44,Website,Completed,2270.0,0.0,340.5,100,2710.5,Card
O00000947,C0000408,R024,,2025-09-01 19:17:03,Takeaway,Completed,5648.0,0.0,847.2,0,6495.2,Mobile Wallet
O00000948,C0000290,R019,,2026-01-15 16:40:46,Mobile App,Completed,8495.97,0.0,1274.4,0,9770.37,Mobile Wallet
O00000949,C0000693,R012,,2025-11-06 18:15:11,Delivery Partner,Completed,9572.0,0.0,1435.8,100,11107.8,Card
O00000950,C0000031,R004,P0026,2026-04-13 11:20:24,Mobile App,Completed,5122.0,768.3,653.05,120,5126.75,Mobile Wallet
O00000951,C0000703,R021,,2025-06-23 14:14:55,Takeaway,Completed,5444.7,0.0,816.7,0,6261.4,Card
O00000952,C0000312,R023,,2025-03-06 11:04:57,Mobile App,Completed,2921.5,0.0,438.22,150,3509.72,Mobile Wallet
O00000953,C0000064,R012,P0004,2026-04-29 20:44:09,Takeaway,Completed,11931.0,1193.1,1610.68,0,12348.58,Card
O00000954,C0000068,R022,,2026-05-24 08:53:21,Takeaway,Completed,3180.0,0.0,477.0,0,3657.0,Card
O00000955,C0000139,R002,,2025-04-01 18:51:06,Website,Completed,5139.0,0.0,770.85,150,6059.85,Cash
O00000956,C0000194,R007,,2026-01-28 12:06:23,Delivery Partner,Cancelled,6032.0,0.0,904.8,0,0.0,Cash
O00000957,C0000008,R016,,2025-09-25 14:47:01,Mobile App,Cancelled,12922.0,0.0,1938.3,120,0.0,Mobile Wallet
O00000958,C0000692,R024,P0002,2026-05-09 12:06:31,Website,Completed,7855.5,392.78,1119.41,80,8662.13,Card
O00000959,C0000015,R012,P0016,2026-06-21 12:26:20,Dine-In,Completed,8164.0,200.0,1194.6,0,9158.6,Card
O00000960,C0000215,R016,,2026-06-09 12:24:06,Mobile App,Completed,3044.0,0.0,456.6,80,3580.6,Card
O00000961,C0000133,R014,,2026-04-29 19:21:07,Mobile App,Completed,4311.0,0.0,646.65,150,5107.65,Cash
O00000962,C0000243,R001,P0023,2025-07-24 13:47:52,Mobile App,Completed,5188.0,778.2,661.47,80,5151.27,Card
O00000963,C0000775,R022,,2026-05-18 19:12:50,Dine-In,Completed,5417.5,0.0,812.62,0,6230.12,Card
O00000964,C0000977,R009,,2025-12-17 14:16:37,Website,Completed,13791.0,0.0,2068.65,150,16009.65,Mobile Wallet
O00000965,C0000001,R007,P0029,2025-03-29 16:40:20,Delivery Partner,Completed,9001.0,2700.3,945.1,80,7325.8,Card
O00000966,C0000141,R005,,2025-11-08 16:43:07,Mobile App,Completed,3780.0,0.0,567.0,80,4427.0,Mobile Wallet
O00000967,C0000650,R010,,2026-07-29 22:12:56,Dine-In,Completed,2080.5,0.0,312.08,0,2392.58,Mobile Wallet
O00000968,C0000097,R010,,2026-06-29 13:25:24,Dine-In,Completed,3932.0,0.0,589.8,0,4521.8,Cash
O00000969,C0000399,R025,,2025-04-24 10:08:27,Takeaway,Completed,2173.75,0.0,326.06,0,2499.81,Mobile Wallet
O00000970,C0000984,R018,,2026-04-12 21:04:27,Dine-In,Completed,10072.0,0.0,1510.8,0,11582.8,Cash
O00000971,C0000396,R007,,2026-05-15 09:38:53,Delivery Partner,Cancelled,3283.5,0.0,492.52,80,0.0,Card
O00000972,C0000013,R025,P0015,2025-07-26 20:32:30,Website,Completed,3243.5,200.0,456.52,150,3650.02,Cash
O00000973,C0000694,R018,,2025-11-15 09:03:51,Mobile App,Completed,7884.0,0.0,1182.6,80,9146.6,Card
O00000974,C0000930,R013,,2026-03-26 18:27:35,Delivery Partner,Completed,4275.5,0.0,641.32,100,5016.82,Card
O00000975,C0000485,R011,P0028,2025-10-29 09:25:24,Dine-In,Completed,7906.0,500.0,1110.9,0,8516.9,Mobile Wallet
O00000976,C0000160,R010,,2025-04-29 21:03:51,Website,Completed,4454.5,0.0,668.18,0,5122.68,Bank Transfer
O00000977,C0000893,R022,P0030,2026-03-23 17:15:55,Dine-In,Cancelled,2906.5,150.0,413.48,0,0.0,Mobile Wallet
O00000978,C0000934,R009,,2026-07-12 12:36:40,Dine-In,Completed,6780.0,0.0,1017.0,0,7797.0,Card
O00000979,C0000866,R015,,2026-02-22 08:21:36,Dine-In,Completed,14135.0,0.0,2120.25,0,16255.25,Card
O00000980,C0000155,R014,,2026-04-27 13:35:37,Delivery Partner,Completed,6867.5,0.0,1030.12,150,8047.62,Mobile Wallet
O00000981,C0000604,R003,,2025-09-14 18:37:50,Mobile App,Completed,1672.2,0.0,250.83,150,2073.03,Cash
O00000982,C0000405,R024,P0015,2025-06-07 13:57:11,Dine-In,Completed,3783.0,200.0,537.45,0,4120.45,Cash
O00000983,C0000030,R014,,2026-02-16 11:54:36,Mobile App,Completed,12091.5,0.0,1813.72,100,14005.22,Cash
O00000984,C0000266,R021,,2025-08-27 17:34:36,Dine-In,Completed,5370.0,0.0,805.5,0,6175.5,Card
O00000985,C0000538,R016,P0015,2026-06-14 14:24:30,Dine-In,Completed,5622.0,200.0,813.3,0,6235.3,Mobile Wallet
O00000986,C0000791,R023,,2025-05-04 09:07:17,Website,Completed,4600.5,0.0,690.08,120,5410.58,Mobile Wallet
O00000987,C0000729,R003,,2025-10-26 09:16:25,Dine-In,Completed,10165.5,0.0,1524.82,0,11690.32,Card
O00000988,C0000023,R008,,2025-10-06 18:17:05,Delivery Partner,Completed,6583.0,0.0,987.45,80,7650.45,Mobile Wallet
O00000989,C0000220,R002,,2026-07-27 22:49:08,Mobile App,Completed,12416.65,0.0,1862.5,0,14279.15,Card
O00000990,C0000211,R024,,2025-05-21 11:57:10,Dine-In,Completed,6758.25,0.0,1013.74,0,7771.99,Card
O00000991,C0000796,R002,,2025-03-06 19:56:30,Dine-In,Completed,3784.0,0.0,567.6,0,4351.6,Cash
O00000992,C0000001,R023,,2025-07-07 07:11:54,Mobile App,Completed,4107.5,0.0,616.12,100,4823.62,Card
O00000993,C0000524,R018,,2026-05-23 13:56:45,Takeaway,Completed,5891.0,0.0,883.65,0,6774.65,Card
O00000994,C0000360,R007,,2025-06-21 15:56:55,Mobile App,Completed,12336.0,0.0,1850.4,80,14266.4,Mobile Wallet
O00000995,C0000840,R017,P0025,2025-07-08 12:32:01,Delivery Partner,Completed,12744.0,200.0,1881.6,100,14525.6,Mobile Wallet
O00000996,C0000192,R006,,2025-05-08 16:22:58,Delivery Partner,Completed,2830.0,0.0,424.5,150,3404.5,Cash
O00000997,C0000410,R010,,2026-03-28 20:11:28,Website,Completed,3819.5,0.0,572.92,100,4492.42,Cash
O00000998,C0000943,R007,,2025-04-06 21:10:45,Delivery Partner,Completed,4046.5,0.0,606.98,150,4803.48,Mobile Wallet
O00000999,C0000532,R004,,2025-08-29 08:12:56,Dine-In,Completed,1480.0,0.0,222.0,0,1702.0,Card
O00001000,C0000006,R011,,2025-08-01 12:34:50,Dine-In,Completed,3535.5,0.0,530.32,0,4065.82,Cash
O00001001,C0000027,R016,,2025-12-27 22:26:41,Delivery Partner,Completed,10334.0,0.0,1550.1,150,12034.1,Cash
O00001002,C0000657,R017,,2026-04-05 12:24:04,Takeaway,Completed,7574.5,0.0,1136.18,0,8710.68,Cash
O00001003,C0000102,R006,P0007,2025-12-16 18:39:22,Mobile App,Completed,10343.0,200.0,1521.45,80,11744.45,Card
O00001004,C0000476,R020,,2026-07-23 11:02:35,Website,Completed,2727.0,0.0,409.05,80,3216.05,Card
O00001005,C0000467,R019,,2026-08-04 13:48:06,Mobile App,Completed,8751.35,0.0,1312.7,80,10144.05,Mobile Wallet
O00001006,C0000987,R020,,2025-09-15 10:24:55,Dine-In,Completed,7561.0,0.0,1134.15,0,8695.15,Bank Transfer
O00001007,C0000203,R022,,2026-04-29 20:44:12,Website,Completed,6630.0,0.0,994.5,150,7774.5,Cash
O00001008,C0000523,R021,,2026-04-10 20:09:41,Delivery Partner,Completed,10512.5,0.0,1576.88,150,12239.38,Cash
O00001009,C0000004,R018,,2026-07-02 12:16:09,Dine-In,Completed,2070.75,0.0,310.61,0,2381.36,Card
O00001010,C0000196,R015,P0012,2025-11-03 20:02:35,Mobile App,Completed,5130.5,150.0,747.08,100,5827.58,Card
O00001011,C0000033,R002,,2025-12-15 13:44:15,Mobile App,Completed,860.0,0.0,129.0,120,1109.0,Mobile Wallet
O00001012,C0000690,R019,P0003,2025-10-16 08:21:14,Takeaway,Completed,4633.78,200.0,665.07,0,5098.85,Card
O00001013,C0000689,R006,,2026-06-09 19:37:52,Dine-In,Completed,3742.5,0.0,561.38,0,4303.88,Cash
O00001014,C0000051,R012,P0025,2025-07-02 17:13:42,Dine-In,Completed,3090.0,200.0,433.5,0,3323.5,Mobile Wallet
O00001015,C0000092,R001,,2025-07-08 12:26:18,Website,Completed,4322.0,0.0,648.3,80,5050.3,Mobile Wallet
O00001016,C0000471,R023,P0026,2025-09-22 11:41:20,Mobile App,Completed,16306.0,2445.9,2079.02,120,16059.12,Cash
O00001017,C0000523,R024,P0030,2025-07-02 22:19:55,Delivery Partner,Completed,6947.95,150.0,1019.69,80,7897.64,Cash
O00001018,C0000410,R023,,2025-12-30 20:47:34,Takeaway,Completed,8238.0,0.0,1235.7,0,9473.7,Card
O00001019,C0000993,R011,P0015,2025-05-11 19:17:14,Delivery Partner,Completed,10640.38,200.0,1566.06,80,12086.44,Cash
O00001020,C0000740,R019,,2025-08-23 08:12:47,Mobile App,Completed,2815.0,0.0,422.25,0,3237.25,Card
O00001021,C0000159,R022,,2026-07-13 19:41:13,Dine-In,Completed,12093.5,0.0,1814.02,0,13907.52,Mobile Wallet
O00001022,C0000097,R004,,2025-10-12 10:05:28,Dine-In,Completed,9304.0,0.0,1395.6,0,10699.6,Cash
O00001023,C0000334,R021,,2026-04-14 22:09:04,Mobile App,Completed,6743.4,0.0,1011.51,0,7754.91,Mobile Wallet
O00001024,C0000650,R019,,2025-04-29 06:36:57,Delivery Partner,Completed,6901.6,0.0,1035.24,100,8036.84,Mobile Wallet
O00001025,C0000208,R021,,2025-07-12 13:28:48,Website,Completed,10742.15,0.0,1611.32,80,12433.47,Cash
O00001026,C0000523,R006,,2026-05-16 14:05:17,Mobile App,Completed,3930.0,0.0,589.5,120,4639.5,Card
O00001027,C0000001,R008,,2026-04-22 20:38:50,Dine-In,Completed,7829.0,0.0,1174.35,0,9003.35,Card
O00001028,C0000848,R022,P0019,2025-09-30 19:10:00,Dine-In,Completed,823.0,0.0,123.45,0,946.45,Cash
O00001029,C0000578,R009,P0025,2026-08-05 13:47:26,Dine-In,Completed,5834.0,200.0,845.1,0,6479.1,Cash
O00001030,C0000141,R010,,2026-07-12 17:24:59,Dine-In,Completed,5949.5,0.0,892.42,0,6841.92,Card
O00001031,C0000134,R010,P0011,2026-08-10 20:43:26,Website,Completed,11058.0,2764.5,1244.02,150,9687.52,Mobile Wallet
O00001032,C0000011,R010,,2025-10-23 02:43:24,Delivery Partner,Completed,3131.5,0.0,469.72,0,3601.22,Card
O00001033,C0000648,R004,,2025-06-15 19:29:40,Takeaway,Completed,3326.0,0.0,498.9,0,3824.9,Cash
O00001034,C0000570,R018,,2026-02-06 21:54:20,Delivery Partner,Completed,3326.92,0.0,499.04,80,3905.96,Bank Transfer
O00001035,C0000375,R012,P0008,2026-03-12 05:19:13,Dine-In,Completed,3339.0,834.75,375.64,0,2879.89,Mobile Wallet
O00001036,C0000011,R025,,2025-05-06 06:57:51,Takeaway,Completed,3550.85,0.0,532.63,0,4083.48,Card
O00001037,C0000063,R011,P0010,2026-05-04 13:36:52,Dine-In,Cancelled,580.0,200.0,57.0,0,0.0,Card
O00001038,C0000193,R016,,2025-03-10 07:15:19,Dine-In,Completed,6666.0,0.0,999.9,0,7665.9,Card
O00001039,C0000064,R019,,2025-11-21 14:30:27,Dine-In,Completed,4840.0,0.0,726.0,0,5566.0,Bank Transfer
O00001040,C0000172,R011,P0001,2025-08-29 19:28:20,Takeaway,Completed,6017.5,500.0,827.62,0,6345.12,Cash
O00001041,C0000047,R023,,2026-04-10 17:05:22,Mobile App,Completed,10315.1,0.0,1547.26,100,11962.36,Mobile Wallet
O00001042,C0000111,R004,,2025-08-18 10:28:10,Takeaway,Completed,6373.0,0.0,955.95,0,7328.95,Card
O00001043,C0000403,R012,,2026-05-27 18:31:55,Mobile App,Cancelled,3516.0,0.0,527.4,120,0.0,Mobile Wallet
O00001044,C0000784,R017,,2026-01-18 18:08:01,Takeaway,Completed,5814.6,0.0,872.19,0,6686.79,Mobile Wallet
O00001045,C0000135,R024,P0003,2026-05-09 21:36:19,Delivery Partner,Completed,2946.0,200.0,411.9,0,3157.9,Card
O00001046,C0000456,R013,,2026-08-25 09:52:23,Delivery Partner,Completed,3335.0,0.0,500.25,80,3915.25,Bank Transfer
O00001047,C0000018,R004,,2026-03-08 18:22:54,Delivery Partner,Completed,13949.45,0.0,2092.42,0,16041.87,Mobile Wallet
O00001048,C0000272,R006,P0004,2026-08-23 21:15:24,Mobile App,Completed,1697.0,169.7,229.1,80,1836.4,Cash
O00001049,C0000840,R007,,2025-03-16 15:17:36,Website,Completed,8431.0,0.0,1264.65,150,9845.65,Cash
O00001050,C0000002,R008,,2025-09-02 13:18:21,Dine-In,Completed,8533.0,0.0,1279.95,0,9812.95,Mobile Wallet
O00001051,C0000065,R002,,2025-04-26 09:43:58,Website,Completed,15529.5,0.0,2329.42,80,17938.92,Bank Transfer
O00001052,C0000017,R009,P0030,2025-07-20 20:01:23,Dine-In,Cancelled,7917.1,150.0,1165.06,0,0.0,Card
O00001053,C0000264,R010,,2026-06-02 13:57:14,Dine-In,Completed,15130.18,0.0,2269.53,0,17399.71,Cash
O00001054,C0000439,R019,,2025-03-18 21:09:11,Dine-In,Completed,6280.0,0.0,942.0,0,7222.0,Card
O00001055,C0000005,R001,P0004,2025-12-10 20:11:45,Mobile App,Completed,3406.0,340.6,459.81,150,3675.21,Cash
O00001056,C0000006,R016,,2026-01-03 13:45:30,Takeaway,Completed,9656.2,0.0,1448.43,0,11104.63,Card
O00001057,C0000742,R018,,2025-12-30 17:17:42,Delivery Partner,Completed,7664.0,0.0,1149.6,150,8963.6,Card
O00001058,C0000191,R008,P0011,2025-11-17 04:18:30,Takeaway,Completed,6853.0,1713.25,770.96,0,5910.71,Card
O00001059,C0000197,R010,,2026-05-07 12:37:52,Delivery Partner,Completed,7405.5,0.0,1110.82,150,8666.32,Bank Transfer
O00001060,C0000885,R022,P0027,2025-05-10 18:36:29,Takeaway,Completed,3141.5,300.0,426.22,0,3267.72,Card
O00001061,C0000093,R011,,2025-08-17 18:26:40,Website,Completed,1197.0,0.0,179.55,80,1456.55,Cash
O00001062,C0000793,R017,,2026-01-31 13:47:19,Mobile App,Completed,12421.0,0.0,1863.15,100,14384.15,Card
O00001063,C0000946,R025,P0029,2026-03-15 19:13:07,Mobile App,Completed,8220.0,2466.0,863.1,80,6697.1,Card
O00001064,C0000053,R007,,2025-10-10 11:44:43,Mobile App,Completed,5370.0,0.0,805.5,100,6275.5,Mobile Wallet
O00001065,C0000245,R003,,2026-06-22 14:52:29,Website,Completed,1985.5,0.0,297.82,120,2403.32,Card
O00001066,C0000265,R007,,2025-10-16 14:33:34,Mobile App,Completed,13354.5,0.0,2003.18,0,15357.68,Mobile Wallet
O00001067,C0000735,R006,,2025-10-09 13:01:20,Mobile App,Completed,5646.0,0.0,846.9,80,6572.9,Mobile Wallet
O00001068,C0000084,R003,P0014,2025-03-20 21:43:46,Mobile App,Completed,9623.47,300.0,1398.52,80,10801.99,Card
O00001069,C0000618,R008,P0012,2025-12-26 18:32:39,Takeaway,Completed,6400.67,150.0,937.6,0,7188.27,Bank Transfer
O00001070,C0000939,R001,P0009,2026-03-25 16:18:57,Takeaway,Completed,12126.0,1212.6,1637.01,0,12550.41,Cash
O00001071,C0000689,R005,,2025-04-30 15:59:27,Dine-In,Completed,1610.0,0.0,241.5,0,1851.5,Card
O00001072,C0000816,R024,,2025-08-14 09:59:38,Delivery Partner,Completed,5032.0,0.0,754.8,100,5886.8,Cash
O00001073,C0000479,R019,,2026-05-02 13:26:16,Website,Completed,6613.5,0.0,992.02,120,7725.52,Cash
O00001074,C0000806,R013,,2025-09-18 18:47:11,Dine-In,Completed,5370.5,0.0,805.58,0,6176.08,Card
O00001075,C0000026,R011,,2025-07-09 21:29:51,Takeaway,Completed,9327.5,0.0,1399.12,0,10726.62,Cash
O00001076,C0000485,R022,P0030,2026-03-05 19:06:49,Mobile App,Completed,7115.0,150.0,1044.75,150,8159.75,Cash
O00001077,C0000514,R011,,2025-06-14 12:26:17,Takeaway,Refunded,6803.88,0.0,1020.58,0,7824.46,Cash
O00001078,C0000177,R002,P0026,2026-07-03 14:20:46,Delivery Partner,Completed,1568.6,235.29,200.0,120,1653.31,Card
O00001079,C0000008,R009,P0004,2025-04-25 07:06:54,Website,Completed,11265.0,1126.5,1520.78,80,11739.28,Cash
O00001080,C0000365,R002,,2026-03-23 08:47:27,Website,Completed,3128.5,0.0,469.28,0,3597.78,Card
O00001081,C0000004,R021,,2025-11-30 14:24:59,Delivery Partner,Completed,6086.0,0.0,912.9,0,6998.9,Card
O00001082,C0000133,R019,,2026-06-19 16:37:02,Mobile App,Completed,10945.95,0.0,1641.89,150,12737.84,Card
O00001083,C0000141,R012,P0027,2025-05-06 12:17:50,Mobile App,Completed,15252.0,300.0,2242.8,0,17194.8,Cash
O00001084,C0000998,R009,,2026-03-08 18:32:14,Website,Completed,7460.0,0.0,1119.0,80,8659.0,Card
O00001085,C0000081,R009,P0013,2026-01-05 18:32:15,Website,Completed,5890.1,1472.52,662.64,0,5080.22,Card
O00001086,C0000655,R023,,2025-11-20 12:31:21,Delivery Partner,Completed,5508.0,0.0,826.2,120,6454.2,Card
O00001087,C0000004,R010,,2025-11-26 19:57:53,Website,Refunded,5484.0,0.0,822.6,120,6426.6,Mobile Wallet
O00001088,C0000260,R005,P0010,2026-04-01 10:24:48,Dine-In,Completed,5348.0,200.0,772.2,0,5920.2,Cash
O00001089,C0000267,R009,,2026-07-27 16:13:30,Delivery Partner,Completed,3354.0,0.0,503.1,120,3977.1,Mobile Wallet
O00001090,C0000373,R023,P0011,2025-04-18 19:37:30,Website,Completed,1110.0,0.0,166.5,150,1426.5,Cash
O00001091,C0000637,R018,,2025-03-11 16:37:00,Dine-In,Completed,9358.0,0.0,1403.7,0,10761.7,Card
O00001092,C0000560,R010,P0006,2026-05-15 20:03:10,Website,Completed,10940.0,100.0,1626.0,100,12566.0,Cash
O00001093,C0000558,R017,,2025-04-27 06:43:05,Takeaway,Completed,6772.5,0.0,1015.88,0,7788.38,Mobile Wallet
O00001094,C0000171,R010,P0027,2026-08-24 17:17:22,Delivery Partner,Completed,2828.5,300.0,379.28,100,3007.78,Card
O00001095,C0000507,R014,,2026-02-02 16:09:08,Delivery Partner,Completed,6135.0,0.0,920.25,150,7205.25,Bank Transfer
O00001096,C0000223,R004,,2026-02-21 18:34:51,Takeaway,Completed,4190.0,0.0,628.5,0,4818.5,Bank Transfer
O00001097,C0000006,R010,,2025-06-15 20:34:15,Delivery Partner,Completed,1800.0,0.0,270.0,120,2190.0,Bank Transfer
O00001098,C0000780,R024,,2025-07-08 19:39:57,Website,Completed,2336.0,0.0,350.4,0,2686.4,Cash
O00001099,C0000780,R022,,2026-02-26 19:53:37,Website,Completed,7604.0,0.0,1140.6,80,8824.6,Card
O00001100,C0000094,R018,P0006,2026-07-11 12:22:43,Mobile App,Completed,6895.5,100.0,1019.32,80,7894.82,Card
O00001101,C0000825,R005,P0009,2026-08-22 13:24:18,Dine-In,Cancelled,7600.0,760.0,1026.0,0,0.0,Card
O00001102,C0000554,R009,,2025-06-15 17:00:44,Mobile App,Completed,1934.0,0.0,290.1,100,2324.1,Card
O00001103,C0000146,R006,P0025,2025-05-11 16:17:12,Dine-In,Completed,3931.0,200.0,559.65,0,4290.65,Cash
O00001104,C0000100,R016,,2025-03-31 22:14:58,Mobile App,Completed,4427.0,0.0,664.05,80,5171.05,Mobile Wallet
O00001105,C0000948,R022,,2026-06-18 10:24:31,Delivery Partner,Completed,3607.5,0.0,541.12,0,4148.62,Bank Transfer
O00001106,C0000486,R023,,2025-08-08 13:31:35,Delivery Partner,Completed,5065.0,0.0,759.75,80,5904.75,Card
O00001107,C0000130,R016,,2025-03-01 17:52:08,Dine-In,Completed,3746.0,0.0,561.9,0,4307.9,Card
O00001108,C0000389,R011,P0030,2025-06-29 20:19:45,Dine-In,Completed,7313.6,150.0,1074.54,0,8238.14,Bank Transfer
O00001109,C0000305,R021,P0025,2025-09-03 21:16:45,Delivery Partner,Completed,8306.0,200.0,1215.9,100,9421.9,Card
O00001110,C0000255,R015,,2026-08-26 13:56:48,Mobile App,Completed,5662.5,0.0,849.38,80,6591.88,Mobile Wallet
O00001111,C0000393,R019,,2025-12-12 07:10:36,Delivery Partner,Completed,4744.0,0.0,711.6,120,5575.6,Mobile Wallet
O00001112,C0000268,R003,,2025-06-19 14:12:30,Website,Completed,3370.0,0.0,505.5,80,3955.5,Card
O00001113,C0000406,R016,P0022,2025-08-31 13:24:30,Website,Refunded,6948.0,694.8,937.98,120,7311.18,Mobile Wallet
O00001114,C0000813,R021,P0008,2025-08-28 23:19:58,Dine-In,Completed,4626.75,1156.69,520.51,0,3990.57,Mobile Wallet
O00001115,C0000986,R020,,2025-03-11 14:24:54,Dine-In,Completed,6237.4,0.0,935.61,0,7173.01,Card
O00001116,C0000481,R005,P0002,2025-05-11 12:41:18,Takeaway,Completed,9536.9,476.84,1359.01,0,10419.07,Cash
O00001117,C0000852,R009,,2026-03-17 13:44:01,Dine-In,Completed,19580.0,-50.0,2937.0,0,22517.0,Mobile Wallet
O00001118,C0000721,R005,P0005,2025-05-03 13:48:44,Website,Cancelled,5864.0,100.0,864.6,80,0.0,Cash
O00001119,C0000079,R004,P0013,2025-07-03 20:30:31,Mobile App,Completed,10595.12,2648.78,1191.95,80,9218.29,Mobile Wallet
O00001120,C0000862,R013,,2025-09-09 07:52:42,Mobile App,Completed,6360.0,0.0,954.0,120,7434.0,Card
O00001121,C0000006,R020,P0028,2026-04-19 12:00:33,Delivery Partner,Completed,14050.52,500.0,2032.58,120,15703.1,Cash
O00001122,C0000099,R017,,2026-01-11 22:51:00,Mobile App,Completed,4541.0,0.0,681.15,0,5222.15,Mobile Wallet
O00001123,C0000387,R020,,2026-03-14 09:15:20,Mobile App,Completed,2331.0,0.0,349.65,100,2780.65,Card
O00001124,C0000257,R012,,2026-01-03 19:47:02,Delivery Partner,Completed,3240.0,0.0,486.0,150,3876.0,Card
O00001125,C0000273,R020,,2026-03-11 13:27:26,Mobile App,Completed,5763.0,0.0,864.45,120,6747.45,Cash
O00001126,C0000612,R025,,2025-03-02 17:20:43,Dine-In,Completed,12631.5,0.0,1894.72,0,14526.22,Card
O00001127,C0000035,R020,P0004,2026-07-23 08:29:06,Mobile App,Completed,3255.1,325.51,439.44,150,3519.03,Cash
O00001128,C0000962,R007,P0026,2025-04-28 12:58:32,Mobile App,Completed,14122.5,2118.38,1800.62,150,13954.74,Cash
O00001129,C0000175,R001,,2025-10-11 15:02:08,Mobile App,Completed,4837.0,0.0,725.55,80,5642.55,Cash
O00001130,C0000896,R016,,2026-04-26 11:33:29,Takeaway,Completed,8827.0,0.0,1324.05,0,10151.05,Cash
O00001131,C0000133,R007,,2025-10-27 16:05:17,Dine-In,Cancelled,4947.3,0.0,742.1,0,0.0,Card
O00001132,C0000340,R002,P0002,2026-08-01 11:42:55,Takeaway,Completed,3391.5,169.58,483.29,0,3705.21,Card
O00001133,C0000186,R012,,2025-11-13 18:28:25,Dine-In,Completed,7560.25,0.0,1134.04,0,8694.29,Card
O00001134,C0000434,R011,P0019,2026-06-22 20:02:19,Mobile App,Cancelled,9080.0,500.0,1287.0,100,0.0,Card
O00001135,C0000032,R008,P0003,2026-05-18 07:57:37,Mobile App,Completed,2640.0,200.0,366.0,150,2956.0,Mobile Wallet
O00001136,C0000146,R001,,2026-08-21 11:32:40,Mobile App,Completed,13019.0,0.0,1952.85,0,14971.85,Cash
O00001137,C0000006,R003,,2026-07-21 20:10:54,Dine-In,Cancelled,3249.0,0.0,487.35,0,0.0,Card
O00001138,C0000336,R008,,2026-07-05 18:44:30,Takeaway,Completed,8203.0,0.0,1230.45,0,9433.45,Mobile Wallet
O00001139,C0000922,R008,P0026,2026-04-06 07:04:07,Delivery Partner,Completed,9414.0,1412.1,1200.28,120,9322.18,Cash
O00001140,C0000003,R011,,2025-09-19 15:49:22,,Completed,7851.8,0.0,1177.77,150,9179.57,Card
O00001141,C0000412,R021,,2025-04-26 10:31:49,Delivery Partner,Completed,5262.0,0.0,789.3,120,6171.3,Card
O00001142,C0000580,R005,,2026-03-14 10:46:24,Mobile App,Completed,3566.18,0.0,534.93,80,4181.11,Cash
O00001143,C0000042,R008,P0017,2026-08-19 21:17:46,Mobile App,Completed,1838.5,300.0,230.77,100,1869.27,Cash
O00001144,C0000068,R021,,2026-04-03 19:46:00,Website,Completed,4598.0,0.0,689.7,80,5367.7,Mobile Wallet
O00001145,C0000038,R009,,2026-07-22 18:19:45,Delivery Partner,Completed,3850.0,0.0,577.5,100,4527.5,Card
O00001146,C0000080,R017,,2026-05-14 11:51:17,Delivery Partner,Completed,4684.5,0.0,702.68,100,5487.18,Card
O00001147,C0000013,R005,P0014,2025-05-27 08:51:18,Delivery Partner,Completed,7414.5,300.0,1067.18,150,8331.68,Mobile Wallet
O00001148,C0000125,R019,P0003,2025-07-13 20:38:50,Delivery Partner,Completed,5562.97,200.0,804.45,120,6287.42,Mobile Wallet
O00001149,C0000124,R019,,2025-09-04 00:48:41,Mobile App,Completed,5878.5,0.0,881.78,120,6880.28,Card
O00001150,C0000633,R002,,2025-05-30 13:39:51,Dine-In,Completed,15590.5,0.0,2338.57,0,17929.07,Card
O00001151,C0000622,R019,P0022,2026-01-11 12:27:52,Website,Completed,5527.5,552.75,746.21,80,5800.96,Mobile Wallet
O00001152,C0000615,R023,,2026-08-17 17:12:05,Dine-In,Completed,6380.5,0.0,957.08,0,7337.58,Card
O00001153,C0000300,R015,,2026-04-21 11:25:16,Dine-In,Completed,3454.0,0.0,518.1,0,3972.1,Card
O00001154,C0000096,R008,,2025-10-20 12:15:45,Website,Completed,8636.0,0.0,1295.4,150,10081.4,Cash
O00001155,C0000154,R024,,2025-03-03 20:24:44,Website,Completed,2096.7,0.0,314.5,100,2511.2,Cash
O00001156,C0000091,R008,,2025-08-18 17:09:07,Mobile App,Completed,7895.5,0.0,1184.32,0,9079.82,Card
O00001157,C0000317,R001,P0021,2025-12-13 08:28:53,Takeaway,Completed,9122.5,100.0,1353.38,0,10375.88,Bank Transfer
O00001158,C0000872,R014,,2025-08-25 19:45:41,Mobile App,Completed,4892.5,0.0,733.88,0,5626.38,Mobile Wallet
O00001159,C0000073,R011,,2025-04-28 10:37:08,Delivery Partner,Cancelled,21258.0,0.0,3188.7,0,0.0,Card
O00001160,C0000193,R007,,2025-10-31 14:19:36,Website,Completed,4041.5,0.0,606.22,150,4797.72,Card
O00001161,C0000406,R018,,2025-07-15 18:53:54,Mobile App,Completed,17985.5,0.0,2697.82,100,20783.32,Cash
O00001162,C0000697,R015,,2026-07-11 12:25:26,Mobile App,Completed,7510.5,0.0,1126.58,0,8637.08,Card
O00001163,C0000058,R010,P0019,2025-04-23 13:31:35,Delivery Partner,Completed,2325.5,500.0,273.82,80,2179.32,Card
O00001164,C0000071,R004,,2025-03-27 19:38:05,Mobile App,Cancelled,4971.0,0.0,745.65,120,0.0,Card
O00001165,C0000770,R021,,2025-03-03 21:37:05,Dine-In,Completed,6980.0,0.0,1047.0,0,8027.0,Mobile Wallet
O00001166,C0000008,R001,P0004,2025-08-27 16:58:44,Takeaway,Completed,1480.0,0.0,222.0,0,1702.0,Cash
O00001167,C0000344,R014,,2026-02-26 00:48:03,Mobile App,Completed,5826.0,0.0,873.9,0,6699.9,Card
O00001168,C0000725,R020,P0014,2026-04-05 13:52:21,Takeaway,Completed,3691.0,300.0,508.65,0,3899.65,Card
O00001169,C0000840,R020,,2025-11-06 13:23:39,Mobile App,Completed,5006.0,0.0,750.9,0,5756.9,Cash
O00001170,C0000001,R025,,2026-03-11 13:30:26,Takeaway,Completed,8777.0,0.0,1316.55,0,10093.55,Card
O00001171,C0000124,R009,,2025-09-14 14:39:36,Dine-In,Completed,2844.0,0.0,426.6,0,3270.6,Card
O00001172,C0000060,R013,P0026,2026-03-02 18:11:01,Dine-In,Completed,5000.25,750.04,637.53,0,4887.74,Mobile Wallet
O00001173,C0000301,R017,,2025-03-22 08:57:08,Delivery Partner,Completed,4258.5,0.0,638.78,80,4977.28,Cash
O00001174,C0000378,R024,,2025-10-03 12:56:10,Mobile App,Completed,5910.5,0.0,886.58,100,6897.08,Card
O00001175,C0001000,R020,,2026-05-07 15:35:19,Takeaway,Completed,2855.0,0.0,428.25,0,3283.25,Bank Transfer
O00001176,C0000243,R004,P0026,2026-05-13 12:09:51,Takeaway,Completed,15290.5,2293.57,1949.54,0,14946.47,Mobile Wallet
O00001177,C0000283,R005,,2026-03-29 23:05:42,Mobile App,Completed,1610.0,0.0,241.5,100,1951.5,Mobile Wallet
O00001178,C0000157,R018,P0015,2025-06-18 14:06:38,Website,Completed,10100.0,200.0,1485.0,80,11465.0,Card
O00001179,C0000021,R017,,2025-07-12 20:52:57,Mobile App,Completed,6627.0,0.0,994.05,150,7771.05,Cash
O00001180,C0000083,R021,,2026-08-29 20:30:13,Delivery Partner,Completed,5812.0,0.0,871.8,150,6833.8,Bank Transfer
O00001181,C0000056,R007,,2025-04-24 20:26:25,Mobile App,Completed,7492.15,0.0,1123.82,0,8615.97,Cash
O00001182,C0000623,R010,,2025-06-06 06:07:37,Delivery Partner,Completed,3238.12,0.0,485.72,120,3843.84,Bank Transfer
O00001183,C0000277,R009,,2025-05-08 21:02:29,Dine-In,Completed,6605.0,0.0,990.75,0,7595.75,Cash
O00001184,C0000079,R013,,2025-08-27 08:39:35,Delivery Partner,Completed,2499.0,0.0,374.85,150,3023.85,Cash
O00001185,C0000220,R018,,2025-06-21 05:46:37,Website,Completed,7312.0,0.0,1096.8,120,8528.8,Card
O00001186,C0000044,R012,P0028,2025-11-29 13:20:34,Dine-In,Completed,7836.0,500.0,1100.4,0,8436.4,Card
O00001187,C0000032,R008,,2025-11-17 10:00:54,Takeaway,Completed,4138.0,0.0,620.7,0,4758.7,Mobile Wallet
O00001188,C0000724,R023,,2026-07-06 09:44:05,Mobile App,Completed,16331.5,0.0,2449.72,0,18781.22,Bank Transfer
O00001189,C0000886,R018,,2025-03-19 12:53:02,Dine-In,Completed,6388.5,0.0,958.28,0,7346.78,Card
O00001190,C0000008,R005,P0027,2025-08-22 11:49:00,Delivery Partner,Completed,21797.5,300.0,3224.62,100,24822.12,Cash
O00001191,C0000564,R007,P0020,2026-01-20 18:14:59,Delivery Partner,Completed,6800.0,1020.0,867.0,150,6797.0,Card
O00001192,C0000188,R015,,2026-01-24 10:06:57,Takeaway,Cancelled,9192.5,0.0,1378.88,0,0.0,Mobile Wallet
O00001193,C0000138,R003,,2025-11-20 16:14:52,Dine-In,Completed,7860.35,0.0,1179.05,0,9039.4,Card
O00001194,C0000453,R018,,2026-05-21 23:24:57,Delivery Partner,Completed,9153.5,0.0,1373.02,100,10626.52,Cash
O00001195,C0000064,R006,,2025-04-03 14:02:17,Takeaway,Completed,8004.5,0.0,1200.68,0,9205.18,Card
O00001196,C0000001,R006,,2026-05-20 18:29:22,Dine-In,Completed,9376.5,0.0,1406.48,0,10782.98,Mobile Wallet
O00001197,C0000042,R020,,2025-11-27 22:57:31,Takeaway,Completed,1624.5,0.0,243.68,0,1868.18,Card
O00001198,C0000032,R001,,2025-05-10 08:13:28,Delivery Partner,Completed,7446.65,0.0,1117.0,120,8683.65,Mobile Wallet
O00001199,C0000002,R021,,2026-06-28 14:51:22,Delivery Partner,Completed,3128.5,0.0,469.28,80,3677.78,Cash
O00001200,C0000094,R017,P0019,2026-02-20 20:03:35,Mobile App,Completed,2467.0,500.0,295.05,0,2262.05,Mobile Wallet
O00001201,C0000207,R011,,2025-05-27 21:35:05,Takeaway,Completed,9776.0,0.0,1466.4,0,11242.4,Cash
O00001202,C0000520,R024,,2025-03-19 17:02:16,Mobile App,Completed,5304.5,0.0,795.68,150,6250.18,Card
O00001203,C0000096,R002,,2025-05-15 08:04:17,Dine-In,Completed,7336.5,0.0,1100.47,0,8436.97,Card
O00001204,C0000035,R025,P0012,2026-01-27 20:24:30,Website,Completed,8960.0,150.0,1321.5,150,10281.5,Mobile Wallet
O00001205,C0000049,R009,,2025-06-05 09:30:05,Dine-In,Completed,12837.0,0.0,1925.55,0,14762.55,Cash
O00001206,C0000782,R019,,2025-06-30 13:10:33,Mobile App,Completed,859.5,0.0,128.92,80,1068.42,Bank Transfer
O00001207,C0000039,R006,,2025-03-14 13:07:43,Mobile App,Completed,12445.5,0.0,1866.82,120,14432.32,Mobile Wallet
O00001208,C0000759,R025,,2026-04-01 14:25:43,Dine-In,Completed,2509.5,0.0,376.42,0,2885.92,Cash
O00001209,C0000183,R007,P0029,2026-05-17 19:01:26,Delivery Partner,Completed,13064.5,3919.35,1371.77,0,10516.92,Mobile Wallet
O00001210,C0000865,R004,,2026-05-10 19:27:35,Takeaway,Completed,4698.5,0.0,704.78,0,5403.28,Mobile Wallet
O00001211,C0000152,R003,,2025-05-07 19:47:47,Dine-In,Completed,3246.5,0.0,486.98,0,3733.48,Mobile Wallet
O00001212,C0000030,R002,P0004,2026-07-08 03:56:51,Delivery Partner,Completed,13208.5,1320.85,1783.15,150,13820.8,Mobile Wallet
O00001213,C0000280,R010,,2026-03-05 17:59:41,Dine-In,Cancelled,5460.0,0.0,819.0,0,0.0,Mobile Wallet
O00001214,C0000323,R010,,2026-07-04 19:09:24,Dine-In,Completed,1798.5,0.0,269.77,0,2068.27,Card
O00001215,C0000381,R017,,2025-11-02 14:49:09,Mobile App,Completed,4086.55,0.0,612.98,120,4819.53,Mobile Wallet
O00001216,C0000154,R016,P0005,2025-10-28 21:38:38,Dine-In,Completed,7708.5,100.0,1141.27,0,8749.77,Mobile Wallet
O00001217,C0000004,R001,P0029,2026-05-03 20:36:45,Delivery Partner,Completed,609.0,0.0,91.35,80,780.35,Card
O00001218,C0000370,R012,,2025-04-19 18:38:38,Dine-In,Cancelled,5707.0,0.0,856.05,0,0.0,Card
O00001219,C0000862,R020,,2025-12-10 07:20:11,Dine-In,Completed,2730.0,0.0,409.5,0,3139.5,Bank Transfer
O00001220,C0000912,R020,,2026-06-01 18:27:10,Delivery Partner,Completed,7613.5,0.0,1142.02,150,8905.52,Card
O00001221,C0000334,R025,P0008,2026-05-29 21:37:48,Dine-In,Completed,6926.0,1731.5,779.18,0,5973.68,Card
O00001222,C0000001,R010,,2026-08-07 13:55:42,Delivery Partner,Completed,6559.0,0.0,983.85,120,7662.85,Card
O00001223,C0000012,R001,,2026-03-19 20:32:52,Takeaway,Completed,4860.5,0.0,729.08,0,5589.58,Mobile Wallet
O00001224,C0000678,R016,,2025-06-20 12:10:02,Dine-In,Cancelled,4258.5,0.0,638.78,0,0.0,Card
O00001225,C0000671,R011,,2025-03-11 17:44:50,Dine-In,Completed,6250.97,0.0,937.65,0,7188.62,Mobile Wallet
O00001226,C0000888,R004,,2025-11-19 18:43:21,Takeaway,Completed,3149.0,0.0,472.35,0,3621.35,Cash
O00001227,C0000296,R003,P0027,2025-12-07 18:00:03,Mobile App,Completed,3696.0,300.0,509.4,120,4025.4,Mobile Wallet
O00001228,C0000731,R025,,2025-07-08 20:52:07,Dine-In,Completed,11423.0,0.0,1713.45,0,13136.45,Card
O00001229,C0000663,R013,,2025-05-05 11:46:13,Mobile App,Completed,3140.0,0.0,471.0,150,3761.0,Mobile Wallet
O00001230,C0000325,R021,,2026-01-14 12:32:19,Takeaway,Completed,7627.0,0.0,1144.05,0,8771.05,Card
O00001231,C0000594,R015,,2026-04-23 18:02:23,Mobile App,Completed,5139.64,0.0,770.95,100,6010.59,Cash
O00001232,C0000016,R025,,2026-08-28 09:25:13,Takeaway,Completed,2877.0,0.0,431.55,0,3308.55,Card
O00001233,C0000386,R010,P0002,2026-04-19 14:14:27,Mobile App,Completed,5484.5,274.23,781.54,120,6111.81,Bank Transfer
O00001234,C0000903,R006,,2026-05-08 02:40:15,Dine-In,Completed,3844.0,0.0,576.6,0,4420.6,Mobile Wallet
O00001235,C0000025,R011,,2026-01-31 08:13:31,Dine-In,Completed,11387.0,0.0,1708.05,0,13095.05,Card
O00001236,C0000532,R025,,2026-08-23 18:22:46,Delivery Partner,Completed,4391.0,0.0,658.65,80,5129.65,Bank Transfer
O00001237,C0000093,R001,,2026-02-14 19:59:11,Mobile App,Completed,14685.5,0.0,2202.82,150,17038.32,Mobile Wallet
O00001238,C0000649,R020,P0028,2026-06-14 08:53:15,Dine-In,Completed,3015.0,500.0,377.25,0,2892.25,Card
O00001239,C0000464,R004,,2026-08-01 11:55:51,Dine-In,Completed,520.0,0.0,78.0,0,598.0,Card
O00001240,C0000849,R010,P0018,2026-07-23 08:07:18,Takeaway,Completed,5850.0,1755.0,614.25,0,4709.25,Card
O00001241,C0000485,R022,,2025-09-27 14:53:04,Website,Completed,5862.78,0.0,879.42,120,6862.2,Cash
O00001242,C0000154,R015,,2025-04-12 08:35:11,Dine-In,Completed,5810.5,0.0,871.58,0,6682.08,Mobile Wallet
O00001243,C0000001,R001,,2025-06-01 14:19:28,Mobile App,Completed,6871.0,0.0,1030.65,150,8051.65,Cash
O00001244,C0000609,R021,,2025-04-01 19:51:04,Mobile App,Completed,1123.5,0.0,168.52,100,1392.02,Card
O00001245,C0000152,R015,,2025-04-25 18:05:41,Delivery Partner,Completed,4516.0,0.0,677.4,80,5273.4,Mobile Wallet
O00001246,C0000427,R003,,2025-06-08 12:32:57,Dine-In,Completed,11970.5,0.0,1795.58,0,13766.08,Bank Transfer
O00001247,C0000012,R001,P0012,2025-09-04 18:27:16,Mobile App,Completed,408.5,150.0,38.78,150,447.28,Cash
O00001248,C0000781,R006,,2025-12-22 21:49:46,Dine-In,Completed,7928.9,0.0,1189.33,0,9118.23,Card
O00001249,C0000174,R019,P0010,2026-03-26 13:37:07,Mobile App,Completed,4098.0,200.0,584.7,80,4562.7,Card
O00001250,C0000836,R004,P0013,2025-06-22 12:29:39,Mobile App,Completed,5159.5,1289.88,580.44,100,4550.06,Mobile Wallet
O00001251,C0000478,R012,,2026-03-05 17:45:39,Dine-In,Completed,6160.0,0.0,924.0,0,7084.0,Bank Transfer
O00001252,C0000015,R025,,2026-03-22 11:42:29,Mobile App,Completed,8392.5,0.0,1258.88,120,9771.38,Cash
O00001253,C0000314,R002,P0022,2025-12-29 18:16:09,Mobile App,Completed,4623.9,462.39,624.23,120,4905.74,Card
O00001254,C0000817,R017,P0008,2026-07-08 20:08:19,Takeaway,Completed,9637.0,2409.25,1084.16,0,8311.91,Cash
O00001255,C0000621,R006,P0010,2025-04-28 14:27:44,Takeaway,Completed,13080.0,200.0,1932.0,0,14812.0,Mobile Wallet
O00001256,C0000159,R012,,2025-06-03 18:53:15,Dine-In,Completed,3850.0,0.0,577.5,0,4427.5,Cash
O00001257,C0000907,R015,,2025-10-23 18:06:40,Dine-In,Completed,3675.35,0.0,551.3,0,4226.65,Mobile Wallet
O00001258,C0000066,R017,,2025-05-06 05:45:15,Dine-In,Completed,3528.05,0.0,529.21,0,4057.26,Cash
O00001259,C0000128,R001,,2026-01-02 09:27:41,Mobile App,Completed,2904.9,0.0,435.74,120,3460.64,Mobile Wallet
O00001260,C0000541,R014,,2025-10-07 20:16:02,Takeaway,Completed,880.0,0.0,132.0,0,1012.0,Cash
O00001261,C0000050,R023,,2025-08-02 21:39:22,Dine-In,Completed,4867.0,0.0,730.05,0,5597.05,Card
O00001262,C0000246,R002,,2025-05-31 19:59:21,Website,Completed,6756.0,0.0,1013.4,0,7769.4,Card
O00001263,C0000509,R004,,2025-08-31 21:47:56,Mobile App,Completed,5454.22,0.0,818.13,0,6272.35,Cash
O00001264,C0000392,R020,P0014,2026-01-26 12:43:27,Delivery Partner,Completed,2457.0,300.0,323.55,80,2560.55,Cash
O00001265,C0000023,R002,P0030,2026-01-08 11:43:45,Delivery Partner,Completed,7148.0,150.0,1049.7,0,8047.7,Cash
O00001266,C0000374,R022,,2025-05-27 13:59:44,Website,Completed,8760.5,0.0,1314.08,100,10174.58,Cash
O00001267,C0000306,R014,,2025-05-05 06:59:35,Dine-In,Completed,4464.0,0.0,669.6,0,5133.6,Cash
O00001268,C0000290,R018,,2025-03-15 19:04:03,Mobile App,Completed,9236.0,0.0,1385.4,80,10701.4,Card
O00001269,C0000665,R008,P0005,2025-03-07 22:04:37,Website,Completed,4013.0,100.0,586.95,150,4649.95,Mobile Wallet
O00001270,C0000032,R020,,2026-06-25 20:13:23,Website,Completed,2787.0,0.0,418.05,120,3325.05,Mobile Wallet
O00001271,C0000544,R001,,2025-03-25 16:05:18,Takeaway,Completed,7775.5,0.0,1166.32,0,8941.82,Cash
O00001272,C0000558,R016,P0018,2026-04-05 12:06:10,Mobile App,Completed,5110.0,1533.0,536.55,0,4113.55,Cash
O00001273,C0000500,R007,,2026-06-20 10:54:39,Mobile App,Completed,3924.0,0.0,588.6,150,4662.6,Mobile Wallet
O00001274,C0000237,R006,,2025-04-21 13:52:45,Mobile App,Completed,7670.0,0.0,1150.5,150,8970.5,Card
O00001275,C0000142,R022,,2025-10-27 18:16:39,Mobile App,Completed,7322.5,0.0,1098.38,80,8500.88,Cash
O00001276,C0000142,R019,,2026-08-10 14:58:45,Dine-In,Completed,1840.0,0.0,276.0,0,2116.0,Card
O00001277,C0000517,R010,P0002,2026-05-31 21:08:54,Mobile App,Completed,11733.0,586.65,1671.95,100,12918.3,Cash
O00001278,C0000229,R023,P0004,2025-11-25 20:30:38,Mobile App,Completed,6770.0,677.0,913.95,100,7106.95,Cash
O00001279,C0000104,R006,,2026-04-22 08:21:52,Dine-In,Completed,9228.5,0.0,1384.28,0,10612.78,Mobile Wallet
O00001280,C0000369,R010,,2026-05-30 08:44:17,Delivery Partner,Completed,4292.0,0.0,643.8,80,5015.8,Cash
O00001281,C0000684,R025,,2025-09-07 18:08:11,Delivery Partner,Completed,5393.0,0.0,808.95,0,6201.95,Bank Transfer
O00001282,C0000005,R019,,2026-07-01 11:58:13,Dine-In,Completed,2670.0,0.0,400.5,0,3070.5,Mobile Wallet
O00001283,C0000942,R003,,2025-11-15 19:15:46,Dine-In,Completed,7216.22,0.0,1082.43,0,8298.65,Mobile Wallet
O00001284,C0000010,R020,,2025-12-14 17:35:17,Mobile App,Completed,661.5,0.0,99.22,150,910.72,Card
O00001285,C0000242,R003,,2026-08-31 11:33:43,Mobile App,Completed,3037.0,0.0,455.55,150,3642.55,Cash
O00001286,C0000293,R020,P0029,2026-06-05 14:44:41,Mobile App,Completed,12513.5,3754.05,1313.92,120,10193.37,Card
O00001287,C0000019,R006,,2025-09-15 13:12:11,Website,Completed,5912.0,0.0,886.8,150,6948.8,Card
O00001288,C0000828,R017,,2025-03-06 20:18:39,Delivery Partner,Completed,10137.85,0.0,1520.68,80,11738.53,Mobile Wallet
O00001289,C0000204,R018,,2026-02-06 05:11:26,Mobile App,Completed,8005.7,0.0,1200.86,80,9286.56,Cash
O00001290,C0000020,R010,,2026-03-22 20:35:05,Dine-In,Completed,6740.0,0.0,1011.0,0,7751.0,Mobile Wallet
O00001291,C0000484,R006,,2026-02-21 18:09:23,Mobile App,Completed,3171.75,0.0,475.76,150,3797.51,Card
O00001292,C0000417,R013,P0004,2026-08-13 19:15:50,Mobile App,Completed,5642.0,564.2,761.67,100,5939.47,Mobile Wallet
O00001293,C0000922,R006,P0027,2026-06-15 00:27:32,Delivery Partner,Completed,9388.5,300.0,1363.28,150,10601.78,Card
O00001294,C0000178,R012,,2025-11-03 18:55:44,Dine-In,Completed,7310.0,0.0,1096.5,0,8406.5,Card
O00001295,C0000065,R014,,2025-04-03 17:18:53,Mobile App,Completed,7629.5,0.0,1144.42,100,8873.92,Bank Transfer
O00001296,C0000005,R017,P0027,2025-11-17 16:39:15,Mobile App,Completed,2759.5,300.0,368.92,150,2978.42,Cash
O00001297,C0000516,R022,,2026-03-14 19:05:49,Mobile App,Completed,4406.5,0.0,660.98,100,5167.48,Cash
O00001298,C0000359,R025,,2026-01-26 16:03:11,Dine-In,Completed,2491.5,0.0,373.72,0,2865.22,Card
O00001299,C0000943,R008,,2025-12-19 20:29:30,Delivery Partner,Completed,7087.5,0.0,1063.12,100,8250.62,Card
O00001300,C0000485,R005,,2025-11-14 11:38:56,Mobile App,Completed,3111.45,0.0,466.72,80,3658.17,Cash
O00001301,C0000863,R004,,2025-08-07 19:30:36,Delivery Partner,Completed,3208.0,0.0,481.2,120,3809.2,Cash
O00001302,C0000982,R006,,2025-07-29 09:45:52,Takeaway,Completed,2804.5,0.0,420.68,0,3225.18,Cash
O00001303,C0000168,R011,,2025-11-30 19:26:12,Mobile App,Completed,5070.0,0.0,760.5,100,5930.5,Mobile Wallet
O00001304,C0000022,R005,,2025-05-25 21:44:57,Delivery Partner,Completed,1690.5,0.0,253.58,80,2024.08,Card
O00001305,C0000036,R022,P0026,2025-09-03 13:20:07,Delivery Partner,Completed,9192.0,1378.8,1171.98,150,9135.18,Mobile Wallet
O00001306,C0000092,R014,,2025-08-24 16:36:37,Delivery Partner,Refunded,7449.5,0.0,1117.42,80,8646.92,Card
O00001307,C0000239,R010,,2026-01-14 18:08:02,Dine-In,Completed,1860.0,0.0,279.0,0,2139.0,Mobile Wallet
O00001308,C0000015,R011,P0015,2025-04-05 07:34:56,Mobile App,Completed,4650.0,200.0,667.5,80,5197.5,Card
O00001309,C0000082,R003,P0022,2026-05-28 15:41:57,Dine-In,Completed,4484.5,448.45,605.41,0,4641.46,Card
O00001310,C0000086,R023,P0001,2025-12-31 13:46:19,Takeaway,Completed,9022.0,500.0,1278.3,0,9800.3,Card
O00001311,C0000001,R008,P0012,2026-03-04 20:51:57,Dine-In,Completed,7845.5,150.0,1154.32,0,8849.82,Cash
O00001312,C0000114,R021,,2026-03-22 20:20:03,Mobile App,Completed,7988.0,0.0,1198.2,80,9266.2,Bank Transfer
O00001313,C0000014,R005,,2025-08-06 18:16:43,Delivery Partner,Completed,8619.0,0.0,1292.85,80,9991.85,Mobile Wallet
O00001314,C0000169,R020,,2025-11-15 18:54:44,Mobile App,Completed,9336.0,0.0,1400.4,0,10736.4,Card
O00001315,C0000036,R021,,2026-08-07 19:23:01,Delivery Partner,Completed,1774.5,0.0,266.18,120,2160.68,Bank Transfer
O00001316,C0000658,R010,,2026-04-24 13:30:50,Dine-In,Completed,5159.12,0.0,773.87,0,5932.99,Card
O00001317,C0000008,R008,P0002,2026-08-14 13:05:35,Delivery Partner,Cancelled,17045.5,852.28,2428.98,100,0.0,Card
O00001318,C0000735,R021,,2026-04-13 16:56:22,Dine-In,Completed,4244.0,0.0,636.6,0,4880.6,Mobile Wallet
O00001319,C0000315,R009,,2025-06-03 21:34:44,Mobile App,Completed,630.0,0.0,94.5,80,804.5,Card
O00001320,C0000193,R015,,2025-04-04 19:49:18,Mobile App,Completed,4717.5,0.0,707.62,0,5425.12,Card
O00001321,C0000281,R001,,2026-01-09 16:36:39,Delivery Partner,Completed,2277.5,0.0,341.62,100,2719.12,Card
O00001322,C0000129,R023,,2025-09-13 19:12:07,Delivery Partner,Completed,9314.0,0.0,1397.1,0,10711.1,Card
O00001323,C0000016,R005,,2025-07-28 13:24:15,Takeaway,Completed,620.5,0.0,93.08,0,713.58,Cash
O00001324,C0000566,R015,,2026-05-16 19:31:57,Dine-In,Completed,6103.0,0.0,915.45,0,7018.45,Cash
O00001325,C0000852,R004,,2025-09-19 13:58:42,Mobile App,Completed,6892.0,0.0,1033.8,120,8045.8,Mobile Wallet
O00001326,C0000896,R019,,2025-08-21 12:00:17,Mobile App,Completed,3908.0,0.0,586.2,150,4644.2,Card
O00001327,C0000427,R010,,2026-06-08 17:48:35,Mobile App,Completed,3063.5,0.0,459.52,100,3623.02,Cash
O00001328,C0000154,R023,,2026-06-06 18:57:23,Dine-In,Completed,12732.0,0.0,1909.8,0,14641.8,Mobile Wallet
O00001329,C0000211,R002,,2025-09-13 14:34:00,Website,Completed,5830.0,0.0,874.5,120,6824.5,Cash
O00001330,C0000409,R005,,2026-05-30 17:57:00,Dine-In,Completed,2050.0,0.0,307.5,0,2357.5,Cash
O00001331,C0000660,R018,,2026-06-09 18:18:45,Takeaway,Completed,16856.0,0.0,2528.4,0,19384.4,Bank Transfer
O00001332,C0000127,R023,P0001,2025-10-21 19:52:35,Dine-In,Completed,4456.5,500.0,593.48,0,4549.98,Bank Transfer
O00001333,C0000830,R006,,2025-04-05 20:51:10,Delivery Partner,Completed,6640.0,0.0,996.0,100,7736.0,Cash
O00001334,C0000095,R010,,2025-03-01 13:53:17,Dine-In,Completed,3477.5,0.0,521.62,0,3999.12,Mobile Wallet
O00001335,C0000261,R015,,2025-12-12 21:11:15,Website,Completed,8663.0,0.0,1299.45,80,10042.45,Mobile Wallet
O00001336,C0000919,R023,P0008,2025-09-05 18:39:16,Takeaway,Completed,5521.0,1380.25,621.11,0,4761.86,Card
O00001337,C0000873,R009,,2026-08-30 19:39:23,Mobile App,Completed,9624.1,0.0,1443.62,100,11167.72,Card
O00001338,C0000462,R013,,2026-04-27 18:46:33,Delivery Partner,Completed,5714.0,0.0,857.1,120,6691.1,Cash
O00001339,C0000095,R018,,2026-04-21 10:42:03,Dine-In,Completed,8827.15,0.0,1324.07,0,10151.22,Cash
O00001340,C0000044,R025,,2026-08-06 07:19:34,Delivery Partner,Completed,2211.6,0.0,331.74,100,2643.34,Card
O00001341,C0000008,R007,,2026-06-29 19:32:14,Delivery Partner,Completed,10070.5,0.0,1510.58,100,11681.08,Mobile Wallet
O00001342,C0000480,R002,,2025-08-21 15:28:01,Website,Completed,26926.0,0.0,4038.9,80,31044.9,Mobile Wallet
O00001343,C0000234,R016,,2025-05-28 18:15:55,Dine-In,Completed,7954.8,0.0,1193.22,0,9148.02,Cash
O00001344,C0000306,R002,,2026-04-13 14:13:50,Delivery Partner,Completed,1529.5,0.0,229.42,80,1838.92,Cash
O00001345,C0000205,R004,P0013,2025-09-25 12:06:30,Delivery Partner,Completed,5115.0,1278.75,575.44,150,4561.69,Card
O00001346,C0000215,R002,,2025-11-16 12:05:08,Delivery Partner,Completed,8810.5,0.0,1321.58,150,10282.08,Card
O00001347,C0000305,R017,P0007,2026-02-08 19:20:09,Delivery Partner,Completed,7238.0,200.0,1055.7,0,8093.7,Cash
O00001348,C0000826,R006,P0005,2026-07-10 12:35:52,Mobile App,Completed,7894.3,100.0,1169.14,120,9083.44,Card
O00001349,C0000002,R010,,2025-10-18 18:21:24,Website,Completed,2487.0,0.0,373.05,120,2980.05,Mobile Wallet
O00001350,C0000624,R014,P0008,2026-05-02 13:39:50,Mobile App,Completed,10089.5,2522.38,1135.07,150,8852.19,Cash
O00001351,C0000139,R015,,2025-07-24 19:53:59,Takeaway,Completed,11304.0,0.0,1695.6,0,12999.6,Cash
O00001352,C0000533,R021,,2026-03-19 08:18:04,Mobile App,Completed,4196.0,0.0,629.4,100,4925.4,Cash
O00001353,C0000893,R012,,2025-03-01 10:24:13,Website,Completed,4755.5,0.0,713.32,80,5548.82,Bank Transfer
O00001354,C0000085,R019,P0028,2026-06-20 18:02:41,Mobile App,Completed,10166.0,500.0,1449.9,120,11235.9,Card
O00001355,C0000009,R011,P0005,2025-03-17 16:35:47,Delivery Partner,Completed,342.0,0.0,51.3,100,493.3,Card
O00001356,C0000049,R001,,2026-03-27 10:44:37,Dine-In,Completed,10631.5,0.0,1594.72,0,12226.22,Mobile Wallet
O00001357,C0000045,R025,,2025-03-25 20:52:56,Takeaway,Completed,7320.0,0.0,1098.0,0,8418.0,Card
O00001358,C0000529,R008,P0026,2025-07-23 12:58:39,Takeaway,Completed,17656.0,2648.4,2251.14,0,17258.74,Cash
O00001359,C0000005,R022,,2025-11-29 14:33:01,Dine-In,Completed,4643.0,0.0,696.45,0,5339.45,Mobile Wallet
O00001360,C0000004,R006,P0009,2025-10-19 10:10:17,Mobile App,Cancelled,6476.55,647.66,874.33,0,0.0,Mobile Wallet
O00001361,C0000459,R012,,2025-06-12 13:47:28,Delivery Partner,Completed,8153.0,0.0,1222.95,80,9455.95,Cash
O00001362,C0000289,R020,,2025-08-30 15:41:52,Mobile App,Completed,9225.0,0.0,1383.75,80,10688.75,Cash
O00001363,C0000159,R016,P0003,2026-04-04 12:46:52,Takeaway,Completed,8010.5,200.0,1171.58,0,8982.08,Mobile Wallet
O00001364,C0000309,R018,,2026-03-03 19:26:52,Takeaway,Completed,5184.0,0.0,777.6,0,5961.6,Mobile Wallet
O00001365,C0000519,R012,,2025-04-08 13:41:19,Mobile App,Completed,4414.0,0.0,662.1,80,5156.1,Cash
O00001366,C0000011,R020,,2026-04-14 19:01:07,Takeaway,Completed,14729.0,0.0,2209.35,0,16938.35,Mobile Wallet
O00001367,C0000285,R002,,2025-03-29 10:05:58,Mobile App,Completed,9499.0,0.0,1424.85,80,11003.85,Bank Transfer
O00001368,C0000662,R007,P0026,2025-12-21 13:45:36,Takeaway,Completed,4600.0,690.0,586.5,0,4496.5,Cash
O00001369,C0000119,R009,,2025-07-19 00:01:48,Takeaway,Completed,1800.0,0.0,270.0,0,2070.0,Card
O00001370,C0000561,R018,,2026-01-15 19:41:47,Website,Completed,11951.0,0.0,1792.65,120,13863.65,Mobile Wallet
O00001371,C0000698,R009,,2025-07-20 17:16:25,Mobile App,Cancelled,9545.5,0.0,1431.82,150,0.0,Cash
O00001372,C0000656,R025,P0020,2026-08-23 19:39:36,Dine-In,Completed,7458.45,1118.77,950.95,0,7290.63,Mobile Wallet
O00001373,C0000400,R008,,2025-08-16 14:57:48,Delivery Partner,Completed,16969.0,0.0,2545.35,100,19614.35,Mobile Wallet
O00001374,C0000492,R001,,2025-07-09 19:47:03,Dine-In,Completed,3260.0,0.0,489.0,0,3749.0,Mobile Wallet
O00001375,C0000601,R005,P0027,2025-07-29 18:13:32,Dine-In,Completed,5361.0,300.0,759.15,0,5820.15,Cash
O00001376,C0000517,R016,P0012,2026-07-04 00:09:21,Website,Completed,3235.5,150.0,462.82,0,3548.32,Mobile Wallet
O00001377,C0000187,R014,,2026-02-12 11:44:05,Website,Completed,2138.0,0.0,320.7,0,2458.7,Card
O00001378,C0000024,R013,,2026-04-05 15:32:32,Dine-In,Completed,8040.0,0.0,1206.0,0,9246.0,Cash
O00001379,C0000087,R011,P0009,2026-07-16 17:41:27,Mobile App,Completed,3540.2,354.02,477.93,120,3784.11,Cash
O00001380,C0000040,R020,,2026-07-12 07:53:23,Dine-In,Completed,8652.5,0.0,1297.88,0,9950.38,Mobile Wallet
O00001381,C0000119,R023,,2026-04-10 18:11:03,Delivery Partner,Completed,3149.5,0.0,472.42,120,3741.92,Card
O00001382,C0000221,R013,,2025-06-15 16:31:01,Website,Completed,14937.0,0.0,2240.55,100,17277.55,Mobile Wallet
O00001383,C0000915,R015,P0030,2026-06-05 16:48:12,Dine-In,Completed,7789.0,150.0,1145.85,0,8784.85,Cash
O00001384,C0000915,R024,,2025-06-18 12:23:45,Dine-In,Completed,9458.0,0.0,1418.7,0,10876.7,Mobile Wallet
O00001385,C0000572,R016,P0011,2026-04-12 17:13:48,Mobile App,Completed,8728.5,2182.12,981.96,150,7678.34,Cash
O00001386,C0000958,R013,P0021,2026-03-12 04:04:10,Mobile App,Cancelled,11290.0,100.0,1678.5,100,0.0,Cash
O00001387,C0000996,R008,P0002,2026-04-20 07:50:34,Delivery Partner,Completed,2569.0,128.45,366.08,100,2906.63,Bank Transfer
O00001388,C0000771,R018,P0029,2025-12-16 19:04:38,Delivery Partner,Completed,5006.0,1501.8,525.63,0,4029.83,Cash
O00001389,C0000007,R019,P0023,2026-02-13 12:46:09,Mobile App,Completed,7841.5,1176.22,999.79,100,7765.07,Card
O00001390,C0000166,R015,,2026-08-05 13:31:42,Delivery Partner,Completed,2001.5,0.0,300.22,80,2381.72,Mobile Wallet
O00001391,C0000265,R010,,2025-04-23 10:44:09,Mobile App,Completed,2493.5,0.0,374.02,80,2947.52,Mobile Wallet
O00001392,C0000016,R023,P0019,2025-08-16 14:48:07,Mobile App,Completed,2630.0,500.0,319.5,100,2549.5,Card
O00001393,C0000635,R004,,2026-01-28 06:32:04,Website,Completed,14765.5,0.0,2214.82,120,17100.32,Card
O00001394,C0000021,R006,,2026-08-11 12:59:22,Dine-In,Completed,3367.0,0.0,505.05,0,3872.05,Card
O00001395,C0000134,R008,P0028,2025-04-20 16:45:33,Takeaway,Completed,5390.0,500.0,733.5,0,5623.5,Cash
O00001396,C0000006,R024,P0003,2025-03-13 14:03:59,Delivery Partner,Cancelled,7769.5,200.0,1135.42,80,0.0,Cash
O00001397,C0000255,R007,,2025-03-30 23:56:59,Mobile App,Completed,7941.0,0.0,1191.15,0,9132.15,Card
O00001398,C0000334,R012,,2025-03-29 13:29:46,Delivery Partner,Completed,1767.0,0.0,265.05,150,2182.05,Card
O00001399,C0000519,R018,,2026-07-10 13:40:31,Dine-In,Completed,6404.25,0.0,960.64,0,7364.89,Cash
O00001400,C0000104,R018,,2026-03-31 15:16:15,Takeaway,Completed,5445.15,0.0,816.77,0,6261.92,Cash
O00001401,C0000327,R019,P0002,2026-03-08 10:02:03,Takeaway,Completed,9284.5,464.22,1323.04,0,10143.32,Card
O00001402,C0000517,R004,,2025-12-11 20:12:53,Mobile App,Completed,7590.0,0.0,1138.5,150,8878.5,Card
O00001403,C0000560,R001,P0006,2026-05-02 17:43:59,Delivery Partner,Completed,4053.5,100.0,593.02,80,4626.52,Card
O00001404,C0000082,R005,,2025-05-23 10:47:27,Takeaway,Completed,14094.95,0.0,2114.24,0,16209.19,Cash
O00001405,C0000006,R007,,2025-10-03 19:35:47,Mobile App,Completed,8404.5,0.0,1260.68,100,9765.18,Mobile Wallet
O00001406,C0000003,R011,,2025-11-25 05:17:43,Mobile App,Completed,8680.0,0.0,1302.0,80,10062.0,Mobile Wallet
O00001407,C0000569,R021,,2025-04-27 22:22:59,Website,Completed,6703.75,0.0,1005.56,150,7859.31,Cash
O00001408,C0000135,R023,P0005,2025-10-18 20:34:13,Mobile App,Completed,2541.0,100.0,366.15,0,2807.15,Cash
O00001409,C0000018,R021,,2025-08-20 17:48:11,Mobile App,Completed,2020.0,0.0,303.0,120,2443.0,Mobile Wallet
O00001410,C0000032,R011,,2025-03-20 08:32:59,Website,Completed,12731.5,0.0,1909.72,0,14641.22,Bank Transfer
O00001411,C0000566,R010,,2025-05-12 10:50:20,Dine-In,Completed,2740.0,0.0,411.0,0,3151.0,Cash
O00001412,C0000337,R024,,2026-04-22 12:53:47,Delivery Partner,Completed,2806.5,0.0,420.98,150,3377.48,Cash
O00001413,C0000232,R007,P0009,2025-03-10 11:35:15,Delivery Partner,Completed,2415.0,241.5,326.02,120,2619.52,Cash
O00001414,C0000366,R016,,2026-07-25 15:16:53,Mobile App,Completed,1323.7,0.0,198.56,80,1602.26,Mobile Wallet
O00001415,C0000019,R001,,2025-04-15 21:38:43,Website,Completed,4735.5,0.0,710.32,80,5525.82,Bank Transfer
O00001416,C0000092,R001,P0011,2026-05-11 14:33:01,Website,Completed,2143.0,535.75,241.09,0,1848.34,Mobile Wallet
O00001417,C0000127,R012,,2026-07-05 18:11:22,Delivery Partner,Completed,3110.0,0.0,466.5,80,3656.5,Card
O00001418,C0000090,R016,P0004,2026-07-29 18:04:55,Dine-In,Cancelled,7197.0,719.7,971.6,0,0.0,Mobile Wallet
O00001419,C0000732,R005,,2026-06-18 20:47:28,Website,Completed,6573.0,0.0,985.95,100,7658.95,Cash
O00001420,C0000316,R014,,2025-08-04 05:39:45,Dine-In,Completed,15028.5,0.0,2254.28,0,17282.78,Mobile Wallet
O00001421,C0000510,R018,,2025-08-30 13:54:42,Dine-In,Completed,1169.18,0.0,175.38,0,1344.56,Card
O00001422,C0000051,R009,,2025-10-22 19:26:08,Website,Completed,3971.95,0.0,595.79,120,4687.74,Cash
O00001423,C0000063,R002,,2025-05-13 19:59:53,Delivery Partner,Completed,16270.0,0.0,2440.5,120,18830.5,Cash
O00001424,C0000047,R012,,2025-03-12 21:39:06,Mobile App,Completed,10309.5,0.0,1546.42,0,11855.92,Mobile Wallet
O00001425,C0000451,R025,,2026-06-19 18:12:28,Mobile App,Completed,1120.0,0.0,168.0,80,1368.0,Mobile Wallet
O00001426,C0000110,R010,,2025-12-27 11:25:43,Website,Completed,8277.5,0.0,1241.62,150,9669.12,Card
O00001427,C0000150,R002,P0005,2026-01-26 15:13:16,Delivery Partner,Completed,3543.5,100.0,516.52,120,4080.02,Cash
O00001428,C0000481,R015,,2026-07-21 05:31:08,Mobile App,Refunded,2200.0,0.0,330.0,80,2610.0,Cash
O00001429,C0000941,R004,,2026-03-01 18:10:05,Dine-In,Completed,3117.0,0.0,467.55,0,3584.55,Cash
O00001430,C0000025,R019,,2026-03-15 16:37:43,Delivery Partner,Completed,5182.5,0.0,777.38,120,6079.88,Cash
O00001431,C0000005,R022,,2026-05-04 18:15:19,Takeaway,Completed,3520.0,0.0,528.0,0,4048.0,Card
O00001432,C0000035,R004,P0026,2025-05-01 21:54:09,Dine-In,Completed,7075.38,1061.31,902.11,0,6916.18,Cash
O00001433,C0000518,R025,,2025-09-14 18:56:08,Mobile App,Cancelled,15407.0,0.0,2311.05,80,0.0,Mobile Wallet
O00001434,C0000035,R009,,2026-08-13 12:21:11,Mobile App,Completed,16307.5,0.0,2446.12,80,18833.62,Mobile Wallet
O00001435,C0000320,R013,P0021,2026-07-19 10:56:32,Mobile App,Completed,3643.0,100.0,531.45,80,4154.45,Card
O00001436,C0000326,R010,P0028,2026-06-27 20:46:31,Delivery Partner,Completed,4890.0,500.0,658.5,150,5198.5,Card
O00001437,C0000079,R014,P0019,2025-11-05 10:15:33,Takeaway,Completed,13321.0,500.0,1923.15,0,14744.15,Cash
O00001438,C0000006,R025,,2026-06-13 09:12:18,Dine-In,Completed,13375.0,0.0,2006.25,0,15381.25,Card
O00001439,C0000145,R003,,2025-03-27 10:11:32,Takeaway,Completed,7597.0,0.0,1139.55,0,8736.55,Mobile Wallet
O00001440,C0000033,R003,,2025-05-18 15:17:47,Dine-In,Completed,16172.7,0.0,2425.91,0,18598.61,Mobile Wallet
O00001441,C0000032,R020,,2025-10-15 08:28:15,Mobile App,Completed,6381.5,0.0,957.22,100,7438.72,Cash
O00001442,C0000253,R016,,2025-11-22 21:17:49,Takeaway,Completed,3297.0,0.0,494.55,0,3791.55,Mobile Wallet
O00001443,C0000430,R009,,2025-07-21 22:45:49,Delivery Partner,Completed,7450.0,0.0,1117.5,150,8717.5,Mobile Wallet
O00001444,C0000007,R014,,2025-09-13 22:01:22,Delivery Partner,Completed,4090.5,0.0,613.57,0,4704.07,Card
O00001445,C0000313,R022,,2025-05-26 05:53:25,Mobile App,Completed,7951.5,0.0,1192.72,150,9294.22,Mobile Wallet
O00001446,C0000055,R016,,2025-11-24 21:01:44,Dine-In,Completed,8085.0,0.0,1212.75,0,9297.75,Cash
O00001447,C0000431,R009,P0017,2026-05-09 23:02:53,Mobile App,Completed,6880.0,300.0,987.0,0,7567.0,Card
O00001448,C0000638,R024,,2026-02-27 21:28:43,Mobile App,Completed,5096.5,0.0,764.48,150,6010.98,Card
O00001449,C0000632,R023,P0020,2025-04-26 18:55:40,Dine-In,Completed,2970.0,445.5,378.68,0,2903.18,Bank Transfer
O00001450,C0000124,R005,,2025-11-23 18:07:36,Website,Completed,12923.5,0.0,1938.52,150,15012.02,Cash
O00001451,C0000300,R013,P0015,2026-03-19 08:10:08,Takeaway,Completed,2710.0,200.0,376.5,0,2886.5,Card
O00001452,C0000610,R015,,2025-12-15 20:11:29,Delivery Partner,Completed,2116.0,0.0,317.4,0,2433.4,Bank Transfer
O00001453,C0000005,R025,,2025-10-03 06:31:12,Mobile App,Completed,2812.0,0.0,421.8,150,3383.8,Cash
O00001454,C0000345,R004,P0012,2026-02-03 12:03:47,Delivery Partner,Completed,7526.0,150.0,1106.4,120,8602.4,Mobile Wallet
O00001455,C0000683,R014,P0008,2026-08-14 23:08:59,Mobile App,Refunded,2164.0,541.0,243.45,100,1966.45,Cash
O00001456,C0000126,R020,P0025,2025-04-20 14:23:41,Mobile App,Completed,5959.5,200.0,863.92,0,6623.42,Cash
O00001457,C0000190,R024,,2025-10-02 08:48:15,Website,Completed,5498.5,0.0,824.78,150,6473.28,Card
O00001458,C0000466,R020,,2025-10-11 22:55:45,Delivery Partner,Completed,6104.5,0.0,915.68,150,7170.18,Mobile Wallet
O00001459,C0000006,R007,,2026-01-08 22:15:56,Mobile App,Completed,10929.5,0.0,1639.42,150,12718.92,Cash
O00001460,C0000135,R004,P0011,2025-05-21 10:16:01,Delivery Partner,Completed,2888.0,722.0,324.9,100,2590.9,Card
O00001461,C0000079,R017,P0006,2025-06-03 20:46:30,Dine-In,Cancelled,4890.5,100.0,718.58,0,0.0,Cash
O00001462,C0000001,R009,,2025-08-02 13:51:59,Takeaway,Completed,4309.0,0.0,646.35,0,4955.35,Cash
O00001463,C0000036,R004,P0010,2026-08-06 13:57:56,Dine-In,Completed,13854.5,200.0,2048.17,0,15702.67,Card
O00001464,C0000143,R003,,2026-04-07 12:21:50,Delivery Partner,Completed,4748.0,0.0,712.2,120,5580.2,Card
O00001465,C0000036,R019,,2026-02-27 06:06:42,Dine-In,Completed,5588.5,0.0,838.28,0,6426.78,Cash
O00001466,C0000341,R009,P0016,2026-05-21 12:09:18,Delivery Partner,Completed,13025.9,200.0,1923.88,120,14869.78,Card
O00001467,C0000184,R008,,2025-05-07 06:28:59,Mobile App,Completed,6120.0,0.0,918.0,80,7118.0,Mobile Wallet
O00001468,C0000003,R007,,2026-06-13 21:35:10,Dine-In,Completed,3442.0,0.0,516.3,0,3958.3,Cash
O00001469,C0000069,R007,,2026-01-18 18:23:13,Mobile App,Completed,6122.5,0.0,918.38,100,7140.88,Card
O00001470,C0000001,R004,,2025-08-31 20:55:46,Takeaway,Completed,7430.5,0.0,1114.58,0,8545.08,Cash
O00001471,C0000116,R019,,2026-05-21 18:45:24,Mobile App,Completed,7006.0,0.0,1050.9,100,8156.9,Card
O00001472,C0000061,R012,,2026-05-13 08:13:06,Mobile App,Completed,5048.6,0.0,757.29,150,5955.89,Mobile Wallet
O00001473,C0000451,R020,,2026-06-06 21:13:14,Takeaway,Completed,4637.0,0.0,695.55,0,5332.55,Bank Transfer
O00001474,C0000086,R006,P0019,2025-04-30 20:24:29,Delivery Partner,Completed,7596.0,500.0,1064.4,100,8260.4,Cash
O00001475,C0000128,R012,,2026-08-14 13:45:58,Mobile App,Completed,5220.0,0.0,783.0,120,6123.0,Card
O00001476,C0000504,R020,,2026-08-08 08:21:30,Mobile App,Completed,5796.5,0.0,869.48,80,6745.98,Mobile Wallet
O00001477,C0000213,R004,,2025-09-13 18:51:23,Delivery Partner,Cancelled,2031.0,0.0,304.65,120,0.0,Mobile Wallet
O00001478,C0000288,R002,,2025-04-05 19:49:54,Dine-In,Completed,4882.0,0.0,732.3,0,5614.3,Mobile Wallet
O00001479,C0000691,R015,P0011,2025-05-29 20:46:24,Mobile App,Completed,4520.0,1130.0,508.5,150,4048.5,Card
O00001480,C0000040,R023,P0002,2026-08-28 06:22:07,Mobile App,Completed,6484.35,324.22,924.02,100,7184.15,Bank Transfer
O00001481,C0000977,R006,P0018,2025-12-31 08:31:29,Mobile App,Completed,1540.0,462.0,161.7,120,1359.7,Bank Transfer
O00001482,C0000798,R018,,2025-09-13 17:25:35,Dine-In,Completed,6382.5,0.0,957.38,0,7339.88,Card
O00001483,C0000074,R021,,2025-08-04 17:50:49,Dine-In,Completed,14555.0,0.0,2183.25,0,16738.25,Card
O00001484,C0000785,R022,,2025-07-18 05:26:13,Mobile App,Completed,5674.0,0.0,851.1,150,6675.1,Mobile Wallet
O00001485,C0000547,R005,,2026-02-28 13:44:28,Dine-In,Completed,2847.5,0.0,427.12,0,3274.62,Card
O00001486,C0000858,R004,,2025-10-18 17:11:26,Takeaway,Completed,6800.0,0.0,1020.0,0,7820.0,Mobile Wallet
O00001487,C0000455,R011,P0017,2026-08-12 19:18:52,Dine-In,Completed,3393.0,300.0,463.95,0,3556.95,Card
O00001488,C0000432,R011,P0023,2026-03-11 12:18:49,Mobile App,Completed,4578.0,686.7,583.7,100,4575.0,Cash
O00001489,C0000001,R009,,2026-05-07 15:51:35,Dine-In,Completed,5785.0,0.0,867.75,0,6652.75,Mobile Wallet
O00001490,C0000207,R003,P0010,2025-08-07 19:33:59,Website,Completed,12594.8,200.0,1859.22,100,14354.02,Bank Transfer
O00001491,C0000037,R011,,2025-04-12 21:31:33,Delivery Partner,Completed,4819.65,0.0,722.95,120,5662.6,Cash
O00001492,C0000095,R002,,2025-11-24 11:28:20,Website,Completed,3033.5,0.0,455.02,150,3638.52,Mobile Wallet
O00001493,C0000956,R009,,2025-08-19 11:20:37,Delivery Partner,Completed,4345.75,0.0,651.86,100,5097.61,Card
O00001494,C0000008,R024,,2025-06-17 21:34:10,Mobile App,Completed,2347.5,0.0,352.12,80,2779.62,Card
O00001495,C0000500,R025,P0016,2026-08-04 13:41:32,Mobile App,Completed,6610.0,200.0,961.5,150,7521.5,Card
O00001496,C0000028,R010,,2025-11-01 18:04:14,Dine-In,Completed,8563.0,0.0,1284.45,0,9847.45,Card
O00001497,C0000001,R011,,2025-06-02 17:11:11,Takeaway,Completed,2994.0,0.0,449.1,0,3443.1,Card
O00001498,C0000232,R003,,2025-06-15 12:06:23,Takeaway,Completed,3881.0,0.0,582.15,0,4463.15,Mobile Wallet
O00001499,C0000025,R017,,2025-07-31 18:40:49,Dine-In,Completed,5475.0,0.0,821.25,0,6296.25,Mobile Wallet
O00001500,C0000928,R011,P0012,2026-08-31 18:01:36,Delivery Partner,Completed,14077.5,150.0,2089.12,0,16016.62,Card
O00001501,C0000038,R017,,2025-07-24 17:24:10,Delivery Partner,Completed,8240.0,0.0,1236.0,0,9476.0,Mobile Wallet
O00001502,C0000034,R019,,2025-08-27 08:09:55,Dine-In,Completed,10986.0,0.0,1647.9,0,12633.9,Bank Transfer
O00001503,C0000002,R004,P0023,2026-02-26 23:37:52,Mobile App,Refunded,2226.8,334.02,283.92,0,2176.7,Cash
O00001504,C0000099,R002,,2025-08-07 13:43:18,Mobile App,Completed,11400.0,0.0,1710.0,150,13260.0,Card
O00001505,C0000002,R024,,2025-06-24 18:05:53,Website,Completed,6620.5,0.0,993.08,0,7613.58,Mobile Wallet
O00001506,C0000230,R014,,2025-05-24 20:26:00,Mobile App,Completed,5755.5,0.0,863.32,80,6698.82,Mobile Wallet
O00001507,C0000236,R015,,2025-08-18 14:34:16,Dine-In,Completed,5487.5,0.0,823.12,0,6310.62,Bank Transfer
O00001508,C0000004,R003,,2025-04-26 19:09:39,Mobile App,Completed,1445.1,0.0,216.76,120,1781.86,Cash
O00001509,C0000053,R020,,2025-03-10 22:08:54,Mobile App,Completed,10381.12,0.0,1557.17,100,12038.29,Mobile Wallet
O00001510,C0000675,R022,,2026-05-14 13:19:15,Mobile App,Completed,9482.5,0.0,1422.38,0,10904.88,Mobile Wallet
O00001511,C0000196,R013,,2025-05-13 13:36:25,Mobile App,Completed,1546.0,0.0,231.9,100,1877.9,Mobile Wallet
O00001512,C0000173,R022,,2026-04-29 20:34:57,Delivery Partner,Completed,5947.5,0.0,892.12,80,6919.62,Card
O00001513,C0000466,R013,P0025,2026-05-10 09:36:42,Delivery Partner,Completed,16308.3,200.0,2416.24,120,18644.54,Cash
O00001514,C0000489,R018,,2025-12-19 04:39:58,Mobile App,Completed,8494.3,0.0,1274.14,80,9848.44,Card
O00001515,C0000560,R022,,2025-08-16 20:07:50,Dine-In,Completed,1362.5,0.0,204.38,0,1566.88,Card
O00001516,C0000672,R020,P0002,2025-05-17 20:45:55,Mobile App,Completed,4951.5,247.58,705.59,150,5559.51,Card
O00001517,C0000049,R021,,2026-04-08 22:55:42,Website,Completed,6547.0,0.0,982.05,150,7679.05,Mobile Wallet
O00001518,C0000006,R007,,2026-01-22 06:53:14,Dine-In,Completed,4682.3,0.0,702.34,0,5384.64,Card
O00001519,C0000131,R023,,2026-02-23 09:30:07,Mobile App,Completed,9239.2,0.0,1385.88,0,10625.08,Cash
O00001520,C0000716,R016,,2025-03-05 08:48:29,Dine-In,Completed,3457.4,0.0,518.61,0,3976.01,Card
O00001521,C0000007,R016,,2026-07-21 18:42:13,Takeaway,Completed,1820.0,0.0,273.0,0,2093.0,Cash
O00001522,C0000310,R022,P0026,2025-04-05 17:57:32,Dine-In,Completed,9109.0,1366.35,1161.4,0,8904.05,Cash
O00001523,C0000469,R006,P0016,2025-09-19 13:15:41,Dine-In,Completed,8112.0,200.0,1186.8,0,9098.8,Card
O00001524,C0000213,R006,P0012,2025-10-09 06:27:06,Mobile App,Completed,5720.0,150.0,835.5,120,6525.5,Mobile Wallet
O00001525,C0000059,R004,,2025-03-01 18:05:17,Delivery Partner,Completed,9873.7,0.0,1481.06,100,11454.76,Mobile Wallet
O00001526,C0000096,R003,P0003,2025-11-29 17:31:11,Mobile App,Refunded,9917.5,200.0,1457.62,80,11255.12,Card
O00001527,C0000006,R001,,2026-04-17 08:27:01,Mobile App,Completed,1250.0,0.0,187.5,120,1557.5,Mobile Wallet
O00001528,C0000078,R003,P0005,2026-05-25 20:10:49,Delivery Partner,Completed,1562.5,0.0,234.38,150,1946.88,Cash
O00001529,C0000003,R019,,2026-06-24 10:41:28,Takeaway,Completed,5182.0,0.0,777.3,0,5959.3,Bank Transfer
O00001530,C0000506,R009,,2025-11-23 19:22:20,Dine-In,Completed,10728.5,0.0,1609.28,0,12337.78,Bank Transfer
O00001531,C0000794,R014,,2026-02-08 20:29:06,Dine-In,Completed,8700.0,0.0,1305.0,0,10005.0,Card
O00001532,C0000379,R019,,2025-04-12 17:08:51,Delivery Partner,Completed,13708.8,0.0,2056.32,120,15885.12,Cash
O00001533,C0000409,R024,P0006,2025-11-24 11:27:26,Website,Completed,4424.0,100.0,648.6,0,4972.6,Card
O00001534,C0000205,R024,P0015,2025-05-22 12:23:11,Dine-In,Completed,5160.0,200.0,744.0,0,5704.0,Cash
O00001535,C0000023,R019,P0007,2025-09-20 20:58:19,Mobile App,Completed,13906.12,200.0,2055.92,120,15882.04,Card
O00001536,C0000001,R013,,2025-08-28 12:27:56,Delivery Partner,Completed,5051.5,0.0,757.72,0,5809.22,Cash
O00001537,C0000107,R022,,2025-10-20 19:23:13,Dine-In,Completed,2606.0,0.0,390.9,0,2996.9,Card
O00001538,C0000543,R016,,2026-01-05 23:14:09,Mobile App,Completed,4191.0,0.0,628.65,100,4919.65,Cash
O00001539,C0000917,R008,P0003,2026-07-07 23:38:40,Takeaway,Completed,4913.0,200.0,706.95,0,5419.95,Cash
O00001540,C0000170,R024,,2025-10-04 16:49:22,Mobile App,Completed,2075.0,0.0,311.25,100,2486.25,Cash
O00001541,C0000121,R016,,2026-08-21 20:32:29,Mobile App,Completed,5651.63,0.0,847.74,120,6619.37,Cash
O00001542,C0000182,R009,,2026-04-20 23:46:46,Website,Completed,5738.65,0.0,860.8,120,6719.45,Mobile Wallet
O00001543,C0000167,R009,,2025-12-06 13:33:57,Mobile App,Completed,4929.0,0.0,739.35,80,5748.35,Card
O00001544,C0000369,R024,,2026-02-16 11:21:30,Mobile App,Completed,4552.05,0.0,682.81,120,5354.86,Mobile Wallet
O00001545,C0000517,R023,,2025-04-23 08:28:51,Takeaway,Completed,8830.5,0.0,1324.58,0,10155.08,Mobile Wallet
O00001546,C0000596,R003,P0027,2026-06-06 08:33:55,Dine-In,Completed,2540.0,300.0,336.0,0,2576.0,Cash
O00001547,C0000399,R007,,2026-01-11 20:41:09,Website,Completed,13206.7,0.0,1981.0,0,15187.7,Card
O00001548,C0000175,R020,,2026-08-23 17:51:18,Dine-In,Completed,10542.0,0.0,1581.3,0,12123.3,Card
O00001549,C0000896,R018,,2026-02-12 20:46:18,Takeaway,Completed,3429.0,0.0,514.35,0,3943.35,Mobile Wallet
O00001550,C0000483,R024,,2026-05-31 19:09:43,Dine-In,Completed,3230.0,0.0,484.5,0,3714.5,Card
O00001551,C0000166,R002,P0021,2026-05-12 18:50:22,Mobile App,Completed,13494.55,100.0,2009.18,100,15503.73,Card
O00001552,C0000183,R001,P0025,2025-09-06 17:53:58,Takeaway,Completed,17093.0,200.0,2533.95,0,19426.95,Mobile Wallet
O00001553,C0000651,R012,,2025-07-19 06:59:43,Website,Completed,12848.0,0.0,1927.2,120,14895.2,Mobile Wallet
O00001554,C0000178,R016,,2025-10-25 20:59:40,Takeaway,Completed,3320.0,0.0,498.0,0,3818.0,Bank Transfer
O00001555,C0000247,R012,P0028,2025-11-13 14:44:58,Mobile App,Completed,8749.0,500.0,1237.35,120,9606.35,Card
O00001556,C0000077,R021,,2025-07-08 16:29:31,Mobile App,Completed,3797.1,0.0,569.56,100,4466.66,Cash
O00001557,C0000687,R010,,2026-07-03 03:55:19,Delivery Partner,Completed,2262.5,0.0,339.38,150,2751.88,Mobile Wallet
O00001558,C0000253,R009,,2025-12-21 21:10:03,Mobile App,Completed,1299.9,0.0,194.98,100,1594.88,Cash
O00001559,C0000284,R021,P0010,2026-08-19 20:53:32,Delivery Partner,Cancelled,3204.65,200.0,450.7,120,0.0,Card
O00001560,C0000762,R018,,2026-05-17 16:33:47,Dine-In,Completed,4166.0,0.0,624.9,0,4790.9,Card
O00001561,C0000838,R004,P0026,2025-12-28 17:20:00,Mobile App,Completed,1990.0,298.5,253.72,150,2095.22,Mobile Wallet
O00001562,C0000662,R008,,2026-08-01 18:58:12,Dine-In,Completed,12719.5,0.0,1907.92,0,14627.42,Mobile Wallet
O00001563,C0000006,R023,,2025-12-02 12:12:02,Website,Completed,11524.5,0.0,1728.68,100,13353.18,Cash
O00001564,C0000180,R021,,2026-06-28 11:53:11,Dine-In,Completed,4104.5,0.0,615.67,0,4720.17,Bank Transfer
O00001565,C0000107,R004,,2025-09-13 18:24:28,Takeaway,Completed,7410.0,0.0,1111.5,0,8521.5,Cash
O00001566,C0000042,R016,,2025-09-26 08:53:54,Mobile App,Completed,4680.0,0.0,702.0,0,5382.0,Cash
O00001567,C0000815,R021,,2025-10-18 14:57:30,Delivery Partner,Completed,4476.5,0.0,671.48,0,5147.98,Mobile Wallet
O00001568,C0000780,R023,,2025-12-23 15:20:40,Dine-In,Completed,8884.5,0.0,1332.68,0,10217.18,Mobile Wallet
O00001569,C0000199,R021,P0018,2025-12-27 13:00:35,Mobile App,Completed,6310.0,1893.0,662.55,120,5199.55,Card
O00001570,C0000018,R008,,2025-11-28 09:57:01,Delivery Partner,Completed,7760.0,0.0,1164.0,0,8924.0,Card
O00001571,C0000001,R007,,2025-08-14 13:04:21,Dine-In,Cancelled,8861.5,0.0,1329.22,0,0.0,Card
O00001572,C0000176,R023,,2026-07-21 13:52:21,Delivery Partner,Completed,5781.95,0.0,867.29,120,6769.24,Cash
O00001573,C0000003,R025,,2026-01-15 15:21:40,Dine-In,Completed,4219.0,0.0,632.85,0,4851.85,Mobile Wallet
O00001574,C0000349,R024,P0018,2025-10-12 18:06:30,Delivery Partner,Completed,9311.0,2793.3,977.66,100,7595.36,Card
O00001575,C0000348,R013,,2026-02-21 22:12:51,Delivery Partner,Completed,11562.0,0.0,1734.3,150,13446.3,Bank Transfer
O00001576,C0000796,R008,,2026-04-25 08:44:55,Delivery Partner,Completed,4756.0,0.0,713.4,120,5589.4,Cash
O00001577,C0000034,R022,P0027,2026-08-09 20:51:44,Mobile App,Completed,8377.0,300.0,1211.55,100,9388.55,Card
O00001578,C0000125,R007,,2025-11-30 12:22:13,Delivery Partner,Completed,7960.5,0.0,1194.08,80,9234.58,Card
O00001579,C0000724,R024,,2025-04-28 17:20:28,Dine-In,Completed,1843.0,0.0,276.45,0,2119.45,Card
O00001580,C0000207,R005,P0030,2025-10-30 16:05:34,Mobile App,Completed,9425.4,150.0,1391.31,120,10786.71,Card
O00001581,C0000005,R018,,2025-11-19 16:19:49,Takeaway,Completed,3214.0,0.0,482.1,0,3696.1,Card
O00001582,C0000013,R023,P0027,2026-07-04 19:11:08,Mobile App,Completed,1840.0,300.0,231.0,150,1921.0,Cash
O00001583,C0000643,R019,,2025-10-05 13:39:46,Website,Completed,6932.05,0.0,1039.81,80,8051.86,Mobile Wallet
O00001584,C0000532,R010,,2026-08-05 12:08:53,Dine-In,Completed,13654.5,0.0,2048.17,0,15702.67,Card
O00001585,C0000753,R011,,2025-11-22 20:49:31,Delivery Partner,Completed,6924.0,0.0,1038.6,120,8082.6,Card
O00001586,C0000014,R008,,2026-08-16 11:27:58,Mobile App,Completed,2896.0,0.0,434.4,120,3450.4,Card
O00001587,C0000557,R006,P0001,2025-03-05 09:10:55,Delivery Partner,Completed,14115.5,500.0,2042.32,120,15777.82,Card
O00001588,C0000406,R011,,2026-07-05 02:51:26,Delivery Partner,Completed,1692.0,0.0,253.8,150,2095.8,Mobile Wallet
O00001589,C0000049,R016,,2026-07-23 10:31:09,Website,Completed,12444.5,0.0,1866.68,120,14431.18,Card
O00001590,C0000945,R004,,2026-08-09 15:10:24,Dine-In,Completed,7642.4,0.0,1146.36,0,8788.76,Cash
O00001591,C0000304,R002,,2025-03-08 16:23:48,Mobile App,Completed,4572.0,0.0,685.8,120,5377.8,Card
O00001592,C0000811,R013,,2025-06-01 11:55:44,Takeaway,Completed,5600.0,0.0,840.0,0,6440.0,Cash
O00001593,C0000723,R007,,2026-02-22 07:14:32,Dine-In,Completed,4151.5,0.0,622.72,0,4774.22,Card
O00001594,C0000101,R017,,2025-03-14 19:40:10,Takeaway,Completed,7966.0,0.0,1194.9,0,9160.9,Card
O00001595,C0000267,R023,,2025-04-04 19:34:36,Mobile App,Completed,3280.0,0.0,492.0,100,3872.0,Cash
O00001596,C0000170,R013,,2025-06-28 23:16:08,Dine-In,Completed,5285.15,0.0,792.77,0,6077.92,Mobile Wallet
O00001597,C0000480,R010,,2025-12-06 20:24:06,Mobile App,Completed,2041.5,0.0,306.22,100,2447.72,Cash
O00001598,C0000324,R013,,2025-12-23 21:48:06,Mobile App,Completed,6750.0,0.0,1012.5,100,7862.5,Bank Transfer
O00001599,C0000596,R010,,2025-03-19 19:34:33,Dine-In,Completed,2963.0,0.0,444.45,0,3407.45,Cash
O00001600,C0000001,R007,,2025-05-31 17:18:18,Mobile App,Completed,10838.5,0.0,1625.78,150,12614.28,Bank Transfer
O00001601,C0000450,R010,P0024,2025-11-30 08:40:19,Mobile App,Completed,12727.0,3818.1,1336.33,80,10325.23,Card
O00001602,C0000092,R016,,2026-01-18 17:30:49,Delivery Partner,Cancelled,3960.0,0.0,594.0,100,0.0,Cash
O00001603,C0000046,R003,,2025-05-18 06:16:41,Takeaway,Completed,3154.0,0.0,473.1,0,3627.1,Cash
O00001604,C0000623,R004,,2025-10-07 20:54:24,Mobile App,Completed,5265.05,0.0,789.76,120,6174.81,Cash
O00001605,C0000009,R004,,2026-07-08 14:49:04,Mobile App,Completed,4580.0,0.0,687.0,120,5387.0,Cash
O00001606,C0000048,R004,,2026-08-31 18:22:47,Delivery Partner,Completed,6639.0,0.0,995.85,120,7754.85,Cash
O00001607,C0000038,R016,,2026-08-24 06:46:28,Mobile App,Completed,3884.0,0.0,582.6,80,4546.6,Card
O00001608,C0000161,R009,,2026-06-26 16:00:54,Mobile App,Completed,6989.85,0.0,1048.48,100,8138.33,Cash
O00001609,C0000094,R006,,2025-10-05 12:57:26,Takeaway,Completed,4836.5,0.0,725.48,0,5561.98,Card
O00001610,C0000497,R010,,2026-03-13 12:09:24,Dine-In,Completed,4053.0,0.0,607.95,0,4660.95,Card
O00001611,C0000467,R025,,2025-10-17 13:07:36,Dine-In,Completed,6581.0,0.0,987.15,0,7568.15,Card
O00001612,C0000096,R004,,2026-02-19 00:41:14,Website,Completed,10969.28,0.0,1645.39,80,12694.67,Cash
O00001613,C0000175,R023,P0008,2025-08-16 14:25:53,Website,Completed,5696.75,1424.19,640.88,150,5063.44,Mobile Wallet
O00001614,C0000040,R012,,2026-01-25 15:33:47,Takeaway,Completed,7434.0,0.0,1115.1,0,8549.1,Card
O00001615,C0000427,R010,,2025-12-12 20:18:03,Mobile App,Completed,10031.0,0.0,1504.65,0,11535.65,Card
O00001616,C0000143,R012,,2025-03-14 14:13:13,Takeaway,Completed,7734.5,0.0,1160.18,0,8894.68,Cash
O00001617,C0000018,R025,P0007,2026-05-07 13:07:55,Website,Completed,8872.1,200.0,1300.82,0,9972.92,Card
O00001618,C0000016,R019,,2025-03-07 23:50:48,Delivery Partner,Completed,5297.0,0.0,794.55,120,6211.55,Card
O00001619,C0000094,R019,,2025-08-07 17:00:16,Delivery Partner,Completed,1648.5,0.0,247.27,80,1975.77,Bank Transfer
O00001620,C0000537,R022,P0021,2025-03-03 14:47:20,Dine-In,Completed,9808.0,100.0,1456.2,0,11164.2,Mobile Wallet
O00001621,C0000002,R024,,2025-09-24 15:24:15,Website,Completed,5129.5,0.0,769.42,150,6048.92,Card
O00001622,C0000060,R001,,2025-04-04 19:23:25,Delivery Partner,Completed,6896.5,0.0,1034.47,80,8010.97,Mobile Wallet
O00001623,C0000025,R004,,2026-07-13 13:46:08,Mobile App,Completed,1595.0,0.0,239.25,100,1934.25,Card
O00001624,C0000909,R013,,2025-10-16 13:19:01,Takeaway,Completed,7987.0,0.0,1198.05,0,9185.05,Cash
O00001625,C0000475,R008,,2025-11-09 19:55:42,Mobile App,Completed,5062.0,0.0,759.3,0,5821.3,Mobile Wallet
O00001626,C0000050,R022,,2025-09-08 07:29:14,Website,Completed,7236.0,0.0,1085.4,0,8321.4,Cash
O00001627,C0000040,R014,,2026-02-07 20:04:34,Mobile App,Completed,11821.0,0.0,1773.15,100,13694.15,Mobile Wallet
O00001628,C0000721,R016,,2026-05-03 14:02:23,Dine-In,Completed,6750.6,0.0,1012.59,0,7763.19,Cash
O00001629,C0000034,R002,,2026-02-19 17:31:47,Mobile App,Completed,4470.0,0.0,670.5,0,5140.5,Card
O00001630,C0000994,R008,,2026-04-14 19:16:52,Delivery Partner,Completed,10262.0,0.0,1539.3,150,11951.3,Card
O00001631,C0000072,R013,,2026-07-09 12:41:50,Delivery Partner,Completed,17051.5,0.0,2557.72,100,19709.22,Card
O00001632,C0000008,R001,,2026-06-16 20:04:53,Dine-In,Cancelled,4644.0,0.0,696.6,0,0.0,Mobile Wallet
O00001633,C0000455,R012,P0012,2026-03-06 22:10:37,Website,Completed,2297.0,150.0,322.05,150,2619.05,Card
O00001634,C0000349,R017,,2025-06-24 15:37:13,Dine-In,Completed,13694.1,0.0,2054.11,0,15748.21,Bank Transfer
O00001635,C0001000,R007,,2026-02-13 21:03:36,Delivery Partner,Cancelled,5396.0,0.0,809.4,120,0.0,Card
O00001636,C0000624,R016,P0003,2025-12-03 00:38:36,Dine-In,Completed,14569.0,200.0,2155.35,0,16524.35,Mobile Wallet
O00001637,C0000168,R014,,2026-03-29 20:18:05,Takeaway,Completed,10123.4,-50.0,1518.51,0,11641.91,Mobile Wallet
O00001638,C0000435,R010,,2026-05-30 12:38:17,Dine-In,Completed,1834.5,0.0,275.18,0,2109.68,Cash
O00001639,C0000651,R003,,2026-04-11 12:45:21,Mobile App,Completed,6947.6,0.0,1042.14,80,8069.74,Mobile Wallet
O00001640,C0000244,R012,P0002,2026-06-07 11:48:17,Takeaway,Completed,8029.1,401.46,1144.15,0,8771.79,Card
O00001641,C0000068,R008,,2025-04-04 12:22:50,Website,Completed,484.5,0.0,72.68,120,677.18,Cash
O00001642,C0000041,R016,P0023,2025-03-17 10:16:01,Mobile App,Completed,4281.0,642.15,545.83,150,4334.68,Cash
O00001643,C0000079,R025,,2025-07-18 20:12:31,Mobile App,Completed,14595.0,0.0,2189.25,100,16884.25,Mobile Wallet
O00001644,C0000703,R024,,2026-07-06 20:26:16,Takeaway,Completed,3108.0,0.0,466.2,0,3574.2,Cash
O00001645,C0000132,R001,P0005,2026-05-25 08:00:59,Dine-In,Cancelled,1580.0,0.0,237.0,0,0.0,Cash
O00001646,C0000075,R017,P0029,2026-03-11 08:01:00,Dine-In,Completed,2720.0,816.0,285.6,0,2189.6,Card
O00001647,C0000631,R006,,2026-03-21 20:17:08,Mobile App,Completed,4940.0,0.0,741.0,100,5781.0,Card
O00001648,C0000002,R001,,2026-04-03 13:35:12,Mobile App,Completed,6363.0,0.0,954.45,80,7397.45,Mobile Wallet
O00001649,C0000331,R024,,2026-07-30 09:44:35,Dine-In,Completed,3786.9,0.0,568.04,0,4354.94,Cash
O00001650,C0000749,R015,,2026-05-30 15:32:36,Mobile App,Completed,5156.82,0.0,773.52,150,6080.34,Cash
O00001651,C0000153,R013,,2026-02-04 13:35:57,Dine-In,Completed,5353.0,0.0,802.95,0,6155.95,Card
O00001652,C0000066,R006,,2026-03-01 11:01:29,Mobile App,Completed,5472.0,0.0,820.8,100,6392.8,Card
O00001653,C0000223,R021,,2025-06-23 19:03:30,Delivery Partner,Completed,3450.0,0.0,517.5,0,3967.5,Mobile Wallet
O00001654,C0000493,R013,,2026-02-24 18:15:22,Takeaway,Completed,1654.0,0.0,248.1,0,1902.1,Card
O00001655,C0000247,R022,,2025-10-21 08:03:49,Website,Completed,7661.0,0.0,1149.15,120,8930.15,Mobile Wallet
O00001656,C0000001,R004,,2025-05-21 21:56:27,Website,Completed,5089.5,0.0,763.42,120,5972.92,Cash
O00001657,C0000007,R001,,2026-05-16 16:08:58,Mobile App,Completed,7083.0,0.0,1062.45,100,8245.45,Card
O00001658,C0000498,R023,P0030,2025-12-05 11:48:09,Mobile App,Completed,12917.0,150.0,1915.05,120,14802.05,Mobile Wallet
O00001659,C0000146,R010,,2026-08-19 10:20:24,Mobile App,Completed,11327.2,0.0,1699.08,100,13126.28,Mobile Wallet
O00001660,C0000596,R025,P0006,2025-07-31 08:22:59,Takeaway,Completed,1740.0,100.0,246.0,0,1886.0,Bank Transfer
O00001661,C0000399,R004,P0003,2025-11-20 14:51:35,Website,Completed,520.0,200.0,48.0,120,488.0,Card
O00001662,C0000316,R013,,2025-11-03 08:59:25,Website,Completed,3057.55,0.0,458.63,100,3616.18,Card
O00001663,C0000801,R004,,2025-05-03 13:52:25,Delivery Partner,Completed,1596.0,0.0,239.4,100,1935.4,Mobile Wallet
O00001664,C0000002,R016,P0003,2025-10-22 09:01:44,Mobile App,Completed,2868.0,200.0,400.2,100,3168.2,Cash
O00001665,C0000023,R009,P0018,2025-08-04 18:02:12,Mobile App,Cancelled,4174.58,1252.37,438.33,100,0.0,Cash
O00001666,C0000367,R004,,2025-05-25 19:22:16,Website,Completed,1278.5,0.0,191.78,100,1570.28,Card
O00001667,C0000006,R020,P0004,2025-08-01 16:25:39,Mobile App,Completed,6673.6,667.36,900.94,100,7007.18,Cash
O00001668,C0000393,R008,,2025-07-04 18:46:03,Mobile App,Completed,10945.5,0.0,1641.82,150,12737.32,Card
O00001669,C0000967,R004,,2026-04-07 21:06:22,Delivery Partner,Completed,8582.0,0.0,1287.3,80,9949.3,Bank Transfer
O00001670,C0000759,R009,,2025-03-17 18:35:34,Delivery Partner,Cancelled,5091.5,0.0,763.72,120,0.0,Card
O00001671,C0000327,R011,,2026-02-01 13:43:10,Dine-In,Completed,2439.42,0.0,365.91,0,2805.33,Mobile Wallet
O00001672,C0000787,R024,,2026-04-21 14:32:11,Takeaway,Completed,6957.0,0.0,1043.55,0,8000.55,Cash
O00001673,C0000014,R005,,2025-11-20 20:48:08,Mobile App,Cancelled,2956.35,0.0,443.45,80,0.0,Card
O00001674,C0000190,R009,,2026-07-24 08:35:14,Mobile App,Completed,7208.0,0.0,1081.2,100,8389.2,Cash
O00001675,C0000168,R008,,2026-03-24 12:03:44,Mobile App,Completed,4952.5,0.0,742.88,0,5695.38,Card
O00001676,C0000103,R004,,2026-04-14 17:53:36,Mobile App,Completed,2700.0,0.0,405.0,120,3225.0,Cash
O00001677,C0000001,R020,,2025-06-14 18:22:04,Mobile App,Completed,12261.6,0.0,1839.24,0,14100.84,Mobile Wallet
O00001678,C0000781,R001,,2026-04-29 19:24:18,Dine-In,Completed,6888.0,0.0,1033.2,0,7921.2,Mobile Wallet
O00001679,C0000585,R020,,2026-05-30 12:40:10,Mobile App,Completed,5104.8,0.0,765.72,0,5870.52,Card
O00001680,C0000404,R013,,2025-09-15 09:25:08,Dine-In,Completed,5783.0,0.0,867.45,0,6650.45,Cash
O00001681,C0000017,R024,P0027,2025-06-23 21:27:34,Website,Completed,6743.5,300.0,966.52,150,7560.02,Cash
O00001682,C0000130,R005,,2025-09-29 07:27:49,Delivery Partner,Completed,6217.0,0.0,932.55,80,7229.55,Card
O00001683,C0000845,R022,P0014,2026-04-10 08:20:26,Takeaway,Completed,5394.0,300.0,764.1,0,5858.1,Mobile Wallet
O00001684,C0000358,R020,,2025-10-17 15:09:12,Dine-In,Completed,9440.0,0.0,1416.0,0,10856.0,Card
O00001685,C0000342,R021,,2026-04-08 20:26:56,Dine-In,Completed,3133.0,0.0,469.95,0,3602.95,Card
O00001686,C0000823,R010,,2025-04-29 19:50:59,Takeaway,Completed,3360.0,0.0,504.0,0,3864.0,Mobile Wallet
O00001687,C0000292,R016,,2026-05-15 21:50:11,Dine-In,Completed,9017.5,0.0,1352.62,0,10370.12,Cash
O00001688,C0000335,R008,,2025-07-15 08:14:08,Mobile App,Completed,2666.5,0.0,399.98,0,3066.48,Card
O00001689,C0000108,R012,,2025-07-13 13:53:41,Mobile App,Completed,11849.0,0.0,1777.35,120,13746.35,Card
O00001690,C0000125,R025,P0002,2026-01-16 12:16:27,Takeaway,Completed,10060.0,503.0,1433.55,0,10990.55,Cash
O00001691,C0000447,R003,P0002,2025-04-07 20:38:12,Website,Completed,10834.5,541.72,1543.92,100,11936.7,Bank Transfer
O00001692,C0000093,R004,P0002,2025-03-15 15:34:19,Delivery Partner,Completed,6632.5,331.62,945.13,120,7366.01,Card
O00001693,C0000291,R017,,2025-07-20 04:04:51,Dine-In,Completed,4028.5,0.0,604.28,0,4632.78,Cash
O00001694,C0000071,R021,,2025-12-19 18:15:12,Delivery Partner,Completed,9539.5,0.0,1430.92,150,11120.42,Cash
O00001695,C0000026,R020,,2026-07-10 13:22:26,Dine-In,Completed,3117.0,0.0,467.55,0,3584.55,Card
O00001696,C0000189,R022,,2026-06-07 16:38:25,Dine-In,Completed,1335.5,0.0,200.32,0,1535.82,Card
O00001697,C0000043,R022,,2025-11-25 20:47:28,Mobile App,Completed,7745.9,0.0,1161.88,0,8907.78,Bank Transfer
O00001698,C0000795,R013,,2025-03-21 12:08:28,Takeaway,Completed,610.0,0.0,91.5,0,701.5,Card
O00001699,C0000084,R006,,2025-12-18 11:32:21,Dine-In,Completed,8228.1,0.0,1234.21,0,9462.31,Mobile Wallet
O00001700,C0000335,R003,P0004,2026-03-22 12:34:08,Takeaway,Completed,6545.0,654.5,883.58,0,6774.08,Cash
O00001701,C0000063,R014,,2025-09-02 13:56:23,Delivery Partner,Completed,5293.0,0.0,793.95,80,6166.95,Cash
O00001702,C0000061,R007,P0009,2025-04-28 08:39:41,Dine-In,Completed,5100.0,510.0,688.5,0,5278.5,Card
O00001703,C0000112,R003,P0027,2025-07-30 18:49:18,Website,Completed,8253.0,300.0,1192.95,150,9295.95,Mobile Wallet
O00001704,C0000829,R006,,2026-04-26 10:23:37,Website,Completed,8764.73,0.0,1314.71,150,10229.44,Card
O00001705,C0000139,R013,,2025-09-09 21:23:30,Dine-In,Completed,3565.5,0.0,534.82,0,4100.32,Card
O00001706,C0000657,R014,,2026-05-18 10:49:38,Takeaway,Completed,7330.0,0.0,1099.5,0,8429.5,Card
O00001707,C0000036,R015,,2025-08-22 11:23:14,Dine-In,Completed,3196.3,0.0,479.44,0,3675.74,Card
O00001708,C0000004,R016,P0020,2025-05-27 12:18:53,Dine-In,Completed,5080.0,762.0,647.7,0,4965.7,Cash
O00001709,C0000591,R001,,2025-10-27 19:38:31,Dine-In,Completed,3134.0,0.0,470.1,0,3604.1,Mobile Wallet
O00001710,C0000273,R015,,2025-11-05 14:24:50,Dine-In,Completed,5655.0,0.0,848.25,0,6503.25,Card
O00001711,C0000234,R024,,2025-03-09 20:51:45,Dine-In,Completed,8874.0,0.0,1331.1,0,10205.1,Card
O00001712,C0000067,R007,,2025-05-01 19:30:47,Dine-In,Completed,1352.5,0.0,202.88,0,1555.38,Card
O00001713,C0000006,R009,,2025-06-08 21:58:45,Mobile App,Completed,4228.0,0.0,634.2,150,5012.2,Cash
O00001714,C0000215,R015,,2025-04-29 19:37:28,Takeaway,Completed,2130.0,0.0,319.5,0,2449.5,Card
O00001715,C0000737,R014,,2025-09-04 06:24:56,Delivery Partner,Completed,2330.0,0.0,349.5,80,2759.5,Card
O00001716,C0000015,R019,P0004,2026-08-11 20:26:51,Dine-In,Completed,8945.68,894.57,1207.67,0,9258.78,Cash
O00001717,C0000855,R024,,2025-12-05 21:31:33,Mobile App,Completed,8400.0,0.0,1260.0,120,9780.0,Mobile Wallet
O00001718,C0000068,R018,P0015,2026-02-07 23:10:08,Delivery Partner,Refunded,3610.0,200.0,511.5,100,4021.5,Card
O00001719,C0000263,R009,,2025-09-13 08:04:34,Dine-In,Completed,6241.0,0.0,936.15,0,7177.15,Mobile Wallet
O00001720,C0000006,R001,,2025-08-24 17:43:05,Mobile App,Completed,9978.0,0.0,1496.7,120,11594.7,Mobile Wallet
O00001721,C0000165,R012,,2025-03-13 10:32:36,Mobile App,Cancelled,5561.0,0.0,834.15,150,0.0,Card
O00001722,C0000016,R010,,2025-11-30 12:18:13,Delivery Partner,Completed,6167.48,0.0,925.12,150,7242.6,Cash
O00001723,C0000004,R007,,2025-11-22 19:42:46,Mobile App,Completed,6841.8,0.0,1026.27,80,7948.07,Mobile Wallet
O00001724,C0000930,R014,,2025-05-24 22:46:49,Takeaway,Completed,5892.0,0.0,883.8,0,6775.8,Card
O00001725,C0000511,R001,,2026-04-23 17:56:48,Website,Completed,8857.6,0.0,1328.64,120,10306.24,Card
O00001726,C0000495,R015,,2025-11-26 20:15:08,Mobile App,Completed,3140.0,0.0,471.0,80,3691.0,Cash
O00001727,C0000009,R022,,2025-09-02 00:34:18,Takeaway,Completed,6227.0,0.0,934.05,0,7161.05,Card
O00001728,C0000855,R001,P0001,2025-05-18 05:10:22,Delivery Partner,Completed,3543.0,500.0,456.45,0,3499.45,Card
O00001729,C0000203,R013,,2025-12-26 17:10:56,Mobile App,Completed,6074.38,0.0,911.16,150,7135.54,Card
O00001730,C0000711,R020,P0026,2026-04-17 13:09:40,Dine-In,Completed,8383.0,1257.45,1068.83,0,8194.38,Bank Transfer
O00001731,C0000001,R023,,2025-08-01 20:33:27,Delivery Partner,Completed,1276.8,0.0,191.52,0,1468.32,Card
O00001732,C0000081,R002,,2025-06-26 12:51:15,Mobile App,Completed,4029.0,0.0,604.35,80,4713.35,Mobile Wallet
O00001733,C0000992,R003,,2025-12-11 14:04:25,Mobile App,Completed,780.0,0.0,117.0,150,1047.0,Card
O00001734,C0000167,R004,,2025-05-23 16:22:37,Mobile App,Completed,12850.0,0.0,1927.5,0,14777.5,Cash
O00001735,C0000777,R016,P0002,2026-03-02 12:54:39,Delivery Partner,Completed,6588.5,329.42,938.86,150,7347.94,Mobile Wallet
O00001736,C0000097,R022,,2026-01-25 20:24:24,Mobile App,Completed,10952.0,0.0,1642.8,80,12674.8,Card
O00001737,C0000256,R012,P0027,2025-04-16 14:28:34,Mobile App,Completed,5110.0,300.0,721.5,150,5681.5,Mobile Wallet
O00001738,C0000714,R025,,2025-03-20 14:39:53,Delivery Partner,Completed,10528.0,0.0,1579.2,120,12227.2,Card
O00001739,C0000345,R004,,2026-02-02 20:12:04,Takeaway,Completed,8440.0,0.0,1266.0,0,9706.0,Card
O00001740,C0000504,R022,P0010,2025-08-08 12:46:06,Dine-In,Completed,7422.5,200.0,1083.38,0,8305.88,Card
O00001741,C0000048,R012,,2025-04-15 19:31:22,Mobile App,Completed,8820.0,0.0,1323.0,120,10263.0,Mobile Wallet
O00001742,C0000023,R007,,2026-04-20 08:33:24,Mobile App,Completed,1901.5,0.0,285.22,0,2186.72,Card
O00001743,C0000049,R020,,2025-08-19 09:11:00,Mobile App,Completed,5088.0,0.0,763.2,150,6001.2,Mobile Wallet
O00001744,C0000224,R022,,2025-11-09 21:23:21,Mobile App,Completed,20343.0,0.0,3051.45,100,23494.45,Cash
O00001745,C0000622,R003,,2025-07-06 20:39:52,Mobile App,Completed,14063.2,0.0,2109.48,80,16252.68,Mobile Wallet
O00001746,C0000114,R005,,2026-02-07 13:20:03,Mobile App,Completed,3068.0,0.0,460.2,80,3608.2,Card
O00001747,C0000298,R012,,2025-08-12 18:28:57,Delivery Partner,Completed,7656.0,0.0,1148.4,0,8804.4,Card
O00001748,C0000629,R012,,2026-08-13 21:50:27,Mobile App,Completed,5381.5,0.0,807.22,150,6338.72,Cash
O00001749,C0000052,R020,,2026-03-22 10:56:47,Delivery Partner,Completed,5124.5,0.0,768.68,80,5973.18,Card
O00001750,C0000766,R023,,2025-05-12 06:59:58,Delivery Partner,Completed,5436.0,0.0,815.4,100,6351.4,Card
O00001751,C0000902,R022,,2025-10-17 16:22:13,Dine-In,Completed,1803.38,0.0,270.51,0,2073.89,Cash
O00001752,C0000003,R007,,2025-09-29 08:32:32,Website,Completed,17734.5,0.0,2660.18,120,20514.68,Mobile Wallet
O00001753,C0000005,R022,,2025-12-17 10:07:03,Takeaway,Completed,8550.0,0.0,1282.5,0,9832.5,Mobile Wallet
O00001754,C0000009,R012,P0023,2026-06-04 20:41:41,Delivery Partner,Completed,11093.5,1664.02,1414.42,150,10993.9,Mobile Wallet
O00001755,C0000583,R002,P0025,2026-01-12 00:12:10,Website,Completed,6720.0,200.0,978.0,100,7598.0,Card
O00001756,C0000033,R014,P0001,2025-04-03 19:04:38,Dine-In,Completed,5050.0,500.0,682.5,0,5232.5,Cash
O00001757,C0000505,R023,,2026-02-23 15:53:31,Delivery Partner,Completed,16366.5,0.0,2454.98,120,18941.48,Card
O00001758,C0000178,R016,P0009,2025-03-05 16:40:03,Website,Completed,8664.0,866.4,1169.64,120,9087.24,Card
O00001759,C0000682,R024,P0005,2026-05-01 18:09:00,Delivery Partner,Completed,5314.5,100.0,782.18,80,6076.68,Card
O00001760,C0000635,R007,,2026-03-02 14:13:25,Dine-In,Completed,13121.5,0.0,1968.22,0,15089.72,Mobile Wallet
O00001761,C0000916,R004,,2025-08-16 08:23:32,Delivery Partner,Completed,7530.6,0.0,1129.59,80,8740.19,Mobile Wallet
O00001762,C0000057,R020,,2025-08-07 08:10:16,Mobile App,Completed,4731.0,0.0,709.65,100,5540.65,Cash
O00001763,C0000048,R005,,2026-05-11 19:45:26,Mobile App,Completed,6564.5,0.0,984.68,80,7629.18,Mobile Wallet
O00001764,C0000002,R014,,2026-05-02 11:02:41,Delivery Partner,Completed,10182.5,0.0,1527.38,80,11789.88,Card
O00001765,C0000154,R009,,2025-09-10 04:28:04,Mobile App,Completed,3586.5,0.0,537.98,100,4224.48,Card
O00001766,C0000193,R005,,2025-08-10 22:52:06,Mobile App,Completed,6581.28,0.0,987.19,120,7688.47,Cash
O00001767,C0000926,R002,,2025-12-30 22:47:24,Takeaway,Completed,15693.85,0.0,2354.08,0,18047.93,Card
O00001768,C0000673,R005,,2025-03-05 13:51:07,Delivery Partner,Completed,2680.0,0.0,402.0,100,3182.0,Mobile Wallet
O00001769,C0000026,R003,P0024,2025-04-13 04:29:33,Mobile App,Completed,8212.72,2463.82,862.33,120,6731.23,Mobile Wallet
O00001770,C0000618,R010,,2025-05-06 19:48:40,Delivery Partner,Completed,5213.0,0.0,781.95,80,6074.95,Card
O00001771,C0000030,R008,,2025-06-08 20:36:03,Takeaway,Completed,2924.5,0.0,438.68,0,3363.18,Mobile Wallet
O00001772,C0000007,R010,,2025-12-06 08:57:11,Takeaway,Completed,5026.0,0.0,753.9,0,5779.9,Cash
O00001773,C0000684,R002,,2026-08-27 08:06:57,Dine-In,Completed,4517.42,0.0,677.61,0,5195.03,Mobile Wallet
O00001774,C0000950,R014,,2026-02-22 20:16:30,Website,Completed,3935.0,0.0,590.25,80,4605.25,Card
O00001775,C0000009,R004,,2025-04-02 21:19:10,Takeaway,Completed,7418.5,0.0,1112.77,0,8531.27,Mobile Wallet
O00001776,C0000644,R021,,2025-12-13 19:53:36,Takeaway,Completed,10865.0,0.0,1629.75,0,12494.75,Card
O00001777,C0000723,R012,,2025-11-29 10:10:43,Website,Completed,4720.0,0.0,708.0,100,5528.0,Cash
O00001778,C0000014,R020,,2025-05-16 13:43:58,Takeaway,Completed,8111.0,0.0,1216.65,0,9327.65,Card
O00001779,C0000073,R014,P0026,2026-07-17 17:24:52,Delivery Partner,Completed,11922.5,1788.38,1520.12,100,11754.24,Card
O00001780,C0000516,R016,,2025-10-30 09:58:35,Mobile App,Completed,2583.0,0.0,387.45,0,2970.45,Card
O00001781,C0000634,R005,P0002,2026-08-29 10:23:44,Delivery Partner,Completed,10233.8,511.69,1458.32,100,11280.43,Cash
O00001782,C0000114,R016,,2025-10-19 12:01:21,Dine-In,Completed,840.0,0.0,126.0,0,966.0,Mobile Wallet
O00001783,C0000024,R004,,2026-01-26 15:26:00,Takeaway,Completed,8073.0,0.0,1210.95,0,9283.95,Cash
O00001784,C0000398,R003,P0002,2025-04-25 15:18:49,Mobile App,Completed,9152.0,457.6,1304.16,0,9998.56,Mobile Wallet
O00001785,C0000470,R001,P0022,2025-11-06 19:57:03,Website,Completed,9038.0,903.8,1220.13,80,9434.33,Cash
O00001786,C0000234,R004,,2025-07-07 19:28:35,Dine-In,Completed,7614.0,0.0,1142.1,0,8756.1,Bank Transfer
O00001787,C0000020,R009,,2026-05-31 21:36:07,Takeaway,Completed,6188.0,0.0,928.2,0,7116.2,Bank Transfer
O00001788,C0000697,R001,,2026-05-03 20:10:24,Delivery Partner,Completed,2043.0,0.0,306.45,0,2349.45,Card
O00001789,C0000394,R016,,2026-05-25 11:54:27,Dine-In,Completed,5093.0,0.0,763.95,0,5856.95,Bank Transfer
O00001790,C0000741,R023,,2026-04-02 12:18:51,Website,Completed,14161.0,0.0,2124.15,120,16405.15,Mobile Wallet
O00001791,C0000862,R003,,2026-05-30 15:27:37,Website,Completed,2360.92,0.0,354.14,120,2835.06,Cash
O00001792,C0000630,R024,,2025-06-16 01:38:35,Dine-In,Completed,3074.0,0.0,461.1,0,3535.1,Bank Transfer
O00001793,C0000914,R006,,2025-11-05 20:20:35,Website,Completed,7470.0,0.0,1120.5,100,8690.5,Cash
O00001794,C0000905,R013,,2026-03-15 06:25:59,Mobile App,Completed,5048.5,0.0,757.28,80,5885.78,Cash
O00001795,C0000361,R017,P0010,2026-02-13 12:21:42,Takeaway,Completed,13372.5,200.0,1975.88,0,15148.38,Card
O00001796,C0000508,R015,,2026-03-29 17:05:59,Takeaway,Completed,6502.5,0.0,975.38,0,7477.88,Cash
O00001797,C0000467,R021,,2025-06-29 15:10:40,Delivery Partner,Completed,7321.5,0.0,1098.22,0,8419.72,Cash
O00001798,C0000363,R012,,2025-04-21 18:58:45,Dine-In,Completed,3259.0,0.0,488.85,0,3747.85,Bank Transfer
O00001799,C0000001,R008,,2026-07-15 16:13:03,Mobile App,Cancelled,9278.0,0.0,1391.7,120,0.0,Bank Transfer
O00001800,C0000115,R016,,2025-12-30 11:59:12,Website,Completed,2200.0,0.0,330.0,150,2680.0,Mobile Wallet
O00001801,C0000011,R003,,2025-05-22 10:35:37,Dine-In,Completed,10932.5,0.0,1639.88,0,12572.38,Card
O00001802,C0000082,R004,,2026-05-08 20:59:44,Delivery Partner,Completed,4173.7,0.0,626.05,80,4879.75,Mobile Wallet
O00001803,C0000006,R007,P0016,2026-07-14 12:39:24,Takeaway,Completed,4848.0,200.0,697.2,0,5345.2,Cash
O00001804,C0000837,R015,P0006,2025-05-31 12:40:02,Takeaway,Cancelled,5569.3,100.0,820.4,0,0.0,Bank Transfer
O00001805,C0000187,R011,P0004,2026-05-22 13:01:54,Mobile App,Completed,8325.0,832.5,1123.88,120,8736.38,Card
O00001806,C0000033,R016,,2026-07-25 08:56:31,Dine-In,Completed,5102.0,0.0,765.3,0,5867.3,Mobile Wallet
O00001807,C0000320,R022,P0011,2026-07-27 15:42:38,Mobile App,Completed,5295.0,1323.75,595.69,80,4646.94,Mobile Wallet
O00001808,C0000036,R014,,2026-07-14 18:59:00,Delivery Partner,Completed,1240.0,0.0,186.0,120,1546.0,Bank Transfer
O00001809,C0000628,R023,P0026,2025-12-23 19:19:10,Takeaway,Completed,9474.0,1421.1,1207.94,0,9260.84,Mobile Wallet
O00001810,C0000085,R013,,2025-09-13 18:21:01,Takeaway,Completed,7041.35,0.0,1056.2,0,8097.55,Mobile Wallet
O00001811,C0000090,R009,,2025-03-04 09:38:04,Dine-In,Completed,3423.0,0.0,513.45,0,3936.45,Card
O00001812,C0000742,R025,,2025-04-02 14:03:55,Delivery Partner,Completed,5388.5,0.0,808.28,150,6346.78,Mobile Wallet
O00001813,C0000291,R018,,2025-10-24 05:55:21,Dine-In,Completed,6477.0,0.0,971.55,0,7448.55,Mobile Wallet
O00001814,C0000774,R003,P0026,2025-10-07 02:28:45,Takeaway,Completed,6883.5,1032.53,877.65,0,6728.62,Cash
O00001815,C0000156,R020,,2025-06-08 14:45:12,Mobile App,Completed,18790.5,0.0,2818.58,120,21729.08,Card
O00001816,C0000107,R022,P0009,2025-10-05 11:57:47,Mobile App,Completed,3717.0,371.7,501.8,0,3847.1,Cash
O00001817,C0000237,R005,,2025-06-02 18:23:22,Dine-In,Completed,9034.0,0.0,1355.1,0,10389.1,Mobile Wallet
O00001818,C0000005,R022,,2026-06-08 19:00:46,Delivery Partner,Completed,7990.5,0.0,1198.58,150,9339.08,Cash
O00001819,C0000023,R024,,2025-08-10 20:23:30,Takeaway,Completed,9099.2,0.0,1364.88,0,10464.08,Bank Transfer
O00001820,C0000044,R002,P0012,2026-01-21 19:57:34,Mobile App,Completed,13891.0,150.0,2061.15,0,15802.15,Card
O00001821,C0000649,R022,P0001,2025-12-01 06:29:37,Dine-In,Completed,3475.0,500.0,446.25,0,3421.25,Cash
O00001822,C0000517,R025,,2025-03-29 13:11:40,Delivery Partner,Completed,4900.0,0.0,735.0,80,5715.0,Bank Transfer
O00001823,C0000035,R021,,2026-07-30 12:18:34,Takeaway,Completed,7946.0,0.0,1191.9,0,9137.9,Cash
O00001824,C0000069,R017,P0024,2025-12-14 13:36:44,Dine-In,Cancelled,4772.5,1431.75,501.11,0,0.0,Card
O00001825,C0000885,R016,,2025-08-25 09:57:12,Takeaway,Completed,7705.2,0.0,1155.78,0,8860.98,Mobile Wallet
O00001826,C0000008,R024,P0021,2025-05-24 08:39:53,Delivery Partner,Completed,2034.0,100.0,290.1,120,2344.1,Card
O00001827,C0000279,R020,,2025-09-02 15:42:06,Dine-In,Completed,8290.48,0.0,1243.57,0,9534.05,Card
O00001828,C0000252,R024,,2025-03-11 19:53:04,Dine-In,Completed,4741.0,0.0,711.15,0,5452.15,Mobile Wallet
O00001829,C0000505,R013,P0005,2025-09-17 18:03:57,Mobile App,Completed,5766.0,100.0,849.9,150,6665.9,Bank Transfer
O00001830,C0000062,R020,,2025-12-16 14:14:28,Takeaway,Completed,260.0,0.0,39.0,0,299.0,Cash
O00001831,C0000866,R011,,2026-06-20 15:19:07,Delivery Partner,Completed,3874.5,0.0,581.17,0,4455.67,Cash
O00001832,C0000154,R008,,2026-03-13 15:43:07,Website,Completed,10922.25,0.0,1638.34,150,12710.59,Card
O00001833,C0000074,R025,,2025-04-28 18:19:53,Dine-In,Completed,7020.0,0.0,1053.0,0,8073.0,Card
O00001834,C0000103,R021,,2025-05-18 06:53:06,Mobile App,Completed,9241.0,0.0,1386.15,80,10707.15,Card
O00001835,C0000110,R005,,2025-10-23 18:54:18,Dine-In,Completed,4461.0,0.0,669.15,0,5130.15,Cash
O00001836,C0000037,R002,,2025-06-14 17:20:38,Mobile App,Completed,9360.0,0.0,1404.0,80,10844.0,Card
O00001837,C0000852,R025,,2025-03-15 10:09:22,Website,Completed,6860.0,0.0,1029.0,120,8009.0,Mobile Wallet
O00001838,C0000029,R004,P0017,2026-05-15 06:29:35,Mobile App,Completed,5308.0,300.0,751.2,150,5909.2,Cash
O00001839,C0000766,R003,,2025-03-11 08:23:41,Dine-In,Completed,684.0,0.0,102.6,0,786.6,Cash
O00001840,C0000149,R002,,2026-05-29 16:47:31,Dine-In,Completed,9739.5,0.0,1460.92,0,11200.42,Mobile Wallet
O00001841,C0000066,R003,,2025-05-16 19:54:44,Delivery Partner,Completed,4740.0,0.0,711.0,80,5531.0,Cash
O00001842,C0000037,R016,,2026-08-17 13:39:03,Delivery Partner,Completed,2157.0,0.0,323.55,0,2480.55,Mobile Wallet
O00001843,C0000235,R020,P0003,2026-01-24 13:51:29,Takeaway,Completed,4897.2,200.0,704.58,0,5401.78,Card
O00001844,C0000425,R009,,2026-04-07 21:39:50,Dine-In,Completed,12528.5,0.0,1879.28,0,14407.78,Card
O00001845,C0000795,R006,,2025-04-28 10:37:41,Delivery Partner,Completed,7425.0,0.0,1113.75,100,8638.75,Card
O00001846,C0000403,R015,P0009,2026-06-15 08:02:38,Mobile App,Completed,12554.0,1255.4,1694.79,80,13073.39,Card
O00001847,C0000215,R005,P0015,2026-06-03 13:28:04,Mobile App,Completed,13722.5,200.0,2028.38,0,15550.88,Mobile Wallet
O00001848,C0000002,R009,,2026-02-22 19:07:02,Website,Completed,1150.0,0.0,172.5,0,1322.5,Bank Transfer
O00001849,C0000828,R024,P0022,2025-12-01 17:28:21,Dine-In,Completed,1106.0,110.6,149.31,0,1144.71,Card
O00001850,C0000803,R006,,2026-04-01 13:54:27,Mobile App,Completed,5656.0,0.0,848.4,120,6624.4,Card
O00001851,C0000130,R003,P0003,2025-03-03 22:09:21,Delivery Partner,Completed,2320.0,200.0,318.0,80,2518.0,Cash
O00001852,C0000002,R023,P0026,2026-01-17 19:04:21,Dine-In,Completed,15687.0,2353.05,2000.09,0,15334.04,Mobile Wallet
O00001853,C0000516,R013,P0007,2026-06-07 07:10:33,Website,Completed,11974.0,200.0,1766.1,0,13540.1,Card
O00001854,C0000607,R022,P0028,2025-09-13 19:03:28,Mobile App,Completed,2640.0,500.0,321.0,150,2611.0,Cash
O00001855,C0000274,R015,,2025-04-27 03:48:42,Delivery Partner,Completed,9273.32,0.0,1391.0,150,10814.32,Cash
O00001856,C0000148,R011,,2025-10-19 18:57:41,Takeaway,Completed,3244.35,0.0,486.65,0,3731.0,Cash
O00001857,C0000708,R016,P0004,2026-04-04 10:34:59,Delivery Partner,Completed,4460.0,446.0,602.1,100,4716.1,Cash
O00001858,C0000035,R015,,2025-04-26 18:49:54,Takeaway,Completed,5298.5,0.0,794.78,0,6093.28,Mobile Wallet
O00001859,C0000177,R024,P0006,2025-06-19 12:39:12,Mobile App,Completed,6861.5,100.0,1014.22,120,7895.72,Bank Transfer
O00001860,C0000002,R006,P0019,2025-05-18 20:55:06,Dine-In,Completed,9331.5,500.0,1324.72,0,10156.22,Mobile Wallet
O00001861,C0000026,R014,,2026-05-10 13:11:09,Delivery Partner,Completed,3224.65,0.0,483.7,0,3708.35,Card
O00001862,C0000878,R011,,2025-04-03 17:20:27,Dine-In,Completed,5290.8,0.0,793.62,0,6084.42,Card
O00001863,C0000312,R020,,2026-03-13 12:15:03,Delivery Partner,Completed,1270.0,0.0,190.5,0,1460.5,Card
O00001864,C0000630,R010,,2025-09-18 21:13:58,Mobile App,Refunded,2686.5,0.0,402.98,120,3209.48,Card
O00001865,C0000218,R016,,2026-04-18 19:20:31,Delivery Partner,Completed,1914.5,0.0,287.18,100,2301.68,Card
O00001866,C0000680,R012,,2026-08-11 11:47:21,Takeaway,Completed,8334.1,0.0,1250.12,0,9584.22,Cash
O00001867,C0000270,R007,,2025-04-30 21:26:19,Dine-In,Completed,3596.0,0.0,539.4,0,4135.4,Card
O00001868,C0000001,R007,,2025-08-19 13:35:47,Mobile App,Completed,2620.0,0.0,393.0,120,3133.0,Card
O00001869,C0000798,R024,P0012,2026-05-17 18:00:19,Mobile App,Completed,6129.5,150.0,896.92,0,6876.42,Cash
O00001870,C0000021,R018,,2025-07-23 19:00:05,Takeaway,Completed,3736.0,0.0,560.4,0,4296.4,Cash
O00001871,C0000186,R015,,2025-06-24 03:21:08,Mobile App,Completed,16230.5,0.0,2434.57,100,18765.07,Cash
O00001872,C0000209,R006,,2026-05-26 21:14:27,Dine-In,Completed,7442.0,0.0,1116.3,0,8558.3,Card
O00001873,C0000004,R019,P0027,2026-08-24 13:51:12,Mobile App,Completed,9835.85,300.0,1430.38,150,11116.23,Card
O00001874,C0000004,R008,,2025-12-28 10:19:30,Dine-In,Completed,934.5,0.0,140.17,0,1074.67,Cash
O00001875,C0000561,R020,P0020,2025-07-29 20:02:38,Dine-In,Completed,10320.0,1548.0,1315.8,0,10087.8,Cash
O00001876,C0000082,R015,,2025-10-07 18:13:49,Delivery Partner,Completed,4775.0,0.0,716.25,80,5571.25,Cash
O00001877,C0000153,R004,,2025-05-31 07:08:13,Mobile App,Completed,5879.0,0.0,881.85,100,6860.85,Bank Transfer
O00001878,C0000297,R018,,2026-04-21 08:18:21,Website,Completed,1710.0,0.0,256.5,120,2086.5,Card
O00001879,C0000127,R013,,2026-04-27 18:39:36,Dine-In,Completed,7580.0,0.0,1137.0,0,8717.0,Cash
O00001880,C0000580,R022,,2026-06-22 07:33:53,Dine-In,Completed,6210.0,0.0,931.5,0,7141.5,Mobile Wallet
O00001881,C0000769,R022,,2025-03-15 21:03:44,Mobile App,Completed,6872.0,0.0,1030.8,0,7902.8,Cash
O00001882,C0000005,R001,,2025-12-31 19:32:23,Takeaway,Completed,4970.0,0.0,745.5,0,5715.5,Card
O00001883,C0000381,R008,,2025-06-24 13:42:07,Dine-In,Completed,5588.75,0.0,838.31,0,6427.06,Cash
O00001884,C0000091,R019,,2025-09-03 13:36:14,Dine-In,Completed,4550.0,0.0,682.5,0,5232.5,Bank Transfer
O00001885,C0000318,R017,,2026-05-03 15:01:50,Dine-In,Completed,8757.0,0.0,1313.55,0,10070.55,Bank Transfer
O00001886,C0000216,R010,P0005,2025-06-12 13:26:40,Takeaway,Cancelled,6402.25,100.0,945.34,0,0.0,Mobile Wallet
O00001887,C0000101,R001,P0012,2026-02-13 19:44:05,Delivery Partner,Completed,7994.0,150.0,1176.6,0,9020.6,Mobile Wallet
O00001888,C0000010,R001,,2026-02-23 22:16:22,Mobile App,Completed,2548.5,0.0,382.28,150,3080.78,Card
O00001889,C0000292,R021,,2026-08-05 17:48:24,Website,Completed,5603.95,0.0,840.59,150,6594.54,Bank Transfer
O00001890,C0000013,R005,,2026-04-28 14:49:30,Dine-In,Completed,8262.5,0.0,1239.38,0,9501.88,Card
O00001891,C0000023,R001,,2026-05-14 11:52:45,Delivery Partner,Refunded,6226.0,0.0,933.9,120,7279.9,Cash
O00001892,C0000963,R021,,2025-12-16 18:59:28,Takeaway,Completed,5220.5,0.0,783.08,0,6003.58,Cash
O00001893,C0000091,R023,,2025-06-09 18:30:22,Takeaway,Completed,8834.0,0.0,1325.1,0,10159.1,Cash
O00001894,C0000320,R021,,2025-10-22 18:40:09,Dine-In,Completed,1710.0,0.0,256.5,0,1966.5,Card
O00001895,C0000067,R025,P0006,2025-12-25 04:05:08,Mobile App,Completed,7015.0,100.0,1037.25,150,8102.25,Cash
O00001896,C0000734,R020,,2026-03-08 20:59:48,Delivery Partner,Completed,10305.5,0.0,1545.82,0,11851.32,Mobile Wallet
O00001897,C0000073,R013,P0020,2026-01-26 13:51:12,Takeaway,Completed,7254.0,1088.1,924.88,0,7090.78,Card
O00001898,C0000122,R009,,2025-10-04 19:30:31,Delivery Partner,Completed,6417.5,0.0,962.62,0,7380.12,Mobile Wallet
O00001899,C0000348,R016,,2025-07-22 19:02:48,Delivery Partner,Completed,8897.0,0.0,1334.55,0,10231.55,Card
O00001900,C0000742,R008,,2025-05-30 18:39:50,Dine-In,Completed,2132.5,0.0,319.88,0,2452.38,Card
O00001901,C0000648,R014,,2026-03-16 13:02:44,Takeaway,Completed,3696.0,0.0,554.4,0,4250.4,Card
O00001902,C0000063,R017,P0025,2026-02-17 17:32:40,Delivery Partner,Cancelled,4277.8,200.0,611.67,0,0.0,Mobile Wallet
O00001903,C0000671,R004,,2026-03-13 05:51:00,Dine-In,Completed,5866.0,0.0,879.9,0,6745.9,Cash
O00001904,C0000469,R007,,2025-09-22 19:58:00,Website,Completed,6172.0,0.0,925.8,0,7097.8,Cash
O00001905,C0000979,R017,P0001,2025-07-20 08:12:36,Delivery Partner,Completed,7872.45,500.0,1105.87,0,8478.32,Mobile Wallet
O00001906,C0000867,R024,P0022,2026-04-20 13:20:39,Website,Completed,5940.0,594.0,801.9,0,6147.9,Mobile Wallet
O00001907,C0000264,R016,,2026-04-27 08:36:17,Website,Completed,5690.5,0.0,853.58,100,6644.08,Card
O00001908,C0000541,R014,,2025-11-07 20:15:35,Delivery Partner,Completed,3546.0,0.0,531.9,80,4157.9,Card
O00001909,C0000304,R016,,2026-01-28 16:20:30,Mobile App,Completed,5682.0,0.0,852.3,100,6634.3,Cash
O00001910,C0000332,R002,P0005,2025-09-22 18:55:53,Mobile App,Completed,11432.0,100.0,1699.8,150,13181.8,Cash
O00001911,C0000011,R024,,2026-03-21 18:47:00,Dine-In,Completed,218.5,0.0,32.78,0,251.28,Mobile Wallet
O00001912,C0000001,R015,,2026-06-01 20:55:46,Delivery Partner,Completed,9096.7,0.0,1364.5,80,10541.2,Cash
O00001913,C0000004,R011,P0004,2026-03-14 08:43:51,Delivery Partner,Completed,6838.85,683.88,923.25,120,7198.22,Card
O00001914,C0000930,R013,,2025-12-06 18:12:35,Mobile App,Completed,5536.0,0.0,830.4,120,6486.4,Mobile Wallet
O00001915,C0000016,R004,,2025-11-08 17:03:56,Mobile App,Completed,1522.5,0.0,228.38,0,1750.88,Cash
O00001916,C0000003,R024,,2026-02-15 05:30:08,Mobile App,Completed,16732.1,0.0,2509.81,150,19391.91,Cash
O00001917,C0000087,R001,,2026-03-09 10:08:21,Delivery Partner,Completed,3201.0,0.0,480.15,0,3681.15,Card
O00001918,C0000324,R015,,2025-12-29 12:47:55,Dine-In,Completed,14897.0,0.0,2234.55,0,17131.55,Mobile Wallet
O00001919,C0000893,R012,P0005,2026-02-05 07:32:27,Mobile App,Completed,11235.68,100.0,1670.35,120,12926.03,Cash
O00001920,C0000467,R021,P0024,2025-04-20 13:36:25,Delivery Partner,Completed,9897.5,2969.25,1039.24,100,8067.49,Cash
O00001921,C0000069,R009,P0004,2026-08-04 04:52:51,Dine-In,Completed,1582.0,158.2,213.57,0,1637.37,Cash
O00001922,C0000874,R007,P0024,2026-05-07 16:36:09,Delivery Partner,Refunded,10181.0,3054.3,1069.0,80,8275.7,Cash
O00001923,C0000003,R003,,2025-09-23 10:23:55,Delivery Partner,Completed,2700.0,0.0,405.0,150,3255.0,Cash
O00001924,C0000956,R016,,2025-12-31 12:24:46,Delivery Partner,Completed,13091.5,0.0,1963.72,120,15175.22,Card
O00001925,C0000005,R004,P0022,2025-03-26 21:50:02,Mobile App,Completed,3564.0,356.4,481.14,120,3808.74,Cash
O00001926,C0000547,R023,,2025-03-23 15:40:01,Mobile App,Completed,2160.0,0.0,324.0,100,2584.0,Mobile Wallet
O00001927,C0000003,R014,P0013,2025-07-14 12:28:53,Website,Completed,5442.0,1360.5,612.22,120,4813.72,Cash
O00001928,C0000859,R022,,2026-03-14 17:58:36,Takeaway,Completed,9274.5,0.0,1391.18,0,10665.68,Mobile Wallet
O00001929,C0000012,R013,,2026-06-10 10:39:55,Dine-In,Completed,1818.78,0.0,272.82,0,2091.6,Card
O00001930,C0000004,R020,,2025-12-29 07:50:30,Delivery Partner,Completed,6087.0,0.0,913.05,100,7100.05,Mobile Wallet
O00001931,C0000778,R019,,2025-12-16 03:49:32,Mobile App,Completed,6667.5,0.0,1000.12,0,7667.62,Cash
O00001932,C0000010,R002,,2025-10-09 21:46:31,Dine-In,Refunded,8052.3,0.0,1207.84,0,9260.14,Cash
O00001933,C0000617,R010,,2025-05-26 19:35:42,Dine-In,Completed,10346.5,0.0,1551.98,0,11898.48,Mobile Wallet
O00001934,C0000537,R025,,2025-05-02 19:14:11,Website,Completed,5022.0,0.0,753.3,0,5775.3,Mobile Wallet
O00001935,C0000336,R019,,2026-04-21 22:44:57,Delivery Partner,Completed,5652.0,0.0,847.8,0,6499.8,Cash
O00001936,C0000130,R015,,2026-07-21 21:59:02,Mobile App,Completed,3619.5,0.0,542.92,80,4242.42,Cash
O00001937,C0000828,R007,,2025-11-08 19:17:54,Dine-In,Refunded,4162.5,0.0,624.38,0,4786.88,Mobile Wallet
O00001938,C0000744,R015,,2026-02-26 18:19:47,Mobile App,Completed,4260.0,0.0,639.0,100,4999.0,Cash
O00001939,C0000166,R017,,2026-07-14 13:04:25,Takeaway,Completed,7572.5,0.0,1135.88,0,8708.38,Mobile Wallet
O00001940,C0000049,R024,,2025-04-17 08:17:13,Dine-In,Completed,1200.0,0.0,180.0,0,1380.0,Bank Transfer
O00001941,C0000067,R016,P0012,2026-04-26 17:59:11,Mobile App,Completed,7077.0,150.0,1039.05,0,7966.05,Cash
O00001942,C0000045,R017,,2026-01-31 17:39:51,Mobile App,Completed,11187.5,0.0,1678.12,0,12865.62,Mobile Wallet
O00001943,C0000272,R016,,2026-01-21 21:00:25,Mobile App,Completed,5118.5,0.0,767.78,0,5886.28,Card
O00001944,C0000740,R018,,2025-08-07 14:18:15,Delivery Partner,Completed,11155.5,0.0,1673.32,150,12978.82,Mobile Wallet
O00001945,C0000578,R017,,2026-03-11 18:22:52,Mobile App,Completed,10700.0,0.0,1605.0,150,12455.0,Card
O00001946,C0000613,R004,P0021,2026-05-09 17:25:07,Delivery Partner,Completed,9238.0,100.0,1370.7,120,10628.7,Cash
O00001947,C0000184,R002,,2025-04-29 09:48:48,Delivery Partner,Completed,5434.95,0.0,815.24,0,6250.19,Mobile Wallet
O00001948,C0000094,R017,P0009,2025-12-17 17:28:48,Mobile App,Refunded,817.0,0.0,122.55,80,1019.55,Cash
O00001949,C0000553,R017,,2025-04-23 16:58:27,Dine-In,Completed,7396.0,0.0,1109.4,0,8505.4,Bank Transfer
O00001950,C0000610,R002,,2026-06-21 15:33:06,Delivery Partner,Completed,14480.0,0.0,2172.0,150,16802.0,Card
O00001951,C0000461,R022,,2025-12-04 15:18:14,Delivery Partner,Completed,3361.0,0.0,504.15,120,3985.15,Cash
O00001952,C0000002,R002,P0001,2026-05-16 09:47:59,Takeaway,Cancelled,9550.9,500.0,1357.64,0,0.0,Cash
O00001953,C0000326,R015,,2025-09-19 14:17:40,Mobile App,Completed,3055.0,0.0,458.25,150,3663.25,Mobile Wallet
O00001954,C0000109,R016,P0020,2025-05-05 17:01:35,Takeaway,Completed,1290.0,193.5,164.48,0,1260.98,Card
O00001955,C0000036,R011,,2025-03-23 15:59:07,Dine-In,Completed,6471.2,0.0,970.68,0,7441.88,Mobile Wallet
O00001956,C0000460,R002,,2025-07-31 15:26:09,Mobile App,Completed,5936.5,0.0,890.48,100,6926.98,Cash
O00001957,C0000065,R008,,2025-07-10 07:05:14,Dine-In,Completed,1433.5,0.0,215.02,0,1648.52,Card
O00001958,C0000823,R021,,2025-12-30 10:38:54,Dine-In,Completed,11430.0,0.0,1714.5,0,13144.5,Mobile Wallet
O00001959,C0000081,R024,,2025-03-12 12:05:17,Mobile App,Completed,11529.15,0.0,1729.37,0,13258.52,Cash
O00001960,C0000287,R012,P0004,2025-12-10 14:58:45,Delivery Partner,Completed,13575.0,1357.5,1832.62,100,14150.12,Card
O00001961,C0000668,R014,,2025-10-03 17:05:36,Delivery Partner,Completed,4628.5,0.0,694.28,100,5422.78,Mobile Wallet
O00001962,C0000147,R014,P0021,2026-01-09 20:30:40,Delivery Partner,Completed,6352.0,100.0,937.8,120,7309.8,Card
O00001963,C0000669,R024,P0003,2026-03-21 09:40:44,Mobile App,Completed,7410.0,200.0,1081.5,0,8291.5,Mobile Wallet
O00001964,C0000502,R012,,2026-02-10 02:39:56,Mobile App,Completed,3889.9,0.0,583.48,150,4623.38,Mobile Wallet
O00001965,C0000838,R002,,2026-08-23 14:29:50,Delivery Partner,Completed,14194.0,0.0,2129.1,120,16443.1,Card
O00001966,C0000096,R014,P0018,2025-05-13 14:55:42,Website,Completed,3947.0,1184.1,414.44,120,3297.34,Mobile Wallet
O00001967,C0000012,R023,,2025-10-24 16:53:43,Dine-In,Completed,2240.0,0.0,336.0,0,2576.0,Card
O00001968,C0000169,R025,,2025-10-21 20:20:34,Mobile App,Completed,2889.0,0.0,433.35,150,3472.35,Mobile Wallet
O00001969,C0000598,R012,,2025-10-17 19:40:01,Delivery Partner,Completed,2419.0,0.0,362.85,80,2861.85,Cash
O00001970,C0000186,R024,,2026-02-28 08:43:54,Dine-In,Completed,4490.0,0.0,673.5,0,5163.5,Bank Transfer
O00001971,C0000062,R009,,2025-11-25 21:17:21,Dine-In,Completed,5918.5,0.0,887.78,0,6806.28,Mobile Wallet
O00001972,C0000002,R008,,2025-12-09 08:22:14,Mobile App,Cancelled,10907.0,0.0,1636.05,0,0.0,Cash
O00001973,C0000089,R020,,2025-10-25 18:37:36,Delivery Partner,Completed,2359.5,0.0,353.92,80,2793.42,Card
O00001974,C0000487,R016,P0021,2026-08-27 18:22:38,Dine-In,Refunded,16193.0,100.0,2413.95,0,18506.95,Card
O00001975,C0000021,R010,,2026-07-21 18:27:35,Website,Completed,6127.5,0.0,919.12,100,7146.62,Mobile Wallet
O00001976,C0000105,R007,,2025-08-15 12:35:04,Dine-In,Completed,6875.5,0.0,1031.32,0,7906.82,Bank Transfer
O00001977,C0000001,R015,,2025-04-28 12:24:56,Mobile App,Completed,20536.5,0.0,3080.48,120,23736.98,Cash
O00001978,C0000499,R025,,2026-06-03 16:06:47,Mobile App,Completed,3052.5,0.0,457.88,80,3590.38,Bank Transfer
O00001979,C0000762,R009,,2026-08-30 10:17:14,Dine-In,Completed,4036.0,0.0,605.4,0,4641.4,Cash
O00001980,C0000302,R004,,2025-08-07 03:19:26,Delivery Partner,Completed,5079.5,0.0,761.92,80,5921.42,Card
O00001981,C0000002,R023,P0023,2025-09-13 16:04:15,Delivery Partner,Refunded,10480.0,1572.0,1336.2,0,10244.2,Card
O00001982,C0000044,R006,P0002,2026-07-29 14:17:56,Takeaway,Refunded,10035.22,501.76,1430.02,0,10963.48,Cash
O00001983,C0000176,R012,,2026-03-26 18:41:35,Dine-In,Completed,7660.28,0.0,1149.04,0,8809.32,Card
O00001984,C0000323,R015,,2025-08-09 09:39:37,Takeaway,Completed,7571.0,0.0,1135.65,0,8706.65,Mobile Wallet
O00001985,C0000227,R019,,2026-01-11 20:32:17,Delivery Partner,Completed,2090.0,0.0,313.5,150,2553.5,Cash
O00001986,C0000829,R022,,2026-07-31 09:14:34,Dine-In,Completed,3990.0,0.0,598.5,0,4588.5,Cash
O00001987,C0000873,R024,,2026-05-18 20:34:24,Takeaway,Completed,5625.5,0.0,843.82,0,6469.32,Card
O00001988,C0000012,R002,,2026-04-11 14:46:21,Mobile App,Completed,4808.4,0.0,721.26,120,5649.66,Mobile Wallet
O00001989,C0000019,R019,P0021,2026-04-09 16:45:55,Dine-In,Completed,9850.0,100.0,1462.5,0,11212.5,Bank Transfer
O00001990,C0000116,R024,,2025-06-04 20:00:30,Takeaway,Completed,9468.0,0.0,1420.2,0,10888.2,Cash
O00001991,C0000162,R020,,2026-05-25 12:20:58,Mobile App,Completed,3321.5,0.0,498.22,80,3899.72,Mobile Wallet
O00001992,C0000322,R020,P0026,2025-07-28 09:07:36,Takeaway,Cancelled,12528.5,1879.28,1597.38,0,0.0,Card
O00001993,C0000577,R002,,2026-07-23 14:06:33,Delivery Partner,Completed,1150.0,0.0,172.5,80,1402.5,Cash
O00001994,C0000018,R015,,2025-09-17 11:40:22,Delivery Partner,Completed,8462.0,0.0,1269.3,120,9851.3,Bank Transfer
O00001995,C0000625,R012,,2026-06-13 16:49:15,Mobile App,Completed,1425.05,0.0,213.76,80,1718.81,Cash
O00001996,C0000350,R001,,2025-07-23 12:43:05,Mobile App,Completed,7391.0,0.0,1108.65,150,8649.65,Mobile Wallet
O00001997,C0000960,R023,,2025-12-07 20:39:58,Mobile App,Completed,2142.0,0.0,321.3,0,2463.3,Mobile Wallet
O00001998,C0000401,R014,,2025-04-26 17:39:14,Mobile App,Completed,12168.0,0.0,1825.2,150,14143.2,Card
O00001999,C0000491,R004,,2026-02-26 00:29:17,Dine-In,Completed,5211.8,0.0,781.77,0,5993.57,Mobile Wallet
O00002000,C0000035,R022,,2026-06-01 19:37:37,Dine-In,Completed,7402.5,0.0,1110.38,0,8512.88,Card
O00002001,C0000571,R024,,2026-03-30 12:34:12,Delivery Partner,Completed,9418.5,0.0,1412.78,80,10911.28,Cash
O00002002,C0000007,R011,,2025-12-12 12:01:23,Dine-In,Completed,7108.5,0.0,1066.27,0,8174.77,Mobile Wallet
O00002003,C0000408,R007,P0014,2025-03-25 13:45:12,Mobile App,Completed,8903.0,300.0,1290.45,100,9993.45,Bank Transfer
O00002004,C0000004,R013,P0024,2026-07-25 18:07:00,Mobile App,Completed,5029.5,1508.85,528.1,80,4128.75,Card
O00002005,C0000014,R014,,2026-03-23 14:37:47,Dine-In,Completed,3147.0,0.0,472.05,0,3619.05,Bank Transfer
O00002006,C0000012,R007,,2026-04-13 18:03:35,Website,Completed,1240.0,0.0,186.0,150,1576.0,Card
O00002007,C0000004,R022,P0009,2026-05-09 09:36:48,Delivery Partner,Completed,3955.4,395.54,533.98,150,4243.84,Card
O00002008,C0000093,R011,,2026-04-14 22:20:17,Takeaway,Completed,5993.92,0.0,899.09,0,6893.01,Mobile Wallet
O00002009,C0000988,R020,P0009,2025-10-30 19:12:47,Delivery Partner,Completed,2482.2,248.22,335.1,100,2669.08,Cash
O00002010,C0000110,R020,,2026-04-07 11:08:32,Dine-In,Completed,6571.0,0.0,985.65,0,7556.65,Mobile Wallet
O00002011,C0000558,R025,,2026-02-05 19:44:37,Delivery Partner,Completed,4971.0,0.0,745.65,120,5836.65,Mobile Wallet
O00002012,C0000017,R011,,2026-06-11 17:28:42,Mobile App,Completed,2890.0,0.0,433.5,80,3403.5,Mobile Wallet
O00002013,C0000189,R021,P0017,2026-05-13 08:40:05,Mobile App,Completed,2490.5,300.0,328.58,100,2619.08,Card
O00002014,C0000032,R009,,2025-03-23 09:55:16,Dine-In,Completed,7694.0,0.0,1154.1,0,8848.1,Mobile Wallet
O00002015,C0000034,R025,P0003,2025-09-26 06:23:03,Takeaway,Completed,4702.0,200.0,675.3,0,5177.3,Mobile Wallet
O00002016,C0000011,R004,,2025-03-19 19:15:13,Delivery Partner,Completed,9218.2,0.0,1382.73,0,10600.93,Card
O00002017,C0000171,R002,,2025-04-23 16:11:29,Mobile App,Completed,4000.0,0.0,600.0,0,4600.0,Bank Transfer
O00002018,C0000007,R002,,2026-01-22 12:01:45,Mobile App,Completed,13378.5,0.0,2006.78,150,15535.28,Card
O00002019,C0000817,R025,,2026-06-21 08:18:19,Delivery Partner,Completed,4444.5,0.0,666.68,150,5261.18,Card
O00002020,C0000184,R009,P0024,2025-05-03 15:29:07,Mobile App,Completed,8071.5,2421.45,847.51,120,6617.56,Cash
O00002021,C0000686,R019,,2025-11-04 16:15:53,Mobile App,Completed,1774.35,0.0,266.15,120,2160.5,Bank Transfer
O00002022,C0000957,R015,P0017,2026-07-12 18:23:01,Delivery Partner,Completed,8541.0,300.0,1236.15,0,9477.15,Cash
O00002023,C0000437,R021,,2026-05-20 22:12:36,Delivery Partner,Completed,2425.5,0.0,363.82,0,2789.32,Cash
O00002024,C0000801,R021,,2025-12-10 14:04:03,Takeaway,Completed,7595.0,0.0,1139.25,0,8734.25,Cash
O00002025,C0000018,R018,,2026-04-26 13:22:09,Mobile App,Completed,6704.0,0.0,1005.6,80,7789.6,Card
O00002026,C0000671,R016,,2025-12-11 13:55:19,Delivery Partner,Completed,8287.05,0.0,1243.06,120,9650.11,Cash
O00002027,C0000067,R002,,2025-05-24 20:37:59,Dine-In,Completed,9018.0,0.0,1352.7,0,10370.7,Mobile Wallet
O00002028,C0000205,R012,,2025-05-05 09:30:55,Dine-In,Completed,9467.05,0.0,1420.06,0,10887.11,Card
O00002029,C0000395,R001,,2025-06-10 13:52:52,Mobile App,Completed,11837.5,0.0,1775.62,120,13733.12,Mobile Wallet
O00002030,C0000805,R002,,2025-09-09 19:55:34,Takeaway,Completed,5566.0,0.0,834.9,0,6400.9,Cash
O00002031,C0000819,R014,P0011,2026-07-23 02:16:47,Mobile App,Completed,11101.0,2775.25,1248.86,0,9574.61,Cash
O00002032,C0000009,R007,,2026-05-11 12:48:09,Website,Completed,7909.5,0.0,1186.42,0,9095.92,Mobile Wallet
O00002033,C0000121,R017,,2025-10-26 18:48:27,Dine-In,Completed,8332.0,0.0,1249.8,0,9581.8,Card
O00002034,C0000610,R015,P0030,2025-11-26 10:02:14,Delivery Partner,Refunded,14682.0,150.0,2179.8,0,16711.8,Cash
O00002035,C0000472,R017,P0007,2025-07-22 12:25:35,Takeaway,Completed,451.5,0.0,67.72,0,519.22,Bank Transfer
O00002036,C0000002,R009,,2026-03-22 15:12:00,Mobile App,Completed,5484.0,0.0,822.6,100,6406.6,Cash
O00002037,C0000186,R013,P0022,2026-05-13 14:43:21,Takeaway,Completed,3225.5,322.55,435.44,0,3338.39,Cash
O00002038,C0000670,R002,,2025-07-07 08:37:26,Delivery Partner,Completed,13630.0,0.0,2044.5,80,15754.5,Card
O00002039,C0000523,R015,P0004,2025-03-23 21:21:28,Dine-In,Completed,7902.0,790.2,1066.77,0,8178.57,Cash
O00002040,C0000155,R020,,2026-02-04 06:20:14,Dine-In,Completed,5389.5,0.0,808.42,0,6197.92,Cash
O00002041,C0000519,R011,P0006,2025-12-31 19:28:09,Delivery Partner,Completed,6494.5,100.0,959.18,80,7433.68,Mobile Wallet
O00002042,C0000283,R019,,2025-10-09 07:44:19,Delivery Partner,Completed,13147.0,0.0,1972.05,150,15269.05,Cash
O00002043,C0000822,R014,P0003,2026-02-16 14:45:21,Takeaway,Completed,12545.88,200.0,1851.88,0,14197.76,Cash
O00002044,C0000323,R004,,2025-12-25 09:38:49,Dine-In,Completed,5412.0,0.0,811.8,0,6223.8,Mobile Wallet
O00002045,C0000146,R011,,2025-07-14 08:04:47,Mobile App,Completed,4500.0,0.0,675.0,100,5275.0,Card
O00002046,C0000730,R016,,2025-10-06 08:13:52,Mobile App,Completed,10380.0,0.0,1557.0,0,11937.0,Cash
O00002047,C0000004,R023,P0003,2025-10-23 14:17:58,Delivery Partner,Completed,1910.0,200.0,256.5,0,1966.5,Card
O00002048,C0000799,R002,,2026-06-25 15:03:08,Takeaway,Completed,10994.5,0.0,1649.18,0,12643.68,Cash
O00002049,C0000462,R002,,2026-08-09 08:32:55,Dine-In,Completed,3423.0,0.0,513.45,0,3936.45,Card
O00002050,C0000877,R009,,2026-07-02 22:38:50,Mobile App,Completed,5117.0,0.0,767.55,80,5964.55,Card
O00002051,C0000057,R022,,2026-03-30 12:19:31,Mobile App,Completed,9012.22,0.0,1351.83,150,10514.05,Bank Transfer
O00002052,C0000460,R023,P0003,2026-01-13 14:12:16,Website,Completed,13513.0,200.0,1996.95,0,15309.95,Card
O00002053,C0000637,R021,P0025,2026-03-14 11:35:41,Delivery Partner,Completed,7551.5,200.0,1102.72,0,8454.22,Mobile Wallet
O00002054,C0000471,R021,,2026-07-28 15:44:18,Mobile App,Completed,6768.0,0.0,1015.2,80,7863.2,Cash
O00002055,C0000041,R004,P0018,2025-07-13 19:03:39,Dine-In,Completed,6540.0,1962.0,686.7,0,5264.7,Card
O00002056,C0000069,R008,,2025-12-18 15:34:26,Mobile App,Completed,3274.15,0.0,491.12,80,3845.27,Cash
O00002057,C0000300,R023,,2026-03-14 12:07:50,Takeaway,Completed,8183.5,0.0,1227.52,0,9411.02,Card
O00002058,C0000183,R018,,2026-03-08 11:51:36,Mobile App,Completed,6992.5,0.0,1048.88,120,8161.38,Card
O00002059,C0000519,R015,P0030,2025-07-15 19:39:33,Delivery Partner,Completed,6032.0,150.0,882.3,100,6864.3,Bank Transfer
O00002060,C0000130,R002,,2026-01-14 08:56:46,Mobile App,Completed,2693.7,0.0,404.05,150,3247.75,Mobile Wallet
O00002061,C0000723,R022,,2026-05-10 13:48:48,Dine-In,Cancelled,6374.5,0.0,956.18,0,0.0,Card
O00002062,C0000171,R011,,2025-11-17 09:46:58,Mobile App,Completed,3352.0,0.0,502.8,150,4004.8,Cash
O00002063,C0000003,R017,,2026-05-08 12:35:09,Dine-In,Completed,8183.0,0.0,1227.45,0,9410.45,Card
O00002064,C0000001,R007,,2025-09-14 09:05:29,Dine-In,Completed,2336.0,0.0,350.4,0,2686.4,Mobile Wallet
O00002065,C0000396,R008,P0028,2026-07-27 20:55:20,Website,Completed,8884.5,500.0,1257.68,80,9722.18,Cash
O00002066,C0000272,R010,,2025-12-17 19:21:20,Mobile App,Completed,9019.5,0.0,1352.92,120,10492.42,Card
O00002067,C0000274,R024,,2026-01-19 16:59:53,Mobile App,Completed,3571.0,0.0,535.65,150,4256.65,Cash
O00002068,C0000604,R003,,2025-03-17 11:05:33,Mobile App,Completed,8892.0,0.0,1333.8,120,10345.8,Cash
O00002069,C0000128,R013,,2025-05-31 15:41:08,Takeaway,Completed,1663.0,0.0,249.45,0,1912.45,Cash
O00002070,C0000991,R023,,2026-02-10 15:35:33,Dine-In,Completed,7188.0,0.0,1078.2,0,8266.2,Bank Transfer
O00002071,C0000887,R017,P0004,2025-10-19 17:08:49,Takeaway,Completed,13980.0,1398.0,1887.3,0,14469.3,Cash
O00002072,C0000001,R013,,2025-12-04 06:15:11,Delivery Partner,Completed,4645.5,0.0,696.82,0,5342.32,Cash
O00002073,C0000790,R019,,2025-04-03 22:38:46,Delivery Partner,Completed,3879.0,0.0,581.85,80,4540.85,Bank Transfer
O00002074,C0000441,R022,,2026-05-31 14:45:20,Delivery Partner,Completed,12378.5,0.0,1856.78,0,14235.28,Card
O00002075,C0000233,R009,,2026-05-03 21:58:56,Mobile App,Completed,7751.5,0.0,1162.72,100,9014.22,Mobile Wallet
O00002076,C0000318,R021,,2025-06-08 00:37:19,Mobile App,Completed,1565.0,0.0,234.75,150,1949.75,Card
O00002077,C0000692,R016,,2026-02-11 11:32:05,Takeaway,Cancelled,3468.5,0.0,520.28,0,0.0,Card
O00002078,C0000898,R005,,2026-05-22 08:17:49,Dine-In,Completed,9806.0,0.0,1470.9,0,11276.9,Cash
O00002079,C0000293,R009,,2026-02-15 19:11:44,Mobile App,Completed,3126.0,0.0,468.9,120,3714.9,Card
O00002080,C0000031,R009,P0012,2025-08-17 12:53:35,Mobile App,Completed,11903.0,150.0,1762.95,120,13635.95,Card
O00002081,C0000387,R006,P0021,2026-02-24 20:26:11,Website,Completed,7631.58,100.0,1129.74,80,8741.32,Card
O00002082,C0000007,R021,,2025-06-22 20:46:40,Mobile App,Completed,8215.25,0.0,1232.29,0,9447.54,Card
O00002083,C0000381,R010,,2025-08-21 18:00:30,Delivery Partner,Completed,5346.0,0.0,801.9,0,6147.9,Mobile Wallet
O00002084,C0000635,R018,,2025-07-08 18:14:01,Mobile App,Completed,17869.0,0.0,2680.35,0,20549.35,Card
O00002085,C0000113,R011,,2025-12-28 18:46:15,Takeaway,Completed,1218.0,0.0,182.7,0,1400.7,Card
O00002086,C0000006,R024,,2025-04-27 18:26:00,Delivery Partner,Completed,1312.5,0.0,196.88,80,1589.38,Cash
O00002087,C0000457,R024,,2026-07-25 13:15:03,Mobile App,Completed,3580.0,0.0,537.0,0,4117.0,Mobile Wallet
O00002088,C0000104,R015,,2025-08-30 18:20:46,Delivery Partner,Completed,3013.5,0.0,452.02,0,3465.52,Card
O00002089,C0000057,R007,,2025-06-26 20:00:51,Dine-In,Completed,2390.85,0.0,358.63,0,2749.48,Card
O00002090,C0000452,R014,,2025-11-28 13:28:00,Website,Completed,4977.5,0.0,746.62,150,5874.12,Card
O00002091,C0000936,R008,P0015,2025-07-29 21:02:51,Dine-In,Refunded,7341.15,200.0,1071.17,0,8212.32,Mobile Wallet
O00002092,C0000534,R019,,2025-12-17 01:11:46,Dine-In,Cancelled,3786.0,0.0,567.9,0,0.0,Mobile Wallet
O00002093,C0000223,R015,P0024,2025-09-08 13:59:34,Website,Completed,8782.0,2634.6,922.11,120,7189.51,Cash
O00002094,C0000338,R019,,2025-05-10 08:27:12,Takeaway,Completed,8360.0,0.0,1254.0,0,9614.0,Mobile Wallet
O00002095,C0000020,R018,,2025-07-22 08:38:49,Dine-In,Completed,10553.0,0.0,1582.95,0,12135.95,Cash
O00002096,C0000643,R017,,2025-10-29 19:36:44,Delivery Partner,Completed,7140.88,0.0,1071.13,150,8362.01,Cash
O00002097,C0000343,R003,P0009,2025-03-17 21:30:41,Delivery Partner,Completed,15097.5,1509.75,2038.16,120,15745.91,Mobile Wallet
O00002098,C0000929,R003,P0022,2026-04-26 19:59:30,Dine-In,Completed,3024.0,302.4,408.24,0,3129.84,Cash
O00002099,C0000957,R007,,2026-02-03 22:30:19,Takeaway,Completed,5260.0,0.0,789.0,0,6049.0,Cash
O00002100,C0000114,R010,,2026-01-22 11:57:55,Website,Completed,2640.0,0.0,396.0,100,3136.0,Card
O00002101,C0000976,R025,,2025-12-23 08:32:06,Delivery Partner,Completed,5391.3,0.0,808.7,120,6320.0,Mobile Wallet
O00002102,C0000910,R017,,2026-01-16 15:32:56,Delivery Partner,Completed,8387.0,0.0,1258.05,100,9745.05,Cash
O00002103,C0000387,R015,,2026-07-25 20:46:39,Takeaway,Completed,4085.5,0.0,612.82,0,4698.32,Cash
O00002104,C0000101,R008,,2025-03-05 05:39:32,Mobile App,Completed,1570.0,0.0,235.5,120,1925.5,Cash
O00002105,C0000546,R017,,2025-03-26 23:10:27,Dine-In,Completed,8878.0,0.0,1331.7,0,10209.7,Cash
O00002106,C0000067,R003,P0011,2025-06-11 17:45:49,Takeaway,Completed,4264.0,1066.0,479.7,0,3677.7,Cash
O00002107,C0000374,R004,,2025-05-29 22:28:43,Dine-In,Completed,2140.0,0.0,321.0,0,2461.0,Bank Transfer
O00002108,C0000002,R008,P0027,2025-06-06 13:24:49,Dine-In,Completed,430.0,0.0,64.5,0,494.5,Cash
O00002109,C0000373,R013,,2026-03-05 14:54:59,Mobile App,Completed,7338.0,0.0,1100.7,150,8588.7,Card
O00002110,C0000899,R001,,2025-11-09 19:12:55,Dine-In,Completed,3873.5,0.0,581.02,0,4454.52,Bank Transfer
O00002111,C0000051,R018,,2026-08-27 19:50:43,Delivery Partner,Completed,4099.1,0.0,614.86,150,4863.96,Card
O00002112,C0000585,R011,,2025-06-30 11:43:19,Website,Completed,2061.62,0.0,309.24,100,2470.86,Cash
O00002113,C0000078,R021,P0003,2025-08-17 21:53:31,Dine-In,Completed,7577.0,200.0,1106.55,0,8483.55,Card
O00002114,C0000479,R006,,2026-08-23 20:18:08,Delivery Partner,Completed,5973.0,0.0,895.95,120,6988.95,Mobile Wallet
O00002115,C0000468,R016,,2026-05-30 02:57:33,Delivery Partner,Completed,6146.0,0.0,921.9,80,7147.9,Card
O00002116,C0000032,R021,,2025-11-14 08:35:13,Mobile App,Completed,8120.5,0.0,1218.08,150,9488.58,Card
O00002117,C0000334,R019,P0001,2025-12-27 15:27:03,Takeaway,Completed,3589.0,500.0,463.35,0,3552.35,Cash
O00002118,C0000723,R023,P0002,2026-06-05 14:03:28,Takeaway,Completed,3956.0,197.8,563.73,0,4321.93,Card
O00002119,C0000133,R017,P0013,2025-11-20 18:02:14,Dine-In,Completed,5567.5,1391.88,626.34,0,4801.96,Cash
O00002120,C0000482,R018,P0014,2025-06-19 07:57:16,Mobile App,Completed,5399.4,300.0,764.91,120,5984.31,Mobile Wallet
O00002121,C0000432,R011,P0017,2026-05-28 18:37:18,Dine-In,Completed,10670.0,300.0,1555.5,0,11925.5,Card
O00002122,C0000060,R014,,2025-12-19 17:36:37,Mobile App,Completed,3784.5,0.0,567.67,150,4502.17,Card
O00002123,C0000834,R012,,2025-05-21 11:42:08,Takeaway,Completed,8797.0,0.0,1319.55,0,10116.55,Mobile Wallet
O00002124,C0000296,R025,,2025-12-03 16:24:26,Mobile App,Completed,2840.0,0.0,426.0,0,3266.0,Cash
O00002125,C0000115,R020,,2025-10-15 11:40:48,Mobile App,Completed,7284.0,0.0,1092.6,80,8456.6,Mobile Wallet
O00002126,C0000026,R024,P0009,2026-06-23 09:34:14,Takeaway,Completed,1480.0,0.0,222.0,0,1702.0,Card
O00002127,C0000206,R025,,2025-05-06 17:28:36,Mobile App,Completed,4778.0,0.0,716.7,0,5494.7,Card
O00002128,C0000511,R007,,2026-06-22 22:40:27,Mobile App,Completed,10906.5,0.0,1635.98,150,12692.48,Cash
O00002129,C0000366,R017,,2025-12-06 11:28:49,Delivery Partner,Completed,7875.0,0.0,1181.25,80,9136.25,Card
O00002130,C0000507,R005,,2025-10-10 13:11:54,Mobile App,Completed,6319.0,0.0,947.85,100,7366.85,Card
O00002131,C0000607,R022,P0016,2025-05-26 12:34:03,Mobile App,Completed,7017.0,200.0,1022.55,120,7959.55,Card
O00002132,C0000178,R014,,2026-03-21 12:19:20,Delivery Partner,Completed,3550.0,0.0,532.5,0,4082.5,Card
O00002133,C0000251,R024,,2026-07-21 13:16:55,Website,Completed,9950.0,0.0,1492.5,120,11562.5,Cash
O00002134,C0000972,R013,,2025-09-24 18:52:33,Dine-In,Completed,2530.0,0.0,379.5,0,2909.5,Card
O00002135,C0000933,R024,,2025-07-09 05:11:18,Dine-In,Completed,954.0,0.0,143.1,0,1097.1,Card
O00002136,C0000157,R012,,2025-12-27 21:56:58,Dine-In,Cancelled,8428.0,0.0,1264.2,0,0.0,Card
O00002137,C0000447,R014,,2026-05-10 06:49:36,Takeaway,Completed,5069.0,0.0,760.35,0,5829.35,Card
O00002138,C0000065,R025,,2025-03-02 20:35:57,Mobile App,Completed,7599.7,0.0,1139.96,100,8839.66,Cash
O00002139,C0000022,R009,,2026-02-09 20:09:03,Mobile App,Completed,8777.0,0.0,1316.55,100,10193.55,Cash
O00002140,C0000570,R004,,2026-01-19 16:17:36,Delivery Partner,Completed,8970.0,0.0,1345.5,150,10465.5,Card
O00002141,C0000174,R022,,2025-08-21 08:29:50,Dine-In,Cancelled,13338.0,0.0,2000.7,0,0.0,Card
O00002142,C0000030,R019,,2025-11-05 17:07:31,Mobile App,Completed,4474.5,0.0,671.18,150,5295.68,Card
O00002143,C0000555,R001,P0029,2025-07-12 18:40:44,Mobile App,Cancelled,4865.0,1459.5,510.82,0,0.0,Mobile Wallet
O00002144,C0000827,R013,,2026-05-06 20:50:47,Delivery Partner,Completed,1150.0,0.0,172.5,100,1422.5,Mobile Wallet
O00002145,C0000863,R006,P0030,2026-02-11 16:12:11,Takeaway,Completed,4734.92,150.0,687.74,0,5272.66,Cash
O00002146,C0000334,R001,P0017,2025-12-16 13:30:40,Dine-In,Completed,6423.0,300.0,918.45,0,7041.45,Card
O00002147,C0000212,R025,P0012,2025-10-04 20:56:55,Dine-In,Completed,8205.0,150.0,1208.25,0,9263.25,Card
O00002148,C0000020,R022,P0004,2025-08-06 22:05:15,Mobile App,Completed,5969.7,596.97,805.91,0,6178.64,Card
O00002149,C0000609,R017,P0009,2026-05-24 18:53:13,Mobile App,Completed,8100.0,810.0,1093.5,120,8503.5,Bank Transfer
O00002150,C0000887,R003,P0014,2025-11-05 20:06:53,Website,Completed,8698.0,300.0,1259.7,100,9757.7,Card
O00002151,C0000778,R017,,2025-12-01 17:59:00,Takeaway,Completed,3788.5,0.0,568.28,0,4356.78,Mobile Wallet
O00002152,C0000544,R002,P0030,2025-12-10 18:20:51,Dine-In,Completed,9107.32,150.0,1343.6,0,10300.92,Bank Transfer
O00002153,C0000001,R022,P0002,2025-11-03 18:37:54,Mobile App,Completed,11647.0,582.35,1659.7,80,12804.35,Cash
O00002154,C0000152,R007,,2025-07-17 18:42:57,Delivery Partner,Completed,6008.0,0.0,901.2,0,6909.2,Cash
O00002155,C0000154,R001,,2025-05-03 12:48:31,Mobile App,Completed,3527.0,0.0,529.05,100,4156.05,Card
O00002156,C0000788,R021,,2025-04-21 17:50:20,Delivery Partner,Completed,990.68,0.0,148.6,150,1289.28,Cash
O00002157,C0000006,R022,,2026-04-19 17:27:03,Takeaway,Completed,3915.0,0.0,587.25,0,4502.25,Cash
O00002158,C0000262,R015,,2025-06-29 12:56:08,Takeaway,Completed,4635.5,0.0,695.32,0,5330.82,Bank Transfer
O00002159,C0000018,R004,P0011,2025-03-30 13:43:55,Website,Completed,5060.0,1265.0,569.25,120,4484.25,Bank Transfer
O00002160,C0000416,R006,,2026-05-10 19:20:50,Dine-In,Completed,10547.3,0.0,1582.09,0,12129.39,Mobile Wallet
O00002161,C0000608,R021,,2025-05-22 17:20:45,Dine-In,Completed,4218.0,0.0,632.7,0,4850.7,Mobile Wallet
O00002162,C0000389,R013,,2026-02-05 09:23:21,Dine-In,Completed,6920.0,0.0,1038.0,0,7958.0,Cash
O00002163,C0000612,R023,P0029,2025-09-02 20:26:11,Dine-In,Completed,2611.5,783.45,274.21,0,2102.26,Card
O00002164,C0000347,R013,P0017,2025-05-06 20:26:29,Takeaway,Completed,7309.0,300.0,1051.35,0,8060.35,Cash
O00002165,C0000034,R020,P0017,2025-10-16 14:12:29,Mobile App,Completed,2270.0,300.0,295.5,120,2385.5,Card
O00002166,C0000133,R001,,2025-03-08 10:49:31,Mobile App,Completed,14447.5,0.0,2167.12,120,16734.62,Card
O00002167,C0000910,R002,,2026-06-04 21:28:59,Mobile App,Refunded,6365.68,0.0,954.85,100,7420.53,Card
O00002168,C0000075,R006,,2025-12-07 20:38:35,Mobile App,Completed,4122.0,0.0,618.3,120,4860.3,Cash
O00002169,C0000005,R011,,2025-05-13 11:56:06,Dine-In,Completed,6510.0,0.0,976.5,0,7486.5,Cash
O00002170,C0000135,R018,,2025-07-06 08:54:16,Mobile App,Completed,4600.0,0.0,690.0,0,5290.0,Card
O00002171,C0000122,R013,,2025-11-03 14:27:00,Takeaway,Completed,8667.0,0.0,1300.05,0,9967.05,Card
O00002172,C0000203,R021,P0025,2025-06-10 18:36:13,Website,Completed,6194.0,200.0,899.1,0,6893.1,Card
O00002173,C0000293,R012,,2025-07-24 09:28:46,Mobile App,Completed,5545.0,0.0,831.75,150,6526.75,Cash
O00002174,C0000984,R020,,2025-12-17 15:47:43,Mobile App,Completed,7743.2,0.0,1161.48,0,8904.68,Mobile Wallet
O00002175,C0000551,R007,,2026-05-30 14:21:43,Website,Completed,5838.5,0.0,875.78,0,6714.28,Cash
O00002176,C0000003,R020,,2025-10-09 20:35:37,Takeaway,Completed,4014.0,0.0,602.1,0,4616.1,Mobile Wallet
O00002177,C0000486,R007,P0015,2026-03-29 14:29:25,Mobile App,Completed,4774.5,200.0,686.18,120,5380.68,Cash
O00002178,C0000662,R024,P0018,2026-06-23 16:27:26,Mobile App,Completed,2496.0,748.8,262.08,80,2089.28,Card
O00002179,C0000790,R007,,2025-06-25 21:22:44,Mobile App,Completed,4914.0,0.0,737.1,100,5751.1,Mobile Wallet
O00002180,C0000164,R002,,2026-05-16 12:32:15,Mobile App,Completed,4635.0,0.0,695.25,150,5480.25,Mobile Wallet
O00002181,C0000089,R011,P0008,2026-04-19 12:03:45,Takeaway,Completed,8224.5,2056.12,925.26,0,7093.64,Card
O00002182,C0000688,R001,P0007,2025-09-13 19:02:06,Takeaway,Completed,8929.6,200.0,1309.44,0,10039.04,Cash
O00002183,C0000584,R021,,2026-08-26 12:31:31,Website,Completed,4180.0,0.0,627.0,0,4807.0,Mobile Wallet
O00002184,C0000267,R013,P0019,2025-07-20 20:03:24,Dine-In,Completed,10029.38,500.0,1429.41,0,10958.79,Card
O00002185,C0000014,R012,,2025-07-16 08:00:30,Dine-In,Completed,12285.0,0.0,1842.75,0,14127.75,Mobile Wallet
O00002186,C0000402,R013,P0012,2026-04-26 08:11:15,Delivery Partner,Completed,5596.0,150.0,816.9,80,6342.9,Mobile Wallet
O00002187,C0000006,R007,,2025-10-26 20:12:54,Dine-In,Completed,7400.0,0.0,1110.0,0,8510.0,Card
O00002188,C0000011,R012,,2025-08-29 16:33:40,Mobile App,Completed,6145.0,0.0,921.75,150,7216.75,Bank Transfer
O00002189,C0000099,R017,,2025-06-04 19:59:57,Delivery Partner,Completed,6175.0,0.0,926.25,150,7251.25,Card
O00002190,C0000125,R008,,2026-04-23 11:58:13,Dine-In,Completed,12025.5,0.0,1803.82,0,13829.32,Mobile Wallet
O00002191,C0000196,R003,,2026-05-04 09:28:24,Delivery Partner,Completed,4632.92,0.0,694.94,80,5407.86,Mobile Wallet
O00002192,C0000104,R007,,2026-01-03 20:08:29,Dine-In,Completed,451.5,0.0,67.72,0,519.22,Card
O00002193,C0000002,R019,P0001,2026-08-07 13:30:55,Dine-In,Completed,10706.5,500.0,1530.98,0,11737.48,Card
O00002194,C0000024,R020,P0023,2025-08-21 14:06:06,Dine-In,Completed,9703.62,1455.54,1237.21,0,9485.29,Mobile Wallet
O00002195,C0000014,R008,,2025-06-27 04:12:11,Mobile App,Completed,3706.5,0.0,555.98,120,4382.48,Card
O00002196,C0000170,R014,P0015,2026-03-08 13:53:02,Delivery Partner,Completed,1874.0,200.0,251.1,80,2005.1,Card
O00002197,C0000041,R014,,2026-04-19 19:01:26,Delivery Partner,Completed,9863.0,0.0,1479.45,0,11342.45,Mobile Wallet
O00002198,C0000078,R002,,2025-06-29 20:32:45,Mobile App,Completed,2318.0,0.0,347.7,100,2765.7,Cash
O00002199,C0000204,R006,,2025-04-10 18:49:18,Dine-In,Completed,7008.0,0.0,1051.2,0,8059.2,Cash
O00002200,C0000051,R016,,2026-05-17 18:06:42,Delivery Partner,Completed,9021.4,0.0,1353.21,80,10454.61,Cash
O00002201,C0000055,R009,,2026-08-18 15:17:36,Website,Completed,4110.0,0.0,616.5,0,4726.5,Card
O00002202,C0000677,R025,P0014,2026-02-17 16:50:54,Takeaway,Completed,7059.35,300.0,1013.9,0,7773.25,Mobile Wallet
O00002203,C0000279,R021,P0013,2025-07-29 19:07:44,Delivery Partner,Completed,5476.2,1369.05,616.07,100,4823.22,Card
O00002204,C0000719,R015,,2026-08-30 11:54:59,Delivery Partner,Completed,3344.0,0.0,501.6,0,3845.6,Bank Transfer
O00002205,C0000245,R019,,2026-07-02 11:11:41,Website,Completed,6008.0,0.0,901.2,80,6989.2,Cash
O00002206,C0000816,R015,,2025-12-07 21:42:06,Dine-In,Completed,5550.0,0.0,832.5,0,6382.5,Mobile Wallet
O00002207,C0000059,R022,,2026-05-26 04:58:48,Delivery Partner,Completed,4090.5,0.0,613.57,120,4824.07,Card
O00002208,C0000358,R012,,2026-05-21 08:29:15,Dine-In,Completed,10275.0,0.0,1541.25,0,11816.25,Cash
O00002209,C0000234,R009,,2026-07-25 17:58:31,Mobile App,Completed,5327.68,0.0,799.15,120,6246.83,Mobile Wallet
O00002210,C0000834,R016,,2026-06-04 19:08:07,Dine-In,Completed,14355.5,0.0,2153.32,0,16508.82,Cash
O00002211,C0000160,R006,P0009,2026-02-16 16:27:48,Delivery Partner,Completed,5361.5,536.15,723.8,120,5669.15,Cash
O00002212,C0000715,R020,,2026-01-27 13:03:12,Takeaway,Completed,3735.0,0.0,560.25,0,4295.25,Card
O00002213,C0000297,R015,,2025-11-13 22:38:10,Mobile App,Completed,1650.0,0.0,247.5,100,1997.5,Mobile Wallet
O00002214,C0000480,R013,,2026-02-06 18:16:19,,Completed,4950.0,0.0,742.5,0,5692.5,Card
O00002215,C0000774,R021,,2026-05-09 20:10:17,Mobile App,Cancelled,6891.5,0.0,1033.72,100,0.0,Cash
O00002216,C0000994,R023,,2026-08-14 06:58:36,Delivery Partner,Completed,3780.0,0.0,567.0,0,4347.0,Cash
O00002217,C0000513,R010,P0014,2025-11-13 11:01:05,Delivery Partner,Completed,4357.0,300.0,608.55,80,4745.55,Cash
O00002218,C0000090,R014,P0002,2026-01-06 13:22:19,Dine-In,Completed,3950.0,197.5,562.88,0,4315.38,Cash
O00002219,C0000081,R003,,2025-11-01 09:49:31,Takeaway,Completed,7300.9,0.0,1095.14,0,8396.04,Mobile Wallet
O00002220,C0000087,R012,P0011,2026-03-03 07:21:45,Takeaway,Completed,3300.0,825.0,371.25,0,2846.25,Bank Transfer
O00002221,C0000010,R025,P0017,2026-02-08 11:25:43,Mobile App,Completed,3099.0,300.0,419.85,100,3318.85,Bank Transfer
O00002222,C0000004,R001,,2025-03-10 16:11:28,Delivery Partner,Completed,7688.0,0.0,1153.2,120,8961.2,Mobile Wallet
O00002223,C0000316,R024,,2025-12-21 18:31:03,Website,Completed,8313.5,0.0,1247.02,120,9680.52,Mobile Wallet
O00002224,C0000638,R021,,2025-04-16 19:08:06,Takeaway,Completed,4652.0,0.0,697.8,0,5349.8,Mobile Wallet
O00002225,C0000003,R016,,2025-03-15 06:42:42,Mobile App,Completed,10099.5,0.0,1514.92,0,11614.42,Bank Transfer
O00002226,C0000300,R010,,2026-05-07 14:04:19,Mobile App,Completed,10620.0,0.0,1593.0,120,12333.0,Mobile Wallet
O00002227,C0000126,R009,P0030,2025-07-19 08:25:33,Dine-In,Completed,6402.0,150.0,937.8,0,7189.8,Card
O00002228,C0000784,R018,,2025-09-03 14:06:35,Dine-In,Cancelled,9032.5,0.0,1354.88,0,0.0,Card
O00002229,C0000021,R001,,2025-04-04 14:28:06,Takeaway,Completed,11882.4,0.0,1782.36,0,13664.76,Card
O00002230,C0000296,R010,P0029,2025-06-05 15:32:32,Dine-In,Completed,5998.4,1799.52,629.83,0,4828.71,Card
O00002231,C0000939,R007,P0008,2026-04-23 20:23:14,Takeaway,Completed,5799.0,1449.75,652.39,0,5001.64,Card
O00002232,C0000108,R010,P0008,2025-11-27 19:24:51,Delivery Partner,Completed,10678.0,2669.5,1201.27,100,9309.77,Mobile Wallet
O00002233,C0000529,R012,,2026-06-25 18:30:31,Dine-In,Completed,4186.5,0.0,627.98,0,4814.48,Mobile Wallet
O00002234,C0000765,R011,P0018,2025-10-06 20:28:21,Delivery Partner,Completed,2329.0,698.7,244.54,120,1994.84,Cash
O00002235,C0000032,R009,P0014,2025-07-24 18:04:55,Mobile App,Completed,4279.5,300.0,596.92,120,4696.42,Cash
O00002236,C0000985,R005,P0025,2025-09-07 19:37:39,Mobile App,Completed,2852.5,200.0,397.88,150,3200.38,Mobile Wallet
O00002237,C0000636,R004,,2026-03-27 17:44:28,Dine-In,Completed,7195.0,0.0,1079.25,0,8274.25,Card
O00002238,C0000019,R020,P0004,2025-12-27 16:10:24,Dine-In,Completed,827.8,0.0,124.17,0,951.97,Card
O00002239,C0000088,R013,P0016,2026-07-08 19:31:04,Dine-In,Completed,8351.0,200.0,1222.65,0,9373.65,Mobile Wallet
O00002240,C0000368,R008,P0016,2026-01-23 02:07:13,Mobile App,Completed,9157.0,200.0,1343.55,80,10380.55,Cash
O00002241,C0000770,R016,,2025-11-26 18:19:49,Website,Cancelled,6568.5,0.0,985.28,120,0.0,Card
O00002242,C0000035,R001,,2026-05-04 21:33:34,Delivery Partner,Completed,5600.0,0.0,840.0,80,6520.0,Cash
O00002243,C0000513,R017,,2026-08-02 18:46:01,Mobile App,Completed,13833.0,0.0,2074.95,120,16027.95,Mobile Wallet
O00002244,C0000067,R015,,2025-09-12 05:41:24,Mobile App,Cancelled,730.0,0.0,109.5,120,0.0,Mobile Wallet
O00002245,C0000630,R024,,2025-07-13 13:07:53,Mobile App,Completed,7083.0,0.0,1062.45,80,8225.45,Card
O00002246,C0000444,R015,,2026-01-31 19:01:15,Takeaway,Completed,5318.5,0.0,797.78,0,6116.28,Bank Transfer
O00002247,C0000253,R018,,2025-11-29 21:20:45,Takeaway,Completed,1040.0,0.0,156.0,0,1196.0,Bank Transfer
O00002248,C0000400,R006,P0026,2026-08-25 13:14:15,Delivery Partner,Completed,16394.0,2459.1,2090.23,150,16175.13,Mobile Wallet
O00002249,C0000754,R002,,2025-11-10 20:05:10,Takeaway,Completed,7162.5,0.0,1074.38,0,8236.88,Mobile Wallet
O00002250,C0000136,R005,,2025-04-09 20:04:59,Delivery Partner,Completed,7435.5,0.0,1115.32,150,8700.82,Mobile Wallet
O00002251,C0000571,R019,,2026-08-19 08:53:48,Takeaway,Completed,4020.0,0.0,603.0,0,4623.0,Card
O00002252,C0000024,R007,,2026-06-05 20:53:34,Takeaway,Completed,4031.5,0.0,604.72,0,4636.22,Card
O00002253,C0000469,R009,,2025-06-04 12:02:22,Mobile App,Completed,3361.5,0.0,504.22,0,3865.72,Cash
O00002254,C0000542,R002,P0003,2026-07-08 17:42:54,Dine-In,Completed,6171.5,200.0,895.72,0,6867.22,Cash
O00002255,C0000180,R007,P0002,2025-09-03 16:42:04,Delivery Partner,Cancelled,430.0,0.0,64.5,80,0.0,Mobile Wallet
O00002256,C0000610,R024,,2025-09-25 18:15:34,Delivery Partner,Completed,10932.5,0.0,1639.88,80,12652.38,Cash
O00002257,C0000289,R014,,2026-07-09 19:34:28,Website,Completed,5808.6,0.0,871.29,150,6829.89,Card
O00002258,C0000869,R024,,2025-12-15 14:08:46,Delivery Partner,Completed,720.0,0.0,108.0,0,828.0,Cash
O00002259,C0000013,R023,,2025-05-13 20:34:54,Dine-In,Completed,7493.0,0.0,1123.95,0,8616.95,Card
O00002260,C0000017,R015,,2025-09-20 19:18:04,Mobile App,Completed,3268.0,0.0,490.2,0,3758.2,Card
O00002261,C0000693,R012,,2026-04-01 19:42:53,Delivery Partner,Completed,9288.5,0.0,1393.28,100,10781.78,Mobile Wallet
O00002262,C0000693,R020,P0015,2025-06-02 14:45:02,Mobile App,Completed,6818.0,200.0,992.7,150,7760.7,Bank Transfer
O00002263,C0000204,R004,,2026-01-16 05:33:05,Dine-In,Completed,19110.5,0.0,2866.58,0,21977.08,Bank Transfer
O00002264,C0000925,R013,P0006,2026-03-17 15:38:22,Dine-In,Cancelled,9647.5,100.0,1432.12,0,0.0,Card
O00002265,C0000439,R009,,2025-09-05 20:09:45,Mobile App,Completed,4322.5,0.0,648.38,80,5050.88,Bank Transfer
O00002266,C0000964,R012,,2026-03-16 10:09:55,Mobile App,Completed,9654.0,0.0,1448.1,0,11102.1,Card
O00002267,C0000263,R010,,2026-06-27 22:19:01,Dine-In,Completed,4600.0,0.0,690.0,0,5290.0,Card
O00002268,C0000038,R009,,2025-11-16 19:00:17,Mobile App,Completed,7151.5,0.0,1072.72,80,8304.22,Cash
O00002269,C0000181,R021,,2025-09-28 18:05:29,Dine-In,Completed,5086.5,0.0,762.98,0,5849.48,Mobile Wallet
O00002270,C0000959,R023,,2025-07-14 18:52:37,Mobile App,Completed,12151.5,0.0,1822.72,120,14094.22,Cash
O00002271,C0000125,R007,P0002,2026-01-24 17:45:55,Delivery Partner,Completed,4192.0,209.6,597.36,100,4679.76,Card
O00002272,C0000910,R025,P0022,2026-06-25 19:58:04,Mobile App,Completed,9585.5,958.55,1294.04,0,9920.99,Mobile Wallet
O00002273,C0000616,R012,,2025-08-25 14:01:45,Mobile App,Completed,7569.0,0.0,1135.35,80,8784.35,Card
O00002274,C0000179,R016,,2025-10-05 20:37:48,Dine-In,Cancelled,13299.6,0.0,1994.94,0,0.0,Cash
O00002275,C0000273,R015,,2025-10-11 18:32:10,Dine-In,Completed,11911.0,0.0,1786.65,0,13697.65,Card
O00002276,C0000347,R007,P0028,2025-12-30 19:02:00,Dine-In,Completed,3439.0,500.0,440.85,0,3379.85,Mobile Wallet
O00002277,C0000421,R008,,2025-07-01 19:35:09,Website,Completed,6924.5,0.0,1038.68,0,7963.18,Cash
O00002278,C0000007,R007,,2026-05-24 07:12:40,Dine-In,Completed,1710.0,0.0,256.5,0,1966.5,Mobile Wallet
O00002279,C0000863,R011,,2025-08-09 06:34:51,Mobile App,Completed,4844.0,0.0,726.6,80,5650.6,Mobile Wallet
O00002280,C0000334,R004,P0020,2026-03-23 19:14:43,Website,Completed,15699.0,2354.85,2001.62,120,15465.77,Bank Transfer
O00002281,C0000859,R018,P0001,2025-12-07 12:44:25,Website,Completed,2588.0,500.0,313.2,150,2551.2,Card
O00002282,C0000377,R019,P0009,2026-01-13 17:21:32,Mobile App,Completed,4213.0,421.3,568.76,150,4510.46,Cash
O00002283,C0000170,R007,,2025-06-05 14:42:26,Mobile App,Completed,3352.0,0.0,502.8,0,3854.8,Card
O00002284,C0000300,R013,P0021,2026-04-07 03:03:55,Dine-In,Completed,8565.5,100.0,1269.82,0,9735.32,Mobile Wallet
O00002285,C0000671,R009,P0014,2025-06-10 06:16:49,Dine-In,Completed,5249.0,300.0,742.35,0,5691.35,Mobile Wallet
O00002286,C0000096,R018,,2025-04-29 20:04:11,Mobile App,Completed,5246.9,0.0,787.04,120,6153.94,Bank Transfer
O00002287,C0000909,R007,,2025-12-23 17:20:01,Takeaway,Cancelled,14267.0,0.0,2140.05,0,0.0,Mobile Wallet
O00002288,C0000199,R020,P0013,2026-03-25 16:56:00,Dine-In,Completed,8193.5,2048.38,921.77,0,7066.89,Mobile Wallet
O00002289,C0000909,R016,,2025-03-28 21:23:00,Delivery Partner,Completed,6824.5,0.0,1023.68,0,7848.18,Mobile Wallet
O00002290,C0000762,R023,P0026,2025-04-06 09:30:56,Mobile App,Completed,7088.5,1063.28,903.78,0,6929.0,Cash
O00002291,C0000569,R005,,2026-05-13 12:39:32,Takeaway,Completed,2400.0,0.0,360.0,0,2760.0,Card
O00002292,C0000201,R007,,2026-05-17 19:52:21,Dine-In,Completed,4351.5,0.0,652.72,0,5004.22,Mobile Wallet
O00002293,C0000323,R006,,2025-07-11 19:55:11,Mobile App,Completed,1986.45,0.0,297.97,0,2284.42,Mobile Wallet
O00002294,C0000685,R002,,2026-01-31 13:29:38,Takeaway,Cancelled,4030.0,0.0,604.5,0,0.0,Card
O00002295,C0000275,R007,,2025-11-01 21:41:35,Takeaway,Completed,1441.5,0.0,216.22,0,1657.72,Cash
O00002296,C0000523,R021,,2026-02-10 21:06:20,Website,Completed,7034.0,0.0,1055.1,0,8089.1,Cash
O00002297,C0000605,R009,,2026-06-15 01:48:19,Takeaway,Completed,4542.15,0.0,681.32,0,5223.47,Card
O00002298,C0000244,R013,,2025-04-12 09:59:35,Dine-In,Completed,2655.0,0.0,398.25,0,3053.25,Mobile Wallet
O00002299,C0000267,R017,,2026-04-30 20:06:25,Mobile App,Completed,5470.0,0.0,820.5,80,6370.5,Cash
O00002300,C0000036,R017,,2025-11-26 13:26:46,Delivery Partner,Completed,2460.0,0.0,369.0,80,2909.0,Cash
O00002301,C0000055,R015,P0007,2026-01-01 07:23:30,Delivery Partner,Completed,7215.5,200.0,1052.32,80,8147.82,Mobile Wallet
O00002302,C0000808,R018,,2026-02-22 19:18:00,Delivery Partner,Completed,3244.45,0.0,486.67,80,3811.12,Cash
O00002303,C0000689,R024,,2026-07-18 14:40:37,Mobile App,Completed,310.0,0.0,46.5,0,356.5,Cash
O00002304,C0000001,R015,,2025-03-31 15:55:13,Delivery Partner,Completed,6390.5,0.0,958.58,100,7449.08,Cash
O00002305,C0000741,R011,,2025-03-16 10:33:25,Delivery Partner,Completed,4553.0,0.0,682.95,80,5315.95,Card
O00002306,C0000002,R025,,2025-06-04 18:21:45,Mobile App,Completed,8773.5,0.0,1316.02,0,10089.52,Card
O00002307,C0000193,R012,,2026-08-24 16:51:41,Takeaway,Completed,9171.0,0.0,1375.65,0,10546.65,Mobile Wallet
O00002308,C0000006,R023,,2026-03-28 10:50:06,Website,Completed,6313.5,0.0,947.02,80,7340.52,Card
O00002309,C0000935,R017,,2026-01-30 13:26:54,Delivery Partner,Completed,8366.25,0.0,1254.94,150,9771.19,Mobile Wallet
O00002310,C0000942,R012,,2025-03-26 17:05:55,Delivery Partner,Completed,5831.5,0.0,874.72,120,6826.22,Cash
O00002311,C0000351,R007,,2026-06-24 21:09:54,Takeaway,Completed,8560.0,0.0,1284.0,0,9844.0,Mobile Wallet
O00002312,C0000140,R024,,2026-05-19 21:44:53,Delivery Partner,Completed,11419.5,0.0,1712.92,120,13252.42,Card
O00002313,C0000242,R007,,2026-03-01 12:30:11,Mobile App,Completed,1070.5,0.0,160.57,80,1311.07,Cash
O00002314,C0000560,R021,,2025-09-02 19:24:23,Takeaway,Completed,5270.0,0.0,790.5,0,6060.5,Mobile Wallet
O00002315,C0000046,R023,P0010,2025-04-07 19:01:18,Delivery Partner,Completed,15457.1,200.0,2288.56,0,17545.66,Cash
O00002316,C0000179,R010,,2026-01-10 19:09:08,Delivery Partner,Completed,14768.0,0.0,2215.2,120,17103.2,Card
O00002317,C0000522,R016,,2026-03-30 17:09:34,Website,Completed,6817.5,0.0,1022.62,120,7960.12,Mobile Wallet
O00002318,C0000142,R011,,2025-04-19 01:25:03,Delivery Partner,Completed,5111.0,0.0,766.65,150,6027.65,Mobile Wallet
O00002319,C0000002,R016,,2026-02-10 19:04:44,Website,Completed,7085.0,0.0,1062.75,100,8247.75,Mobile Wallet
O00002320,C0000238,R002,,2025-08-03 08:21:41,Mobile App,Completed,2685.5,0.0,402.82,150,3238.32,Bank Transfer
O00002321,C0000522,R025,P0009,2026-04-23 08:03:31,Delivery Partner,Completed,2803.0,280.3,378.4,100,3001.1,Mobile Wallet
O00002322,C0000951,R002,,2025-12-20 17:54:45,Delivery Partner,Completed,9063.6,0.0,1359.54,120,10543.14,Mobile Wallet
O00002323,C0000003,R018,,2025-05-08 22:33:05,Takeaway,Completed,2395.0,0.0,359.25,0,2754.25,Cash
O00002324,C0000271,R005,,2025-12-13 11:06:27,Takeaway,Completed,2200.0,0.0,330.0,0,2530.0,Card
O00002325,C0000186,R014,,2025-10-05 18:49:27,Mobile App,Completed,6674.5,0.0,1001.18,100,7775.68,Cash
O00002326,C0000054,R008,,2025-06-05 12:16:39,Delivery Partner,Refunded,6778.5,0.0,1016.78,0,7795.28,Cash
O00002327,C0000384,R006,,2026-06-04 20:10:50,Delivery Partner,Completed,14373.0,0.0,2155.95,150,16678.95,Card
O00002328,C0000026,R009,P0028,2025-03-06 17:52:28,Delivery Partner,Completed,2294.0,500.0,269.1,80,2143.1,Mobile Wallet
O00002329,C0000073,R006,,2025-08-18 10:49:41,Mobile App,Completed,9773.0,0.0,1465.95,100,11338.95,Card
O00002330,C0000591,R021,,2025-03-07 12:07:53,Website,Completed,3519.0,0.0,527.85,80,4126.85,Card
O00002331,C0000195,R017,,2025-04-20 14:27:04,Delivery Partner,Completed,12053.6,0.0,1808.04,150,14011.64,Card
O00002332,C0000987,R008,,2025-08-09 08:59:04,Dine-In,Completed,3075.5,0.0,461.32,0,3536.82,Card
O00002333,C0000136,R003,P0008,2025-03-30 07:43:36,Mobile App,Completed,5542.5,1385.62,623.53,150,4930.41,Mobile Wallet
O00002334,C0000197,R012,,2026-01-20 18:55:40,Mobile App,Completed,5190.0,0.0,778.5,100,6068.5,Card
O00002335,C0000082,R013,P0008,2025-04-16 13:32:54,Website,Cancelled,8900.0,2225.0,1001.25,80,0.0,Bank Transfer
O00002336,C0000051,R018,,2026-03-21 19:51:27,Website,Completed,1710.0,0.0,256.5,0,1966.5,Cash
O00002337,C0000841,R023,,2025-03-29 08:24:40,Delivery Partner,Completed,3471.5,0.0,520.72,80,4072.22,Mobile Wallet
O00002338,C0000539,R011,,2025-04-01 17:20:46,Takeaway,Completed,6251.0,0.0,937.65,0,7188.65,Cash
O00002339,C0000101,R002,P0019,2025-08-14 14:11:08,Dine-In,Completed,2174.0,500.0,251.1,0,1925.1,Card
O00002340,C0000468,R014,,2026-07-04 06:58:28,Delivery Partner,Completed,1168.5,0.0,175.28,100,1443.78,Bank Transfer
O00002341,C0000928,R001,,2026-02-15 16:25:13,Takeaway,Completed,2237.5,0.0,335.62,0,2573.12,Card
O00002342,C0000007,R015,,2026-04-26 07:28:37,Takeaway,Completed,2708.0,0.0,406.2,0,3114.2,Card
O00002343,C0000064,R018,,2025-05-15 20:37:53,Takeaway,Completed,1852.5,0.0,277.88,0,2130.38,Mobile Wallet
O00002344,C0000037,R022,,2026-05-31 18:34:51,Dine-In,Completed,8734.0,0.0,1310.1,0,10044.1,Cash
O00002345,C0000742,R018,P0012,2025-03-05 16:36:39,Website,Completed,6979.5,150.0,1024.42,150,8003.92,Cash
O00002346,C0000030,R017,P0005,2025-06-23 08:45:33,Website,Completed,10092.0,100.0,1498.8,150,11640.8,Cash
O00002347,C0000086,R001,,2026-01-31 12:43:36,Mobile App,Completed,1939.0,0.0,290.85,100,2329.85,Cash
O00002348,C0000275,R014,,2025-09-23 15:44:48,Website,Completed,4411.5,0.0,661.72,80,5153.22,Bank Transfer
O00002349,C0000363,R020,,2026-08-23 18:44:41,Takeaway,Completed,10091.0,0.0,1513.65,0,11604.65,Mobile Wallet
O00002350,C0000634,R024,P0011,2025-03-17 09:28:13,Takeaway,Completed,3093.5,773.38,348.02,0,2668.14,Card
O00002351,C0000151,R022,,2026-08-31 00:48:17,Delivery Partner,Completed,3909.5,0.0,586.42,120,4615.92,Mobile Wallet
O00002352,C0000265,R016,,2026-02-04 13:23:32,Mobile App,Completed,1681.5,0.0,252.22,0,1933.72,Cash
O00002353,C0000928,R004,,2025-12-29 15:58:53,Dine-In,Completed,5962.0,0.0,894.3,0,6856.3,Cash
O00002354,C0000080,R022,,2025-04-01 09:14:33,Website,Cancelled,6332.0,0.0,949.8,80,0.0,Mobile Wallet
O00002355,C0000056,R006,,2025-07-27 15:05:27,Takeaway,Completed,7152.2,0.0,1072.83,0,8225.03,Card
O00002356,C0000483,R025,P0003,2026-07-19 13:31:35,Dine-In,Completed,9089.5,200.0,1333.42,0,10222.92,Cash
O00002357,C0000574,R016,,2025-09-11 14:43:44,Dine-In,Completed,6091.0,0.0,913.65,0,7004.65,Mobile Wallet
O00002358,C0000157,R020,P0024,2026-02-27 13:33:47,Delivery Partner,Completed,5878.0,1763.4,617.19,150,4881.79,Bank Transfer
O00002359,C0000042,R006,,2026-08-31 18:35:36,Mobile App,Completed,930.0,0.0,139.5,0,1069.5,Card
O00002360,C0000587,R015,,2025-07-21 06:19:22,Dine-In,Completed,2757.5,0.0,413.62,0,3171.12,Cash
O00002361,C0000427,R001,,2026-01-08 09:56:41,Website,Completed,6124.5,0.0,918.68,80,7123.18,Card
O00002362,C0000754,R007,,2026-03-18 14:56:16,Delivery Partner,Completed,5940.0,0.0,891.0,150,6981.0,Card
O00002363,C0000696,R023,,2025-05-28 13:52:59,Mobile App,Completed,6340.0,0.0,951.0,120,7411.0,Mobile Wallet
O00002364,C0000039,R011,,2025-05-19 13:11:10,Dine-In,Completed,6840.0,0.0,1026.0,0,7866.0,Mobile Wallet
O00002365,C0000676,R001,,2025-11-07 19:34:31,Takeaway,Completed,2105.0,0.0,315.75,0,2420.75,Mobile Wallet
O00002366,C0000029,R008,P0010,2025-09-30 20:48:36,Takeaway,Completed,7385.5,200.0,1077.82,0,8263.32,Mobile Wallet
O00002367,C0000731,R014,P0015,2026-03-28 11:37:14,Mobile App,Completed,4038.0,200.0,575.7,80,4493.7,Card
O00002368,C0000573,R005,,2025-04-06 20:55:03,Mobile App,Completed,10396.5,0.0,1559.48,80,12035.98,Card
O00002369,C0000303,R013,P0014,2026-08-16 14:16:38,Takeaway,Completed,8204.0,300.0,1185.6,0,9089.6,Mobile Wallet
O00002370,C0000390,R015,P0002,2025-03-08 12:26:29,Mobile App,Completed,1866.0,93.3,265.9,120,2158.6,Mobile Wallet
O00002371,C0000012,R009,,2026-01-22 23:16:09,Mobile App,Completed,6076.0,0.0,911.4,80,7067.4,Cash
O00002372,C0000003,R008,,2025-12-31 20:10:22,Delivery Partner,Completed,2527.5,0.0,379.12,150,3056.62,Card
O00002373,C0000099,R019,,2025-05-11 23:54:23,Mobile App,Completed,4261.0,0.0,639.15,0,4900.15,Cash
O00002374,C0000657,R017,,2025-05-20 09:38:35,Mobile App,Completed,5153.5,0.0,773.02,150,6076.52,Mobile Wallet
O00002375,C0000199,R019,P0021,2026-05-08 08:01:51,Delivery Partner,Completed,4368.5,100.0,640.28,120,5028.78,Card
O00002376,C0000046,R018,,2026-06-29 15:50:57,Dine-In,Completed,5262.0,0.0,789.3,0,6051.3,Mobile Wallet
O00002377,C0000679,R018,,2025-08-01 18:01:04,Takeaway,Completed,3995.5,0.0,599.32,0,4594.82,Card
O00002378,C0000048,R004,P0002,2025-10-28 09:53:36,Delivery Partner,Completed,4934.0,246.7,703.1,100,5490.4,Mobile Wallet
O00002379,C0000647,R002,,2025-09-12 20:28:42,Mobile App,Completed,6880.0,0.0,1032.0,150,8062.0,Cash
O00002380,C0000188,R024,,2025-04-08 16:44:18,Mobile App,Completed,10679.93,0.0,1601.99,120,12401.92,Mobile Wallet
O00002381,C0000197,R005,,2026-03-06 13:23:36,Delivery Partner,Completed,3191.5,0.0,478.72,100,3770.22,Cash
O00002382,C0000068,R017,,2026-05-26 17:23:52,Mobile App,Completed,3338.0,0.0,500.7,120,3958.7,Card
O00002383,C0000799,R022,,2025-08-14 18:15:07,Delivery Partner,Completed,8822.25,0.0,1323.34,80,10225.59,Cash
O00002384,C0000009,R007,,2026-08-26 06:30:06,Delivery Partner,Completed,3548.5,0.0,532.28,0,4080.78,Card
O00002385,C0000020,R016,P0012,2025-04-10 23:48:39,Dine-In,Completed,12771.0,150.0,1893.15,0,14514.15,Mobile Wallet
O00002386,C0000382,R001,,2026-02-27 13:42:12,Mobile App,Completed,2860.0,0.0,429.0,150,3439.0,Mobile Wallet
O00002387,C0000707,R012,P0001,2025-11-03 07:08:36,Delivery Partner,Completed,5393.5,500.0,734.02,150,5777.52,Cash
O00002388,C0000010,R019,,2025-11-02 20:26:59,Mobile App,Completed,4526.0,0.0,678.9,0,5204.9,Card
O00002389,C0000517,R009,,2025-11-08 23:55:26,Website,Completed,8318.5,0.0,1247.77,0,9566.27,Mobile Wallet
O00002390,C0000530,R016,,2025-07-19 19:40:17,Mobile App,Completed,5686.5,0.0,852.98,0,6539.48,Mobile Wallet
O00002391,C0000316,R007,,2026-03-28 20:13:23,Dine-In,Cancelled,2230.0,0.0,334.5,0,0.0,Cash
O00002392,C0000218,R015,P0028,2026-04-01 17:44:40,Dine-In,Completed,2100.55,500.0,240.08,0,1840.63,Card
O00002393,C0000093,R012,,2025-08-01 21:24:01,Mobile App,Completed,8795.5,0.0,1319.32,120,10234.82,Card
O00002394,C0000112,R004,,2026-05-31 05:42:15,Mobile App,Completed,3339.0,0.0,500.85,0,3839.85,Cash
O00002395,C0000432,R006,P0003,2025-08-21 19:43:13,Mobile App,Completed,3388.8,200.0,478.32,150,3817.12,Mobile Wallet
O00002396,C0000006,R006,,2026-04-03 18:21:16,Delivery Partner,Completed,1564.5,0.0,234.68,150,1949.18,Card
O00002397,C0000320,R015,,2025-05-03 06:34:59,Dine-In,Completed,4468.0,0.0,670.2,0,5138.2,Cash
O00002398,C0000070,R003,,2025-05-30 16:32:05,Mobile App,Completed,4680.0,0.0,702.0,150,5532.0,Card
O00002399,C0000200,R002,P0003,2025-08-20 15:26:34,Mobile App,Completed,777.0,200.0,86.55,150,813.55,Mobile Wallet
O00002400,C0000291,R005,,2026-01-18 18:39:16,Delivery Partner,Completed,2136.0,0.0,320.4,100,2556.4,Card
O00002401,C0000771,R008,,2026-02-17 07:25:44,Mobile App,Completed,513.0,0.0,76.95,80,669.95,Cash
O00002402,C0000314,R019,P0006,2025-10-05 19:18:37,Website,Completed,11100.5,100.0,1650.08,0,12650.58,Mobile Wallet
O00002403,C0000047,R021,,2025-04-11 08:44:59,Website,Completed,12103.5,0.0,1815.52,0,13919.02,Cash
O00002404,C0000007,R016,P0026,2025-09-22 14:38:39,Mobile App,Completed,5786.0,867.9,737.72,120,5775.82,Mobile Wallet
O00002405,C0000371,R019,P0013,2026-03-14 20:44:56,Dine-In,Completed,5347.5,1336.88,601.59,0,4612.21,Bank Transfer
O00002406,C0000276,R023,,2026-03-04 16:25:05,Dine-In,Completed,5590.15,0.0,838.52,0,6428.67,Bank Transfer
O00002407,C0000429,R016,P0025,2025-05-25 13:05:59,Takeaway,Completed,19770.3,200.0,2935.54,0,22505.84,Card
O00002408,C0000194,R006,P0019,2025-03-04 06:02:47,Dine-In,Completed,6628.0,500.0,919.2,0,7047.2,Card
O00002409,C0000663,R022,,2026-04-17 18:05:37,Takeaway,Cancelled,4798.0,0.0,719.7,0,0.0,Mobile Wallet
O00002410,C0000837,R001,,2025-04-26 23:27:48,Mobile App,Completed,5420.0,0.0,813.0,150,6383.0,Cash
O00002411,C0000003,R018,,2025-04-13 21:02:20,Dine-In,Completed,4631.95,0.0,694.79,0,5326.74,Cash
O00002412,C0000532,R022,P0007,2025-03-02 18:12:34,Dine-In,Completed,3656.0,200.0,518.4,0,3974.4,Card
O00002413,C0000003,R008,,2025-10-26 08:12:22,Website,Completed,3660.0,0.0,549.0,120,4329.0,Mobile Wallet
O00002414,C0000181,R005,,2025-12-02 11:56:11,Dine-In,Cancelled,5566.0,0.0,834.9,0,0.0,Card
O00002415,C0000196,R012,,2026-02-13 10:12:56,Dine-In,Completed,3917.5,0.0,587.62,0,4505.12,Card
O00002416,C0000462,R018,,2025-08-09 13:00:28,Delivery Partner,Completed,9106.0,0.0,1365.9,0,10471.9,Mobile Wallet
O00002417,C0000113,R005,,2026-03-26 11:39:26,Dine-In,Completed,6521.5,0.0,978.22,0,7499.72,Card
O00002418,C0000656,R025,,2025-05-30 11:36:05,Takeaway,Completed,5887.35,0.0,883.1,0,6770.45,Cash
O00002419,C0000107,R022,,2026-05-30 17:30:20,Dine-In,Completed,5928.0,0.0,889.2,0,6817.2,Card
O00002420,C0000106,R013,,2026-01-05 12:51:06,Delivery Partner,Completed,7438.2,0.0,1115.73,100,8653.93,Card
O00002421,C0000046,R021,,2026-01-12 18:16:42,Mobile App,Completed,1980.0,0.0,297.0,80,2357.0,Card
O00002422,C0000445,R022,P0006,2025-06-21 21:08:40,Dine-In,Completed,13355.0,100.0,1988.25,0,15243.25,Mobile Wallet
O00002423,C0000007,R012,,2025-04-09 18:44:15,Mobile App,Completed,3250.0,0.0,487.5,0,3737.5,Card
O00002424,C0000120,R016,,2025-11-12 19:56:04,Dine-In,Completed,14682.0,0.0,2202.3,0,16884.3,Mobile Wallet
O00002425,C0000065,R014,,2026-01-31 19:12:14,Mobile App,Completed,3597.0,0.0,539.55,0,4136.55,Card
O00002426,C0000048,R011,,2025-04-20 12:36:20,Mobile App,Completed,10634.0,0.0,1595.1,0,12229.1,Card
O00002427,C0000005,R009,P0009,2026-08-03 01:13:57,Dine-In,Completed,2590.0,259.0,349.65,0,2680.65,Mobile Wallet
O00002428,C0000034,R023,,2026-08-20 06:10:03,Mobile App,Refunded,12501.7,0.0,1875.26,150,14526.96,Mobile Wallet
O00002429,C0000182,R010,,2025-12-23 12:24:04,Mobile App,Completed,7986.0,0.0,1197.9,150,9333.9,Card
O00002430,C0000234,R016,,2026-08-03 18:30:06,Delivery Partner,Completed,7680.0,0.0,1152.0,0,8832.0,Cash
O00002431,C0000066,R019,,2025-06-05 20:57:34,Delivery Partner,Completed,16584.5,0.0,2487.67,100,19172.17,Card
O00002432,C0000400,R010,,2025-03-14 21:13:35,Mobile App,Completed,18460.0,0.0,2769.0,80,21309.0,Cash
O00002433,C0000102,R021,,2025-03-22 04:56:56,Delivery Partner,Completed,6037.4,0.0,905.61,0,6943.01,Cash
O00002434,C0000122,R004,P0028,2026-01-14 23:06:14,Mobile App,Refunded,6475.0,500.0,896.25,150,7021.25,Card
O00002435,C0000592,R021,,2025-04-03 12:23:27,Delivery Partner,Completed,2991.7,0.0,448.75,100,3540.45,Mobile Wallet
O00002436,C0000284,R008,,2026-08-08 20:48:01,Mobile App,Cancelled,6151.0,0.0,922.65,100,0.0,Card
O00002437,C0000903,R011,P0026,2025-05-15 09:35:55,Mobile App,Completed,6172.0,925.8,786.93,80,6113.13,Cash
O00002438,C0000117,R006,,2025-08-14 07:41:56,Delivery Partner,Completed,6751.55,0.0,1012.73,100,7864.28,Cash
O00002439,C0000668,R004,,2026-05-24 13:41:04,Delivery Partner,Completed,9734.5,0.0,1460.18,100,11294.68,Card
O00002440,C0000524,R021,P0017,2025-06-26 20:46:06,Dine-In,Refunded,1825.45,300.0,228.82,0,1754.27,Mobile Wallet
O00002441,C0000780,R023,,2025-07-10 11:51:21,Dine-In,Completed,6940.0,0.0,1041.0,0,7981.0,Mobile Wallet
O00002442,C0000910,R024,,2026-02-15 09:43:48,Delivery Partner,Completed,4736.0,0.0,710.4,100,5546.4,Bank Transfer
O00002443,C0000001,R005,P0001,2025-07-28 21:40:30,Mobile App,Completed,1700.5,500.0,180.08,120,1500.58,Mobile Wallet
O00002444,C0000009,R018,P0022,2025-06-25 21:02:31,Delivery Partner,Completed,5576.0,557.6,752.76,150,5921.16,Card
O00002445,C0000432,R022,,2025-07-16 01:46:07,Delivery Partner,Completed,11081.0,0.0,1662.15,150,12893.15,Mobile Wallet
O00002446,C0000139,R025,,2025-11-25 19:43:40,Delivery Partner,Completed,3062.8,0.0,459.42,120,3642.22,Cash
O00002447,C0000653,R003,,2026-08-12 12:25:41,Mobile App,Completed,9273.0,0.0,1390.95,0,10663.95,Cash
O00002448,C0000001,R007,P0023,2026-05-30 13:46:10,Takeaway,Completed,451.5,0.0,67.72,0,519.22,Cash
O00002449,C0000632,R024,,2025-08-02 14:25:00,Mobile App,Completed,6839.0,0.0,1025.85,150,8014.85,Cash
O00002450,C0000018,R022,,2025-09-16 14:00:46,Delivery Partner,Completed,2080.0,0.0,312.0,150,2542.0,Cash
O00002451,C0000076,R012,P0012,2025-11-11 15:14:39,Website,Completed,9187.5,150.0,1355.62,100,10493.12,Mobile Wallet
O00002452,C0000935,R003,,2026-08-20 17:10:18,Mobile App,Completed,6333.0,0.0,949.95,0,7282.95,Card
O00002453,C0000004,R017,,2025-06-01 14:36:43,Website,Completed,1624.5,0.0,243.68,120,1988.18,Mobile Wallet
O00002454,C0000110,R003,P0009,2025-09-13 18:06:37,Website,Completed,6708.6,670.86,905.66,80,7023.4,Bank Transfer
O00002455,C0000008,R011,P0012,2026-04-05 19:11:41,Delivery Partner,Completed,2830.0,150.0,402.0,150,3232.0,Bank Transfer
O00002456,C0000713,R006,,2026-08-11 14:51:55,Takeaway,Completed,1390.0,0.0,208.5,0,1598.5,Bank Transfer
O00002457,C0000472,R011,P0016,2025-05-23 08:56:36,Dine-In,Completed,9295.5,200.0,1364.32,0,10459.82,Mobile Wallet
O00002458,C0000621,R004,,2025-07-01 18:37:55,Mobile App,Completed,8024.5,0.0,1203.68,80,9308.18,Card
O00002459,C0000258,R017,,2025-06-30 19:53:06,Takeaway,Completed,10996.0,0.0,1649.4,0,12645.4,Card
O00002460,C0000116,R022,,2025-03-12 18:02:38,Delivery Partner,Completed,4340.0,0.0,651.0,150,5141.0,Mobile Wallet
O00002461,C0000001,R001,P0010,2026-01-24 17:41:54,Dine-In,Completed,4580.0,200.0,657.0,0,5037.0,Mobile Wallet
O00002462,C0000070,R012,,2026-03-04 11:57:24,Delivery Partner,Completed,8755.0,0.0,1313.25,80,10148.25,Bank Transfer
O00002463,C0000245,R024,,2026-01-23 18:52:53,Delivery Partner,Completed,7038.5,0.0,1055.77,120,8214.27,Mobile Wallet
O00002464,C0000419,R003,P0004,2025-04-07 13:25:21,Dine-In,Completed,3600.5,360.05,486.07,0,3726.52,Card
O00002465,C0000048,R016,,2025-04-06 21:53:26,Delivery Partner,Completed,7371.0,0.0,1105.65,120,8596.65,Bank Transfer
O00002466,C0000019,R003,,2025-06-22 18:29:40,Mobile App,Completed,2042.98,0.0,306.45,100,2449.43,Bank Transfer
O00002467,C0000038,R014,P0019,2025-08-05 12:31:46,Website,Completed,10976.3,500.0,1571.44,150,12197.74,Card
O00002468,C0000114,R017,P0023,2026-05-04 14:35:37,Dine-In,Completed,7337.5,1100.62,935.53,0,7172.41,Card
O00002469,C0000021,R019,P0005,2025-05-25 20:44:47,Delivery Partner,Completed,4932.5,100.0,724.88,0,5557.38,Mobile Wallet
O00002470,C0000024,R007,,2025-03-24 13:50:38,Mobile App,Completed,7428.0,0.0,1114.2,150,8692.2,Card
O00002471,C0000003,R024,,2025-10-04 16:36:14,Delivery Partner,Completed,8420.0,0.0,1263.0,100,9783.0,Mobile Wallet
O00002472,C0000718,R011,,2025-10-17 18:54:54,Website,Completed,5024.0,0.0,753.6,100,5877.6,Cash
O00002473,C0000044,R016,,2025-11-04 19:58:01,Mobile App,Cancelled,5897.5,0.0,884.62,100,0.0,Card
O00002474,C0000658,R024,,2026-05-27 09:53:59,Dine-In,Completed,12052.0,0.0,1807.8,0,13859.8,Card
O00002475,C0000176,R019,,2025-04-21 17:17:07,Dine-In,Completed,3105.0,0.0,465.75,0,3570.75,Mobile Wallet
O00002476,C0000377,R005,P0001,2026-03-22 21:00:43,Mobile App,Cancelled,2718.5,500.0,332.78,80,0.0,Cash
O00002477,C0000007,R001,,2025-09-02 22:52:42,Delivery Partner,Completed,2221.5,0.0,333.22,100,2654.72,Cash
O00002478,C0000319,R025,,2025-08-17 18:20:05,Dine-In,Completed,13137.5,0.0,1970.62,0,15108.12,Mobile Wallet
O00002479,C0000076,R024,,2026-07-24 22:27:19,Delivery Partner,Completed,9910.0,0.0,1486.5,100,11496.5,Card
O00002480,C0000010,R010,,2025-07-13 17:47:26,Delivery Partner,Completed,8036.0,0.0,1205.4,150,9391.4,Card
O00002481,C0000814,R018,,2026-02-15 14:15:44,Mobile App,Completed,9208.0,0.0,1381.2,0,10589.2,Mobile Wallet
O00002482,C0000342,R010,,2025-07-27 16:47:22,Takeaway,Completed,13494.5,0.0,2024.18,0,15518.68,Card
O00002483,C0000053,R001,,2025-12-04 08:27:47,Delivery Partner,Completed,5322.0,0.0,798.3,100,6220.3,Mobile Wallet
O00002484,C0000161,R013,P0021,2026-05-04 13:21:39,Dine-In,Completed,3708.0,100.0,541.2,0,4149.2,Card
O00002485,C0000116,R004,,2026-06-26 14:18:16,Takeaway,Completed,4344.0,0.0,651.6,0,4995.6,Mobile Wallet
O00002486,C0000468,R025,P0010,2026-06-02 20:47:57,Dine-In,Completed,7714.5,200.0,1127.18,0,8641.68,Card
O00002487,C0000347,R012,,2026-01-11 19:00:12,Delivery Partner,Completed,5160.0,0.0,774.0,100,6034.0,Bank Transfer
O00002488,C0000001,R024,,2025-07-13 17:30:03,Mobile App,Completed,6379.0,0.0,956.85,100,7435.85,Card
O00002489,C0000036,R016,,2026-02-27 13:51:19,Takeaway,Completed,6487.5,0.0,973.12,0,7460.62,Card
O00002490,C0000210,R019,,2026-03-25 10:51:41,Takeaway,Completed,1795.5,0.0,269.32,0,2064.82,Bank Transfer
O00002491,C0000182,R012,,2025-03-06 13:41:24,Mobile App,Completed,5869.5,0.0,880.42,0,6749.92,Mobile Wallet
O00002492,C0000247,R006,,2025-10-29 18:33:21,Dine-In,Completed,4324.5,0.0,648.67,0,4973.17,Mobile Wallet
O00002493,C0000489,R016,,2026-06-05 12:45:51,Delivery Partner,Completed,9562.5,0.0,1434.38,80,11076.88,Cash
O00002494,C0000443,R012,,2025-11-25 14:39:47,Mobile App,Completed,2842.0,0.0,426.3,100,3368.3,Card
O00002495,C0000126,R025,,2025-08-17 13:05:16,Website,Completed,7110.5,0.0,1066.58,100,8277.08,Card
O00002496,C0000756,R024,,2026-06-20 19:27:39,Dine-In,Completed,3302.8,0.0,495.42,0,3798.22,Cash
O00002497,C0000005,R010,,2025-05-23 20:02:10,Mobile App,Completed,2320.0,0.0,348.0,120,2788.0,Card
O00002498,C0000320,R005,,2025-06-20 18:30:24,Dine-In,Completed,7616.0,0.0,1142.4,0,8758.4,Bank Transfer
O00002499,C0000896,R025,P0026,2026-03-13 13:15:04,Delivery Partner,Completed,5377.5,806.62,685.63,0,5256.51,Cash
O00002500,C0000281,R025,,2025-09-10 14:16:20,Website,Completed,6450.0,0.0,967.5,80,7497.5,Cash
O00002501,C0000190,R019,,2026-03-27 08:43:25,Dine-In,Completed,10044.5,0.0,1506.68,0,11551.18,Cash
O00002502,C0000018,R012,,2025-05-24 09:26:15,Dine-In,Completed,5921.1,0.0,888.17,0,6809.27,Mobile Wallet
O00002503,C0000638,R008,P0007,2025-07-15 09:50:55,Delivery Partner,Completed,1477.0,200.0,191.55,0,1468.55,Card
O00002504,C0000127,R004,,2025-05-23 08:23:39,Dine-In,Completed,8268.5,0.0,1240.27,0,9508.77,Card
O00002505,C0000469,R007,,2026-08-05 09:19:20,Mobile App,Completed,2880.0,0.0,432.0,0,3312.0,Mobile Wallet
O00002506,C0000036,R024,,2025-10-11 10:31:47,Mobile App,Completed,2453.0,0.0,367.95,80,2900.95,Cash
O00002507,C0000003,R023,,2025-09-01 08:34:31,Dine-In,Completed,5082.0,0.0,762.3,0,5844.3,Card
O00002508,C0000085,R005,,2025-03-08 18:12:03,Mobile App,Completed,6954.0,0.0,1043.1,80,8077.1,Cash
O00002509,C0000072,R011,,2025-05-21 23:47:37,Mobile App,Completed,5776.0,0.0,866.4,0,6642.4,Cash
O00002510,C0000749,R017,P0003,2025-10-19 20:42:57,Mobile App,Completed,3595.5,200.0,509.32,150,4054.82,Cash
O00002511,C0000733,R024,,2025-04-06 06:19:52,Takeaway,Completed,4496.0,0.0,674.4,0,5170.4,Card
O00002512,C0000265,R021,,2025-12-06 14:58:07,Delivery Partner,Completed,7931.5,0.0,1189.72,150,9271.22,Card
O00002513,C0000001,R003,,2025-11-07 20:47:08,Dine-In,Completed,3379.0,0.0,506.85,0,3885.85,Cash
O00002514,C0000048,R002,,2026-04-24 08:51:44,Mobile App,Completed,1680.0,0.0,252.0,0,1932.0,Cash
O00002515,C0000386,R019,P0001,2026-02-26 20:01:16,Takeaway,Completed,8816.0,500.0,1247.4,0,9563.4,Cash
O00002516,C0000011,R025,,2025-11-02 17:03:40,Delivery Partner,Completed,9010.0,0.0,1351.5,100,10461.5,Cash
O00002517,C0000468,R002,,2025-06-29 21:26:12,Dine-In,Completed,6788.15,0.0,1018.22,0,7806.37,Cash
O00002518,C0000001,R014,,2026-04-04 20:59:08,Website,Completed,1075.5,0.0,161.32,100,1336.82,Cash
O00002519,C0000443,R001,,2026-03-24 18:24:05,Mobile App,Completed,9596.35,0.0,1439.45,100,11135.8,Bank Transfer
O00002520,C0000697,R016,,2025-05-21 18:03:26,Delivery Partner,Completed,7978.0,0.0,1196.7,80,9254.7,Card
O00002521,C0000202,R015,,2026-07-14 10:59:41,Mobile App,Completed,6216.0,0.0,932.4,100,7248.4,Mobile Wallet
O00002522,C0000670,R018,,2025-04-04 08:31:36,Mobile App,Completed,7374.5,0.0,1106.18,100,8580.68,Mobile Wallet
O00002523,C0000591,R002,P0017,2025-03-30 13:16:38,Delivery Partner,Completed,6286.5,300.0,897.98,100,6984.48,Mobile Wallet
O00002524,C0000428,R011,P0015,2025-06-09 10:00:42,Mobile App,Completed,7470.0,200.0,1090.5,150,8510.5,Mobile Wallet
O00002525,C0000181,R021,,2026-07-11 08:32:23,Delivery Partner,Completed,6402.6,0.0,960.39,80,7442.99,Card
O00002526,C0000067,R017,,2025-12-10 12:29:08,Dine-In,Completed,4680.5,0.0,702.08,0,5382.58,Card
O00002527,C0000726,R013,,2026-05-05 20:04:56,Mobile App,Completed,4908.0,0.0,736.2,150,5794.2,Bank Transfer
O00002528,C0000398,R012,,2025-07-01 02:53:41,Delivery Partner,Completed,5168.0,0.0,775.2,0,5943.2,Cash
O00002529,C0000618,R024,,2025-11-25 12:11:10,Delivery Partner,Refunded,4795.0,0.0,719.25,80,5594.25,Cash
O00002530,C0000284,R002,P0015,2025-09-14 14:37:34,Delivery Partner,Completed,7194.0,200.0,1049.1,120,8163.1,Cash
O00002531,C0000028,R022,,2026-05-27 15:31:28,Mobile App,Completed,3064.0,0.0,459.6,80,3603.6,Mobile Wallet
O00002532,C0000957,R021,,2025-03-13 09:37:07,Delivery Partner,Completed,6915.5,0.0,1037.32,80,8032.82,Card
O00002533,C0000031,R018,P0026,2025-07-10 22:56:16,Dine-In,Completed,5236.0,785.4,667.59,0,5118.19,Mobile Wallet
O00002534,C0000820,R010,P0014,2025-05-21 17:16:06,Dine-In,Completed,5884.5,300.0,837.68,0,6422.18,Card
O00002535,C0000040,R012,,2026-06-13 15:57:11,Dine-In,Completed,12908.5,0.0,1936.28,0,14844.78,Card
O00002536,C0000127,R017,P0019,2025-11-13 00:53:47,Delivery Partner,Completed,4960.0,500.0,669.0,120,5249.0,Card
O00002537,C0000177,R022,P0021,2025-10-10 15:44:14,Takeaway,Completed,8192.9,100.0,1213.94,0,9306.84,Card
O00002538,C0000839,R014,,2025-11-04 20:39:52,Website,Completed,8882.5,0.0,1332.38,150,10364.88,Mobile Wallet
O00002539,C0000776,R022,P0016,2026-08-15 11:31:28,Dine-In,Completed,3820.0,200.0,543.0,0,4163.0,Card
O00002540,C0000660,R019,,2026-06-08 13:23:44,Takeaway,Completed,14029.0,0.0,2104.35,0,16133.35,Card
O00002541,C0000129,R013,,2026-03-23 03:11:49,Mobile App,Completed,1500.0,0.0,225.0,80,1805.0,Cash
O00002542,C0000001,R024,,2025-08-05 22:46:49,Mobile App,Completed,10728.0,0.0,1609.2,100,12437.2,Card
O00002543,C0000442,R025,,2025-05-28 07:30:23,Dine-In,Completed,4128.0,0.0,619.2,0,4747.2,Card
O00002544,C0000154,R003,P0016,2026-07-18 20:18:36,Mobile App,Completed,17362.3,200.0,2574.34,150,19886.64,Mobile Wallet
O00002545,C0000552,R025,,2025-10-20 12:28:13,Dine-In,Completed,6287.0,0.0,943.05,0,7230.05,Mobile Wallet
O00002546,C0000612,R008,,2025-07-30 17:20:59,Mobile App,Completed,6485.0,0.0,972.75,150,7607.75,Card
O00002547,C0000177,R005,,2025-11-15 18:25:10,Dine-In,Completed,2938.8,0.0,440.82,0,3379.62,Cash
O00002548,C0000538,R022,,2026-07-16 08:51:34,Mobile App,Completed,2732.5,0.0,409.88,80,3222.38,Mobile Wallet
O00002549,C0000689,R012,,2025-09-30 14:27:16,Dine-In,Completed,3117.0,0.0,467.55,0,3584.55,Cash
O00002550,C0000853,R001,,2025-12-31 12:16:58,Mobile App,Completed,1658.0,0.0,248.7,150,2056.7,Card
O00002551,C0000317,R021,P0005,2026-05-13 06:08:54,Dine-In,Completed,9618.0,100.0,1427.7,0,10945.7,Cash
O00002552,C0000586,R016,,2025-10-23 20:20:26,Mobile App,Completed,8037.5,0.0,1205.62,0,9243.12,Card
O00002553,C0000226,R012,,2025-07-04 06:49:43,Takeaway,Completed,3780.5,0.0,567.07,0,4347.57,Card
O00002554,C0000003,R023,,2026-08-29 18:59:02,Website,Completed,2253.0,0.0,337.95,120,2710.95,Card
O00002555,C0000023,R017,P0001,2026-08-07 12:33:54,Mobile App,Completed,8064.0,500.0,1134.6,0,8698.6,Bank Transfer
O00002556,C0000016,R009,P0025,2026-06-05 10:10:59,Delivery Partner,Completed,4004.0,200.0,570.6,0,4374.6,Card
O00002557,C0000028,R013,,2026-03-14 18:54:01,Delivery Partner,Completed,7069.5,0.0,1060.42,0,8129.92,Card
O00002558,C0000001,R023,,2025-08-08 17:19:03,Website,Cancelled,8976.0,0.0,1346.4,120,0.0,Card
O00002559,C0000722,R004,,2026-07-13 12:48:17,Website,Completed,6496.15,0.0,974.42,100,7570.57,Cash
O00002560,C0000292,R004,,2025-07-28 15:52:19,Mobile App,Completed,9830.5,0.0,1474.58,120,11425.08,Mobile Wallet
O00002561,C0000133,R015,P0015,2026-05-12 11:49:20,Website,Completed,6670.0,200.0,970.5,0,7440.5,Mobile Wallet
O00002562,C0000153,R010,,2026-07-16 20:46:13,Mobile App,Completed,11796.5,0.0,1769.48,120,13685.98,Card
O00002563,C0000197,R023,,2026-01-23 12:38:07,Takeaway,Completed,9323.5,0.0,1398.52,0,10722.02,Card
O00002564,C0000007,R006,,2026-05-14 11:15:01,Takeaway,Completed,8539.28,0.0,1280.89,0,9820.17,Card
O00002565,C0000068,R003,P0006,2026-05-07 19:56:25,Mobile App,Completed,6147.15,100.0,907.07,120,7074.22,Mobile Wallet
O00002566,C0000709,R025,,2025-06-12 02:28:18,Website,Completed,5230.0,0.0,784.5,100,6114.5,Mobile Wallet
O00002567,C0000532,R015,P0004,2026-03-02 12:00:41,Mobile App,Completed,3259.55,325.96,440.04,80,3453.63,Mobile Wallet
O00002568,C0000296,R006,,2025-04-19 13:59:27,Dine-In,Completed,3723.0,0.0,558.45,0,4281.45,Mobile Wallet
O00002569,C0000213,R011,,2025-12-04 20:17:28,Mobile App,Completed,5757.5,0.0,863.62,150,6771.12,Card
O00002570,C0000061,R002,,2025-05-26 21:58:04,Delivery Partner,Completed,8044.0,0.0,1206.6,120,9370.6,Cash
O00002571,C0000204,R002,,2025-10-17 18:21:42,Dine-In,Completed,5925.0,0.0,888.75,0,6813.75,Card
O00002572,C0000335,R001,,2026-05-30 15:07:27,Mobile App,Completed,7770.0,0.0,1165.5,100,9035.5,Card
O00002573,C0000486,R011,,2026-08-24 18:06:59,Delivery Partner,Completed,5648.42,0.0,847.26,150,6645.68,Cash
O00002574,C0000026,R005,P0005,2025-08-21 13:24:40,Takeaway,Completed,9307.8,100.0,1381.17,0,10588.97,Card
O00002575,C0000643,R006,,2025-12-16 12:29:47,Delivery Partner,Completed,2214.0,0.0,332.1,120,2666.1,Mobile Wallet
O00002576,C0000108,R003,,2025-12-06 21:33:25,Delivery Partner,Completed,1777.0,0.0,266.55,100,2143.55,Mobile Wallet
O00002577,C0000234,R020,P0003,2026-08-05 08:43:58,Takeaway,Completed,4808.0,200.0,691.2,0,5299.2,Mobile Wallet
O00002578,C0000347,R005,,2025-11-19 13:47:04,Dine-In,Completed,9457.5,0.0,1418.62,0,10876.12,Mobile Wallet
O00002579,C0000220,R020,,2026-03-20 20:40:14,Dine-In,Completed,3579.5,0.0,536.92,0,4116.42,Cash
O00002580,C0000306,R009,P0014,2026-07-18 19:51:45,Takeaway,Cancelled,2602.5,300.0,345.38,0,0.0,Card
O00002581,C0000013,R019,P0030,2025-09-22 04:10:08,Delivery Partner,Completed,4440.0,150.0,643.5,0,4933.5,Card
O00002582,C0000171,R005,,2026-07-07 03:14:31,Takeaway,Completed,2760.0,0.0,414.0,0,3174.0,Card
O00002583,C0000071,R023,,2026-07-16 15:34:51,Delivery Partner,Completed,8482.12,0.0,1272.32,100,9854.44,Cash
O00002584,C0000008,R012,,2026-07-23 15:22:25,Dine-In,Completed,3348.5,0.0,502.28,0,3850.78,Cash
O00002585,C0000034,R012,P0007,2025-07-25 14:52:36,Delivery Partner,Completed,1774.0,200.0,236.1,150,1960.1,Cash
O00002586,C0000341,R016,,2025-10-08 12:44:14,Takeaway,Completed,6051.0,0.0,907.65,0,6958.65,Mobile Wallet
O00002587,C0000036,R007,,2026-06-20 23:20:40,Mobile App,Completed,9061.0,0.0,1359.15,100,10520.15,Cash
O00002588,C0000031,R014,P0008,2025-09-14 12:27:03,Dine-In,Completed,5699.78,1424.94,641.23,0,4916.07,Cash
O00002589,C0000285,R022,,2026-01-22 15:12:52,Takeaway,Completed,4541.0,0.0,681.15,0,5222.15,Cash
O00002590,C0000807,R009,,2025-05-02 13:33:52,Dine-In,Completed,8992.5,0.0,1348.88,0,10341.38,Mobile Wallet
O00002591,C0000602,R015,,2025-03-31 09:37:35,Dine-In,Completed,2435.0,0.0,365.25,0,2800.25,Cash
O00002592,C0000808,R023,,2025-10-14 10:05:19,Dine-In,Completed,7069.5,0.0,1060.42,0,8129.92,Cash
O00002593,C0000318,R011,P0014,2026-01-10 21:43:26,Mobile App,Completed,3890.5,300.0,538.57,100,4229.07,Card
O00002594,C0000153,R004,,2025-10-04 20:03:20,Mobile App,Completed,13219.5,0.0,1982.92,100,15302.42,Card
O00002595,C0000511,R011,P0019,2026-01-09 10:04:59,Website,Completed,13133.45,500.0,1895.02,80,14608.47,Card
O00002596,C0000062,R009,,2025-12-07 20:54:21,Website,Completed,1765.5,0.0,264.82,120,2150.32,Mobile Wallet
O00002597,C0000007,R006,,2026-03-12 10:39:06,Delivery Partner,Completed,7646.0,0.0,1146.9,0,8792.9,Cash
O00002598,C0000108,R017,,2026-02-20 17:05:46,Delivery Partner,Completed,8488.5,0.0,1273.27,100,9861.77,Cash
O00002599,C0000081,R009,P0013,2025-10-21 07:20:53,Delivery Partner,Completed,4726.5,1181.62,531.73,80,4156.61,Cash
O00002600,C0000434,R023,,2025-10-21 20:27:30,Mobile App,Completed,8866.5,0.0,1329.98,0,10196.48,Mobile Wallet
O00002601,C0000283,R006,,2025-05-14 06:02:16,Takeaway,Completed,6830.0,0.0,1024.5,0,7854.5,Cash
O00002602,C0000019,R006,,2025-12-07 16:22:49,Mobile App,Completed,7363.0,0.0,1104.45,150,8617.45,Bank Transfer
O00002603,C0000814,R004,,2026-01-14 19:07:06,Mobile App,Completed,2538.0,0.0,380.7,0,2918.7,Mobile Wallet
O00002604,C0000330,R020,,2025-11-18 08:18:18,Takeaway,Completed,546.0,0.0,81.9,0,627.9,Card
O00002605,C0000192,R011,,2025-08-25 13:52:27,Mobile App,Completed,7599.0,0.0,1139.85,80,8818.85,Mobile Wallet
O00002606,C0000871,R003,,2026-04-01 06:10:09,Dine-In,Completed,3448.0,0.0,517.2,0,3965.2,Card
O00002607,C0000010,R024,,2025-04-09 18:49:26,Dine-In,Completed,7752.0,0.0,1162.8,0,8914.8,Card
O00002608,C0000604,R024,,2026-07-14 12:09:12,Website,Completed,2700.5,0.0,405.08,80,3185.58,Card
O00002609,C0000121,R018,,2025-03-11 16:57:01,Dine-In,Completed,3858.0,0.0,578.7,0,4436.7,Card
O00002610,C0000461,R016,,2026-08-10 21:27:21,Dine-In,Completed,8672.23,0.0,1300.83,0,9973.06,Cash
O00002611,C0000858,R021,,2025-11-10 12:19:58,Takeaway,Completed,11978.0,0.0,1796.7,0,13774.7,Card
O00002612,C0000248,R016,,2025-10-14 06:43:19,Takeaway,Completed,4970.0,0.0,745.5,0,5715.5,Mobile Wallet
O00002613,C0000002,R025,P0025,2025-07-17 18:51:59,Takeaway,Completed,10263.0,200.0,1509.45,0,11572.45,Card
O00002614,C0000002,R012,P0016,2025-03-06 19:27:42,Takeaway,Completed,1864.5,200.0,249.68,0,1914.18,Bank Transfer
O00002615,C0000099,R014,,2025-07-27 21:28:04,Dine-In,Completed,5940.5,0.0,891.08,0,6831.58,Cash
O00002616,C0000591,R009,,2025-04-27 09:07:05,Dine-In,Completed,6581.5,0.0,987.22,0,7568.72,Mobile Wallet
O00002617,C0000075,R007,P0009,2026-02-26 13:18:34,Dine-In,Completed,4634.0,463.4,625.59,0,4796.19,Mobile Wallet
O00002618,C0000101,R014,,2025-08-22 20:52:00,Mobile App,Refunded,4156.5,0.0,623.48,0,4779.98,Mobile Wallet
O00002619,C0000595,R020,,2026-04-24 19:47:34,Takeaway,Completed,10361.5,0.0,1554.22,0,11915.72,Mobile Wallet
O00002620,C0000014,R020,,2025-06-20 17:58:02,Delivery Partner,Completed,11949.5,0.0,1792.42,0,13741.92,Mobile Wallet
O00002621,C0000701,R010,P0026,2026-07-06 12:20:53,Mobile App,Completed,2082.5,312.38,265.52,150,2185.64,Card
O00002622,C0000064,R011,,2025-12-12 12:17:35,Mobile App,Completed,6105.0,0.0,915.75,100,7120.75,Mobile Wallet
O00002623,C0000004,R007,P0016,2025-04-30 08:08:06,Mobile App,Completed,10268.5,200.0,1510.28,150,11728.78,Cash
O00002624,C0000014,R019,P0004,2025-10-08 21:03:28,Mobile App,Completed,3736.0,373.6,504.36,120,3986.76,Card
O00002625,C0000901,R019,,2025-06-20 09:40:14,Delivery Partner,Completed,18971.0,0.0,2845.65,0,21816.65,Bank Transfer
O00002626,C0000187,R021,,2025-06-16 17:24:10,Dine-In,Completed,3401.0,0.0,510.15,0,3911.15,Cash
O00002627,C0000060,R011,P0028,2025-12-03 17:33:17,Dine-In,Completed,4863.5,500.0,654.52,0,5018.02,Cash
O00002628,C0000252,R006,,2026-03-05 13:08:43,Takeaway,Completed,4208.9,0.0,631.33,0,4840.23,Card
O00002629,C0000443,R008,,2026-07-12 13:08:03,Delivery Partner,Completed,4651.0,0.0,697.65,100,5448.65,Card
O00002630,C0000092,R001,,2025-12-01 18:17:23,Delivery Partner,Completed,16184.1,0.0,2427.61,80,18691.71,Card
O00002631,C0000504,R023,P0028,2026-08-12 13:10:10,Delivery Partner,Completed,3520.0,500.0,453.0,100,3573.0,Card
O00002632,C0000058,R008,,2026-07-29 11:12:05,Mobile App,Cancelled,2351.0,0.0,352.65,0,0.0,Card
O00002633,C0000013,R005,,2026-06-17 13:37:57,Delivery Partner,Completed,5815.0,0.0,872.25,100,6787.25,Card
O00002634,C0000281,R010,,2025-11-30 19:08:50,Dine-In,Completed,2950.0,0.0,442.5,0,3392.5,Card
O00002635,C0000022,R002,,2025-05-14 22:15:57,Mobile App,Completed,7447.0,0.0,1117.05,80,8644.05,Bank Transfer
O00002636,C0000877,R004,,2025-06-26 18:03:59,Delivery Partner,Completed,7833.5,0.0,1175.02,0,9008.52,Bank Transfer
O00002637,C0000001,R022,,2026-02-19 19:33:17,Website,Completed,9060.0,0.0,1359.0,150,10569.0,Mobile Wallet
O00002638,C0000550,R025,,2025-10-19 16:06:14,Takeaway,Completed,1480.0,0.0,222.0,0,1702.0,Cash
O00002639,C0000071,R002,,2025-05-18 17:14:02,Website,Completed,14035.5,0.0,2105.32,80,16220.82,Card
O00002640,C0000700,R015,,2025-11-19 23:56:16,Takeaway,Completed,12091.5,0.0,1813.72,0,13905.22,Mobile Wallet
O00002641,C0000005,R020,,2025-03-10 14:37:32,Dine-In,Completed,2910.18,0.0,436.53,0,3346.71,Card
O00002642,C0000902,R010,,2026-04-07 07:10:33,Website,Completed,10771.25,0.0,1615.69,80,12466.94,Bank Transfer
O00002643,C0000011,R021,,2025-04-09 21:31:29,Dine-In,Completed,18446.5,0.0,2766.98,0,21213.48,Card
O00002644,C0000601,R024,,2026-02-08 19:26:18,Dine-In,Completed,7306.0,0.0,1095.9,0,8401.9,Mobile Wallet
O00002645,C0000248,R024,P0025,2026-05-08 13:29:08,Mobile App,Completed,7669.5,200.0,1120.42,0,8589.92,Cash
O00002646,C0000169,R002,,2025-05-10 22:51:39,Mobile App,Completed,1370.0,0.0,205.5,100,1675.5,Card
O00002647,C0000071,R006,,2025-12-09 13:16:43,Dine-In,Completed,6214.2,0.0,932.13,0,7146.33,Mobile Wallet
O00002648,C0000691,R022,,2026-04-30 13:35:30,Dine-In,Completed,2596.5,0.0,389.48,0,2985.98,Mobile Wallet
O00002649,C0000037,R014,,2025-07-19 17:18:58,Delivery Partner,Completed,8245.0,0.0,1236.75,100,9581.75,Card
O00002650,C0000498,R005,,2025-05-27 12:06:26,Dine-In,Completed,3936.0,0.0,590.4,0,4526.4,Cash
O00002651,C0000182,R024,P0010,2025-09-01 18:42:46,Mobile App,Completed,2939.0,200.0,410.85,0,3149.85,Mobile Wallet
O00002652,C0000997,R002,P0005,2025-12-27 09:44:24,Delivery Partner,Completed,1082.0,0.0,162.3,150,1394.3,Card
O00002653,C0000351,R014,P0004,2026-01-07 08:58:54,Mobile App,Completed,9924.0,992.4,1339.74,100,10371.34,Cash
O00002654,C0000012,R013,,2025-05-09 16:57:06,Dine-In,Completed,11608.0,0.0,1741.2,0,13349.2,Card
O00002655,C0000161,R002,,2025-11-08 16:20:52,Mobile App,Completed,1350.0,0.0,202.5,150,1702.5,Mobile Wallet
O00002656,C0000006,R023,,2025-07-24 08:27:47,Mobile App,Completed,8810.5,0.0,1321.58,80,10212.08,Card
O00002657,C0000074,R009,,2026-06-04 22:02:06,Website,Completed,6794.0,0.0,1019.1,80,7893.1,Mobile Wallet
O00002658,C0000107,R003,,2025-08-19 17:13:19,Mobile App,Completed,6197.0,0.0,929.55,100,7226.55,Card
O00002659,C0000712,R015,P0028,2026-06-02 09:01:52,Dine-In,Completed,1387.0,0.0,208.05,0,1595.05,Card
O00002660,C0000685,R023,,2025-10-23 12:28:43,Dine-In,Completed,6354.0,0.0,953.1,0,7307.1,Cash
O00002661,C0000001,R003,,2026-04-03 19:17:48,Takeaway,Completed,4074.78,0.0,611.22,0,4686.0,Card
O00002662,C0000263,R012,P0011,2025-12-05 16:36:42,Website,Completed,9727.05,2431.76,1094.29,100,8489.58,Cash
O00002663,C0000046,R006,P0017,2026-02-03 10:44:35,Mobile App,Completed,6971.0,300.0,1000.65,100,7771.65,Cash
O00002664,C0000093,R019,,2025-10-05 08:44:18,Dine-In,Completed,3047.5,0.0,457.12,0,3504.62,Cash
O00002665,C0000002,R017,P0001,2026-04-25 14:23:01,Delivery Partner,Completed,2976.5,500.0,371.48,120,2967.98,Cash
O00002666,C0000541,R006,P0009,2025-10-21 13:55:33,Mobile App,Completed,8253.45,825.34,1114.22,80,8622.33,Cash
O00002667,C0000897,R019,,2025-11-08 18:45:55,Delivery Partner,Completed,6830.0,0.0,1024.5,80,7934.5,Card
O00002668,C0000044,R017,P0023,2025-12-09 21:11:16,Mobile App,Completed,2549.4,382.41,325.05,0,2492.04,Cash
O00002669,C0000106,R016,,2026-05-30 11:52:23,Mobile App,Completed,4134.0,0.0,620.1,120,4874.1,Cash
O00002670,C0000039,R021,,2026-02-26 20:44:08,Mobile App,Completed,5539.0,0.0,830.85,0,6369.85,Bank Transfer
O00002671,C0000856,R008,,2025-09-08 21:31:53,Website,Completed,3194.0,0.0,479.1,100,3773.1,Card
O00002672,C0000001,R024,,2026-03-04 20:17:00,Website,Completed,10126.3,0.0,1518.94,100,11745.24,Card
O00002673,C0000319,R024,,2026-02-15 21:12:41,Website,Completed,6685.18,0.0,1002.78,100,7787.96,Cash
O00002674,C0000744,R019,,2026-07-23 20:03:27,Takeaway,Completed,6593.0,0.0,988.95,0,7581.95,Card
O00002675,C0000032,R008,P0025,2026-06-04 17:22:54,Mobile App,Completed,4322.0,200.0,618.3,80,4820.3,Card
O00002676,C0000326,R020,,2026-02-19 13:53:14,Takeaway,Completed,7855.0,0.0,1178.25,0,9033.25,Card
O00002677,C0000004,R015,,2025-09-04 15:09:20,Delivery Partner,Completed,13503.5,0.0,2025.52,150,15679.02,Card
O00002678,C0000645,R008,P0013,2026-05-01 20:54:14,Dine-In,Completed,661.5,0.0,99.22,0,760.72,Mobile Wallet
O00002679,C0000068,R003,,2026-01-07 12:04:56,Dine-In,Completed,6133.0,0.0,919.95,0,7052.95,Bank Transfer
O00002680,C0000976,R016,P0018,2026-08-23 09:49:22,Dine-In,Completed,8520.0,2556.0,894.6,0,6858.6,Mobile Wallet
O00002681,C0000841,R003,,2025-07-12 08:39:52,Dine-In,Completed,3445.0,0.0,516.75,0,3961.75,Cash
O00002682,C0000515,R001,,2025-04-12 20:13:01,Dine-In,Completed,6093.7,0.0,914.06,0,7007.76,Mobile Wallet
O00002683,C0000228,R008,P0025,2025-04-07 19:59:45,Dine-In,Completed,3407.5,200.0,481.12,0,3688.62,Cash
O00002684,C0000567,R024,P0013,2026-02-14 15:33:35,Takeaway,Completed,3228.5,807.12,363.21,0,2784.59,Card
O00002685,C0000017,R009,P0028,2026-07-28 12:27:49,Dine-In,Completed,7775.0,500.0,1091.25,0,8366.25,Card
O00002686,C0000087,R022,,2025-03-01 18:07:08,Delivery Partner,Completed,4317.5,0.0,647.62,120,5085.12,Card
O00002687,C0000002,R012,P0013,2026-04-03 05:15:01,Dine-In,Completed,10687.5,2671.88,1202.34,0,9217.96,Card
O00002688,C0000393,R018,,2026-02-24 17:30:01,Delivery Partner,Completed,3985.3,0.0,597.79,80,4663.09,Mobile Wallet
O00002689,C0000630,R017,P0024,2026-04-06 13:06:17,Delivery Partner,Completed,8225.95,2467.79,863.72,120,6741.88,Mobile Wallet
O00002690,C0000889,R008,,2025-09-12 22:02:16,Dine-In,Completed,8658.55,0.0,1298.78,0,9957.33,Cash
O00002691,C0000449,R020,,2026-05-23 15:28:40,Dine-In,Completed,5150.0,0.0,772.5,0,5922.5,Mobile Wallet
O00002692,C0000514,R011,,2025-03-24 16:35:07,Dine-In,Cancelled,12630.0,0.0,1894.5,0,0.0,Mobile Wallet
O00002693,C0000790,R007,,2026-04-18 18:38:33,Mobile App,Completed,4063.0,0.0,609.45,150,4822.45,Cash
O00002694,C0000869,R014,,2025-07-23 15:03:33,Mobile App,Completed,9138.0,0.0,1370.7,0,10508.7,Card
O00002695,C0000223,R010,,2025-11-18 11:08:04,Takeaway,Completed,3235.5,0.0,485.32,0,3720.82,Mobile Wallet
O00002696,C0000013,R015,,2026-05-24 16:54:43,Takeaway,Completed,5180.0,0.0,777.0,0,5957.0,Card
O00002697,C0000200,R012,,2025-07-26 21:16:28,Mobile App,Completed,6916.0,0.0,1037.4,100,8053.4,Mobile Wallet
O00002698,C0000288,R020,,2025-06-08 13:48:27,Takeaway,Completed,7347.5,0.0,1102.12,0,8449.62,Card
O00002699,C0000376,R017,,2026-03-10 18:19:15,Delivery Partner,Completed,7140.0,0.0,1071.0,80,8291.0,Bank Transfer
O00002700,C0000978,R008,,2025-12-17 22:13:13,Mobile App,Completed,4105.5,0.0,615.82,0,4721.32,Bank Transfer
O00002701,C0000832,R014,P0016,2025-12-07 20:45:51,Dine-In,Completed,8638.73,200.0,1265.81,0,9704.54,Cash
O00002702,C0000143,R025,,2025-07-17 18:28:01,Dine-In,Completed,5824.8,0.0,873.72,0,6698.52,Card
O00002703,C0000013,R015,P0024,2025-03-19 19:56:55,Mobile App,Completed,8010.3,2403.09,841.08,120,6568.29,Card
O00002704,C0000042,R025,,2025-10-13 21:12:39,Takeaway,Cancelled,4322.0,0.0,648.3,0,0.0,Cash
O00002705,C0000029,R025,,2025-04-26 21:35:03,Dine-In,Completed,3179.5,0.0,476.92,0,3656.42,Card
O00002706,C0000115,R011,P0005,2026-07-09 22:44:51,Takeaway,Completed,6410.0,100.0,946.5,0,7256.5,Mobile Wallet
O00002707,C0000754,R012,,2025-03-23 17:52:40,Takeaway,Completed,630.0,0.0,94.5,0,724.5,Mobile Wallet
O00002708,C0000176,R020,P0027,2025-10-25 13:16:51,Mobile App,Completed,7339.0,300.0,1055.85,120,8214.85,Mobile Wallet
O00002709,C0000300,R016,,2025-03-29 08:46:30,Dine-In,Completed,5599.85,0.0,839.98,0,6439.83,Cash
O00002710,C0000030,R025,,2025-04-20 13:49:25,Website,Completed,3823.0,0.0,573.45,120,4516.45,Mobile Wallet
O00002711,C0000224,R020,,2026-02-25 21:42:26,Takeaway,Completed,4979.5,0.0,746.92,0,5726.42,Card
O00002712,C0000749,R018,,2026-02-18 20:03:56,Mobile App,Completed,3691.0,0.0,553.65,80,4324.65,Cash
O00002713,C0000578,R010,P0026,2025-03-18 16:59:50,Mobile App,Completed,4260.0,639.0,543.15,0,4164.15,Card
O00002714,C0000008,R019,,2025-03-01 16:19:33,Mobile App,Completed,7873.0,0.0,1180.95,150,9203.95,Mobile Wallet
O00002715,C0000728,R018,,2025-04-12 12:10:30,Mobile App,Completed,9603.5,0.0,1440.52,150,11194.02,Card
O00002716,C0000068,R001,P0023,2026-04-22 14:41:47,Takeaway,Completed,580.0,0.0,87.0,0,667.0,Bank Transfer
O00002717,C0000420,R022,,2026-01-13 18:21:10,Delivery Partner,Completed,11250.0,0.0,1687.5,0,12937.5,Card
O00002718,C0000021,R004,,2025-03-21 13:44:07,Mobile App,Completed,5738.25,0.0,860.74,120,6718.99,Card
O00002719,C0000432,R023,P0027,2025-11-24 10:53:11,Takeaway,Completed,9962.0,300.0,1449.3,0,11111.3,Cash
O00002720,C0000003,R007,,2026-03-27 16:07:34,Takeaway,Completed,6336.4,0.0,950.46,0,7286.86,Cash
O00002721,C0000339,R001,,2026-06-19 11:27:44,Dine-In,Completed,1942.5,0.0,291.38,0,2233.88,Card
O00002722,C0000395,R025,,2026-07-25 22:44:33,Website,Completed,6435.0,0.0,965.25,150,7550.25,Card
O00002723,C0000055,R008,P0024,2025-08-27 13:40:12,Takeaway,Completed,5622.0,1686.6,590.31,0,4525.71,Card
O00002724,C0000870,R017,,2025-05-11 21:29:26,Delivery Partner,Completed,7324.5,0.0,1098.68,100,8523.18,Card
O00002725,C0000003,R008,,2025-07-06 11:32:07,Dine-In,Completed,3200.0,0.0,480.0,0,3680.0,Mobile Wallet
O00002726,C0000783,R005,P0013,2026-04-29 10:32:46,Mobile App,Completed,14496.0,3624.0,1630.8,80,12582.8,Card
O00002727,C0000133,R001,P0026,2026-08-15 17:46:55,Website,Completed,13675.0,2051.25,1743.56,80,13447.31,Card
O00002728,C0000487,R015,,2025-11-13 19:53:20,Delivery Partner,Completed,7020.0,0.0,1053.0,0,8073.0,Mobile Wallet
O00002729,C0000402,R004,,2025-08-14 17:35:40,Dine-In,Completed,7974.5,0.0,1196.18,0,9170.68,Cash
O00002730,C0000027,R007,,2025-10-24 11:26:10,Delivery Partner,Completed,7302.0,0.0,1095.3,80,8477.3,Bank Transfer
O00002731,C0000092,R014,,2025-08-14 05:19:21,Delivery Partner,Completed,6407.5,0.0,961.12,100,7468.62,Mobile Wallet
O00002732,C0000260,R012,,2025-07-17 17:32:20,Delivery Partner,Completed,3364.0,0.0,504.6,150,4018.6,Cash
O00002733,C0000700,R021,,2026-01-18 08:24:27,Delivery Partner,Completed,5651.18,0.0,847.68,120,6618.86,Mobile Wallet
O00002734,C0000906,R003,,2025-03-09 13:43:02,Delivery Partner,Completed,7180.0,0.0,1077.0,100,8357.0,Bank Transfer
O00002735,C0000001,R020,P0001,2025-07-19 18:42:06,Mobile App,Completed,8047.0,500.0,1132.05,80,8759.05,Mobile Wallet
O00002736,C0000113,R018,,2026-02-27 08:18:13,Delivery Partner,Completed,5455.0,0.0,818.25,150,6423.25,Card
O00002737,C0000424,R008,,2025-03-18 08:46:14,Mobile App,Completed,6700.0,0.0,1005.0,100,7805.0,Bank Transfer
O00002738,C0000258,R002,,2025-04-13 07:20:08,Mobile App,Completed,3896.0,0.0,584.4,100,4580.4,Cash
O00002739,C0000882,R006,,2025-08-07 23:41:51,Mobile App,Completed,7279.25,0.0,1091.89,0,8371.14,Card
O00002740,C0000001,R007,,2026-06-23 13:32:42,Delivery Partner,Completed,7652.0,0.0,1147.8,0,8799.8,Cash
O00002741,C0000175,R007,P0010,2026-04-23 20:55:06,Dine-In,Completed,1790.0,200.0,238.5,0,1828.5,Card
O00002742,C0000425,R013,P0030,2025-03-12 12:02:11,Delivery Partner,Completed,2101.5,150.0,292.72,120,2364.22,Bank Transfer
O00002743,C0000044,R001,,2025-12-01 19:13:18,Takeaway,Completed,6085.5,0.0,912.82,0,6998.32,Mobile Wallet
O00002744,C0000505,R008,P0029,2025-07-27 11:14:26,Takeaway,Completed,6506.5,1951.95,683.18,0,5237.73,Mobile Wallet
O00002745,C0000008,R025,,2026-02-19 15:32:17,Dine-In,Cancelled,1800.0,0.0,270.0,0,0.0,Card
O00002746,C0000186,R023,,2026-04-01 20:41:12,Takeaway,Completed,4289.5,0.0,643.42,0,4932.92,Bank Transfer
O00002747,C0000435,R013,P0004,2026-06-15 19:21:42,Delivery Partner,Completed,12371.9,1237.19,1670.21,80,12884.92,Card
O00002748,C0000065,R024,P0017,2025-11-17 19:00:00,Mobile App,Completed,4447.5,300.0,622.12,0,4769.62,Cash
O00002749,C0000007,R020,,2026-08-29 20:30:37,Mobile App,Completed,3270.0,0.0,490.5,100,3860.5,Card
O00002750,C0000911,R024,,2026-08-20 10:46:20,Dine-In,Completed,5966.0,0.0,894.9,0,6860.9,Card
O00002751,C0000825,R019,,2026-06-26 14:34:33,Delivery Partner,Completed,4819.3,0.0,722.9,150,5692.2,Cash
O00002752,C0000849,R017,,2026-01-07 15:52:12,Delivery Partner,Completed,2810.55,0.0,421.58,100,3332.13,Bank Transfer
O00002753,C0000955,R013,,2025-10-06 20:19:44,Mobile App,Completed,7250.0,0.0,1087.5,0,8337.5,Card
O00002754,C0000032,R016,,2025-09-17 12:31:50,Takeaway,Completed,4077.5,0.0,611.62,0,4689.12,Bank Transfer
O00002755,C0000024,R024,,2025-03-07 21:54:40,Mobile App,Completed,8491.5,0.0,1273.72,150,9915.22,Card
O00002756,C0000002,R015,,2025-07-13 14:53:50,Mobile App,Completed,2270.0,0.0,340.5,150,2760.5,Cash
O00002757,C0000783,R011,,2026-03-30 18:11:22,Takeaway,Completed,5573.0,0.0,835.95,0,6408.95,Cash
O00002758,C0000545,R012,,2026-01-24 12:50:00,Delivery Partner,Completed,2293.0,0.0,343.95,150,2786.95,Mobile Wallet
O00002759,C0000378,R022,,2026-07-15 13:15:22,Delivery Partner,Completed,12600.0,0.0,1890.0,100,14590.0,Cash
O00002760,C0000852,R025,,2025-03-28 18:58:56,Takeaway,Completed,5566.18,0.0,834.93,0,6401.11,Card
O00002761,C0000309,R003,,2025-05-23 15:07:27,Delivery Partner,Completed,16242.0,0.0,2436.3,120,18798.3,Cash
O00002762,C0000017,R024,P0012,2026-05-06 21:55:58,Dine-In,Completed,8617.0,150.0,1270.05,0,9737.05,Mobile Wallet
O00002763,C0000029,R025,P0012,2025-09-14 19:13:31,Mobile App,Completed,14643.5,150.0,2174.02,150,16817.52,Cash
O00002764,C0000017,R009,,2025-05-02 17:17:07,Mobile App,Completed,3403.5,0.0,510.52,0,3914.02,Cash
O00002765,C0000086,R014,,2026-08-30 20:54:54,Dine-In,Completed,5554.5,0.0,833.18,0,6387.68,Mobile Wallet
O00002766,C0000131,R007,,2026-05-05 18:29:25,Dine-In,Completed,4566.5,0.0,684.98,0,5251.48,Card
O00002767,C0000616,R011,,2025-10-12 18:32:13,Takeaway,Completed,4901.5,0.0,735.22,0,5636.72,Card
O00002768,C0000034,R010,,2026-05-25 11:33:23,Website,Completed,14166.0,0.0,2124.9,100,16390.9,Mobile Wallet
O00002769,C0000504,R003,,2026-03-09 13:55:47,Delivery Partner,Completed,11997.0,0.0,1799.55,0,13796.55,Mobile Wallet
O00002770,C0000222,R019,P0028,2026-05-06 18:43:28,Mobile App,Completed,7652.0,500.0,1072.8,100,8324.8,Card
O00002771,C0001000,R002,,2026-05-20 20:48:03,Mobile App,Completed,4296.0,0.0,644.4,150,5090.4,Mobile Wallet
O00002772,C0000583,R017,,2025-04-14 12:33:17,Mobile App,Completed,5233.5,0.0,785.02,0,6018.52,Bank Transfer
O00002773,C0000935,R002,,2026-02-04 10:59:13,Takeaway,Completed,8704.0,0.0,1305.6,0,10009.6,Card
O00002774,C0000106,R021,P0019,2025-03-04 17:48:26,Delivery Partner,Completed,12607.0,500.0,1816.05,100,14023.05,Mobile Wallet
O00002775,C0000015,R016,,2025-03-24 07:52:40,Mobile App,Completed,3702.0,0.0,555.3,80,4337.3,Mobile Wallet
O00002776,C0000237,R017,P0019,2026-07-08 18:06:46,Dine-In,Completed,3330.5,500.0,424.58,0,3255.08,Mobile Wallet
O00002777,C0000016,R010,,2025-12-14 18:05:02,Dine-In,Completed,2988.7,0.0,448.3,0,3437.0,Card
O00002778,C0000224,R004,P0012,2026-04-08 13:05:29,Delivery Partner,Completed,8292.0,150.0,1221.3,100,9463.3,Bank Transfer
O00002779,C0000066,R011,,2026-06-02 20:21:58,Dine-In,Completed,3964.0,0.0,594.6,0,4558.6,Cash
O00002780,C0000222,R017,,2026-08-02 15:07:35,Delivery Partner,Cancelled,8870.5,0.0,1330.58,80,0.0,Bank Transfer
O00002781,C0000896,R024,,2026-06-19 18:36:22,Dine-In,Completed,6944.5,0.0,1041.68,0,7986.18,Cash
O00002782,C0000076,R012,P0024,2025-11-22 10:14:17,Mobile App,Completed,4803.5,1441.05,504.37,150,4016.82,Card
O00002783,C0000986,R021,,2025-08-31 14:25:45,Takeaway,Completed,3087.9,0.0,463.18,0,3551.08,Mobile Wallet
O00002784,C0000048,R010,P0013,2025-05-22 20:38:46,Delivery Partner,Completed,4919.0,1229.75,553.39,0,4242.64,Cash
O00002785,C0000040,R016,,2025-10-08 10:02:39,Mobile App,Completed,8664.5,0.0,1299.68,120,10084.18,Cash
O00002786,C0000276,R004,P0021,2025-09-18 13:56:59,Dine-In,Completed,1140.0,0.0,171.0,0,1311.0,Card
O00002787,C0000692,R003,,2025-12-30 12:09:09,Takeaway,Completed,2640.0,0.0,396.0,0,3036.0,Mobile Wallet
O00002788,C0000540,R009,,2026-03-01 09:02:55,Takeaway,Completed,3242.0,0.0,486.3,0,3728.3,Cash
O00002789,C0000501,R006,P0030,2026-08-19 12:29:11,Delivery Partner,Refunded,6920.0,150.0,1015.5,80,7865.5,Card
O00002790,C0000072,R012,,2026-04-04 11:45:52,Website,Completed,10446.0,0.0,1566.9,150,12162.9,Card
O00002791,C0000002,R001,,2026-02-16 21:21:40,Delivery Partner,Completed,7033.35,0.0,1055.0,0,8088.35,Cash
O00002792,C0000025,R014,P0028,2025-08-31 19:02:07,Dine-In,Cancelled,11253.0,500.0,1612.95,0,0.0,Card
O00002793,C0000111,R024,,2025-03-19 12:00:31,Mobile App,Completed,10123.0,0.0,1518.45,120,11761.45,Cash
O00002794,C0000941,R010,,2025-08-04 19:32:16,Delivery Partner,Completed,5865.5,0.0,879.82,100,6845.32,Card
O00002795,C0000836,R018,,2026-04-25 03:18:40,Delivery Partner,Completed,2698.5,0.0,404.78,120,3223.28,Mobile Wallet
O00002796,C0000037,R013,,2025-06-19 16:35:44,Dine-In,Completed,5391.5,0.0,808.72,0,6200.22,Mobile Wallet
O00002797,C0000505,R009,P0013,2026-03-27 11:33:13,Website,Completed,3798.5,949.62,427.33,120,3396.21,Card
O00002798,C0000314,R023,,2026-01-10 08:56:36,Website,Completed,2719.0,0.0,407.85,0,3126.85,Cash
O00002799,C0000004,R019,,2025-06-01 20:30:08,Mobile App,Completed,6029.5,0.0,904.42,0,6933.92,Mobile Wallet
O00002800,C0000125,R004,P0019,2025-07-20 10:42:56,Dine-In,Completed,4636.6,500.0,620.49,0,4757.09,Mobile Wallet
O00002801,C0000218,R003,P0024,2025-11-28 20:23:57,Dine-In,Completed,3003.0,900.9,315.32,0,2417.42,Card
O00002802,C0000423,R006,,2025-10-18 13:11:25,Delivery Partner,Completed,5384.0,0.0,807.6,100,6291.6,Card
O00002803,C0000079,R009,,2026-04-30 01:12:47,Takeaway,Completed,5583.0,0.0,837.45,0,6420.45,Bank Transfer
O00002804,C0000864,R010,P0009,2026-04-07 19:15:50,Takeaway,Completed,10222.5,1022.25,1380.04,0,10580.29,Card
O00002805,C0000187,R009,P0023,2026-01-07 17:15:23,Delivery Partner,Completed,3018.0,452.7,384.8,150,3100.1,Mobile Wallet
O00002806,C0000056,R017,P0025,2026-05-24 13:50:22,Website,Completed,3150.0,200.0,442.5,150,3542.5,Card
O00002807,C0000091,R010,,2025-12-31 12:54:30,Delivery Partner,Completed,7257.0,0.0,1088.55,0,8345.55,Cash
O00002808,C0000544,R006,P0003,2026-08-11 07:51:38,Dine-In,Completed,5632.9,200.0,814.94,0,6247.84,Cash
O00002809,C0000387,R016,,2025-06-25 21:52:43,Website,Completed,4729.0,0.0,709.35,100,5538.35,Mobile Wallet
O00002810,C0000529,R017,P0018,2026-03-28 15:19:57,Dine-In,Completed,5290.0,1587.0,555.45,0,4258.45,Card
O00002811,C0000077,R011,,2025-09-20 07:40:01,Dine-In,Completed,6180.05,0.0,927.01,0,7107.06,Card
O00002812,C0000097,R020,P0011,2025-07-30 20:47:49,Dine-In,Completed,6292.5,1573.12,707.91,0,5427.29,Cash
O00002813,C0000143,R007,,2025-06-05 12:26:17,Mobile App,Completed,1280.0,0.0,192.0,100,1572.0,Mobile Wallet
O00002814,C0000033,R004,,2025-12-26 10:38:15,Website,Completed,10901.5,0.0,1635.22,0,12536.72,Mobile Wallet
O00002815,C0000455,R025,,2025-06-24 12:12:28,Mobile App,Completed,6622.3,0.0,993.34,100,7715.64,Card
O00002816,C0000098,R010,P0027,2025-06-16 17:03:10,Dine-In,Completed,4206.0,300.0,585.9,0,4491.9,Mobile Wallet
O00002817,C0000096,R021,,2026-08-26 07:31:01,Mobile App,Completed,5497.0,0.0,824.55,150,6471.55,Cash
O00002818,C0000066,R014,,2026-05-13 14:44:13,Dine-In,Refunded,3103.0,0.0,465.45,0,3568.45,Card
O00002819,C0000188,R025,P0014,2026-04-14 20:39:03,Dine-In,Completed,3614.0,300.0,497.1,0,3811.1,Card
O00002820,C0000575,R017,P0019,2026-05-09 10:33:38,Mobile App,Completed,9263.5,500.0,1314.52,120,10198.02,Mobile Wallet
O00002821,C0000681,R014,,2026-08-14 12:38:33,Takeaway,Completed,2692.5,0.0,403.88,0,3096.38,Card
O00002822,C0000628,R020,P0026,2026-01-06 13:42:52,Mobile App,Completed,12447.0,1867.05,1586.99,80,12246.94,Card
O00002823,C0000363,R023,,2025-06-27 17:16:45,Mobile App,Completed,11532.5,0.0,1729.88,80,13342.38,Cash
O00002824,C0000071,R013,P0015,2026-06-15 21:23:38,Dine-In,Completed,1390.0,200.0,178.5,0,1368.5,Cash
O00002825,C0000518,R002,,2026-04-11 13:28:08,Delivery Partner,Completed,8291.0,0.0,1243.65,150,9684.65,Mobile Wallet
O00002826,C0000003,R009,,2025-10-15 07:45:39,Mobile App,Completed,4460.0,0.0,669.0,120,5249.0,Cash
O00002827,C0000618,R003,,2025-11-16 13:27:40,Dine-In,Cancelled,8257.5,0.0,1238.62,0,0.0,Cash
O00002828,C0000589,R004,,2025-10-14 10:44:06,Mobile App,Completed,5588.0,0.0,838.2,80,6506.2,Card
O00002829,C0000426,R012,,2026-07-23 18:46:50,Mobile App,Completed,10925.5,0.0,1638.82,100,12664.32,Card
O00002830,C0000010,R015,,2025-09-05 04:21:16,Website,Cancelled,9460.0,0.0,1419.0,150,0.0,Card
O00002831,C0000995,R020,,2026-08-11 12:27:57,Delivery Partner,Completed,5523.0,0.0,828.45,150,6501.45,Card
O00002832,C0000551,R008,,2026-07-12 16:52:22,Delivery Partner,Completed,12454.0,0.0,1868.1,150,14472.1,Cash
O00002833,C0000518,R018,P0016,2026-02-08 12:24:44,Delivery Partner,Completed,8182.6,200.0,1197.39,150,9329.99,Cash
O00002834,C0000005,R005,,2026-01-10 16:40:10,Mobile App,Completed,12777.5,0.0,1916.62,150,14844.12,Cash
O00002835,C0000145,R002,,2025-09-20 08:02:21,Mobile App,Completed,5404.5,0.0,810.68,0,6215.18,Card
O00002836,C0000008,R022,,2025-03-10 21:56:17,Dine-In,Completed,1356.0,0.0,203.4,0,1559.4,Mobile Wallet
O00002837,C0000118,R009,,2025-05-07 12:12:48,Delivery Partner,Completed,3632.0,0.0,544.8,100,4276.8,Cash
O00002838,C0000304,R025,P0005,2026-04-18 21:30:27,Dine-In,Completed,4258.0,100.0,623.7,0,4781.7,Mobile Wallet
O00002839,C0000759,R014,,2025-11-15 12:12:15,Mobile App,Completed,4318.0,0.0,647.7,80,5045.7,Mobile Wallet
O00002840,C0000073,R001,,2025-05-19 19:40:41,Dine-In,Completed,3813.0,0.0,571.95,0,4384.95,Cash
O00002841,C0000366,R020,P0030,2025-07-21 11:17:03,Takeaway,Completed,17776.0,150.0,2643.9,0,20269.9,Mobile Wallet
O00002842,C0000026,R004,,2026-08-02 18:36:35,Dine-In,Completed,486.0,0.0,72.9,0,558.9,Mobile Wallet
O00002843,C0000114,R017,,2025-09-19 12:42:21,Dine-In,Completed,3106.5,0.0,465.98,0,3572.48,Mobile Wallet
O00002844,C0000891,R010,,2026-07-10 15:33:10,Dine-In,Completed,3789.0,0.0,568.35,0,4357.35,Mobile Wallet
O00002845,C0000538,R002,,2025-08-14 18:16:20,Takeaway,Completed,3880.5,0.0,582.07,0,4462.57,Card
O00002846,C0000277,R006,,2025-12-21 17:54:56,Mobile App,Completed,10086.2,0.0,1512.93,120,11719.13,Cash
O00002847,C0000058,R019,,2025-03-11 17:51:39,Mobile App,Completed,3590.0,0.0,538.5,150,4278.5,Card
O00002848,C0000131,R009,,2025-12-11 07:20:40,Mobile App,Completed,1186.0,0.0,177.9,120,1483.9,Cash
O00002849,C0000024,R019,,2026-02-12 11:35:15,Mobile App,Completed,2557.75,0.0,383.66,100,3041.41,Card
O00002850,C0000113,R019,P0020,2025-07-05 17:53:41,Delivery Partner,Completed,4885.0,732.75,622.84,120,4895.09,Mobile Wallet
O00002851,C0000022,R009,,2026-01-10 02:58:54,Mobile App,Completed,6605.5,0.0,990.82,0,7596.32,Card
O00002852,C0000613,R003,,2026-02-18 11:49:08,Dine-In,Completed,5531.0,0.0,829.65,0,6360.65,Card
O00002853,C0000008,R006,,2026-03-13 11:55:34,Dine-In,Completed,6560.0,0.0,984.0,0,7544.0,Cash
O00002854,C0000033,R006,,2026-04-29 11:51:56,Takeaway,Completed,6928.0,0.0,1039.2,0,7967.2,Cash
O00002855,C0000455,R017,,2025-08-17 16:39:33,Delivery Partner,Completed,4830.0,0.0,724.5,100,5654.5,Cash
O00002856,C0000803,R013,P0023,2026-01-03 17:18:08,Dine-In,Completed,5100.0,765.0,650.25,0,4985.25,Mobile Wallet
O00002857,C0000926,R013,,2026-08-21 20:11:12,Website,Completed,7591.5,0.0,1138.72,120,8850.22,Bank Transfer
O00002858,C0000682,R007,,2026-07-05 13:27:05,Dine-In,Completed,1390.0,0.0,208.5,0,1598.5,Card
O00002859,C0000041,R009,P0017,2026-08-04 21:10:03,Takeaway,Completed,6462.0,300.0,924.3,0,7086.3,Cash
O00002860,C0000074,R025,P0030,2025-09-30 18:47:59,Website,Completed,7470.0,150.0,1098.0,0,8418.0,Mobile Wallet
O00002861,C0000744,R025,,2026-05-04 21:36:45,Takeaway,Completed,5222.0,0.0,783.3,0,6005.3,Mobile Wallet
O00002862,C0000778,R018,P0003,2026-02-02 20:27:27,Mobile App,Completed,4047.0,200.0,577.05,120,4544.05,Bank Transfer
O00002863,C0000388,R001,,2025-04-13 18:34:10,Delivery Partner,Completed,16836.0,0.0,2525.4,80,19441.4,Card
O00002864,C0000089,R022,,2026-05-25 13:43:33,Dine-In,Completed,15242.85,0.0,2286.43,0,17529.28,Card
O00002865,C0000046,R022,,2026-03-08 11:14:57,Mobile App,Completed,6810.0,0.0,1021.5,150,7981.5,Card
O00002866,C0000711,R020,P0020,2025-06-15 11:15:34,Takeaway,Completed,2570.0,385.5,327.68,0,2512.18,Cash
O00002867,C0000039,R013,,2025-04-12 21:44:04,Delivery Partner,Completed,9348.0,0.0,1402.2,80,10830.2,Mobile Wallet
O00002868,C0000415,R008,,2026-06-01 21:06:56,Delivery Partner,Completed,17443.5,0.0,2616.52,80,20140.02,Mobile Wallet
O00002869,C0000933,R021,P0005,2025-04-12 19:46:38,Dine-In,Completed,14444.0,100.0,2151.6,0,16495.6,Mobile Wallet
O00002870,C0000475,R023,,2025-04-18 20:02:10,Delivery Partner,Completed,4232.5,0.0,634.88,120,4987.38,Card
O00002871,C0000060,R009,P0020,2025-10-23 21:30:11,Dine-In,Cancelled,7381.5,1107.22,941.14,0,0.0,Mobile Wallet
O00002872,C0000072,R001,,2025-05-11 15:11:42,Dine-In,Cancelled,7119.0,0.0,1067.85,0,0.0,Card
O00002873,C0000010,R009,,2026-07-13 18:07:18,Mobile App,Completed,7313.5,0.0,1097.02,120,8530.52,Cash
O00002874,C0000448,R020,P0023,2025-11-15 14:24:12,Website,Completed,8970.0,1345.5,1143.68,100,8868.18,Mobile Wallet
O00002875,C0000249,R023,,2026-01-04 14:43:03,Website,Completed,1554.0,0.0,233.1,0,1787.1,Card
O00002876,C0000039,R011,,2026-07-22 05:49:13,Mobile App,Completed,5446.0,0.0,816.9,80,6342.9,Mobile Wallet
O00002877,C0000047,R020,,2025-12-15 14:34:43,Mobile App,Refunded,4018.5,0.0,602.78,100,4721.28,Card
O00002878,C0000001,R004,,2025-09-11 18:11:58,Delivery Partner,Completed,2207.5,0.0,331.12,150,2688.62,Mobile Wallet
O00002879,C0000955,R016,P0023,2026-05-10 14:54:01,Delivery Partner,Completed,3897.0,584.55,496.87,100,3909.32,Card
O00002880,C0000668,R014,P0013,2025-10-31 20:20:07,Website,Completed,13864.5,3466.12,1559.76,80,12038.14,Mobile Wallet
O00002881,C0000141,R020,,2025-08-22 13:25:21,Dine-In,Completed,4366.0,0.0,654.9,0,5020.9,Bank Transfer
O00002882,C0000888,R022,,2026-04-01 08:54:50,Delivery Partner,Completed,3280.0,0.0,492.0,150,3922.0,Mobile Wallet
O00002883,C0000436,R021,,2026-05-13 19:01:12,Website,Completed,5130.0,0.0,769.5,0,5899.5,Card
O00002884,C0000543,R018,,2026-05-07 18:13:20,Delivery Partner,Cancelled,11443.0,0.0,1716.45,0,0.0,Cash
O00002885,C0000440,R025,,2026-08-19 11:45:20,Dine-In,Completed,3069.0,0.0,460.35,0,3529.35,Bank Transfer
O00002886,C0000552,R022,,2026-05-04 16:03:27,Website,Completed,8740.0,0.0,1311.0,150,10201.0,Bank Transfer
O00002887,C0000028,R022,,2026-04-25 13:16:32,Delivery Partner,Completed,7404.0,0.0,1110.6,150,8664.6,Cash
O00002888,C0000295,R009,,2026-06-13 21:46:28,Mobile App,Completed,12256.0,0.0,1838.4,0,14094.4,Card
O00002889,C0000705,R001,,2025-03-01 17:47:36,Website,Cancelled,6810.0,0.0,1021.5,0,0.0,Card
O00002890,C0000001,R023,P0019,2025-09-16 09:04:21,Delivery Partner,Completed,9992.0,500.0,1423.8,80,10995.8,Cash
O00002891,C0000015,R003,,2026-04-09 15:23:57,Mobile App,Cancelled,3522.0,0.0,528.3,150,0.0,Cash
O00002892,C0000055,R020,,2026-01-21 20:48:25,Website,Completed,6265.5,0.0,939.82,150,7355.32,Card
O00002893,C0000079,R001,,2025-06-04 18:54:58,Dine-In,Completed,4627.5,0.0,694.12,0,5321.62,Bank Transfer
O00002894,C0000031,R003,,2025-08-13 20:06:10,Mobile App,Completed,5326.0,0.0,798.9,150,6274.9,Cash
O00002895,C0000367,R014,,2025-09-01 11:22:10,Takeaway,Completed,3193.5,0.0,479.02,0,3672.52,Mobile Wallet
O00002896,C0000078,R014,,2026-01-03 20:46:44,Dine-In,Completed,5944.0,0.0,891.6,0,6835.6,Mobile Wallet
O00002897,C0000024,R023,P0018,2026-05-30 19:16:33,Website,Completed,10558.5,3167.55,1108.64,0,8499.59,Mobile Wallet
O00002898,C0000809,R022,,2026-07-24 19:11:18,Dine-In,Completed,9967.0,0.0,1495.05,0,11462.05,Card
O00002899,C0000461,R013,,2026-04-15 13:10:47,Delivery Partner,Completed,12533.5,0.0,1880.02,0,14413.52,Card
O00002900,C0000055,R001,,2026-06-05 20:50:57,Mobile App,Completed,3239.5,0.0,485.92,80,3805.42,Card
O00002901,C0000118,R015,P0029,2025-11-15 18:10:36,Mobile App,Completed,660.0,0.0,99.0,0,759.0,Bank Transfer
O00002902,C0000527,R025,P0024,2025-10-02 20:33:13,Takeaway,Refunded,9075.0,2722.5,952.88,0,7305.38,Card
O00002903,C0000606,R020,,2025-10-04 13:46:28,Dine-In,Completed,5218.0,0.0,782.7,0,6000.7,Cash
O00002904,C0000029,R007,,2026-01-31 08:36:18,Takeaway,Completed,5031.5,0.0,754.72,0,5786.22,Cash
O00002905,C0000869,R016,,2025-05-05 13:49:36,Dine-In,Completed,5700.0,0.0,855.0,0,6555.0,Card
O00002906,C0000597,R020,,2026-01-10 14:28:20,Delivery Partner,Completed,2330.0,0.0,349.5,150,2829.5,Bank Transfer
O00002907,C0000719,R023,P0020,2026-03-01 16:52:23,Delivery Partner,Completed,3686.0,552.9,469.96,80,3683.06,Card
O00002908,C0000020,R021,,2025-10-29 15:52:25,Delivery Partner,Completed,9330.0,0.0,1399.5,120,10849.5,Mobile Wallet
O00002909,C0000020,R001,,2026-08-05 16:47:40,Website,Completed,3126.0,0.0,468.9,80,3674.9,Cash
O00002910,C0000084,R015,,2026-01-26 20:35:55,Mobile App,Completed,10997.3,0.0,1649.59,100,12746.89,Mobile Wallet
O00002911,C0000005,R020,P0008,2025-06-27 09:26:11,Mobile App,Completed,2820.0,705.0,317.25,100,2532.25,Card
O00002912,C0000009,R015,,2025-11-19 12:54:47,Takeaway,Completed,8599.65,0.0,1289.95,0,9889.6,Bank Transfer
O00002913,C0000020,R019,,2026-03-07 20:41:18,Website,Completed,7006.0,0.0,1050.9,80,8136.9,Card
O00002914,C0000485,R006,P0010,2025-08-24 16:21:46,Dine-In,Completed,6798.0,200.0,989.7,0,7587.7,Mobile Wallet
O00002915,C0000002,R006,,2025-04-12 17:01:48,Mobile App,Completed,10394.0,0.0,1559.1,0,11953.1,Card
O00002916,C0000008,R001,,2026-01-12 14:46:29,Dine-In,Completed,13894.65,0.0,2084.2,0,15978.85,Cash
O00002917,C0000885,R016,,2026-08-02 16:35:14,Mobile App,Completed,4932.5,0.0,739.88,100,5772.38,Cash
O00002918,C0000008,R018,,2025-11-22 10:47:02,Takeaway,Completed,2194.0,0.0,329.1,0,2523.1,Cash
O00002919,C0000268,R013,,2026-07-09 16:29:48,Dine-In,Completed,3780.0,0.0,567.0,0,4347.0,Card
O00002920,C0000390,R012,P0013,2026-05-31 23:58:12,Mobile App,Completed,6940.5,1735.12,780.81,100,6086.19,Card
O00002921,C0000914,R018,,2025-05-18 17:06:58,Dine-In,Completed,9592.0,0.0,1438.8,0,11030.8,Cash
O00002922,C0000798,R010,P0020,2026-03-24 06:56:08,Dine-In,Completed,14546.5,2181.98,1854.68,0,14219.2,Card
O00002923,C0000178,R014,P0014,2025-10-27 19:56:59,Mobile App,Completed,1134.0,0.0,170.1,120,1424.1,Card
O00002924,C0000880,R020,,2025-07-13 13:11:12,Takeaway,Completed,3840.0,0.0,576.0,0,4416.0,Card
O00002925,C0000171,R025,,2026-03-13 09:02:15,Delivery Partner,Completed,9234.55,0.0,1385.18,0,10619.73,Cash
O00002926,C0000426,R011,P0008,2026-04-11 20:16:50,Mobile App,Completed,4740.0,1185.0,533.25,0,4088.25,Card
O00002927,C0000061,R018,,2025-06-05 10:40:13,Delivery Partner,Completed,1672.0,0.0,250.8,150,2072.8,Card
O00002928,C0000383,R024,,2026-07-14 21:31:07,Dine-In,Cancelled,7749.5,0.0,1162.42,0,0.0,Cash
O00002929,C0000269,R012,,2026-04-16 14:07:53,Takeaway,Completed,7297.5,0.0,1094.62,0,8392.12,Card
O00002930,C0000346,R017,P0004,2026-07-25 19:22:18,Mobile App,Completed,10097.0,1009.7,1363.09,100,10550.39,Cash
O00002931,C0000443,R024,P0006,2025-08-21 16:37:56,Dine-In,Completed,14076.0,100.0,2096.4,0,16072.4,Mobile Wallet
O00002932,C0000028,R003,,2026-07-28 12:29:55,Dine-In,Completed,7663.2,0.0,1149.48,0,8812.68,Bank Transfer
O00002933,C0000082,R021,,2025-09-20 18:14:31,Mobile App,Completed,4759.5,0.0,713.92,120,5593.42,Mobile Wallet
O00002934,C0000520,R001,P0010,2025-03-30 21:09:34,Mobile App,Completed,3382.0,200.0,477.3,100,3759.3,Card
O00002935,C0000026,R001,,2026-04-22 19:54:22,Dine-In,Completed,2882.0,0.0,432.3,0,3314.3,Card
O00002936,C0000107,R006,,2026-03-22 17:58:20,Dine-In,Cancelled,13900.5,0.0,2085.07,0,0.0,Card
O00002937,C0000421,R019,,2026-01-20 23:56:17,Website,Completed,4473.0,0.0,670.95,100,5243.95,Card
O00002938,C0000871,R024,,2025-11-25 12:37:47,Dine-In,Completed,9443.0,0.0,1416.45,0,10859.45,Cash
O00002939,C0000007,R004,,2025-03-18 07:14:13,Delivery Partner,Completed,4513.5,0.0,677.02,120,5310.52,Cash
O00002940,C0000247,R022,,2026-02-05 05:29:15,Delivery Partner,Completed,9866.0,0.0,1479.9,100,11445.9,Cash
O00002941,C0000008,R013,P0017,2025-10-17 18:45:23,Delivery Partner,Completed,860.0,300.0,84.0,100,744.0,Mobile Wallet
O00002942,C0000131,R012,,2025-12-30 20:25:48,Dine-In,Completed,6246.5,0.0,936.97,0,7183.47,Mobile Wallet
O00002943,C0000029,R025,,2025-10-24 18:50:51,Dine-In,Completed,7012.8,0.0,1051.92,0,8064.72,Card
O00002944,C0000399,R008,P0022,2026-08-12 20:44:31,Delivery Partner,Completed,14973.0,1497.3,2021.36,0,15497.06,Cash
O00002945,C0000553,R020,,2026-01-24 18:13:10,Takeaway,Cancelled,957.0,0.0,143.55,0,0.0,Cash
O00002946,C0000056,R024,P0001,2026-04-15 13:02:44,Takeaway,Completed,9701.0,500.0,1380.15,0,10581.15,Card
O00002947,C0000486,R007,,2026-07-26 09:35:10,Takeaway,Completed,2060.0,0.0,309.0,0,2369.0,Cash
O00002948,C0000183,R021,P0029,2026-01-17 21:25:59,Takeaway,Cancelled,10555.4,3166.62,1108.32,0,0.0,Card
O00002949,C0000073,R007,,2025-03-07 08:13:03,Website,Completed,9735.5,0.0,1460.32,100,11295.82,Cash
O00002950,C0000254,R007,,2025-03-19 16:30:25,Delivery Partner,Completed,10307.0,0.0,1546.05,100,11953.05,Mobile Wallet
O00002951,C0000131,R014,,2026-03-21 12:13:45,Delivery Partner,Cancelled,3814.5,0.0,572.17,120,0.0,Card
O00002952,C0000048,R018,,2025-07-30 12:57:04,Website,Completed,5557.0,0.0,833.55,80,6470.55,Mobile Wallet
O00002953,C0000552,R023,,2026-01-10 18:39:35,Takeaway,Refunded,9875.0,0.0,1481.25,0,11356.25,Mobile Wallet
O00002954,C0000617,R019,,2025-06-17 11:09:32,Mobile App,Completed,4960.0,0.0,744.0,100,5804.0,Cash
O00002955,C0000621,R024,,2025-07-25 21:08:13,Dine-In,Completed,3277.5,0.0,491.62,0,3769.12,Mobile Wallet
O00002956,C0000133,R024,,2025-12-02 13:45:31,Dine-In,Completed,250.0,0.0,37.5,0,287.5,Cash
O00002957,C0000027,R025,,2026-08-17 18:39:06,Dine-In,Cancelled,2037.0,0.0,305.55,0,0.0,Card
O00002958,C0000690,R020,,2026-01-31 19:42:09,Mobile App,Completed,4270.0,0.0,640.5,0,4910.5,Cash
O00002959,C0000098,R019,,2026-07-26 18:41:58,Dine-In,Completed,3147.38,0.0,472.11,0,3619.49,Cash
O00002960,C0000538,R025,P0028,2026-08-08 20:17:01,Delivery Partner,Completed,4268.5,500.0,565.28,120,4453.78,Card
O00002961,C0000650,R025,P0027,2025-06-20 11:35:09,Delivery Partner,Completed,3934.0,300.0,545.1,120,4299.1,Cash
O00002962,C0000569,R018,,2025-08-17 07:35:34,Dine-In,Completed,7822.0,0.0,1173.3,0,8995.3,Card
O00002963,C0000138,R006,,2026-04-25 06:11:20,Mobile App,Completed,4774.0,0.0,716.1,0,5490.1,Card
O00002964,C0000872,R016,,2026-06-18 20:49:39,Website,Completed,1720.0,0.0,258.0,80,2058.0,Mobile Wallet
O00002965,C0000413,R003,,2025-12-10 22:39:41,Delivery Partner,Completed,2527.0,0.0,379.05,80,2986.05,Card
O00002966,C0000310,R021,,2026-08-28 12:02:07,Delivery Partner,Completed,6476.0,0.0,971.4,120,7567.4,Card
O00002967,C0000465,R002,P0026,2025-03-07 18:17:45,Takeaway,Completed,10004.0,1500.6,1275.51,0,9778.91,Mobile Wallet
O00002968,C0000003,R015,P0019,2025-08-10 00:06:17,Dine-In,Completed,3273.0,500.0,415.95,0,3188.95,Cash
O00002969,C0000139,R020,,2026-02-04 10:30:08,Takeaway,Cancelled,5802.5,0.0,870.38,0,0.0,Mobile Wallet
O00002970,C0000763,R011,P0018,2025-11-14 18:00:53,Mobile App,Completed,7913.5,2374.05,830.92,120,6490.37,Mobile Wallet
O00002971,C0000025,R019,,2025-05-01 07:30:40,Takeaway,Completed,3003.5,0.0,450.52,0,3454.02,Bank Transfer
O00002972,C0000157,R018,P0024,2025-09-19 14:53:29,Website,Completed,2990.0,897.0,313.95,150,2556.95,Card
O00002973,C0000150,R022,,2025-03-14 18:12:03,Takeaway,Cancelled,4229.0,0.0,634.35,0,0.0,Card
O00002974,C0000115,R011,P0013,2026-02-16 19:28:34,Delivery Partner,Completed,6086.0,1521.5,684.68,150,5399.18,Mobile Wallet
O00002975,C0000295,R003,P0028,2026-07-02 14:02:13,Dine-In,Completed,9025.0,500.0,1278.75,0,9803.75,Cash
O00002976,C0000992,R004,P0008,2026-06-27 18:28:13,Takeaway,Completed,2878.5,719.62,323.83,0,2482.71,Cash
O00002977,C0000060,R006,,2026-03-20 16:34:52,Mobile App,Completed,5953.0,0.0,892.95,80,6925.95,Card
O00002978,C0000475,R012,P0014,2025-11-12 06:14:47,Takeaway,Completed,2841.35,300.0,381.2,0,2922.55,Mobile Wallet
O00002979,C0000554,R021,P0015,2025-12-06 19:20:36,Website,Completed,3734.0,200.0,530.1,150,4214.1,Cash
O00002980,C0000320,R004,,2025-05-12 09:18:19,Mobile App,Completed,6863.23,0.0,1029.48,0,7892.71,Card
O00002981,C0000010,R012,P0015,2025-09-03 05:27:28,Delivery Partner,Completed,20477.5,200.0,3041.62,150,23469.12,Cash
O00002982,C0000306,R004,P0026,2025-06-09 14:03:22,Delivery Partner,Completed,1940.0,291.0,247.35,80,1976.35,Mobile Wallet
O00002983,C0000903,R002,,2026-05-24 20:44:55,Delivery Partner,Completed,3099.85,0.0,464.98,0,3564.83,Card
O00002984,C0000106,R012,,2026-07-14 09:12:46,Mobile App,Completed,1762.5,0.0,264.38,0,2026.88,Cash
O00002985,C0000387,R013,,2025-12-19 01:14:20,Mobile App,Completed,5155.55,0.0,773.33,150,6078.88,Cash
O00002986,C0000915,R016,,2026-04-04 08:50:30,Dine-In,Completed,4166.0,0.0,624.9,0,4790.9,Cash
O00002987,C0000618,R004,,2025-05-04 13:47:31,Mobile App,Completed,3420.0,0.0,513.0,80,4013.0,Cash
O00002988,C0000451,R008,P0010,2026-01-26 17:38:40,Delivery Partner,Completed,6276.0,200.0,911.4,100,7087.4,Card
O00002989,C0000940,R005,,2026-03-21 10:31:06,Dine-In,Completed,6329.5,0.0,949.42,0,7278.92,Bank Transfer
O00002990,C0000028,R014,,2025-11-05 19:02:12,Website,Completed,2586.0,0.0,387.9,100,3073.9,Mobile Wallet
O00002991,C0000577,R015,,2025-07-10 19:29:22,Delivery Partner,Completed,10964.0,0.0,1644.6,150,12758.6,Mobile Wallet
O00002992,C0000151,R011,,2026-06-23 18:57:07,Delivery Partner,Completed,6107.08,0.0,916.06,150,7173.14,Bank Transfer
O00002993,C0000118,R010,,2026-04-12 15:19:11,Takeaway,Completed,12295.0,0.0,1844.25,0,14139.25,Card
O00002994,C0000251,R010,,2026-07-05 13:01:35,Takeaway,Completed,5836.75,0.0,875.51,0,6712.26,Cash
O00002995,C0000002,R024,,2026-05-22 13:49:15,Dine-In,Completed,5285.0,0.0,792.75,0,6077.75,Bank Transfer
O00002996,C0000088,R006,P0009,2026-08-26 15:24:25,Delivery Partner,Completed,11711.0,1171.1,1580.98,80,12200.88,Mobile Wallet
O00002997,C0000026,R016,P0025,2025-06-12 07:10:28,Dine-In,Completed,3601.5,200.0,510.22,0,3911.72,Bank Transfer
O00002998,C0000019,R021,P0009,2025-04-15 18:00:28,Takeaway,Completed,5228.0,522.8,705.78,0,5410.98,Mobile Wallet
O00002999,C0000103,R004,P0029,2025-09-01 13:47:05,Takeaway,Completed,598.5,0.0,89.78,0,688.28,Mobile Wallet
O00003000,C0000625,R009,,2025-05-08 11:48:36,Takeaway,Completed,5181.5,0.0,777.22,0,5958.72,Mobile Wallet
O00003001,C0000037,R010,,2025-12-12 12:47:32,Mobile App,Completed,5614.0,0.0,842.1,150,6606.1,Mobile Wallet
O00003002,C0000262,R005,,2026-02-10 09:09:30,Mobile App,Cancelled,3178.5,0.0,476.78,150,0.0,Card
O00003003,C0000539,R010,P0019,2026-01-09 20:16:45,Delivery Partner,Completed,7349.0,500.0,1027.35,80,7956.35,Card
O00003004,C0000053,R016,P0023,2025-07-19 09:29:40,Takeaway,Completed,7211.78,1081.77,919.5,0,7049.51,Mobile Wallet
O00003005,C0000845,R011,,2026-07-11 20:34:17,Website,Completed,7023.5,0.0,1053.52,100,8177.02,Mobile Wallet
O00003006,C0000736,R006,,2025-03-12 17:49:37,Website,Refunded,5876.58,0.0,881.49,0,6758.07,Card
O00003007,C0000057,R007,,2025-09-07 20:18:46,Dine-In,Completed,9631.18,0.0,1444.68,0,11075.86,Card
O00003008,C0000978,R012,,2026-03-30 14:45:30,Delivery Partner,Completed,9338.3,0.0,1400.74,0,10739.04,Card
O00003009,C0000425,R013,P0006,2026-04-24 21:52:15,Dine-In,Completed,5401.0,100.0,795.15,0,6096.15,Cash
O00003010,C0000074,R017,,2025-10-17 10:56:39,Website,Completed,17436.0,0.0,2615.4,120,20171.4,Cash
O00003011,C0000441,R009,,2025-03-09 16:33:50,Website,Completed,7271.5,0.0,1090.72,0,8362.22,Cash
O00003012,C0000421,R008,P0027,2026-02-01 08:31:36,Website,Completed,8460.0,300.0,1224.0,100,9484.0,Mobile Wallet
O00003013,C0000345,R016,P0008,2025-04-03 14:11:13,Takeaway,Completed,5994.5,1498.62,674.38,0,5170.26,Card
O00003014,C0000484,R021,,2025-04-26 17:42:38,Mobile App,Completed,8412.0,0.0,1261.8,100,9773.8,Card
O00003015,C0000065,R003,,2026-02-20 17:16:03,Website,Completed,4370.0,0.0,655.5,0,5025.5,Mobile Wallet
O00003016,C0000956,R005,,2025-08-18 13:58:29,Mobile App,Completed,2836.0,0.0,425.4,120,3381.4,Cash
O00003017,C0000721,R021,,2025-09-07 07:05:59,Delivery Partner,Completed,3812.5,0.0,571.88,80,4464.38,Cash
O00003018,C0000535,R025,,2025-11-23 18:50:52,Website,Completed,8997.5,0.0,1349.62,150,10497.12,Bank Transfer
O00003019,C0000002,R023,P0003,2026-08-19 15:12:32,Takeaway,Completed,3367.0,200.0,475.05,0,3642.05,Mobile Wallet
O00003020,C0000327,R013,,2026-08-12 08:38:35,Dine-In,Completed,1731.5,0.0,259.72,0,1991.22,Cash
O00003021,C0000477,R018,,2025-10-17 21:21:29,Mobile App,Completed,15274.0,0.0,2291.1,100,17665.1,Mobile Wallet
O00003022,C0000714,R021,,2025-07-22 21:10:13,Website,Completed,1943.1,0.0,291.46,80,2314.56,Mobile Wallet
O00003023,C0000888,R016,,2025-08-12 20:06:22,Dine-In,Completed,10738.5,0.0,1610.78,0,12349.28,Mobile Wallet
O00003024,C0000829,R025,,2025-07-24 20:44:47,Dine-In,Completed,4147.0,0.0,622.05,0,4769.05,Cash
O00003025,C0000150,R014,P0020,2025-12-16 08:44:27,Dine-In,Completed,1511.0,226.65,192.65,0,1477.0,Card
O00003026,C0000792,R011,,2026-01-25 23:20:57,Mobile App,Completed,6497.5,0.0,974.62,80,7552.12,Mobile Wallet
O00003027,C0000001,R018,,2025-11-24 13:00:06,Mobile App,Completed,1407.1,0.0,211.06,150,1768.16,Card
O00003028,C0000112,R008,P0022,2025-10-12 09:29:41,Mobile App,Completed,11742.0,1174.2,1585.17,80,12232.97,Cash
O00003029,C0000013,R012,,2025-06-22 19:18:09,Takeaway,Completed,4610.0,0.0,691.5,0,5301.5,Cash
O00003030,C0000766,R019,,2025-11-21 11:50:03,Mobile App,Completed,7327.5,0.0,1099.12,80,8506.62,Card
O00003031,C0000852,R020,,2025-09-04 16:54:43,Website,Completed,8937.5,0.0,1340.62,0,10278.12,Card
O00003032,C0000060,R002,P0002,2025-12-21 08:46:37,Dine-In,Completed,4906.0,245.3,699.1,0,5359.8,Cash
O00003033,C0000123,R009,,2026-03-07 14:45:12,Dine-In,Completed,9453.0,0.0,1417.95,0,10870.95,Mobile Wallet
O00003034,C0000966,R022,P0015,2026-02-10 16:28:20,Mobile App,Completed,1770.0,200.0,235.5,150,1955.5,Card
O00003035,C0000299,R009,,2025-11-10 14:34:32,Delivery Partner,Completed,3540.0,0.0,531.0,80,4151.0,Card
O00003036,C0000228,R014,,2025-12-28 07:58:39,Takeaway,Completed,4268.4,0.0,640.26,0,4908.66,Mobile Wallet
O00003037,C0000231,R015,,2025-08-02 15:52:27,Delivery Partner,Completed,4112.0,0.0,616.8,120,4848.8,Card
O00003038,C0000462,R011,,2025-03-14 14:19:22,Dine-In,Completed,8778.5,0.0,1316.78,0,10095.28,Mobile Wallet
O00003039,C0000905,R013,,2026-02-05 12:35:31,Dine-In,Completed,9837.5,0.0,1475.62,0,11313.12,Cash
O00003040,C0000122,R024,,2025-07-15 21:38:47,Mobile App,Completed,6464.6,0.0,969.69,100,7534.29,Cash
O00003041,C0000028,R025,,2026-03-03 14:00:04,Website,Cancelled,13634.3,0.0,2045.14,100,0.0,Card
O00003042,C0000032,R005,,2026-04-14 20:22:57,Takeaway,Completed,7386.0,0.0,1107.9,0,8493.9,Bank Transfer
O00003043,C0000001,R006,,2026-07-15 08:30:25,Mobile App,Completed,4855.0,0.0,728.25,100,5683.25,Cash
O00003044,C0000287,R023,,2026-08-08 12:55:38,Dine-In,Completed,8487.0,0.0,1273.05,0,9760.05,Mobile Wallet
O00003045,C0000855,R005,,2025-03-06 09:50:25,Mobile App,Completed,5825.1,0.0,873.76,0,6698.86,Cash
O00003046,C0000486,R001,,2026-08-26 13:34:02,Takeaway,Completed,6476.77,0.0,971.52,0,7448.29,Card
O00003047,C0000985,R025,P0011,2026-03-11 08:51:23,Mobile App,Completed,11889.5,2972.38,1337.57,0,10254.69,Cash
O00003048,C0000816,R018,P0022,2026-02-16 14:46:52,Mobile App,Completed,6262.0,626.2,845.37,80,6561.17,Mobile Wallet
O00003049,C0000223,R023,,2025-03-09 13:44:33,Website,Completed,3706.0,0.0,555.9,150,4411.9,Card
O00003050,C0000218,R024,P0025,2026-06-14 11:21:33,Mobile App,Completed,10392.0,200.0,1528.8,120,11840.8,Cash
O00003051,C0000372,R008,,2025-05-17 18:45:19,Mobile App,Refunded,6021.0,0.0,903.15,120,7044.15,Mobile Wallet
O00003052,C0000013,R017,P0025,2026-06-01 21:06:54,Mobile App,Completed,7557.67,200.0,1103.65,80,8541.32,Cash
O00003053,C0000347,R023,,2025-03-09 10:32:29,Delivery Partner,Completed,8052.3,0.0,1207.84,120,9380.14,Cash
O00003054,C0000198,R025,,2026-02-18 18:44:41,Delivery Partner,Completed,8505.0,0.0,1275.75,150,9930.75,Cash
O00003055,C0000390,R011,,2025-10-27 19:35:19,Website,Completed,1110.0,0.0,166.5,0,1276.5,Bank Transfer
O00003056,C0000298,R011,,2025-06-16 15:43:40,Mobile App,Cancelled,5354.88,0.0,803.23,80,0.0,Cash
O00003057,C0000087,R003,,2025-04-26 20:06:17,Mobile App,Completed,14073.08,0.0,2110.96,120,16304.04,Bank Transfer
O00003058,C0000347,R008,,2025-10-30 22:26:37,Takeaway,Completed,6913.0,0.0,1036.95,0,7949.95,Cash
O00003059,C0000122,R008,,2025-05-04 13:01:19,Delivery Partner,Completed,2583.0,0.0,387.45,0,2970.45,Cash
O00003060,C0000035,R025,P0024,2025-11-23 18:16:05,Dine-In,Completed,8749.0,2624.7,918.64,0,7042.94,Mobile Wallet
O00003061,C0000433,R024,,2026-02-05 18:00:57,Dine-In,Completed,4100.0,0.0,615.0,0,4715.0,Card
O00003062,C0000085,R021,,2026-05-27 13:57:56,Website,Completed,6746.5,0.0,1011.97,80,7838.47,Card
O00003063,C0000778,R021,,2026-03-08 12:45:41,Dine-In,Completed,9157.85,0.0,1373.68,0,10531.53,Card
O00003064,C0000037,R003,P0030,2025-04-05 21:29:59,Delivery Partner,Completed,1564.5,150.0,212.18,80,1706.68,Cash
O00003065,C0000338,R022,,2025-08-15 19:21:24,Website,Completed,1480.0,0.0,222.0,80,1782.0,Card
O00003066,C0000305,R010,,2025-08-04 08:27:40,Mobile App,Completed,4679.5,0.0,701.92,100,5481.42,Card
O00003067,C0000036,R019,,2026-07-14 08:52:40,Takeaway,Completed,4382.0,0.0,657.3,0,5039.3,Cash
O00003068,C0000177,R014,,2026-06-18 21:32:02,Mobile App,Completed,5088.5,0.0,763.28,100,5951.78,Mobile Wallet
O00003069,C0000434,R018,P0006,2025-09-20 07:25:43,Mobile App,Completed,6610.0,100.0,976.5,120,7606.5,Card
O00003070,C0000092,R023,,2025-04-07 18:34:42,Takeaway,Completed,11202.48,0.0,1680.37,0,12882.85,Cash
O00003071,C0000013,R003,P0007,2026-07-03 11:10:45,Delivery Partner,Completed,6399.5,200.0,929.92,150,7279.42,Card
O00003072,C0000356,R020,,2026-06-29 05:06:56,Dine-In,Completed,4051.5,0.0,607.72,0,4659.22,Mobile Wallet
O00003073,C0000046,R014,,2026-06-11 06:27:18,Website,Completed,3490.0,0.0,523.5,0,4013.5,Card
O00003074,C0000442,R011,P0004,2026-06-06 13:24:09,Delivery Partner,Completed,10257.0,1025.7,1384.7,100,10716.0,Card
O00003075,C0000688,R010,,2025-11-20 07:40:50,Delivery Partner,Completed,9911.5,0.0,1486.72,120,11518.22,Bank Transfer
O00003076,C0000015,R024,,2025-06-04 17:30:04,Mobile App,Completed,6671.0,0.0,1000.65,80,7751.65,Mobile Wallet
O00003077,C0000175,R014,P0007,2025-11-18 18:53:21,Mobile App,Cancelled,3080.0,200.0,432.0,80,0.0,Mobile Wallet
O00003078,C0000181,R001,,2025-11-27 13:02:08,Delivery Partner,Completed,8486.0,0.0,1272.9,80,9838.9,Cash
O00003079,C0000377,R016,P0020,2025-11-25 19:32:32,Delivery Partner,Completed,3793.5,569.02,483.67,80,3788.15,Mobile Wallet
O00003080,C0000101,R025,,2025-12-20 15:50:14,Website,Completed,13358.5,0.0,2003.78,150,15512.28,Card
O00003081,C0000160,R006,,2025-07-18 14:57:23,Delivery Partner,Completed,3394.5,0.0,509.17,80,3983.67,Mobile Wallet
O00003082,C0000001,R018,P0030,2025-09-18 13:33:29,Mobile App,Completed,5670.0,150.0,828.0,150,6498.0,Cash
O00003083,C0000015,R016,,2025-10-26 14:58:35,Dine-In,Refunded,3402.0,0.0,510.3,0,3912.3,Cash
O00003084,C0000303,R019,,2025-05-09 22:20:57,Dine-In,Completed,11353.0,0.0,1702.95,0,13055.95,Cash
O00003085,C0000043,R016,,2025-11-07 18:55:38,Mobile App,Completed,14826.0,0.0,2223.9,100,17149.9,Card
O00003086,C0000020,R005,,2026-05-17 12:36:05,Mobile App,Refunded,3850.0,0.0,577.5,80,4507.5,Cash
O00003087,C0000095,R012,,2026-05-27 19:48:14,Mobile App,Completed,1684.0,0.0,252.6,100,2036.6,Mobile Wallet
O00003088,C0000025,R006,,2025-10-14 12:18:37,Mobile App,Completed,6342.0,0.0,951.3,150,7443.3,Bank Transfer
O00003089,C0000005,R025,,2025-12-09 08:59:38,Mobile App,Completed,4195.0,0.0,629.25,0,4824.25,Mobile Wallet
O00003090,C0000073,R002,,2025-03-19 14:36:51,Dine-In,Completed,4177.5,0.0,626.62,0,4804.12,Cash
O00003091,C0000026,R016,,2026-03-06 19:54:21,Website,Completed,10055.5,0.0,1508.32,100,11663.82,Card
O00003092,C0000620,R021,,2025-10-10 13:20:02,Delivery Partner,Refunded,11014.0,0.0,1652.1,100,12766.1,Bank Transfer
O00003093,C0000005,R023,,2025-11-02 20:13:52,Website,Completed,2163.0,0.0,324.45,120,2607.45,Cash
O00003094,C0000537,R011,,2026-06-21 13:09:28,Dine-In,Completed,2434.5,0.0,365.18,0,2799.68,Card
O00003095,C0000133,R012,,2025-11-10 13:52:28,Mobile App,Cancelled,2599.5,0.0,389.92,80,0.0,Card
O00003096,C0000433,R011,P0028,2025-03-12 23:06:30,Delivery Partner,Completed,3000.0,500.0,375.0,120,2995.0,Bank Transfer
O00003097,C0000004,R023,,2025-07-01 15:28:44,Mobile App,Completed,10688.8,0.0,1603.32,80,12372.12,Cash
O00003098,C0000838,R020,,2025-11-17 19:39:01,Mobile App,Completed,5059.0,0.0,758.85,0,5817.85,Cash
O00003099,C0000568,R019,,2025-10-21 19:07:34,Takeaway,Completed,1541.5,0.0,231.22,0,1772.72,Mobile Wallet
O00003100,C0000019,R008,,2026-06-14 21:38:44,Takeaway,Completed,13124.0,0.0,1968.6,0,15092.6,Card
O00003101,C0000044,R018,,2025-12-21 07:12:08,Takeaway,Completed,4001.5,0.0,600.22,0,4601.72,Mobile Wallet
O00003102,C0000392,R005,P0028,2026-03-14 12:45:21,Dine-In,Completed,3162.0,500.0,399.3,0,3061.3,Cash
O00003103,C0000840,R012,P0009,2025-11-14 19:18:18,Mobile App,Completed,992.25,0.0,148.84,0,1141.09,Card
O00003104,C0000182,R010,,2025-10-29 16:10:49,Mobile App,Completed,2911.65,0.0,436.75,0,3348.4,Card
O00003105,C0000217,R015,P0007,2025-11-02 16:01:36,Website,Completed,3078.5,200.0,431.78,120,3430.28,Card
O00003106,C0000052,R005,,2025-10-13 09:48:09,Takeaway,Completed,5348.5,0.0,802.28,0,6150.78,Mobile Wallet
O00003107,C0000133,R017,P0030,2025-12-19 12:05:45,Mobile App,Refunded,3677.0,150.0,529.05,100,4156.05,Bank Transfer
O00003108,C0000074,R023,,2025-07-14 15:28:20,Website,Completed,6749.5,0.0,1012.42,100,7861.92,Mobile Wallet
O00003109,C0000111,R004,P0009,2026-07-01 12:40:16,Delivery Partner,Completed,1320.0,0.0,198.0,80,1598.0,Mobile Wallet
O00003110,C0000001,R012,P0007,2025-08-30 10:50:02,Takeaway,Completed,6410.0,200.0,931.5,0,7141.5,Card
O00003111,C0000003,R018,P0009,2025-05-18 07:04:06,Takeaway,Completed,4089.0,408.9,552.02,0,4232.12,Cash
O00003112,C0000441,R008,,2025-04-20 09:40:40,Mobile App,Completed,4510.5,0.0,676.58,80,5267.08,Mobile Wallet
O00003113,C0000442,R020,,2025-03-08 19:29:36,Website,Completed,6528.0,0.0,979.2,80,7587.2,Cash
O00003114,C0000099,R017,P0007,2025-10-20 19:56:35,Delivery Partner,Completed,8154.0,200.0,1193.1,100,9247.1,Cash
O00003115,C0000771,R008,,2025-06-09 06:38:02,Mobile App,Completed,11660.0,0.0,1749.0,100,13509.0,Mobile Wallet
O00003116,C0000064,R013,,2025-03-12 10:35:57,Delivery Partner,Completed,2067.0,0.0,310.05,150,2527.05,Mobile Wallet
O00003117,C0000143,R023,,2025-12-10 16:26:12,Mobile App,Completed,6804.0,0.0,1020.6,100,7924.6,Card
O00003118,C0000513,R003,P0020,2026-03-09 12:49:40,Dine-In,Completed,3552.0,532.8,452.88,0,3472.08,Mobile Wallet
O00003119,C0000531,R003,,2025-04-15 20:17:29,Delivery Partner,Completed,8656.5,0.0,1298.47,120,10074.97,Bank Transfer
O00003120,C0000726,R007,P0012,2025-11-09 19:51:22,Takeaway,Completed,3940.25,150.0,568.54,0,4358.79,Card
O00003121,C0000002,R018,,2026-04-12 20:48:59,Dine-In,Completed,3120.0,0.0,468.0,0,3588.0,Mobile Wallet
O00003122,C0000032,R021,P0023,2026-08-23 17:35:06,Delivery Partner,Completed,2882.65,432.4,367.54,150,2967.79,Cash
O00003123,C0000388,R007,,2026-03-02 13:59:29,Takeaway,Completed,8231.7,0.0,1234.76,0,9466.46,Bank Transfer
O00003124,C0000104,R022,,2025-07-11 17:58:28,Dine-In,Completed,13599.5,0.0,2039.92,0,15639.42,Cash
O00003125,C0000003,R023,,2026-03-29 07:53:07,Takeaway,Completed,3616.0,0.0,542.4,0,4158.4,Mobile Wallet
O00003126,C0000322,R002,,2026-01-20 00:15:09,Mobile App,Completed,6449.8,0.0,967.47,120,7537.27,Bank Transfer
O00003127,C0000141,R007,P0007,2025-06-22 02:53:32,Dine-In,Completed,7014.0,200.0,1022.1,0,7836.1,Mobile Wallet
O00003128,C0000120,R002,,2026-06-09 13:54:58,Takeaway,Refunded,8901.0,0.0,1335.15,0,10236.15,Mobile Wallet
O00003129,C0000064,R007,P0003,2025-10-23 11:04:19,Mobile App,Completed,10749.0,200.0,1582.35,80,12211.35,Card
O00003130,C0000001,R014,,2026-08-10 09:08:28,Delivery Partner,Completed,4570.0,0.0,685.5,150,5405.5,Mobile Wallet
O00003131,C0000031,R015,,2026-04-01 17:33:28,Mobile App,Completed,2496.0,0.0,374.4,0,2870.4,Mobile Wallet
O00003132,C0000207,R016,,2026-02-17 23:33:52,Mobile App,Completed,7839.0,0.0,1175.85,0,9014.85,Card
O00003133,C0000069,R024,,2026-04-04 09:35:20,Mobile App,Completed,12778.0,0.0,1916.7,0,14694.7,Cash
O00003134,C0000750,R008,P0007,2025-11-19 16:30:00,Dine-In,Completed,6312.5,200.0,916.88,0,7029.38,Card
O00003135,C0000020,R016,,2025-12-03 08:51:50,Takeaway,Completed,4270.0,0.0,640.5,0,4910.5,Mobile Wallet
O00003136,C0000752,R021,P0026,2026-06-09 21:19:33,Website,Completed,6721.0,1008.15,856.93,80,6649.78,Mobile Wallet
O00003137,C0000149,R007,P0008,2026-03-09 12:16:43,Website,Completed,2607.5,651.88,293.34,80,2328.96,Mobile Wallet
O00003138,C0000069,R011,P0014,2026-07-04 20:19:54,Takeaway,Completed,2137.0,300.0,275.55,0,2112.55,Cash
O00003139,C0000084,R024,,2026-07-01 12:27:31,Dine-In,Cancelled,3909.0,0.0,586.35,0,0.0,Card
O00003140,C0000099,R004,,2026-08-18 19:20:44,Dine-In,Completed,4758.0,0.0,713.7,0,5471.7,Card
O00003141,C0000237,R018,,2026-03-20 10:56:13,Mobile App,Completed,8083.5,0.0,1212.52,120,9416.02,Mobile Wallet
O00003142,C0000114,R023,,2025-12-01 12:18:36,Mobile App,Completed,8623.0,0.0,1293.45,100,10016.45,Card
O00003143,C0000396,R013,,2025-05-29 10:02:34,Mobile App,Completed,13003.5,0.0,1950.52,120,15074.02,Mobile Wallet
O00003144,C0000165,R017,P0009,2026-03-23 12:29:58,Website,Completed,6880.0,688.0,928.8,80,7200.8,Card
O00003145,C0000428,R012,,2025-08-06 20:04:23,Delivery Partner,Completed,9392.4,0.0,1408.86,120,10921.26,Card
O00003146,C0000343,R018,,2025-08-01 18:41:48,Delivery Partner,Completed,6279.9,0.0,941.98,0,7221.88,Mobile Wallet
O00003147,C0000054,R010,,2025-07-07 13:05:00,Website,Completed,9500.05,0.0,1425.01,150,11075.06,Card
O00003148,C0000642,R007,,2026-06-22 22:02:45,Mobile App,Completed,2762.0,0.0,414.3,80,3256.3,Cash
O00003149,C0000619,R012,,2026-06-18 14:48:05,Dine-In,Completed,5468.65,0.0,820.3,0,6288.95,Mobile Wallet
O00003150,C0000977,R012,,2026-02-08 22:41:48,Mobile App,Completed,3470.0,0.0,520.5,0,3990.5,Cash
O00003151,C0000029,R013,,2025-11-16 10:23:03,Mobile App,Completed,4559.0,0.0,683.85,80,5322.85,Mobile Wallet
O00003152,C0000703,R001,,2026-03-05 20:43:37,Delivery Partner,Completed,9933.55,0.0,1490.03,100,11523.58,Cash
O00003153,C0000746,R007,P0022,2026-01-26 01:00:00,Dine-In,Completed,9152.1,915.21,1235.53,0,9472.42,Mobile Wallet
O00003154,C0000390,R016,P0015,2025-10-16 16:49:40,Delivery Partner,Completed,7203.5,200.0,1050.52,150,8204.02,Mobile Wallet
O00003155,C0000237,R016,,2025-09-26 14:50:30,Delivery Partner,Completed,3170.0,0.0,475.5,150,3795.5,Cash
O00003156,C0000911,R021,,2025-09-28 16:53:35,Delivery Partner,Completed,6804.25,0.0,1020.64,100,7924.89,Bank Transfer
O00003157,C0000943,R016,,2026-01-15 16:51:08,Website,Completed,8679.5,0.0,1301.92,150,10131.42,Cash
O00003158,C0000389,R016,,2026-02-19 13:35:40,Takeaway,Completed,5448.5,0.0,817.28,0,6265.78,Cash
O00003159,C0000117,R014,,2025-11-05 23:14:53,Dine-In,Completed,2986.0,0.0,447.9,0,3433.9,Mobile Wallet
O00003160,C0000650,R011,,2026-08-14 22:40:44,Dine-In,Completed,3961.5,0.0,594.22,0,4555.72,Mobile Wallet
O00003161,C0000009,R019,P0001,2025-04-14 22:37:22,Delivery Partner,Completed,7912.5,500.0,1111.88,100,8624.38,Cash
O00003162,C0000077,R011,,2025-09-07 22:43:30,Dine-In,Completed,16905.0,0.0,2535.75,0,19440.75,Bank Transfer
O00003163,C0000970,R002,,2025-10-18 19:17:28,Takeaway,Completed,5546.0,0.0,831.9,0,6377.9,Mobile Wallet
O00003164,C0000645,R007,,2025-03-09 23:22:48,Mobile App,Cancelled,10446.0,0.0,1566.9,120,0.0,Cash
O00003165,C0000875,R009,,2025-09-17 20:46:20,Mobile App,Completed,8166.0,0.0,1224.9,80,9470.9,Mobile Wallet
O00003166,C0000332,R009,,2025-07-27 13:28:02,Mobile App,Completed,7674.5,0.0,1151.18,80,8905.68,Card
O00003167,C0000152,R014,,2025-12-03 19:50:57,Delivery Partner,Completed,660.0,0.0,99.0,150,909.0,Cash
O00003168,C0000957,R010,,2025-09-01 21:40:25,Dine-In,Completed,8876.0,0.0,1331.4,0,10207.4,Mobile Wallet
O00003169,C0000087,R016,P0003,2026-04-03 18:21:05,Mobile App,Completed,7527.0,200.0,1099.05,0,8426.05,Mobile Wallet
O00003170,C0000553,R024,,2025-12-05 14:23:19,Mobile App,Completed,4839.18,0.0,725.88,120,5685.06,Card
O00003171,C0000290,R018,,2025-05-08 07:44:46,Takeaway,Completed,5712.0,0.0,856.8,0,6568.8,Mobile Wallet
O00003172,C0000048,R001,P0030,2026-04-15 19:47:45,Mobile App,Completed,8705.0,150.0,1283.25,0,9838.25,Mobile Wallet
O00003173,C0000001,R024,,2025-04-22 21:12:12,Website,Cancelled,1554.0,0.0,233.1,100,0.0,Cash
O00003174,C0000134,R002,,2026-06-02 13:32:40,Website,Completed,10887.7,0.0,1633.16,80,12600.86,Mobile Wallet
O00003175,C0000279,R020,P0016,2026-07-24 09:49:22,Dine-In,Completed,934.5,200.0,110.18,0,844.68,Card
O00003176,C0000031,R004,,2025-08-24 12:21:14,Delivery Partner,Completed,10544.92,0.0,1581.74,150,12276.66,Card
O00003177,C0000157,R002,,2026-07-20 17:34:45,Delivery Partner,Completed,13375.0,0.0,2006.25,80,15461.25,Bank Transfer
O00003178,C0000356,R004,,2026-05-08 12:16:30,Dine-In,Completed,5900.0,0.0,885.0,0,6785.0,Mobile Wallet
O00003179,C0000489,R023,,2026-07-18 17:21:03,Mobile App,Completed,5054.0,0.0,758.1,120,5932.1,Card
O00003180,C0000004,R006,,2026-03-01 22:04:10,Mobile App,Cancelled,8186.0,0.0,1227.9,100,0.0,Card
O00003181,C0000418,R022,,2025-07-05 18:24:53,Dine-In,Completed,3620.0,0.0,543.0,0,4163.0,Card
O00003182,C0000005,R004,P0027,2026-07-03 13:05:01,Mobile App,Completed,5463.0,300.0,774.45,120,6057.45,Cash
O00003183,C0000002,R018,,2025-06-07 21:52:15,Dine-In,Completed,2678.0,0.0,401.7,0,3079.7,Mobile Wallet
O00003184,C0000022,R005,P0002,2025-06-23 17:16:50,Delivery Partner,Completed,6245.5,312.27,889.98,80,6903.21,Mobile Wallet
O00003185,C0000405,R011,,2025-07-26 08:30:30,Mobile App,Completed,4699.5,0.0,704.92,120,5524.42,Mobile Wallet
O00003186,C0000004,R013,,2025-08-13 15:16:47,Delivery Partner,Completed,5350.0,0.0,802.5,0,6152.5,Card
O00003187,C0000002,R003,P0028,2025-12-07 18:58:58,Dine-In,Completed,3603.0,500.0,465.45,0,3568.45,Cash
O00003188,C0000014,R019,,2026-03-27 20:32:38,Dine-In,Completed,5880.95,0.0,882.14,0,6763.09,Mobile Wallet
O00003189,C0000896,R020,,2026-07-20 21:38:42,Mobile App,Completed,2390.0,0.0,358.5,80,2828.5,Card
O00003190,C0000812,R011,,2025-04-16 12:53:43,Delivery Partner,Completed,9439.0,0.0,1415.85,100,10954.85,Cash
O00003191,C0000009,R011,P0002,2026-08-05 09:47:03,Mobile App,Completed,2284.0,114.2,325.47,100,2595.27,Bank Transfer
O00003192,C0000084,R021,,2026-07-18 07:36:47,Website,Completed,1770.0,0.0,265.5,100,2135.5,Mobile Wallet
O00003193,C0000891,R002,,2025-03-30 19:47:27,Mobile App,Completed,7854.0,0.0,1178.1,0,9032.1,Card
O00003194,C0000010,R022,,2025-09-15 19:03:57,Dine-In,Completed,14470.5,0.0,2170.57,0,16641.07,Cash
O00003195,C0000010,R015,,2026-05-19 13:42:15,Mobile App,Completed,3335.5,0.0,500.32,100,3935.82,Cash
O00003196,C0000008,R022,,2026-01-28 13:13:38,Mobile App,Completed,8530.6,0.0,1279.59,0,9810.19,Card
O00003197,C0000951,R008,,2026-04-30 21:12:24,Dine-In,Completed,4607.5,0.0,691.12,0,5298.62,Card
O00003198,C0000531,R002,,2026-03-30 21:26:12,Dine-In,Completed,8016.0,0.0,1202.4,0,9218.4,Mobile Wallet
O00003199,C0000042,R008,P0001,2025-11-29 11:23:04,Mobile App,Completed,5131.6,500.0,694.74,0,5326.34,Mobile Wallet
O00003200,C0000003,R024,,2025-03-23 19:26:29,Mobile App,Completed,7788.0,0.0,1168.2,0,8956.2,Card
O00003201,C0000927,R020,,2026-01-12 17:07:00,Website,Completed,8079.0,0.0,1211.85,150,9440.85,Mobile Wallet
O00003202,C0000165,R023,,2025-03-27 09:52:04,Mobile App,Completed,4711.02,0.0,706.65,150,5567.67,Mobile Wallet
O00003203,C0000336,R015,,2026-01-24 13:51:53,Mobile App,Cancelled,3420.0,0.0,513.0,0,0.0,Mobile Wallet
O00003204,C0000071,R016,,2026-05-12 09:46:13,Website,Completed,8318.5,0.0,1247.77,150,9716.27,Bank Transfer
O00003205,C0000554,R013,,2026-01-13 12:49:10,Mobile App,Completed,7577.35,0.0,1136.6,80,8793.95,Mobile Wallet
O00003206,C0000036,R023,P0030,2026-08-30 17:38:33,Mobile App,Completed,10108.0,150.0,1493.7,100,11551.7,Cash
O00003207,C0000599,R017,,2025-11-07 13:20:55,Delivery Partner,Completed,8367.0,0.0,1255.05,150,9772.05,Bank Transfer
O00003208,C0000049,R014,P0009,2026-04-15 13:50:28,Mobile App,Completed,5013.4,501.34,676.81,100,5288.87,Cash
O00003209,C0000010,R014,,2026-03-02 16:56:17,Delivery Partner,Completed,2664.0,0.0,399.6,80,3143.6,Bank Transfer
O00003210,C0000211,R001,,2026-08-27 07:40:14,Mobile App,Completed,10769.5,0.0,1615.42,80,12464.92,Mobile Wallet
O00003211,C0000643,R024,,2026-03-27 19:10:45,Dine-In,Completed,3140.0,0.0,471.0,0,3611.0,Card
O00003212,C0000135,R001,,2025-05-27 13:30:24,Takeaway,Cancelled,4335.92,0.0,650.39,0,0.0,Card
O00003213,C0000002,R003,,2026-08-06 14:26:29,Takeaway,Completed,5770.0,0.0,865.5,0,6635.5,Cash
O00003214,C0000285,R022,,2026-03-02 22:41:44,Dine-In,Completed,13268.5,0.0,1990.28,0,15258.78,Cash
O00003215,C0000440,R024,P0001,2025-04-01 13:45:01,Website,Completed,16606.15,500.0,2415.92,0,18522.07,Mobile Wallet
O00003216,C0000527,R015,,2026-02-25 18:47:50,Mobile App,Completed,2812.0,0.0,421.8,150,3383.8,Card
O00003217,C0000147,R005,,2026-06-27 13:26:39,Mobile App,Completed,8810.0,0.0,1321.5,150,10281.5,Card
O00003218,C0000010,R005,,2026-01-09 20:07:26,Mobile App,Completed,7120.0,0.0,1068.0,100,8288.0,Bank Transfer
O00003219,C0000320,R004,,2025-09-11 20:32:53,Mobile App,Completed,5920.0,0.0,888.0,0,6808.0,Cash
O00003220,C0000098,R014,,2026-05-23 11:11:48,Dine-In,Completed,9237.5,0.0,1385.62,0,10623.12,Mobile Wallet
O00003221,C0000890,R020,,2026-05-02 18:34:14,Dine-In,Completed,6046.5,0.0,906.98,0,6953.48,Card
O00003222,C0000233,R007,,2025-12-22 07:33:31,Website,Completed,4337.65,0.0,650.65,80,5068.3,Cash
O00003223,C0000205,R022,P0018,2025-05-22 22:15:19,Takeaway,Cancelled,9240.0,2772.0,970.2,0,0.0,Mobile Wallet
O00003224,C0000087,R024,,2025-07-14 13:35:52,Dine-In,Completed,8835.0,0.0,1325.25,0,10160.25,Mobile Wallet
O00003225,C0000104,R015,,2026-04-09 20:01:13,Takeaway,Completed,9829.75,0.0,1474.46,0,11304.21,Cash
O00003226,C0000243,R011,,2026-05-15 12:11:26,Takeaway,Completed,4396.7,0.0,659.5,0,5056.2,Card
O00003227,C0000085,R014,,2025-07-30 18:26:02,Dine-In,Completed,6817.5,0.0,1022.62,0,7840.12,Mobile Wallet
O00003228,C0000784,R006,,2025-09-19 22:55:48,Mobile App,Completed,5034.0,0.0,755.1,0,5789.1,Cash
O00003229,C0000176,R010,,2025-04-11 20:16:02,Dine-In,Completed,3026.0,0.0,453.9,0,3479.9,Card
O00003230,C0000077,R007,P0014,2026-03-27 09:19:12,Dine-In,Completed,12274.0,300.0,1796.1,0,13770.1,Mobile Wallet
O00003231,C0000023,R010,,2025-03-02 16:20:24,Delivery Partner,Completed,3015.0,0.0,452.25,120,3587.25,Mobile Wallet
O00003232,C0000429,R014,,2025-03-26 13:29:17,Takeaway,Completed,5950.08,0.0,892.51,0,6842.59,Mobile Wallet
O00003233,C0000002,R005,,2025-03-02 14:41:00,Mobile App,Completed,10974.0,0.0,1646.1,80,12700.1,Card
O00003234,C0000186,R022,,2026-02-17 13:19:38,,Completed,1333.5,0.0,200.02,0,1533.52,Card
O00003235,C0000282,R001,,2025-10-17 13:07:54,Delivery Partner,Completed,4411.0,0.0,661.65,80,5152.65,Mobile Wallet
O00003236,C0000105,R019,,2025-08-09 16:17:04,Website,Completed,6001.0,0.0,900.15,0,6901.15,Cash
O00003237,C0000541,R008,,2026-07-13 10:56:01,Takeaway,Completed,6280.0,0.0,942.0,0,7222.0,Card
O00003238,C0000434,R019,,2025-06-12 16:17:29,Dine-In,Completed,3429.0,0.0,514.35,0,3943.35,Mobile Wallet
O00003239,C0000940,R017,,2025-10-02 12:17:16,Dine-In,Completed,7272.9,0.0,1090.94,0,8363.84,Mobile Wallet
O00003240,C0000239,R019,,2026-07-28 12:01:28,Website,Refunded,7101.0,0.0,1065.15,100,8266.15,Cash
O00003241,C0000269,R016,P0006,2025-10-23 19:11:52,Mobile App,Completed,12938.0,100.0,1925.7,0,14763.7,Card
O00003242,C0000055,R004,P0027,2025-12-27 04:31:41,Dine-In,Completed,5504.0,300.0,780.6,0,5984.6,Card
O00003243,C0000135,R008,,2025-04-12 13:41:03,Delivery Partner,Completed,19760.7,0.0,2964.1,80,22804.8,Mobile Wallet
O00003244,C0000002,R025,P0004,2026-05-06 13:07:08,Mobile App,Completed,7516.0,751.6,1014.66,150,7929.06,Mobile Wallet
O00003245,C0000453,R004,,2025-10-20 15:50:20,Mobile App,Completed,10082.0,0.0,1512.3,120,11714.3,Cash
O00003246,C0000088,R013,,2026-05-12 18:09:42,Delivery Partner,Completed,6033.0,0.0,904.95,120,7057.95,Cash
O00003247,C0000271,R007,,2025-07-16 13:10:57,Delivery Partner,Completed,5598.5,0.0,839.78,120,6558.28,Mobile Wallet
O00003248,C0000059,R001,,2025-10-20 10:13:11,Mobile App,Completed,8091.1,0.0,1213.66,0,9304.76,Mobile Wallet
O00003249,C0000363,R009,,2026-05-04 20:25:11,Delivery Partner,Completed,1724.0,0.0,258.6,0,1982.6,Mobile Wallet
O00003250,C0000184,R004,,2026-08-16 22:46:49,Delivery Partner,Cancelled,16736.0,0.0,2510.4,80,0.0,Card
O00003251,C0000214,R014,,2025-04-02 02:29:03,Delivery Partner,Cancelled,7841.42,0.0,1176.21,120,0.0,Bank Transfer
O00003252,C0000881,R009,P0005,2026-05-19 16:55:27,Takeaway,Cancelled,5419.0,100.0,797.85,0,0.0,Card
O00003253,C0000476,R003,,2025-08-11 13:54:08,Mobile App,Completed,3905.0,0.0,585.75,150,4640.75,Card
O00003254,C0000062,R015,,2025-12-25 12:41:39,Takeaway,Completed,5541.5,0.0,831.22,0,6372.72,Cash
O00003255,C0000235,R005,,2025-08-05 13:03:50,Delivery Partner,Completed,1660.0,0.0,249.0,80,1989.0,Bank Transfer
O00003256,C0000200,R001,,2026-01-29 18:38:55,Dine-In,Completed,2750.5,0.0,412.58,0,3163.08,Card
O00003257,C0000613,R011,,2025-09-11 10:10:31,Takeaway,Completed,16089.5,0.0,2413.42,0,18502.92,Card
O00003258,C0000677,R019,,2025-08-30 21:23:12,Dine-In,Completed,4819.0,0.0,722.85,0,5541.85,Cash
O00003259,C0000073,R005,,2025-03-21 14:53:33,Mobile App,Completed,6508.5,0.0,976.28,100,7584.78,Card
O00003260,C0000656,R022,,2025-05-18 12:21:18,Mobile App,Completed,10653.0,0.0,1597.95,150,12400.95,Cash
O00003261,C0000030,R024,,2026-07-15 19:02:13,Takeaway,Completed,6769.8,0.0,1015.47,0,7785.27,Card
O00003262,C0000561,R017,,2026-08-30 02:36:04,Website,Cancelled,14026.5,0.0,2103.98,80,0.0,Bank Transfer
O00003263,C0000056,R019,P0026,2026-05-01 14:57:26,,Completed,8270.0,1240.5,1054.42,80,8163.92,Cash
O00003264,C0000080,R017,,2025-08-03 13:01:27,Takeaway,Completed,2620.0,0.0,393.0,0,3013.0,Card
O00003265,C0000711,R005,,2025-10-09 13:11:25,Delivery Partner,Completed,8733.0,0.0,1309.95,150,10192.95,Cash
O00003266,C0000161,R024,,2026-04-10 13:20:09,Mobile App,Completed,15930.0,0.0,2389.5,150,18469.5,Mobile Wallet
O00003267,C0000980,R020,P0017,2026-08-14 05:04:23,Takeaway,Refunded,730.0,300.0,64.5,0,494.5,Card
O00003268,C0000022,R009,,2025-11-07 09:06:16,Delivery Partner,Completed,4667.5,0.0,700.12,80,5447.62,Cash
O00003269,C0000197,R022,,2026-05-28 08:03:51,Mobile App,Completed,9767.0,0.0,1465.05,120,11352.05,Mobile Wallet
O00003270,C0000515,R006,,2026-08-17 23:42:15,Mobile App,Completed,4717.65,0.0,707.65,100,5525.3,Mobile Wallet
O00003271,C0000001,R021,P0009,2026-06-21 03:53:16,Website,Completed,2360.0,236.0,318.6,150,2592.6,Bank Transfer
O00003272,C0000022,R013,,2025-07-01 09:40:00,Mobile App,Completed,3833.5,0.0,575.02,100,4508.52,Cash
O00003273,C0000001,R021,,2025-03-05 22:35:59,Mobile App,Completed,3920.95,0.0,588.14,100,4609.09,Card
O00003274,C0000985,R011,P0022,2025-11-26 18:58:20,Dine-In,Cancelled,9086.0,908.6,1226.61,0,0.0,Bank Transfer
O00003275,C0000558,R023,,2025-12-16 14:21:53,Mobile App,Completed,5370.5,0.0,805.58,0,6176.08,Mobile Wallet
O00003276,C0000127,R024,P0009,2025-06-16 07:28:46,Takeaway,Completed,1855.0,185.5,250.42,0,1919.92,Mobile Wallet
O00003277,C0000023,R023,,2025-08-02 18:59:48,Mobile App,Completed,7338.0,0.0,1100.7,150,8588.7,Card
O00003278,C0000009,R001,P0028,2026-04-23 08:08:42,Mobile App,Completed,3542.0,500.0,456.3,80,3578.3,Mobile Wallet
O00003279,C0000263,R017,,2025-11-15 18:25:21,Mobile App,Completed,4777.0,0.0,716.55,80,5573.55,Mobile Wallet
O00003280,C0000949,R006,,2025-08-21 22:11:04,Website,Completed,5710.5,0.0,856.58,80,6647.08,Cash
O00003281,C0000432,R003,,2026-02-04 16:47:35,Dine-In,Completed,6706.92,0.0,1006.04,0,7712.96,Mobile Wallet
O00003282,C0000121,R016,,2026-02-22 10:00:57,Dine-In,Completed,1314.6,0.0,197.19,0,1511.79,Mobile Wallet
O00003283,C0000232,R013,,2026-04-25 17:07:20,Dine-In,Completed,4597.0,0.0,689.55,0,5286.55,Cash
O00003284,C0000998,R012,,2025-05-23 15:32:55,Delivery Partner,Completed,4792.0,0.0,718.8,80,5590.8,Cash
O00003285,C0000249,R025,P0004,2026-04-11 16:51:08,Delivery Partner,Completed,17514.0,1751.4,2364.39,100,18226.99,Card
O00003286,C0000925,R011,,2026-01-21 14:50:26,Delivery Partner,Completed,6516.0,0.0,977.4,100,7593.4,Mobile Wallet
O00003287,C0000001,R023,,2025-03-31 18:03:47,Takeaway,Completed,5300.0,0.0,795.0,0,6095.0,Mobile Wallet
O00003288,C0000498,R002,P0025,2026-04-29 17:13:11,Mobile App,Completed,10488.32,200.0,1543.25,0,11831.57,Mobile Wallet
O00003289,C0000371,R019,P0015,2025-09-28 23:54:17,Mobile App,Completed,4708.0,200.0,676.2,120,5304.2,Mobile Wallet
O00003290,C0000447,R008,,2025-08-28 20:28:53,Mobile App,Completed,4690.0,0.0,703.5,80,5473.5,Card
O00003291,C0000304,R013,,2025-11-03 12:13:34,Website,Completed,4711.0,0.0,706.65,0,5417.65,Mobile Wallet
O00003292,C0000003,R014,,2025-09-06 19:08:14,Mobile App,Completed,6612.5,0.0,991.88,150,7754.38,Cash
O00003293,C0000022,R015,,2025-09-02 10:08:49,Website,Completed,9075.5,0.0,1361.32,0,10436.82,Mobile Wallet
O00003294,C0000841,R017,P0025,2026-05-16 19:25:43,Delivery Partner,Completed,7522.0,200.0,1098.3,120,8540.3,Cash
O00003295,C0000050,R015,,2025-05-05 09:48:29,Takeaway,Completed,9363.45,0.0,1404.52,0,10767.97,Cash
O00003296,C0000985,R021,,2026-08-15 14:46:44,Delivery Partner,Completed,5517.5,0.0,827.62,80,6425.12,Cash
O00003297,C0000439,R010,,2025-12-27 19:41:32,Mobile App,Completed,5729.5,0.0,859.42,120,6708.92,Card
O00003298,C0000181,R001,,2025-06-07 12:16:35,Website,Completed,2320.0,0.0,348.0,0,2668.0,Mobile Wallet
O00003299,C0000837,R012,P0030,2025-05-09 20:40:39,Website,Completed,4696.0,150.0,681.9,120,5347.9,Card
O00003300,C0000613,R009,,2026-01-17 18:03:50,Mobile App,Completed,9219.0,0.0,1382.85,120,10721.85,Cash
O00003301,C0000168,R023,P0024,2026-02-10 13:59:52,Takeaway,Completed,1406.0,421.8,147.63,0,1131.83,Bank Transfer
O00003302,C0000006,R005,P0018,2025-03-29 14:45:29,Mobile App,Completed,6152.5,1845.75,646.01,100,5052.76,Cash
O00003303,C0000739,R022,,2025-07-10 21:02:25,Dine-In,Completed,4442.5,0.0,666.38,0,5108.88,Bank Transfer
O00003304,C0000565,R015,,2026-05-09 11:28:20,Delivery Partner,Completed,12391.0,0.0,1858.65,100,14349.65,Bank Transfer
O00003305,C0000606,R003,,2025-03-27 18:24:36,Dine-In,Completed,3249.8,0.0,487.47,0,3737.27,Card
O00003306,C0000533,R019,,2026-06-11 18:20:42,Takeaway,Completed,3785.5,0.0,567.82,0,4353.32,Cash
O00003307,C0000069,R007,,2026-02-25 21:11:56,Delivery Partner,Completed,9230.5,0.0,1384.58,120,10735.08,Mobile Wallet
O00003308,C0000722,R007,,2025-10-26 18:53:30,Dine-In,Completed,14945.0,0.0,2241.75,0,17186.75,Mobile Wallet
O00003309,C0000001,R007,,2025-09-07 17:00:55,Dine-In,Completed,5011.0,0.0,751.65,0,5762.65,Card
O00003310,C0000051,R002,P0027,2025-03-11 20:00:55,Delivery Partner,Completed,6709.0,300.0,961.35,0,7370.35,Cash
O00003311,C0000004,R002,,2026-05-26 20:44:16,Takeaway,Completed,2533.35,0.0,380.0,0,2913.35,Mobile Wallet
O00003312,C0000013,R012,,2025-05-16 18:45:16,Dine-In,Completed,9797.7,0.0,1469.66,0,11267.36,Card
O00003313,C0000263,R005,,2025-08-16 05:47:33,Dine-In,Completed,840.0,0.0,126.0,0,966.0,Cash
O00003314,C0000003,R004,,2026-01-04 13:06:23,Delivery Partner,Completed,5250.0,0.0,787.5,150,6187.5,Bank Transfer
O00003315,C0000031,R007,,2025-07-11 18:09:57,Takeaway,Completed,8800.0,0.0,1320.0,0,10120.0,Bank Transfer
O00003316,C0000050,R016,,2025-11-29 15:14:32,Website,Completed,13345.5,0.0,2001.82,100,15447.32,Card
O00003317,C0000407,R003,,2026-05-17 12:39:03,Mobile App,Completed,8972.0,0.0,1345.8,120,10437.8,Cash
O00003318,C0000202,R021,,2025-11-15 08:10:08,Takeaway,Completed,7406.47,0.0,1110.97,0,8517.44,Card
O00003319,C0000193,R002,,2026-08-02 16:55:01,Dine-In,Completed,860.0,0.0,129.0,0,989.0,Card
O00003320,C0000570,R017,,2026-06-07 12:45:34,Delivery Partner,Completed,3590.0,0.0,538.5,80,4208.5,Cash
O00003321,C0000191,R009,P0004,2025-08-30 11:44:58,Mobile App,Completed,5269.5,526.95,711.38,100,5553.93,Mobile Wallet
O00003322,C0000110,R020,,2025-10-07 13:22:37,Dine-In,Cancelled,5984.5,0.0,897.68,0,0.0,Bank Transfer
O00003323,C0000922,R008,,2025-10-20 19:12:44,Dine-In,Completed,4884.0,0.0,732.6,0,5616.6,Card
O00003324,C0000001,R012,,2026-02-06 15:26:14,Mobile App,Completed,1720.0,0.0,258.0,120,2098.0,Mobile Wallet
O00003325,C0000084,R007,,2025-08-03 11:40:42,Mobile App,Completed,1500.0,0.0,225.0,150,1875.0,Cash
O00003326,C0000349,R014,,2026-08-14 08:16:41,Dine-In,Completed,2752.5,0.0,412.88,0,3165.38,Card
O00003327,C0000593,R016,,2026-01-26 15:49:02,Takeaway,Completed,4557.0,0.0,683.55,0,5240.55,Cash
O00003328,C0000648,R001,,2025-10-07 19:50:30,Delivery Partner,Completed,6680.0,0.0,1002.0,150,7832.0,Cash
O00003329,C0000003,R010,,2026-02-17 18:12:51,Mobile App,Completed,1480.0,0.0,222.0,150,1852.0,Card
O00003330,C0000481,R011,,2025-10-05 11:11:40,Dine-In,Cancelled,9617.0,0.0,1442.55,0,0.0,Mobile Wallet
O00003331,C0000497,R007,P0011,2026-05-22 14:28:56,Dine-In,Completed,13231.0,3307.75,1488.49,0,11411.74,Card
O00003332,C0000042,R018,P0019,2026-01-03 20:20:41,Mobile App,Completed,8830.7,500.0,1249.6,100,9680.3,Card
O00003333,C0000013,R019,,2025-03-23 09:19:52,Dine-In,Completed,5593.0,0.0,838.95,0,6431.95,Cash
O00003334,C0000541,R014,,2025-06-03 16:19:54,Dine-In,Completed,500.0,0.0,75.0,0,575.0,Mobile Wallet
O00003335,C0000057,R017,,2026-06-17 13:30:56,Website,Completed,6120.0,0.0,918.0,120,7158.0,Card
O00003336,C0000001,R023,,2025-12-31 08:07:55,Mobile App,Completed,8410.8,0.0,1261.62,80,9752.42,Cash
O00003337,C0000046,R019,P0030,2026-08-03 06:23:58,Mobile App,Completed,9965.5,150.0,1472.32,100,11387.82,Cash
O00003338,C0000002,R022,,2025-04-08 16:10:22,Mobile App,Completed,3830.0,0.0,574.5,0,4404.5,Cash
O00003339,C0000057,R013,,2025-08-08 03:38:11,Delivery Partner,Completed,4292.5,0.0,643.88,80,5016.38,Card
O00003340,C0000102,R023,P0015,2025-06-13 08:32:07,Dine-In,Completed,14570.92,200.0,2155.64,0,16526.56,Cash
O00003341,C0000067,R003,,2025-12-27 13:41:52,Dine-In,Completed,4759.5,0.0,713.92,0,5473.42,Mobile Wallet
O00003342,C0000837,R002,P0024,2025-09-28 06:14:20,Dine-In,Completed,4994.0,1498.2,524.37,0,4020.17,Mobile Wallet
O00003343,C0000049,R025,,2025-05-24 13:03:20,Delivery Partner,Completed,4640.0,0.0,696.0,80,5416.0,Cash
O00003344,C0000201,R009,,2026-02-16 08:00:31,Mobile App,Completed,2960.0,0.0,444.0,0,3404.0,Card
O00003345,C0000911,R007,P0019,2025-12-18 13:31:16,Dine-In,Completed,6679.5,500.0,926.92,0,7106.42,Card
O00003346,C0000759,R014,P0029,2025-07-27 19:10:53,Dine-In,Completed,5382.0,1614.6,565.11,0,4332.51,Bank Transfer
O00003347,C0000087,R005,,2025-11-20 17:29:36,Website,Completed,23339.38,0.0,3500.91,80,26920.29,Cash
O00003348,C0000097,R020,,2026-04-13 14:36:23,Dine-In,Completed,3305.5,0.0,495.82,0,3801.32,Mobile Wallet
O00003349,C0000330,R015,,2025-06-19 07:18:07,Website,Completed,12040.0,0.0,1806.0,120,13966.0,Card
O00003350,C0000833,R020,,2025-08-07 17:50:17,Delivery Partner,Completed,4448.0,0.0,667.2,100,5215.2,Card
O00003351,C0000001,R001,,2025-09-06 09:35:10,Dine-In,Completed,3413.0,0.0,511.95,0,3924.95,Cash
O00003352,C0000141,R020,,2026-04-13 07:33:53,Dine-In,Completed,1656.0,0.0,248.4,0,1904.4,Cash
O00003353,C0000706,R007,,2026-06-07 18:06:59,Dine-In,Completed,6677.5,0.0,1001.62,0,7679.12,Cash
O00003354,C0000154,R005,,2025-09-24 21:59:58,Dine-In,Completed,1890.0,0.0,283.5,0,2173.5,Cash
O00003355,C0000496,R025,,2025-08-09 14:44:09,Mobile App,Completed,8709.5,0.0,1306.42,80,10095.92,Cash
O00003356,C0000456,R004,P0016,2026-06-30 06:19:25,Dine-In,Completed,8920.5,200.0,1308.08,0,10028.58,Mobile Wallet
O00003357,C0000039,R011,,2026-08-31 20:52:46,Mobile App,Completed,5068.0,0.0,760.2,120,5948.2,Mobile Wallet
O00003358,C0000185,R019,,2026-03-04 07:11:05,Mobile App,Cancelled,1923.0,0.0,288.45,120,0.0,Card
O00003359,C0000299,R006,,2026-08-26 20:31:50,Delivery Partner,Completed,7160.0,0.0,1074.0,120,8354.0,Cash
O00003360,C0000490,R020,,2026-02-26 13:01:16,Mobile App,Completed,6097.5,0.0,914.62,80,7092.12,Cash
O00003361,C0000658,R018,,2026-04-07 13:21:22,Dine-In,Completed,11330.7,0.0,1699.6,0,13030.3,Mobile Wallet
O00003362,C0000557,R005,P0024,2025-10-01 16:40:41,Takeaway,Completed,4673.0,1401.9,490.66,0,3761.76,Cash
O00003363,C0000002,R020,,2025-10-26 21:47:36,Website,Completed,5375.0,0.0,806.25,100,6281.25,Mobile Wallet
O00003364,C0000427,R015,P0004,2025-05-16 20:39:27,Dine-In,Cancelled,13119.0,1311.9,1771.06,0,0.0,Mobile Wallet
O00003365,C0000228,R021,P0029,2026-05-24 14:23:15,Dine-In,Completed,9099.0,2729.7,955.4,0,7324.7,Cash
O00003366,C0000308,R025,,2026-07-23 18:49:11,Delivery Partner,Cancelled,2789.0,0.0,418.35,120,0.0,Mobile Wallet
O00003367,C0000126,R020,,2026-02-04 17:30:57,Dine-In,Completed,4557.5,0.0,683.62,0,5241.12,Card
O00003368,C0000488,R006,,2025-09-05 18:03:20,Dine-In,Completed,10629.75,0.0,1594.46,0,12224.21,Card
O00003369,C0000431,R004,,2025-05-22 20:23:58,Delivery Partner,Completed,1706.0,0.0,255.9,0,1961.9,Mobile Wallet
O00003370,C0000314,R017,,2025-07-22 05:42:23,Dine-In,Completed,5064.0,0.0,759.6,0,5823.6,Card
O00003371,C0000727,R015,,2025-07-17 12:16:27,Dine-In,Completed,4458.52,0.0,668.78,0,5127.3,Mobile Wallet
O00003372,C0000011,R018,,2026-01-29 21:39:36,Dine-In,Completed,5380.0,0.0,807.0,0,6187.0,Mobile Wallet
O00003373,C0000082,R006,,2026-07-31 21:18:20,Website,Completed,8459.0,0.0,1268.85,100,9827.85,Mobile Wallet
O00003374,C0000226,R024,,2025-03-27 01:39:32,Delivery Partner,Completed,4545.05,0.0,681.76,150,5376.81,Mobile Wallet
O00003375,C0000914,R025,,2025-03-01 10:37:01,Mobile App,Completed,3937.38,0.0,590.61,80,4607.99,Cash
O00003376,C0000006,R020,,2026-01-22 23:54:36,Dine-In,Completed,10646.05,0.0,1596.91,0,12242.96,Cash
O00003377,C0000103,R022,,2025-08-02 15:33:54,Dine-In,Completed,5434.5,0.0,815.18,0,6249.68,Bank Transfer
O00003378,C0000848,R019,P0025,2026-06-25 17:46:18,Mobile App,Completed,6148.5,200.0,892.28,120,6960.78,Cash
O00003379,C0000794,R012,,2025-08-26 09:32:27,Website,Completed,12829.5,0.0,1924.42,150,14903.92,Card
O00003380,C0000734,R009,,2025-08-05 20:05:14,Mobile App,Completed,7948.5,0.0,1192.27,0,9140.77,Card
O00003381,C0000086,R008,P0017,2025-07-25 11:59:00,Mobile App,Cancelled,6884.0,300.0,987.6,120,0.0,Cash
O00003382,C0000701,R015,,2025-05-17 10:50:42,Delivery Partner,Completed,4470.0,0.0,670.5,120,5260.5,Cash
O00003383,C0000236,R001,,2026-01-11 11:35:27,Dine-In,Completed,5883.0,0.0,882.45,0,6765.45,Cash
O00003384,C0000362,R002,,2025-05-30 21:12:49,Dine-In,Completed,5329.0,0.0,799.35,0,6128.35,Card
O00003385,C0000052,R025,P0002,2025-10-21 18:46:34,Delivery Partner,Completed,5641.0,282.05,803.84,0,6162.79,Mobile Wallet
O00003386,C0000477,R003,,2025-11-09 19:08:31,Takeaway,Completed,7887.0,0.0,1183.05,0,9070.05,Card
O00003387,C0000097,R019,,2025-03-11 13:34:27,Takeaway,Completed,11927.5,0.0,1789.12,0,13716.62,Mobile Wallet
O00003388,C0000107,R010,,2025-03-09 20:33:08,Mobile App,Completed,3654.0,0.0,548.1,0,4202.1,Card
O00003389,C0000383,R025,P0021,2025-12-10 19:15:23,Mobile App,Completed,5420.0,100.0,798.0,120,6238.0,Mobile Wallet
O00003390,C0000053,R014,,2026-03-18 19:17:03,Takeaway,Completed,9059.5,0.0,1358.92,0,10418.42,Mobile Wallet
O00003391,C0000046,R019,P0001,2026-07-29 22:17:55,Delivery Partner,Completed,2942.5,500.0,366.38,150,2958.88,Cash
O00003392,C0000124,R011,P0013,2025-06-05 13:37:44,Dine-In,Completed,651.5,0.0,97.72,0,749.22,Card
O00003393,C0000585,R021,P0029,2025-04-24 17:49:40,Mobile App,Completed,3511.0,1053.3,368.66,150,2976.36,Mobile Wallet
O00003394,C0000046,R006,,2025-03-29 21:42:02,Dine-In,Completed,1050.0,0.0,157.5,0,1207.5,Mobile Wallet
O00003395,C0000600,R019,,2025-10-27 19:31:47,Delivery Partner,Completed,10916.5,0.0,1637.48,150,12703.98,Mobile Wallet
O00003396,C0000461,R014,,2026-02-04 17:06:21,Dine-In,Completed,3004.0,0.0,450.6,0,3454.6,Cash
O00003397,C0000439,R008,,2026-06-03 07:22:39,Website,Completed,10721.0,0.0,1608.15,100,12429.15,Bank Transfer
O00003398,C0000207,R002,,2026-03-10 18:22:57,Dine-In,Completed,2300.5,0.0,345.08,0,2645.58,Cash
O00003399,C0000535,R022,P0016,2025-06-21 16:45:38,Mobile App,Completed,1617.5,200.0,212.62,120,1750.12,Cash
O00003400,C0000001,R018,,2025-11-10 09:17:56,Website,Completed,4467.5,0.0,670.12,150,5287.62,Card
O00003401,C0000085,R025,P0030,2026-07-12 20:06:54,Takeaway,Completed,2090.0,150.0,291.0,0,2231.0,Cash
O00003402,C0000439,R022,P0025,2025-08-26 13:41:48,Takeaway,Completed,13301.0,200.0,1965.15,0,15066.15,Mobile Wallet
O00003403,C0000973,R025,P0002,2025-11-29 13:39:24,Mobile App,Completed,6258.0,312.9,891.76,120,6956.86,Mobile Wallet
O00003404,C0000001,R004,,2026-08-08 18:23:59,Dine-In,Completed,7417.0,0.0,1112.55,0,8529.55,Bank Transfer
O00003405,C0000240,R003,P0017,2026-04-07 15:13:47,Delivery Partner,Completed,2213.0,300.0,286.95,0,2199.95,Card
O00003406,C0000844,R002,,2026-04-14 07:49:52,Dine-In,Completed,9806.37,0.0,1470.96,0,11277.33,Card
O00003407,C0000731,R024,P0028,2025-07-15 13:04:21,Website,Completed,1660.0,0.0,249.0,0,1909.0,Bank Transfer
O00003408,C0000002,R004,,2025-10-16 07:45:49,Delivery Partner,Completed,8928.0,0.0,1339.2,120,10387.2,Card
O00003409,C0000260,R018,P0023,2025-04-13 10:53:47,Takeaway,Completed,4107.0,616.05,523.64,0,4014.59,Bank Transfer
O00003410,C0000001,R011,P0020,2026-01-25 00:56:46,Dine-In,Completed,6340.0,951.0,808.35,0,6197.35,Mobile Wallet
O00003411,C0000604,R009,,2025-04-24 09:21:33,Dine-In,Completed,6072.3,0.0,910.84,0,6983.14,Cash
O00003412,C0000086,R008,,2026-06-01 12:57:19,Delivery Partner,Completed,2050.0,0.0,307.5,80,2437.5,Cash
O00003413,C0000565,R021,,2026-05-20 16:21:35,Website,Completed,3916.0,0.0,587.4,0,4503.4,Card
O00003414,C0000886,R008,,2025-12-17 21:09:36,Mobile App,Completed,6265.22,0.0,939.78,120,7325.0,Mobile Wallet
O00003415,C0000950,R005,P0030,2025-05-15 16:25:38,Takeaway,Completed,4774.0,150.0,693.6,0,5317.6,Mobile Wallet
O00003416,C0000787,R013,P0020,2025-03-14 18:14:26,Dine-In,Completed,1672.0,250.8,213.18,0,1634.38,Card
O00003417,C0000039,R007,,2026-05-10 13:37:59,Website,Completed,3268.5,0.0,490.28,120,3878.78,Cash
O00003418,C0000035,R021,,2026-01-22 19:40:46,Delivery Partner,Completed,8650.0,0.0,1297.5,120,10067.5,Cash
O00003419,C0000369,R005,,2026-03-26 17:41:48,Dine-In,Completed,2591.5,0.0,388.72,0,2980.22,Bank Transfer
O00003420,C0000275,R013,,2025-08-13 14:54:31,Website,Completed,9072.5,0.0,1360.88,80,10513.38,Card
O00003421,C0000001,R020,,2025-12-05 10:48:41,Dine-In,Completed,11641.5,0.0,1746.22,0,13387.72,Card
O00003422,C0000140,R016,,2026-04-14 12:00:51,Delivery Partner,Completed,4437.0,0.0,665.55,150,5252.55,Mobile Wallet
O00003423,C0000811,R014,,2025-11-10 17:13:28,Takeaway,Completed,3886.5,0.0,582.98,0,4469.48,Mobile Wallet
O00003424,C0000795,R005,P0005,2026-01-22 14:35:40,Website,Completed,3245.5,100.0,471.82,100,3717.32,Card
O00003425,C0000038,R023,P0008,2026-05-06 20:30:47,Delivery Partner,Completed,3762.0,940.5,423.22,0,3244.72,Card
O00003426,C0000133,R019,,2025-06-24 11:27:31,Mobile App,Cancelled,18933.5,0.0,2840.02,0,0.0,Mobile Wallet
O00003427,C0000293,R004,,2025-04-05 07:33:23,Delivery Partner,Completed,2600.0,0.0,390.0,100,3090.0,Card
O00003428,C0000711,R024,,2025-12-16 17:34:02,Dine-In,Completed,1648.5,0.0,247.27,0,1895.77,Card
O00003429,C0000263,R022,,2025-04-03 20:59:53,Delivery Partner,Completed,6161.5,0.0,924.22,120,7205.72,Cash
O00003430,C0000933,R024,,2026-04-24 13:38:26,Delivery Partner,Completed,8308.5,0.0,1246.27,80,9634.77,Mobile Wallet
O00003431,C0000619,R011,,2026-03-30 18:22:08,Dine-In,Completed,8139.0,0.0,1220.85,0,9359.85,Bank Transfer
O00003432,C0000903,R002,P0004,2026-06-26 11:45:39,Mobile App,Completed,2537.0,253.7,342.5,0,2625.8,Bank Transfer
O00003433,C0000513,R013,P0018,2026-02-14 16:43:22,Delivery Partner,Completed,6429.5,1928.85,675.1,150,5325.75,Card
O00003434,C0000756,R016,,2025-04-05 19:18:06,Dine-In,Completed,8719.5,0.0,1307.92,0,10027.42,Card
O00003435,C0000673,R009,,2025-07-15 20:17:16,Mobile App,Completed,2828.4,0.0,424.26,80,3332.66,Cash
O00003436,C0000059,R016,,2026-05-16 08:14:36,Website,Completed,6588.37,0.0,988.26,150,7726.63,Card
O00003437,C0000048,R007,,2025-05-29 13:00:06,Dine-In,Completed,5713.38,0.0,857.01,0,6570.39,Card
O00003438,C0000732,R016,,2026-03-19 18:24:29,Website,Completed,17947.0,0.0,2692.05,80,20719.05,Mobile Wallet
O00003439,C0000008,R013,P0001,2026-05-01 05:25:12,Takeaway,Completed,6044.0,500.0,831.6,0,6375.6,Cash
O00003440,C0000152,R005,,2025-08-28 18:34:17,Takeaway,Completed,4924.0,0.0,738.6,0,5662.6,Card
O00003441,C0000655,R015,P0020,2025-08-24 16:56:30,Mobile App,Completed,7580.0,1137.0,966.45,80,7489.45,Card
O00003442,C0000643,R007,,2025-12-29 12:14:21,Mobile App,Completed,1778.0,0.0,266.7,80,2124.7,Cash
O00003443,C0000019,R018,P0029,2026-06-14 19:03:13,Delivery Partner,Completed,5153.0,1545.9,541.06,0,4148.16,Cash
O00003444,C0000219,R020,P0022,2025-06-29 12:14:17,Website,Completed,16818.0,1681.8,2270.43,150,17556.63,Card
O00003445,C0000212,R023,P0003,2026-07-29 23:41:34,Mobile App,Completed,6341.0,200.0,921.15,120,7182.15,Card
O00003446,C0000095,R002,,2026-01-21 19:37:16,Mobile App,Completed,5323.0,0.0,798.45,100,6221.45,Card
O00003447,C0000831,R008,P0023,2026-08-27 18:44:18,Website,Completed,2539.0,380.85,323.72,100,2581.87,Card
O00003448,C0000404,R010,,2025-04-17 07:38:30,Delivery Partner,Completed,9782.5,0.0,1467.38,150,11399.88,Cash
O00003449,C0000958,R010,P0024,2025-05-06 20:57:38,Website,Completed,8460.5,2538.15,888.35,120,6930.7,Cash
O00003450,C0000006,R011,P0006,2026-05-27 19:53:52,Mobile App,Completed,1963.0,100.0,279.45,0,2142.45,Cash
O00003451,C0000142,R021,,2026-06-16 11:00:35,Takeaway,Completed,7319.75,0.0,1097.96,0,8417.71,Cash
O00003452,C0000680,R021,,2025-11-02 13:21:14,Delivery Partner,Completed,690.0,0.0,103.5,100,893.5,Mobile Wallet
O00003453,C0000163,R008,,2026-03-28 12:10:28,Delivery Partner,Completed,7318.0,0.0,1097.7,150,8565.7,Cash
O00003454,C0000062,R016,P0005,2026-06-18 22:45:59,Dine-In,Completed,5517.0,100.0,812.55,0,6229.55,Cash
O00003455,C0000996,R016,,2025-03-24 20:37:55,Website,Cancelled,5651.9,0.0,847.78,150,0.0,Cash
O00003456,C0000748,R017,,2026-01-07 21:36:39,Mobile App,Completed,3648.0,0.0,547.2,150,4345.2,Card
O00003457,C0000278,R006,P0004,2026-06-10 19:50:15,Dine-In,Completed,5514.7,551.47,744.48,0,5707.71,Card
O00003458,C0000294,R018,,2025-10-06 14:25:32,Mobile App,Cancelled,9980.0,0.0,1497.0,80,0.0,Cash
O00003459,C0000001,R017,P0005,2025-08-12 10:50:24,Dine-In,Completed,4108.0,100.0,601.2,0,4609.2,Cash
O00003460,C0000960,R012,,2026-05-09 10:26:15,Website,Refunded,12026.5,0.0,1803.98,120,13950.48,Bank Transfer
O00003461,C0000631,R015,,2025-08-31 09:57:29,Takeaway,Completed,2270.0,0.0,340.5,0,2610.5,Mobile Wallet
O00003462,C0000003,R007,P0003,2025-03-02 16:12:56,Dine-In,Completed,12285.5,200.0,1812.82,0,13898.32,Mobile Wallet
O00003463,C0000029,R014,,2026-08-08 21:06:33,Dine-In,Completed,11340.0,0.0,1701.0,0,13041.0,Cash
O00003464,C0000656,R004,,2026-01-17 23:07:01,Mobile App,Completed,4381.0,0.0,657.15,100,5138.15,Card
O00003465,C0000009,R017,,2026-05-23 12:45:39,Dine-In,Completed,6525.5,0.0,978.82,0,7504.32,Mobile Wallet
O00003466,C0000880,R011,,2026-05-26 18:50:43,Delivery Partner,Completed,2704.0,0.0,405.6,150,3259.6,Cash
O00003467,C0001000,R006,,2025-04-05 17:50:42,Dine-In,Completed,6258.7,0.0,938.8,0,7197.5,Card
O00003468,C0000773,R010,,2025-05-31 15:22:37,Delivery Partner,Completed,4089.0,0.0,613.35,120,4822.35,Mobile Wallet
O00003469,C0000524,R015,,2025-08-17 18:25:50,Mobile App,Completed,7627.3,0.0,1144.1,150,8921.4,Card
O00003470,C0000219,R006,,2025-08-23 13:43:59,Delivery Partner,Completed,7556.0,0.0,1133.4,120,8809.4,Card
O00003471,C0000008,R016,P0007,2026-02-25 21:54:17,Dine-In,Completed,3122.0,200.0,438.3,0,3360.3,Card
O00003472,C0000512,R012,,2026-02-04 18:26:04,Dine-In,Completed,2761.5,0.0,414.22,0,3175.72,Mobile Wallet
O00003473,C0000143,R019,,2025-11-27 19:08:46,Mobile App,Cancelled,8007.73,0.0,1201.16,0,0.0,Mobile Wallet
O00003474,C0000304,R016,P0013,2025-06-22 11:45:39,Website,Completed,2848.65,712.16,320.47,0,2456.96,Mobile Wallet
O00003475,C0000078,R014,,2025-09-27 09:37:05,Takeaway,Completed,4955.1,0.0,743.26,0,5698.36,Card
O00003476,C0000054,R006,P0021,2025-12-22 13:46:11,Dine-In,Cancelled,4408.0,100.0,646.2,0,0.0,Mobile Wallet
O00003477,C0000095,R009,,2025-11-13 19:12:50,Mobile App,Completed,5327.0,0.0,799.05,120,6246.05,Bank Transfer
O00003478,C0000644,R022,,2025-05-07 21:06:11,Dine-In,Completed,3694.0,0.0,554.1,0,4248.1,Mobile Wallet
O00003479,C0000166,R001,,2026-02-20 14:10:11,Takeaway,Completed,3198.5,0.0,479.78,0,3678.28,Card
O00003480,C0000088,R022,,2025-04-08 19:09:08,Mobile App,Completed,1123.5,0.0,168.52,150,1442.02,Mobile Wallet
O00003481,C0000171,R008,,2025-09-25 14:32:55,Website,Completed,6389.0,0.0,958.35,100,7447.35,Card
O00003482,C0000002,R007,,2026-03-25 12:38:41,Delivery Partner,Completed,4168.5,0.0,625.28,0,4793.78,Mobile Wallet
O00003483,C0000781,R014,,2025-03-11 19:49:21,Dine-In,Completed,6750.5,0.0,1012.58,0,7763.08,Mobile Wallet
O00003484,C0000283,R008,,2026-01-04 19:54:48,Website,Completed,10012.0,0.0,1501.8,150,11663.8,Mobile Wallet
O00003485,C0000012,R011,,2025-08-31 10:02:49,Dine-In,Completed,7006.25,0.0,1050.94,0,8057.19,Mobile Wallet
O00003486,C0000075,R024,,2025-03-05 12:40:15,Dine-In,Refunded,10370.0,0.0,1555.5,0,11925.5,Cash
O00003487,C0000966,R009,,2025-06-11 15:28:03,Mobile App,Completed,6155.5,0.0,923.32,100,7178.82,Card
O00003488,C0000330,R019,,2026-07-29 10:36:49,Website,Completed,9180.5,0.0,1377.08,80,10637.58,Cash
O00003489,C0000077,R007,,2025-12-11 21:54:02,Delivery Partner,Completed,2914.0,0.0,437.1,0,3351.1,Card
O00003490,C0000166,R006,,2026-08-30 17:55:15,Website,Cancelled,4516.0,0.0,677.4,80,0.0,Mobile Wallet
O00003491,C0000061,R018,,2025-12-13 08:44:13,Dine-In,Completed,1942.0,0.0,291.3,0,2233.3,Card
O00003492,C0000002,R005,,2025-12-22 09:15:55,Dine-In,Completed,3153.0,0.0,472.95,0,3625.95,Cash
O00003493,C0000692,R019,,2025-10-03 21:15:40,Website,Completed,3719.0,0.0,557.85,120,4396.85,Card
O00003494,C0000078,R011,P0021,2025-08-17 19:43:37,Mobile App,Cancelled,9995.5,100.0,1484.32,80,0.0,Cash
O00003495,C0000686,R005,,2025-07-14 19:49:03,Takeaway,Completed,4640.0,0.0,696.0,0,5336.0,Mobile Wallet
O00003496,C0000211,R025,,2025-09-05 07:42:58,Mobile App,Cancelled,12849.5,0.0,1927.42,100,0.0,Mobile Wallet
O00003497,C0000031,R024,,2025-11-09 20:48:01,Delivery Partner,Completed,5341.5,0.0,801.22,0,6142.72,Mobile Wallet
O00003498,C0000624,R025,,2025-06-12 14:06:54,Website,Completed,5269.0,0.0,790.35,120,6179.35,Cash
O00003499,C0000129,R009,P0008,2025-06-29 18:14:09,Mobile App,Completed,3520.0,880.0,396.0,0,3036.0,Cash
O00003500,C0000479,R024,,2025-07-26 21:37:10,Delivery Partner,Completed,3321.0,0.0,498.15,120,3939.15,Mobile Wallet
O00003501,C0000684,R008,P0019,2025-11-03 08:05:38,Delivery Partner,Completed,4809.0,500.0,646.35,120,5075.35,Cash
O00003502,C0000923,R011,,2026-02-22 14:17:25,Dine-In,Completed,4079.0,0.0,611.85,0,4690.85,Mobile Wallet
O00003503,C0000008,R022,,2026-06-12 06:18:56,Dine-In,Completed,4310.0,0.0,646.5,0,4956.5,Mobile Wallet
O00003504,C0000001,R006,,2025-08-03 15:51:36,Mobile App,Completed,14500.0,0.0,2175.0,100,16775.0,Card
O00003505,C0000280,R015,P0005,2025-06-07 11:50:25,Takeaway,Completed,8637.0,100.0,1280.55,0,9817.55,Card
O00003506,C0000063,R006,P0028,2025-09-26 21:01:03,Delivery Partner,Completed,7667.7,500.0,1075.16,120,8362.86,Cash
O00003507,C0000202,R022,P0002,2026-07-03 13:02:25,Delivery Partner,Completed,9852.5,492.62,1403.98,120,10883.86,Bank Transfer
O00003508,C0000007,R011,P0023,2025-03-06 18:45:37,Takeaway,Completed,3542.5,531.38,451.67,0,3462.79,Card
O00003509,C0000232,R015,P0006,2026-03-08 20:53:27,Website,Completed,8450.0,100.0,1252.5,100,9702.5,Cash
O00003510,C0000016,R012,,2025-11-18 22:24:01,Mobile App,Completed,10741.45,0.0,1611.22,80,12432.67,Card
O00003511,C0000686,R009,,2025-05-25 15:35:01,Mobile App,Completed,5354.0,0.0,803.1,0,6157.1,Cash
O00003512,C0000556,R010,,2025-08-23 14:53:15,Delivery Partner,Completed,8690.0,0.0,1303.5,150,10143.5,Mobile Wallet
O00003513,C0000007,R015,P0015,2025-06-29 07:48:59,Mobile App,Completed,13637.5,200.0,2015.62,100,15553.12,Card
O00003514,C0000682,R017,,2026-06-23 01:27:56,Mobile App,Completed,2831.0,0.0,424.65,120,3375.65,Cash
O00003515,C0000096,R016,P0010,2025-11-21 17:37:22,Dine-In,Completed,3080.0,200.0,432.0,0,3312.0,Cash
O00003516,C0000113,R022,,2025-12-31 07:27:22,Mobile App,Completed,2613.0,0.0,391.95,120,3124.95,Cash
O00003517,C0000030,R008,,2026-01-18 13:31:12,Takeaway,Completed,8558.3,0.0,1283.74,0,9842.04,Cash
O00003518,C0000681,R017,,2026-02-14 00:50:20,Mobile App,Completed,4015.42,0.0,602.31,150,4767.73,Card
O00003519,C0000149,R011,,2025-11-28 17:40:38,Dine-In,Completed,1250.5,0.0,187.58,0,1438.08,Mobile Wallet
O00003520,C0000004,R011,,2025-03-10 14:35:24,Mobile App,Completed,4895.0,0.0,734.25,0,5629.25,Cash
O00003521,C0000929,R006,,2025-08-31 08:38:57,Dine-In,Completed,3460.5,0.0,519.07,0,3979.57,Cash
O00003522,C0000060,R025,P0024,2025-06-07 12:35:36,Dine-In,Completed,7353.95,2206.18,772.17,0,5919.94,Card
O00003523,C0000869,R022,,2026-03-09 17:42:56,Dine-In,Completed,4557.0,0.0,683.55,0,5240.55,Card
O00003524,C0000082,R002,,2025-03-31 18:53:48,Delivery Partner,Completed,1655.0,0.0,248.25,150,2053.25,Mobile Wallet
O00003525,C0000674,R001,,2026-01-01 14:22:12,Dine-In,Completed,5449.5,0.0,817.42,0,6266.92,Bank Transfer
O00003526,C0000418,R020,,2025-06-22 19:01:14,Website,Completed,7340.0,0.0,1101.0,150,8591.0,Card
O00003527,C0000727,R006,P0017,2026-08-02 08:09:27,Dine-In,Completed,6844.0,300.0,981.6,0,7525.6,Cash
O00003528,C0000950,R025,,2025-08-31 07:05:02,Mobile App,Completed,6546.0,0.0,981.9,150,7677.9,Cash
O00003529,C0000745,R005,,2025-08-25 06:07:22,Website,Completed,3332.5,0.0,499.88,120,3952.38,Cash
O00003530,C0000148,R023,,2026-07-19 16:14:03,Dine-In,Completed,2660.0,0.0,399.0,0,3059.0,Mobile Wallet
O00003531,C0000645,R022,,2025-10-17 18:44:46,Dine-In,Completed,6458.0,0.0,968.7,0,7426.7,Mobile Wallet
O00003532,C0000484,R022,,2026-08-10 08:28:49,Takeaway,Completed,9389.12,0.0,1408.37,0,10797.49,Cash
O00003533,C0000005,R009,P0006,2025-03-14 18:27:59,Website,Completed,2014.0,100.0,287.1,150,2351.1,Mobile Wallet
O00003534,C0000856,R005,,2025-08-15 14:21:02,Takeaway,Completed,1931.0,0.0,289.65,0,2220.65,Mobile Wallet
O00003535,C0000199,R018,,2026-03-01 23:33:38,Mobile App,Completed,5896.5,0.0,884.48,100,6880.98,Mobile Wallet
O00003536,C0000018,R024,P0018,2026-07-01 18:19:07,Dine-In,Completed,2888.5,866.55,303.29,0,2325.24,Cash
O00003537,C0000165,R019,,2025-07-17 18:32:42,Mobile App,Completed,1684.0,0.0,252.6,0,1936.6,Cash
O00003538,C0000342,R015,,2026-07-23 17:14:24,Mobile App,Completed,23304.0,0.0,3495.6,100,26899.6,Cash
O00003539,C0000307,R015,,2026-01-18 23:06:53,Dine-In,Completed,15101.5,0.0,2265.22,0,17366.72,Card
O00003540,C0000309,R009,,2026-05-12 22:23:57,Delivery Partner,Completed,3254.5,0.0,488.17,120,3862.67,Card
O00003541,C0000060,R014,P0025,2025-10-06 16:25:40,Delivery Partner,Completed,13238.5,200.0,1955.78,120,15114.28,Mobile Wallet
O00003542,C0000378,R005,P0026,2025-06-22 14:49:51,Dine-In,Completed,3971.0,595.65,506.3,0,3881.65,Cash
O00003543,C0000812,R017,,2026-07-12 14:09:11,Website,Cancelled,7217.0,0.0,1082.55,120,0.0,Card
O00003544,C0000137,R015,P0017,2026-07-25 14:14:04,Takeaway,Completed,3930.0,300.0,544.5,0,4174.5,Mobile Wallet
O00003545,C0000375,R020,,2025-11-29 16:36:32,Website,Completed,7405.5,0.0,1110.82,120,8636.32,Cash
O00003546,C0000054,R025,,2025-03-04 12:58:45,Takeaway,Completed,3150.4,0.0,472.56,0,3622.96,Cash
O00003547,C0000004,R017,P0027,2025-04-27 21:23:24,Delivery Partner,Completed,15940.4,300.0,2346.06,0,17986.46,Mobile Wallet
O00003548,C0000321,R024,P0017,2026-01-06 15:10:24,Takeaway,Completed,3947.72,300.0,547.16,0,4194.88,Mobile Wallet
O00003549,C0000004,R024,P0003,2025-03-13 20:39:56,Delivery Partner,Completed,9136.5,200.0,1340.48,100,10376.98,Bank Transfer
O00003550,C0000502,R025,,2025-10-06 14:20:34,Website,Completed,6886.5,0.0,1032.97,80,7999.47,Mobile Wallet
O00003551,C0000427,R009,,2025-08-13 18:39:14,Dine-In,Completed,1262.5,0.0,189.38,0,1451.88,Mobile Wallet
O00003552,C0000124,R013,,2026-03-28 13:37:41,Dine-In,Completed,8016.0,0.0,1202.4,0,9218.4,Mobile Wallet
O00003553,C0000154,R022,,2025-03-30 17:14:25,Website,Completed,7956.0,0.0,1193.4,100,9249.4,Cash
O00003554,C0000832,R013,P0011,2025-11-24 15:14:09,Mobile App,Completed,1852.0,463.0,208.35,120,1717.35,Mobile Wallet
O00003555,C0000001,R005,P0008,2026-01-10 13:36:23,Delivery Partner,Completed,2140.0,535.0,240.75,150,1995.75,Bank Transfer
O00003556,C0000296,R014,,2026-02-01 20:44:34,Delivery Partner,Cancelled,7608.5,0.0,1141.27,100,0.0,Card
O00003557,C0000843,R007,,2025-10-11 08:13:28,Website,Completed,12276.0,0.0,1841.4,150,14267.4,Card
O00003558,C0000825,R025,,2025-08-13 15:42:37,Mobile App,Completed,5970.0,0.0,895.5,120,6985.5,Card
O00003559,C0000320,R005,P0024,2026-03-10 10:51:04,Dine-In,Completed,399.0,119.7,41.9,0,321.2,Bank Transfer
O00003560,C0000132,R012,,2026-06-07 20:20:23,Delivery Partner,Completed,5230.5,0.0,784.58,80,6095.08,Cash
O00003561,C0000011,R003,,2026-03-16 11:43:18,Dine-In,Completed,11023.5,0.0,1653.52,0,12677.02,Mobile Wallet
O00003562,C0000029,R009,,2026-07-24 18:19:45,Takeaway,Completed,4326.0,0.0,648.9,0,4974.9,Mobile Wallet
O00003563,C0000439,R010,P0025,2026-03-29 09:32:48,Takeaway,Completed,10187.05,200.0,1498.06,0,11485.11,Mobile Wallet
O00003564,C0000001,R001,P0005,2026-04-23 13:02:43,Delivery Partner,Completed,3737.0,100.0,545.55,120,4302.55,Card
O00003565,C0000767,R014,P0006,2025-05-30 20:39:08,Dine-In,Completed,4472.5,100.0,655.88,0,5028.38,Bank Transfer
O00003566,C0000324,R001,,2025-10-18 09:22:25,Delivery Partner,Completed,17058.42,0.0,2558.76,120,19737.18,Cash
O00003567,C0000003,R010,P0030,2025-11-22 18:43:24,Mobile App,Completed,693.0,0.0,103.95,80,876.95,Cash
O00003568,C0000052,R011,,2025-07-17 10:46:34,Dine-In,Refunded,6198.0,0.0,929.7,0,7127.7,Card
O00003569,C0000331,R020,P0019,2025-12-14 13:22:49,Website,Completed,10125.95,500.0,1443.89,100,11169.84,Cash
O00003570,C0000003,R002,,2025-08-06 16:26:35,Dine-In,Completed,4327.5,0.0,649.12,0,4976.62,Card
O00003571,C0000588,R023,,2026-03-13 17:34:13,Dine-In,Cancelled,6315.0,0.0,947.25,0,0.0,Cash
O00003572,C0000837,R002,P0008,2025-11-15 17:24:55,Delivery Partner,Completed,12852.5,3213.12,1445.91,80,11165.29,Mobile Wallet
O00003573,C0000919,R023,,2025-11-09 18:31:05,Dine-In,Completed,12837.0,0.0,1925.55,0,14762.55,Card
O00003574,C0000516,R024,,2026-08-22 12:21:31,Takeaway,Completed,4652.0,0.0,697.8,0,5349.8,Mobile Wallet
O00003575,C0000719,R011,,2025-10-04 13:07:25,Takeaway,Completed,3840.5,0.0,576.07,0,4416.57,Cash
O00003576,C0000351,R008,,2025-09-16 05:55:14,Mobile App,Completed,13891.5,0.0,2083.72,100,16075.22,Cash
O00003577,C0000193,R003,P0001,2025-08-22 19:50:48,Delivery Partner,Completed,8195.0,500.0,1154.25,100,8949.25,Cash
O00003578,C0000486,R009,P0025,2026-07-03 20:51:30,Dine-In,Completed,3126.5,200.0,438.98,0,3365.48,Cash
O00003579,C0000046,R016,,2025-11-29 10:37:55,Dine-In,Completed,6640.0,0.0,996.0,0,7636.0,Cash
O00003580,C0000013,R016,,2026-01-22 10:17:36,Dine-In,Completed,907.0,0.0,136.05,0,1043.05,Cash
O00003581,C0000560,R010,P0016,2025-06-06 06:27:37,Mobile App,Completed,11696.7,200.0,1724.5,80,13301.2,Card
O00003582,C0000913,R006,,2025-12-20 22:27:52,Mobile App,Completed,4606.7,0.0,691.0,100,5397.7,Cash
O00003583,C0000312,R020,P0017,2025-07-27 19:10:57,Dine-In,Completed,1590.0,300.0,193.5,0,1483.5,Card
O00003584,C0000214,R024,P0009,2026-04-05 13:11:36,Delivery Partner,Completed,4270.0,427.0,576.45,120,4539.45,Cash
O00003585,C0000265,R020,P0026,2026-05-30 14:54:18,Delivery Partner,Completed,6701.0,1005.15,854.38,0,6550.23,Mobile Wallet
O00003586,C0000211,R020,,2026-03-28 12:01:13,Delivery Partner,Completed,7812.5,0.0,1171.88,120,9104.38,Cash
O00003587,C0000179,R011,,2026-04-05 17:58:35,Dine-In,Completed,11443.0,0.0,1716.45,0,13159.45,Card
O00003588,C0000890,R008,,2025-12-06 18:36:36,Mobile App,Completed,5250.0,0.0,787.5,100,6137.5,Card
O00003589,C0000212,R020,,2026-03-27 14:59:10,Delivery Partner,Completed,14652.08,0.0,2197.81,120,16969.89,Mobile Wallet
O00003590,C0000008,R001,,2025-10-20 20:03:26,Takeaway,Completed,1323.0,0.0,198.45,0,1521.45,Card
O00003591,C0000565,R006,P0011,2026-02-21 15:40:01,Delivery Partner,Completed,17059.0,4264.75,1919.14,100,14813.39,Card
O00003592,C0000140,R008,,2025-07-19 08:44:21,Delivery Partner,Completed,913.5,0.0,137.02,80,1130.52,Mobile Wallet
O00003593,C0000483,R014,,2025-04-07 17:44:01,Dine-In,Completed,11346.0,0.0,1701.9,0,13047.9,Card
O00003594,C0000314,R003,P0016,2025-10-15 14:46:19,Mobile App,Completed,8954.4,200.0,1313.16,100,10167.56,Cash
O00003595,C0000486,R002,,2025-11-10 21:33:43,Dine-In,Cancelled,6523.0,0.0,978.45,0,0.0,Card
O00003596,C0000005,R022,P0018,2025-07-17 13:22:47,Takeaway,Completed,2932.5,879.75,307.91,0,2360.66,Bank Transfer
O00003597,C0000002,R001,,2026-04-04 13:12:16,Delivery Partner,Completed,6904.5,0.0,1035.68,120,8060.18,Card
O00003598,C0000130,R011,,2025-04-09 18:06:03,Delivery Partner,Completed,9846.25,0.0,1476.94,0,11323.19,Card
O00003599,C0000458,R021,,2025-06-28 16:31:13,Delivery Partner,Completed,6957.0,0.0,1043.55,80,8080.55,Cash
O00003600,C0000046,R006,,2026-04-14 13:22:06,Dine-In,Completed,2784.5,0.0,417.68,0,3202.18,Mobile Wallet
O00003601,C0000172,R008,P0021,2025-10-28 23:48:14,Delivery Partner,Completed,4085.52,100.0,597.83,100,4683.35,Cash
O00003602,C0000960,R007,,2026-03-23 12:07:29,Delivery Partner,Completed,7599.08,0.0,1139.86,80,8818.94,Cash
O00003603,C0000042,R006,,2026-01-03 12:49:15,Delivery Partner,Refunded,6827.0,0.0,1024.05,150,8001.05,Card
O00003604,C0000703,R018,,2026-08-03 20:46:39,Delivery Partner,Cancelled,8624.0,0.0,1293.6,80,0.0,Card
O00003605,C0000664,R012,P0010,2026-01-20 00:46:01,Mobile App,Completed,8714.5,200.0,1277.18,120,9911.68,Bank Transfer
O00003606,C0000782,R008,,2025-03-08 10:36:18,Dine-In,Completed,8920.0,0.0,1338.0,0,10258.0,Cash
O00003607,C0000827,R024,,2025-09-10 17:33:00,Dine-In,Completed,12812.8,0.0,1921.92,0,14734.72,Card
O00003608,C0000238,R021,,2025-05-16 09:47:30,Dine-In,Completed,4269.5,0.0,640.42,0,4909.92,Cash
O00003609,C0000442,R019,P0002,2026-07-19 23:28:54,Mobile App,Completed,6436.5,321.82,917.2,80,7111.88,Mobile Wallet
O00003610,C0000361,R024,,2025-04-24 14:36:03,Takeaway,Completed,4329.0,0.0,649.35,0,4978.35,Card
O00003611,C0000086,R005,P0014,2025-10-01 17:22:26,Mobile App,Completed,4291.5,300.0,598.72,120,4710.22,Card
O00003612,C0000071,R019,,2025-06-30 09:37:57,Dine-In,Completed,1406.0,0.0,210.9,0,1616.9,Card
O00003613,C0000106,R009,,2026-06-07 12:28:55,Delivery Partner,Cancelled,14816.0,0.0,2222.4,100,0.0,Card
O00003614,C0000044,R025,,2025-08-16 17:43:52,Dine-In,Completed,9016.0,0.0,1352.4,0,10368.4,Card
O00003615,C0000553,R012,,2026-08-27 16:04:24,Mobile App,Completed,1040.0,0.0,156.0,120,1316.0,Card
O00003616,C0000926,R015,,2025-03-21 19:51:21,Mobile App,Completed,7819.5,0.0,1172.92,100,9092.42,Card
O00003617,C0000738,R023,,2025-05-07 12:39:42,Dine-In,Completed,6557.5,0.0,983.62,0,7541.12,Card
O00003618,C0000044,R013,,2025-06-29 18:10:09,Mobile App,Completed,987.0,0.0,148.05,80,1215.05,Mobile Wallet
O00003619,C0000004,R024,P0025,2026-05-18 12:13:49,Mobile App,Completed,8430.3,200.0,1234.54,120,9584.84,Card
O00003620,C0000552,R013,,2026-06-24 17:55:32,Mobile App,Completed,6818.95,0.0,1022.84,0,7841.79,Mobile Wallet
O00003621,C0000139,R021,,2025-04-08 17:48:48,Delivery Partner,Completed,11516.0,0.0,1727.4,120,13363.4,Cash
O00003622,C0000662,R021,P0018,2025-03-18 08:41:47,Takeaway,Completed,9976.0,2992.8,1047.48,0,8030.68,Cash
O00003623,C0000587,R005,,2026-04-12 16:01:43,Delivery Partner,Completed,6211.0,0.0,931.65,150,7292.65,Card
O00003624,C0000369,R002,,2025-05-10 01:34:59,Delivery Partner,Completed,1800.0,0.0,270.0,120,2190.0,Cash
O00003625,C0000059,R019,,2025-05-10 15:44:29,Delivery Partner,Completed,2601.1,0.0,390.16,100,3091.26,Card
O00003626,C0000012,R008,,2025-03-12 18:48:29,Takeaway,Completed,1412.0,0.0,211.8,0,1623.8,Cash
O00003627,C0000058,R014,,2025-03-27 07:58:15,Dine-In,Completed,7333.58,0.0,1100.04,0,8433.62,Mobile Wallet
O00003628,C0000240,R006,,2025-07-21 21:34:08,Mobile App,Completed,4684.0,0.0,702.6,0,5386.6,Card
O00003629,C0000957,R025,,2025-04-05 14:41:16,Takeaway,Completed,2960.0,0.0,444.0,0,3404.0,Card
O00003630,C0000005,R007,,2025-09-20 21:27:34,Dine-In,Cancelled,2150.0,0.0,322.5,0,0.0,Mobile Wallet
O00003631,C0000037,R014,,2026-05-30 08:07:59,Takeaway,Completed,2060.0,0.0,309.0,0,2369.0,Cash
O00003632,C0000371,R006,P0009,2025-08-26 21:31:49,Mobile App,Completed,2760.0,276.0,372.6,150,3006.6,Mobile Wallet
O00003633,C0000084,R016,,2026-04-04 08:03:46,Dine-In,Completed,5999.28,0.0,899.89,0,6899.17,Card
O00003634,C0000722,R004,,2025-04-19 14:44:14,Delivery Partner,Completed,9389.45,0.0,1408.42,150,10947.87,Cash
O00003635,C0000019,R007,,2026-02-26 21:06:47,Mobile App,Completed,4503.5,0.0,675.52,120,5299.02,Mobile Wallet
O00003636,C0000923,R016,P0006,2025-08-20 11:38:27,Dine-In,Completed,3812.5,100.0,556.88,0,4269.38,Card
O00003637,C0000822,R004,P0026,2026-04-15 05:47:19,Delivery Partner,Completed,4510.0,676.5,575.02,80,4488.52,Card
O00003638,C0000775,R007,,2025-05-12 19:26:32,Delivery Partner,Completed,3802.0,0.0,570.3,80,4452.3,Mobile Wallet
O00003639,C0000028,R021,,2026-07-05 17:36:32,Takeaway,Completed,4685.0,0.0,702.75,0,5387.75,Mobile Wallet
O00003640,C0000098,R002,,2025-07-09 15:59:35,Dine-In,Completed,8035.0,0.0,1205.25,0,9240.25,Mobile Wallet
O00003641,C0000628,R023,,2025-09-11 05:16:12,Takeaway,Completed,640.0,0.0,96.0,0,736.0,Card
O00003642,C0000634,R008,P0025,2026-08-03 18:09:03,Delivery Partner,Completed,5215.0,200.0,752.25,120,5887.25,Mobile Wallet
O00003643,C0000475,R010,P0025,2026-01-09 09:03:22,Dine-In,Completed,5890.0,200.0,853.5,0,6543.5,Cash
O00003644,C0000184,R002,,2025-09-18 21:22:07,Website,Completed,1250.0,0.0,187.5,80,1517.5,Mobile Wallet
O00003645,C0000088,R006,P0020,2026-08-03 18:13:12,Website,Completed,3721.5,558.22,474.49,100,3737.77,Card
O00003646,C0000923,R004,,2025-08-28 18:04:23,Mobile App,Completed,3931.5,0.0,589.72,100,4621.22,Card
O00003647,C0000019,R021,P0001,2025-04-20 11:01:39,Mobile App,Completed,3190.0,500.0,403.5,80,3173.5,Mobile Wallet
O00003648,C0000003,R001,,2026-08-30 20:45:45,Takeaway,Completed,5995.0,0.0,899.25,0,6894.25,Mobile Wallet
O00003649,C0000001,R006,,2025-07-24 16:23:29,Dine-In,Completed,6002.0,0.0,900.3,0,6902.3,Bank Transfer
O00003650,C0000580,R012,,2026-06-09 20:17:59,Takeaway,Completed,11072.5,0.0,1660.88,0,12733.38,Card
O00003651,C0000005,R014,,2025-05-28 12:26:29,Mobile App,Completed,3210.0,0.0,481.5,150,3841.5,Cash
O00003652,C0000270,R015,,2026-04-05 19:23:24,Delivery Partner,Completed,4043.5,0.0,606.52,0,4650.02,Mobile Wallet
O00003653,C0000122,R024,,2025-12-12 17:28:32,Delivery Partner,Completed,9451.5,0.0,1417.72,120,10989.22,Card
O00003654,C0000021,R018,,2026-08-21 06:10:08,Dine-In,Completed,9289.0,0.0,1393.35,0,10682.35,Mobile Wallet
O00003655,C0000527,R017,,2025-12-27 13:47:25,Dine-In,Refunded,5926.0,0.0,888.9,0,6814.9,Mobile Wallet
O00003656,C0000004,R009,P0022,2025-03-14 09:17:23,Delivery Partner,Completed,3880.0,388.0,523.8,120,4135.8,Mobile Wallet
O00003657,C0000092,R015,,2026-01-24 13:58:32,Delivery Partner,Completed,4100.0,0.0,615.0,150,4865.0,Mobile Wallet
O00003658,C0000295,R018,,2025-05-17 13:47:38,Dine-In,Completed,13194.0,0.0,1979.1,0,15173.1,Mobile Wallet
O00003659,C0000148,R024,,2026-05-11 14:52:24,Website,Completed,11536.5,0.0,1730.48,100,13366.98,Cash
O00003660,C0000061,R021,P0023,2026-06-12 17:03:51,Takeaway,Completed,14211.6,2131.74,1811.98,0,13891.84,Bank Transfer
O00003661,C0000848,R018,,2025-11-21 17:32:44,Takeaway,Completed,6600.0,0.0,990.0,0,7590.0,Cash
O00003662,C0000858,R005,,2026-05-02 05:13:14,Mobile App,Completed,9565.5,0.0,1434.82,120,11120.32,Cash
O00003663,C0000158,R016,,2025-05-17 19:43:40,Delivery Partner,Completed,2808.1,0.0,421.22,80,3309.32,Card
O00003664,C0000141,R009,,2025-11-26 21:55:47,Takeaway,Completed,4200.0,0.0,630.0,0,4830.0,Mobile Wallet
O00003665,C0000086,R022,,2025-10-04 13:41:48,Website,Completed,10410.0,0.0,1561.5,100,12071.5,Mobile Wallet
O00003666,C0000717,R003,,2026-01-28 09:31:40,Mobile App,Completed,21437.5,0.0,3215.62,150,24803.12,Card
O00003667,C0000301,R012,,2025-03-24 16:59:05,Mobile App,Completed,6078.7,0.0,911.8,120,7110.5,Mobile Wallet
O00003668,C0000009,R024,P0017,2026-04-16 18:50:19,Mobile App,Completed,8099.5,300.0,1169.92,0,8969.42,Mobile Wallet
O00003669,C0000712,R014,,2025-04-12 18:03:43,Dine-In,Completed,7106.0,0.0,1065.9,0,8171.9,Card
O00003670,C0000266,R001,P0021,2026-02-24 17:19:15,Dine-In,Cancelled,2190.0,100.0,313.5,0,0.0,Card
O00003671,C0000158,R009,P0003,2025-03-10 09:20:59,Mobile App,Completed,5067.5,200.0,730.12,150,5747.62,Card
O00003672,C0000103,R009,,2026-05-30 20:02:20,Mobile App,Completed,10887.2,0.0,1633.08,0,12520.28,Mobile Wallet
O00003673,C0000011,R020,,2025-06-02 14:24:14,Dine-In,Completed,7031.0,0.0,1054.65,0,8085.65,Mobile Wallet
O00003674,C0000910,R013,,2025-12-08 11:03:38,Mobile App,Completed,4321.5,0.0,648.22,120,5089.72,Cash
O00003675,C0000528,R008,,2025-07-20 07:57:41,Website,Completed,11202.5,0.0,1680.38,80,12962.88,Cash
O00003676,C0000017,R011,P0005,2026-04-01 13:46:03,Mobile App,Completed,3655.0,100.0,533.25,0,4088.25,Cash
O00003677,C0000242,R014,P0021,2025-08-23 17:10:23,Mobile App,Completed,5986.92,100.0,883.04,150,6919.96,Card
O00003678,C0000288,R016,P0005,2026-04-02 18:15:02,Website,Completed,3605.1,100.0,525.76,120,4150.86,Card
O00003679,C0000027,R011,,2025-08-02 22:58:49,Dine-In,Completed,7214.45,0.0,1082.17,0,8296.62,Card
O00003680,C0000167,R019,,2026-04-17 09:35:00,Mobile App,Completed,7450.0,0.0,1117.5,150,8717.5,Mobile Wallet
O00003681,C0000394,R022,,2025-03-17 23:05:29,Dine-In,Completed,4472.3,0.0,670.84,0,5143.14,Card
O00003682,C0000073,R010,,2025-08-01 18:30:12,Mobile App,Completed,5331.5,0.0,799.72,80,6211.22,Cash
O00003683,C0000100,R008,P0030,2025-11-29 14:39:53,Mobile App,Completed,9925.0,150.0,1466.25,0,11241.25,Card
O00003684,C0000015,R011,P0026,2025-03-25 20:12:17,Dine-In,Completed,4710.0,706.5,600.52,0,4604.02,Cash
O00003685,C0000156,R025,,2025-06-08 18:22:39,Dine-In,Cancelled,4452.5,0.0,667.88,0,0.0,Mobile Wallet
O00003686,C0000319,R008,,2026-07-25 13:51:10,Dine-In,Completed,14620.5,0.0,2193.07,0,16813.57,Card
O00003687,C0000014,R025,,2026-08-18 20:03:41,Mobile App,Completed,9479.0,0.0,1421.85,100,11000.85,Card
O00003688,C0000356,R020,P0018,2026-04-10 18:36:28,Dine-In,Completed,4360.0,1308.0,457.8,0,3509.8,Card
O00003689,C0000144,R010,P0004,2025-07-15 18:41:03,Takeaway,Completed,8039.5,803.95,1085.33,0,8320.88,Card
O00003690,C0000437,R017,P0026,2025-07-19 20:36:24,Website,Cancelled,10943.25,1641.49,1395.26,120,0.0,Card
O00003691,C0000090,R023,,2026-02-17 14:43:35,Takeaway,Completed,2560.72,0.0,384.11,0,2944.83,Cash
O00003692,C0000302,R011,,2025-05-02 18:32:35,Mobile App,Completed,1583.5,0.0,237.52,80,1901.02,Card
O00003693,C0000353,R012,,2026-08-02 19:55:43,Delivery Partner,Completed,18058.0,0.0,2708.7,80,20846.7,Cash
O00003694,C0000454,R010,,2025-06-29 14:41:39,Delivery Partner,Completed,3540.0,0.0,531.0,100,4171.0,Card
O00003695,C0000552,R020,,2026-08-31 07:28:27,Takeaway,Completed,3742.0,0.0,561.3,0,4303.3,Mobile Wallet
O00003696,C0000018,R017,,2025-11-28 19:36:44,Mobile App,Completed,9055.5,0.0,1358.32,80,10493.82,Card
O00003697,C0000927,R003,P0018,2026-04-26 06:18:07,Mobile App,Completed,3320.0,996.0,348.6,80,2752.6,Mobile Wallet
O00003698,C0000695,R007,P0001,2025-03-01 18:50:20,Delivery Partner,Completed,5530.0,500.0,754.5,0,5784.5,Cash
O00003699,C0000295,R003,P0004,2026-06-29 21:19:34,Mobile App,Completed,2784.0,278.4,375.84,0,2881.44,Cash
O00003700,C0000780,R017,,2025-07-25 13:31:43,Mobile App,Completed,2870.5,0.0,430.58,80,3381.08,Cash
O00003701,C0000133,R023,,2026-03-02 08:43:17,Delivery Partner,Completed,6364.0,0.0,954.6,0,7318.6,Cash
O00003702,C0000002,R008,,2026-05-16 11:54:46,Dine-In,Completed,4508.3,0.0,676.24,0,5184.54,Card
O00003703,C0000507,R021,P0026,2025-05-27 16:15:24,Mobile App,Completed,14394.0,2159.1,1835.24,120,14190.14,Card
O00003704,C0000883,R022,,2025-10-31 21:04:45,Mobile App,Completed,3277.5,0.0,491.62,0,3769.12,Mobile Wallet
O00003705,C0000025,R019,,2025-11-27 15:48:40,Delivery Partner,Cancelled,4772.0,0.0,715.8,80,0.0,Mobile Wallet
O00003706,C0000392,R014,P0012,2025-08-18 08:45:04,Delivery Partner,Completed,4470.0,150.0,648.0,120,5088.0,Mobile Wallet
O00003707,C0000643,R005,,2025-11-21 17:11:46,Dine-In,Completed,955.0,0.0,143.25,0,1098.25,Card
O00003708,C0000808,R019,,2025-08-21 19:44:07,Takeaway,Completed,2630.0,0.0,394.5,0,3024.5,Cash
O00003709,C0000069,R013,,2025-09-15 13:20:22,Takeaway,Completed,10325.0,0.0,1548.75,0,11873.75,Card
O00003710,C0000017,R018,P0016,2026-03-03 19:13:02,Dine-In,Completed,1740.0,200.0,231.0,0,1771.0,Cash
O00003711,C0000056,R023,P0004,2026-02-10 12:36:43,Mobile App,Completed,7256.0,725.6,979.56,80,7589.96,Card
O00003712,C0000312,R011,P0007,2025-07-04 19:21:36,Mobile App,Completed,3740.5,200.0,531.07,150,4221.57,Mobile Wallet
O00003713,C0000834,R023,,2026-07-04 13:29:30,Mobile App,Refunded,5535.0,0.0,830.25,80,6445.25,Card
O00003714,C0000318,R012,,2026-06-15 11:22:28,Mobile App,Completed,3440.0,0.0,516.0,120,4076.0,Cash
O00003715,C0000836,R008,,2025-12-05 20:04:40,Dine-In,Cancelled,1310.0,0.0,196.5,0,0.0,Bank Transfer
O00003716,C0000572,R012,,2025-10-26 16:28:19,Mobile App,Completed,4272.0,0.0,640.8,100,5012.8,Cash
O00003717,C0000336,R001,,2025-09-24 12:58:02,Delivery Partner,Completed,16609.0,0.0,2491.35,80,19180.35,Mobile Wallet
O00003718,C0000002,R018,,2026-03-24 21:29:22,Mobile App,Completed,5000.0,0.0,750.0,120,5870.0,Mobile Wallet
O00003719,C0000101,R002,,2026-03-05 18:17:39,Dine-In,Completed,10368.92,0.0,1555.34,0,11924.26,Card
O00003720,C0000005,R012,,2025-06-14 11:45:20,Dine-In,Completed,3064.5,0.0,459.68,0,3524.18,Cash
O00003721,C0000094,R019,,2026-03-04 17:49:12,Takeaway,Completed,3253.5,0.0,488.02,0,3741.52,Bank Transfer
O00003722,C0000005,R023,,2025-07-15 20:51:07,Website,Completed,5748.5,0.0,862.28,120,6730.78,Mobile Wallet
O00003723,C0000027,R007,,2025-03-10 18:00:04,Takeaway,Completed,5041.5,0.0,756.22,0,5797.72,Cash
O00003724,C0000154,R007,P0008,2026-03-20 11:38:24,Delivery Partner,Completed,3900.0,975.0,438.75,0,3363.75,Card
O00003725,C0000245,R001,,2026-02-17 18:16:38,Delivery Partner,Completed,11143.5,0.0,1671.52,150,12965.02,Card
O00003726,C0000043,R018,,2025-10-13 17:02:36,Mobile App,Completed,3435.5,0.0,515.32,80,4030.82,Cash
O00003727,C0000515,R008,,2025-12-13 20:41:40,Takeaway,Completed,4573.3,0.0,686.0,0,5259.3,Cash
O00003728,C0000327,R025,,2026-08-01 09:06:04,Mobile App,Cancelled,1050.0,0.0,157.5,120,0.0,Cash
O00003729,C0000456,R010,,2026-01-19 18:26:07,Delivery Partner,Completed,4448.0,0.0,667.2,150,5265.2,Cash
O00003730,C0000515,R023,P0022,2026-02-25 04:27:43,Dine-In,Completed,7326.0,732.6,989.01,0,7582.41,Cash
O00003731,C0000506,R001,,2025-04-04 18:43:03,Delivery Partner,Completed,5067.5,0.0,760.12,120,5947.62,Cash
O00003732,C0000869,R015,,2025-05-28 22:53:40,Mobile App,Completed,13984.0,0.0,2097.6,100,16181.6,Cash
O00003733,C0000051,R015,P0013,2025-08-11 09:30:59,Mobile App,Completed,3048.5,762.12,342.96,100,2729.34,Cash
O00003734,C0000066,R004,P0027,2025-12-20 12:14:53,Mobile App,Completed,1204.35,0.0,180.65,0,1385.0,Bank Transfer
O00003735,C0000010,R010,,2026-04-29 17:54:21,Mobile App,Completed,8708.0,0.0,1306.2,80,10094.2,Card
O00003736,C0000329,R008,,2025-08-23 19:52:13,Mobile App,Completed,2379.48,0.0,356.92,0,2736.4,Card
O00003737,C0000142,R014,,2025-09-13 13:47:18,Mobile App,Completed,5730.0,0.0,859.5,120,6709.5,Card
O00003738,C0000227,R013,,2025-07-17 18:07:12,Dine-In,Completed,800.0,0.0,120.0,0,920.0,Cash
O00003739,C0000027,R021,,2025-07-16 20:05:34,Dine-In,Completed,2302.0,0.0,345.3,0,2647.3,Mobile Wallet
O00003740,C0000399,R017,P0011,2026-08-02 19:27:03,Dine-In,Completed,4769.8,1192.45,536.6,0,4113.95,Card
O00003741,C0000361,R007,,2026-02-11 18:03:32,Mobile App,Completed,5973.0,0.0,895.95,100,6968.95,Card
O00003742,C0000064,R006,,2025-05-23 13:29:21,Takeaway,Completed,7626.5,0.0,1143.97,0,8770.47,Bank Transfer
O00003743,C0000199,R009,P0016,2026-04-01 21:42:00,Website,Completed,7749.3,200.0,1132.4,0,8681.7,Mobile Wallet
O00003744,C0000787,R020,,2026-04-01 12:16:10,Takeaway,Completed,3424.5,0.0,513.67,0,3938.17,Card
O00003745,C0000578,R020,,2026-03-02 10:33:15,Dine-In,Completed,4297.5,0.0,644.62,0,4942.12,Bank Transfer
O00003746,C0000047,R008,,2025-05-11 13:59:03,Dine-In,Completed,6783.0,0.0,1017.45,0,7800.45,Mobile Wallet
O00003747,C0000759,R014,,2025-10-12 18:05:28,Dine-In,Completed,9594.6,0.0,1439.19,0,11033.79,Bank Transfer
O00003748,C0000006,R020,,2025-04-26 20:35:38,Dine-In,Completed,10998.0,0.0,1649.7,0,12647.7,Cash
O00003749,C0000156,R003,,2026-05-21 08:34:43,Delivery Partner,Completed,13837.0,0.0,2075.55,100,16012.55,Bank Transfer
O00003750,C0000008,R023,P0007,2026-02-23 19:38:37,Website,Completed,10896.5,200.0,1604.48,80,12380.98,Card
O00003751,C0000845,R013,P0014,2025-12-04 19:38:23,Delivery Partner,Completed,3705.5,300.0,510.82,0,3916.32,Mobile Wallet
O00003752,C0000003,R021,,2025-09-05 17:15:51,Dine-In,Completed,2115.05,0.0,317.26,0,2432.31,Cash
O00003753,C0000022,R009,P0006,2025-06-07 19:01:08,Delivery Partner,Completed,3642.5,100.0,531.38,150,4223.88,Cash
O00003754,C0000827,R021,,2025-04-26 09:07:57,Website,Completed,10646.5,0.0,1596.98,100,12343.48,Cash
O00003755,C0000317,R009,,2026-08-14 09:14:07,Mobile App,Completed,2960.0,0.0,444.0,0,3404.0,Card
O00003756,C0000613,R022,,2025-06-16 20:26:13,Takeaway,Completed,4722.0,0.0,708.3,0,5430.3,Cash
O00003757,C0000001,R022,,2025-04-02 15:15:14,Takeaway,Completed,4178.0,0.0,626.7,0,4804.7,Cash
O00003758,C0000160,R011,,2026-08-09 11:00:52,Delivery Partner,Completed,4757.0,0.0,713.55,120,5590.55,Bank Transfer
O00003759,C0000967,R006,,2025-12-24 18:58:21,Website,Cancelled,8099.5,0.0,1214.92,150,0.0,Mobile Wallet
O00003760,C0000314,R023,,2026-05-10 20:09:36,Website,Completed,5823.0,0.0,873.45,100,6796.45,Card
O00003761,C0000706,R012,,2025-03-24 18:06:14,Dine-In,Completed,6893.0,0.0,1033.95,0,7926.95,Mobile Wallet
O00003762,C0000924,R004,,2026-01-03 13:47:05,Dine-In,Cancelled,2102.0,0.0,315.3,0,0.0,Card
O00003763,C0000447,R004,,2025-10-06 15:09:00,Delivery Partner,Completed,9350.5,0.0,1402.58,0,10753.08,Cash
O00003764,C0000097,R025,,2026-04-26 19:11:19,Mobile App,Completed,9397.0,0.0,1409.55,120,10926.55,Card
O00003765,C0000086,R023,,2025-03-21 07:16:40,Delivery Partner,Completed,13376.0,0.0,2006.4,100,15482.4,Mobile Wallet
O00003766,C0000006,R022,,2025-10-09 11:44:35,Mobile App,Cancelled,9744.98,0.0,1461.75,0,0.0,Cash
O00003767,C0000167,R017,,2026-05-11 14:11:01,Website,Completed,13600.0,0.0,2040.0,100,15740.0,Card
O00003768,C0000828,R007,P0002,2025-12-11 17:14:05,Dine-In,Completed,7609.0,380.45,1084.28,0,8312.83,Card
O00003769,C0000210,R006,,2025-12-25 13:45:01,Dine-In,Completed,4465.0,0.0,669.75,0,5134.75,Card
O00003770,C0000819,R020,,2025-04-21 12:50:02,Mobile App,Completed,13171.0,0.0,1975.65,80,15226.65,Cash
O00003771,C0000650,R008,,2025-05-10 06:31:06,Mobile App,Completed,6085.0,0.0,912.75,0,6997.75,Mobile Wallet
O00003772,C0000967,R007,,2026-03-07 05:31:19,Takeaway,Completed,4580.0,0.0,687.0,0,5267.0,Card
O00003773,C0000892,R008,,2026-03-07 12:50:48,Website,Completed,8811.0,0.0,1321.65,80,10212.65,Mobile Wallet
O00003774,C0000477,R009,,2026-08-20 16:25:40,Mobile App,Completed,8874.0,0.0,1331.1,80,10285.1,Bank Transfer
O00003775,C0000745,R001,P0014,2026-03-27 16:13:53,Delivery Partner,Completed,2929.0,300.0,394.35,120,3143.35,Mobile Wallet
O00003776,C0000538,R003,P0026,2025-11-27 15:49:40,Dine-In,Completed,11197.5,1679.62,1427.68,0,10945.56,Mobile Wallet
O00003777,C0000472,R018,,2026-06-13 13:25:50,Dine-In,Completed,1760.0,0.0,264.0,0,2024.0,Cash
O00003778,C0000490,R019,,2025-04-25 11:04:04,Delivery Partner,Completed,14658.0,0.0,2198.7,150,17006.7,Mobile Wallet
O00003779,C0000498,R011,P0015,2025-11-03 13:51:24,Mobile App,Completed,11325.5,200.0,1668.82,150,12944.32,Card
O00003780,C0000131,R016,,2025-08-03 08:37:37,Website,Completed,6167.5,0.0,925.12,120,7212.62,Mobile Wallet
O00003781,C0000164,R018,P0013,2025-04-25 08:49:17,Dine-In,Completed,12227.5,3056.88,1375.59,0,10546.21,Mobile Wallet
O00003782,C0000078,R006,,2026-04-22 12:45:00,Delivery Partner,Completed,7090.0,0.0,1063.5,80,8233.5,Card
O00003783,C0000021,R025,P0020,2025-12-06 23:03:24,Website,Completed,19907.0,2986.05,2538.14,80,19539.09,Card
O00003784,C0000193,R002,,2025-12-28 12:27:16,Website,Completed,8583.15,0.0,1287.47,120,9990.62,Cash
O00003785,C0000798,R004,,2025-10-14 21:54:45,Delivery Partner,Completed,5882.0,0.0,882.3,120,6884.3,Card
O00003786,C0000401,R005,,2025-11-09 13:00:14,Mobile App,Completed,7632.5,0.0,1144.88,100,8877.38,Card
O00003787,C0000005,R021,,2025-05-01 14:12:04,Mobile App,Completed,3122.0,0.0,468.3,100,3690.3,Card
O00003788,C0000639,R014,P0014,2026-03-05 19:42:16,Mobile App,Completed,2960.2,300.0,399.03,80,3139.23,Card
O00003789,C0000867,R001,,2025-10-25 07:02:20,Website,Completed,3648.0,0.0,547.2,100,4295.2,Mobile Wallet
O00003790,C0000670,R022,,2026-05-21 09:48:52,Website,Completed,3657.0,0.0,548.55,80,4285.55,Card
O00003791,C0000507,R014,P0007,2025-06-14 22:49:54,Mobile App,Completed,9034.7,200.0,1325.21,80,10239.91,Bank Transfer
O00003792,C0000022,R021,,2025-06-19 15:24:22,Dine-In,Completed,5919.0,0.0,887.85,0,6806.85,Mobile Wallet
O00003793,C0000110,R013,,2026-02-17 06:41:42,Delivery Partner,Completed,9256.75,0.0,1388.51,120,10765.26,Bank Transfer
O00003794,C0000298,R022,,2026-06-06 06:15:09,Mobile App,Completed,9515.0,0.0,1427.25,80,11022.25,Mobile Wallet
O00003795,C0000007,R016,,2025-11-16 20:20:16,Dine-In,Completed,6333.0,0.0,949.95,0,7282.95,Card
O00003796,C0000012,R004,,2026-04-04 20:12:56,Mobile App,Completed,1240.0,0.0,186.0,150,1576.0,Card
O00003797,C0000865,R006,,2026-08-31 14:51:00,Delivery Partner,Completed,19817.7,0.0,2972.66,80,22870.36,Mobile Wallet
O00003798,C0000471,R009,P0004,2026-08-26 09:43:36,Takeaway,Completed,8659.5,865.95,1169.03,0,8962.58,Mobile Wallet
O00003799,C0000069,R001,,2026-04-12 20:35:47,Dine-In,Cancelled,5160.0,0.0,774.0,0,0.0,Mobile Wallet
O00003800,C0000097,R022,,2026-04-10 12:07:06,Dine-In,Completed,3198.0,0.0,479.7,0,3677.7,Mobile Wallet
O00003801,C0000134,R017,,2025-07-12 14:43:11,Dine-In,Completed,4316.5,0.0,647.48,0,4963.98,Mobile Wallet
O00003802,C0000007,R023,,2026-05-30 18:18:39,Dine-In,Completed,19035.5,0.0,2855.32,0,21890.82,Cash
O00003803,C0000525,R004,,2025-10-11 13:46:49,Delivery Partner,Completed,4185.0,0.0,627.75,120,4932.75,Card
O00003804,C0000029,R006,,2026-08-10 18:59:00,Dine-In,Completed,3332.5,0.0,499.88,0,3832.38,Card
O00003805,C0000629,R016,,2025-04-13 20:15:19,Delivery Partner,Completed,5628.0,0.0,844.2,120,6592.2,Cash
O00003806,C0000699,R007,,2025-10-27 19:11:43,Dine-In,Completed,8020.0,0.0,1203.0,0,9223.0,Bank Transfer
O00003807,C0000385,R005,P0025,2025-12-28 13:19:30,Delivery Partner,Completed,19727.0,200.0,2929.05,120,22576.05,Mobile Wallet
O00003808,C0000572,R009,,2025-10-11 12:17:03,Takeaway,Completed,5220.0,0.0,783.0,0,6003.0,Card
O00003809,C0000028,R024,,2025-06-22 12:53:25,Mobile App,Completed,5220.0,0.0,783.0,80,6083.0,Card
O00003810,C0000310,R019,,2026-01-18 13:11:11,Dine-In,Completed,7087.5,0.0,1063.12,0,8150.62,Mobile Wallet
O00003811,C0000435,R001,,2026-04-18 15:47:21,Mobile App,Completed,5778.5,0.0,866.78,100,6745.28,Cash
O00003812,C0000415,R008,P0023,2026-02-17 13:24:00,Dine-In,Completed,6797.5,1019.62,866.68,0,6644.56,Card
O00003813,C0000014,R020,P0025,2025-07-05 08:59:00,Mobile App,Completed,4822.52,200.0,693.38,120,5435.9,Card
O00003814,C0000108,R023,,2026-04-06 09:51:02,Takeaway,Completed,2960.0,0.0,444.0,0,3404.0,Mobile Wallet
O00003815,C0000096,R004,,2025-07-17 13:10:52,Delivery Partner,Completed,5138.5,0.0,770.78,100,6009.28,Mobile Wallet
O00003816,C0000306,R023,P0022,2025-06-02 16:21:11,Dine-In,Completed,2040.0,204.0,275.4,0,2111.4,Card
O00003817,C0000565,R017,,2026-03-15 17:51:53,Takeaway,Completed,9654.0,0.0,1448.1,0,11102.1,Mobile Wallet
O00003818,C0000304,R001,,2026-06-05 15:45:20,Dine-In,Completed,11165.5,0.0,1674.82,0,12840.32,Mobile Wallet
O00003819,C0000549,R002,P0021,2025-11-21 19:33:12,Mobile App,Completed,7804.0,100.0,1155.6,80,8939.6,Card
O00003820,C0000011,R021,,2025-12-16 19:12:12,Dine-In,Completed,4280.0,0.0,642.0,0,4922.0,Cash
O00003821,C0000757,R014,P0029,2025-08-12 14:45:52,Dine-In,Completed,6799.5,2039.85,713.95,0,5473.6,Mobile Wallet
O00003822,C0000267,R022,P0019,2025-11-27 08:37:40,Website,Completed,1755.6,0.0,263.34,100,2118.94,Card
O00003823,C0000003,R002,,2025-05-10 16:11:17,Dine-In,Completed,4282.0,0.0,642.3,0,4924.3,Card
O00003824,C0000391,R001,,2026-08-06 13:38:59,Website,Completed,5729.0,0.0,859.35,80,6668.35,Cash
O00003825,C0000248,R025,,2026-05-12 08:35:59,Dine-In,Completed,6013.42,0.0,902.01,0,6915.43,Card
O00003826,C0000045,R013,,2026-03-02 22:27:32,Mobile App,Completed,3116.0,0.0,467.4,80,3663.4,Card
O00003827,C0000564,R023,,2025-12-19 13:26:05,Delivery Partner,Completed,6289.0,0.0,943.35,80,7312.35,Mobile Wallet
O00003828,C0000863,R008,,2026-05-08 17:38:24,Dine-In,Completed,2634.0,0.0,395.1,0,3029.1,Cash
O00003829,C0000094,R022,,2025-11-27 15:12:22,Takeaway,Completed,8138.5,0.0,1220.77,0,9359.27,Card
O00003830,C0000225,R009,,2025-08-11 08:42:23,Delivery Partner,Completed,7010.5,0.0,1051.58,0,8062.08,Mobile Wallet
O00003831,C0000016,R024,,2025-05-25 06:39:36,Mobile App,Completed,11783.0,0.0,1767.45,100,13650.45,Cash
O00003832,C0000856,R020,,2026-02-19 17:26:25,Mobile App,Completed,9599.0,0.0,1439.85,80,11118.85,Mobile Wallet
O00003833,C0000092,R021,,2026-07-22 11:50:03,Mobile App,Completed,5351.0,0.0,802.65,80,6233.65,Cash
O00003834,C0000035,R002,,2025-05-22 11:30:37,Takeaway,Completed,2580.0,0.0,387.0,0,2967.0,Mobile Wallet
O00003835,C0000211,R017,P0001,2025-06-05 21:01:34,Delivery Partner,Completed,5417.5,500.0,737.62,100,5755.12,Card
O00003836,C0000003,R006,,2025-10-26 14:52:48,Website,Cancelled,8489.5,0.0,1273.42,0,0.0,Card
O00003837,C0000058,R003,,2026-05-16 04:17:10,Mobile App,Completed,12357.5,0.0,1853.62,100,14311.12,Card
O00003838,C0000006,R020,P0015,2025-08-07 13:25:35,Delivery Partner,Completed,7048.0,200.0,1027.2,100,7975.2,Cash
O00003839,C0000016,R017,P0019,2025-07-16 17:52:24,Mobile App,Completed,10070.72,500.0,1435.61,100,11106.33,Cash
O00003840,C0000013,R006,,2026-02-02 12:41:19,Mobile App,Completed,7799.0,0.0,1169.85,120,9088.85,Mobile Wallet
O00003841,C0000747,R008,P0021,2025-12-18 04:30:00,Delivery Partner,Completed,12575.0,100.0,1871.25,100,14446.25,Card
O00003842,C0000857,R014,P0026,2025-04-02 14:37:29,Dine-In,Completed,3161.5,474.22,403.09,0,3090.37,Bank Transfer
O00003843,C0000207,R010,,2025-04-13 08:55:03,Dine-In,Completed,11980.47,0.0,1797.07,0,13777.54,Mobile Wallet
O00003844,C0000375,R020,,2026-02-16 17:21:22,Dine-In,Completed,3360.0,0.0,504.0,0,3864.0,Mobile Wallet
O00003845,C0000462,R010,P0025,2025-11-12 17:35:34,Delivery Partner,Completed,8657.5,200.0,1268.62,120,9846.12,Card
O00003846,C0000139,R015,,2026-08-15 05:18:41,Mobile App,Completed,5556.0,0.0,833.4,100,6489.4,Cash
O00003847,C0000124,R008,,2026-03-08 12:13:21,Takeaway,Completed,2440.0,0.0,366.0,0,2806.0,Mobile Wallet
O00003848,C0000434,R011,,2025-03-06 13:13:30,,Completed,3429.5,0.0,514.42,0,3943.92,Cash
O00003849,C0000129,R016,P0021,2025-11-20 16:49:00,Dine-In,Cancelled,6020.0,100.0,888.0,0,0.0,Card
O00003850,C0000316,R003,P0029,2025-10-16 12:28:58,Dine-In,Completed,9742.0,2922.6,1022.91,0,7842.31,Mobile Wallet
O00003851,C0000246,R015,,2025-04-26 12:16:03,Delivery Partner,Completed,5152.5,0.0,772.88,100,6025.38,Card
O00003852,C0000255,R013,,2026-07-19 22:49:18,Website,Completed,5538.0,0.0,830.7,150,6518.7,Cash
O00003853,C0000670,R011,P0024,2026-05-15 06:49:29,Delivery Partner,Completed,9140.0,2742.0,959.7,150,7507.7,Card
O00003854,C0000473,R014,,2025-07-02 23:36:00,Mobile App,Completed,5789.1,0.0,868.36,100,6757.46,Bank Transfer
O00003855,C0000918,R007,,2025-07-17 06:08:47,Mobile App,Completed,10646.5,0.0,1596.98,100,12343.48,Bank Transfer
O00003856,C0000606,R019,,2025-03-18 12:00:18,Mobile App,Completed,5836.0,0.0,875.4,80,6791.4,Mobile Wallet
O00003857,C0000021,R015,,2025-08-09 15:03:51,Delivery Partner,Completed,10184.5,0.0,1527.68,0,11712.18,Mobile Wallet
O00003858,C0000524,R006,,2026-01-13 08:57:20,Delivery Partner,Completed,2140.5,0.0,321.08,150,2611.58,Cash
O00003859,C0000420,R020,,2025-10-19 08:06:21,Delivery Partner,Completed,4805.4,0.0,720.81,80,5606.21,Cash
O00003860,C0000395,R022,P0019,2026-08-14 12:10:49,Mobile App,Refunded,5976.0,500.0,821.4,120,6417.4,Card
O00003861,C0000213,R007,P0018,2025-03-31 22:13:01,Dine-In,Completed,6909.5,2072.85,725.5,0,5562.15,Cash
O00003862,C0000005,R024,P0021,2026-01-17 13:41:05,Mobile App,Completed,1710.0,0.0,256.5,80,2046.5,Card
O00003863,C0000899,R014,,2026-06-13 17:18:20,Dine-In,Completed,4070.0,0.0,610.5,0,4680.5,Cash
O00003864,C0000710,R022,,2025-11-20 18:39:32,Dine-In,Completed,5789.5,0.0,868.42,0,6657.92,Card
O00003865,C0000218,R004,P0016,2025-03-02 19:02:18,Dine-In,Completed,1640.5,200.0,216.08,0,1656.58,Cash
O00003866,C0000024,R009,,2025-07-09 18:07:26,Takeaway,Completed,4441.6,0.0,666.24,0,5107.84,Cash
O00003867,C0000662,R007,P0023,2025-08-24 13:28:36,Mobile App,Completed,8619.5,1292.92,1098.99,0,8425.57,Mobile Wallet
O00003868,C0000170,R025,P0011,2026-08-12 08:49:28,Takeaway,Completed,1638.0,409.5,184.28,0,1412.78,Cash
O00003869,C0000138,R015,,2026-07-12 12:36:59,Mobile App,Completed,5479.0,0.0,821.85,120,6420.85,Cash
O00003870,C0000420,R003,P0003,2026-08-02 10:51:27,Dine-In,Completed,12771.0,200.0,1885.65,0,14456.65,Cash
O00003871,C0000555,R005,P0014,2026-05-26 08:42:33,Mobile App,Completed,22570.5,300.0,3340.58,120,25731.08,Mobile Wallet
O00003872,C0000005,R017,,2025-09-10 03:08:00,Mobile App,Completed,4949.0,0.0,742.35,80,5771.35,Card
O00003873,C0000568,R024,,2026-07-09 21:18:47,Dine-In,Completed,14270.0,0.0,2140.5,0,16410.5,Card
O00003874,C0000517,R001,P0019,2026-08-21 21:11:24,Delivery Partner,Completed,5732.5,500.0,784.88,0,6017.38,Cash
O00003875,C0000325,R001,P0018,2025-09-09 06:26:20,Mobile App,Completed,11634.0,3490.2,1221.57,150,9515.37,Card
O00003876,C0000104,R016,,2025-07-19 09:36:33,Mobile App,Completed,1598.2,0.0,239.73,80,1917.93,Cash
O00003877,C0000026,R023,P0016,2025-12-23 08:47:25,Mobile App,Completed,7180.0,200.0,1047.0,80,8107.0,Card
O00003878,C0000011,R014,P0024,2025-06-09 12:57:35,Mobile App,Completed,14993.5,4498.05,1574.32,100,12169.77,Card
O00003879,C0000001,R011,P0003,2025-03-18 10:24:34,Dine-In,Completed,7296.0,200.0,1064.4,0,8160.4,Mobile Wallet
O00003880,C0000039,R014,,2026-08-01 21:44:22,Website,Completed,4966.0,0.0,744.9,100,5810.9,Cash
O00003881,C0000154,R008,P0026,2026-07-20 07:37:16,Mobile App,Completed,10429.6,1564.44,1329.77,80,10274.93,Mobile Wallet
O00003882,C0000054,R019,,2025-05-26 10:47:46,Dine-In,Completed,3000.0,0.0,450.0,0,3450.0,Cash
O00003883,C0000086,R002,P0017,2025-10-12 07:49:41,Website,Completed,8782.15,300.0,1272.32,120,9874.47,Card
O00003884,C0000139,R023,P0020,2026-05-29 22:16:11,Website,Completed,7085.0,1062.75,903.34,80,7005.59,Cash
O00003885,C0000086,R010,,2026-02-27 21:43:43,Dine-In,Completed,8326.45,0.0,1248.97,0,9575.42,Mobile Wallet
O00003886,C0000503,R005,P0021,2025-10-05 18:58:19,Delivery Partner,Completed,5159.5,100.0,758.92,120,5938.42,Cash
O00003887,C0000223,R015,,2026-04-12 14:32:38,Mobile App,Completed,2910.9,0.0,436.64,100,3447.54,Card
O00003888,C0000001,R001,,2026-07-04 10:38:26,Dine-In,Completed,3270.0,0.0,490.5,0,3760.5,Cash
O00003889,C0000047,R002,P0016,2026-07-20 11:13:41,Mobile App,Cancelled,9006.0,200.0,1320.9,0,0.0,Card
O00003890,C0000481,R019,,2025-09-26 14:27:36,Mobile App,Completed,4633.5,0.0,695.02,120,5448.52,Card
O00003891,C0000082,R022,,2025-06-01 19:17:19,Dine-In,Completed,10370.0,0.0,1555.5,0,11925.5,Cash
O00003892,C0000837,R017,,2026-07-13 12:54:51,Delivery Partner,Cancelled,2246.5,0.0,336.98,120,0.0,Mobile Wallet
O00003893,C0000486,R015,,2025-04-19 12:32:10,Delivery Partner,Completed,10374.0,0.0,1556.1,100,12030.1,Mobile Wallet
O00003894,C0000076,R024,P0005,2026-04-01 17:51:27,Delivery Partner,Completed,860.0,0.0,129.0,100,1089.0,Cash
O00003895,C0000247,R018,,2025-05-14 11:41:01,Mobile App,Completed,7387.3,0.0,1108.1,80,8575.4,Card
O00003896,C0000423,R021,,2025-10-02 17:14:23,Delivery Partner,Completed,5744.5,0.0,861.68,150,6756.18,Card
O00003897,C0000035,R008,,2025-10-14 13:10:15,Delivery Partner,Completed,4330.0,0.0,649.5,0,4979.5,Mobile Wallet
O00003898,C0000055,R021,,2025-05-24 05:35:11,Delivery Partner,Cancelled,11254.0,0.0,1688.1,80,0.0,Mobile Wallet
O00003899,C0000238,R014,,2026-07-18 13:14:15,Delivery Partner,Completed,8280.5,0.0,1242.08,150,9672.58,Cash
O00003900,C0000846,R008,P0001,2025-03-02 21:52:35,Mobile App,Completed,9576.0,500.0,1361.4,150,10587.4,Mobile Wallet
O00003901,C0000107,R022,P0007,2026-07-02 12:47:01,Dine-In,Completed,3403.78,200.0,480.57,0,3684.35,Cash
O00003902,C0000147,R023,,2026-06-27 12:29:24,Takeaway,Completed,6725.0,0.0,1008.75,0,7733.75,Cash
O00003903,C0000034,R008,P0005,2025-08-21 07:57:28,Mobile App,Completed,3245.5,100.0,471.82,150,3767.32,Mobile Wallet
O00003904,C0000330,R019,,2026-03-22 17:14:27,Delivery Partner,Completed,9626.75,0.0,1444.01,150,11220.76,Cash
O00003905,C0000526,R013,P0006,2025-07-15 20:48:09,Website,Completed,4134.0,100.0,605.1,80,4719.1,Cash
O00003906,C0000178,R005,P0023,2026-04-20 13:22:44,Delivery Partner,Completed,7150.0,1072.5,911.62,0,6989.12,Card
O00003907,C0000542,R010,,2025-12-30 11:42:22,Takeaway,Completed,4230.0,0.0,634.5,0,4864.5,Mobile Wallet
O00003908,C0000083,R007,,2025-08-11 21:49:31,Takeaway,Completed,2995.0,0.0,449.25,0,3444.25,Cash
O00003909,C0000477,R009,,2025-10-08 19:59:30,Dine-In,Completed,3763.0,0.0,564.45,0,4327.45,Card
O00003910,C0000061,R014,,2026-03-14 17:47:18,Mobile App,Completed,8399.3,0.0,1259.89,0,9659.19,Cash
O00003911,C0000589,R006,,2026-07-09 12:58:14,Delivery Partner,Completed,8136.0,0.0,1220.4,100,9456.4,Card
O00003912,C0000673,R010,,2025-05-09 11:14:54,Delivery Partner,Completed,720.0,0.0,108.0,150,978.0,Mobile Wallet
O00003913,C0000617,R001,,2026-01-05 18:28:32,Mobile App,Completed,6997.5,0.0,1049.62,150,8197.12,Card
O00003914,C0000043,R011,,2025-07-16 15:10:59,Delivery Partner,Completed,7954.65,0.0,1193.2,0,9147.85,Mobile Wallet
O00003915,C0000459,R008,,2026-05-13 15:44:16,Dine-In,Completed,3681.5,0.0,552.22,0,4233.72,Card
O00003916,C0000269,R006,,2025-04-07 07:17:51,Mobile App,Completed,4637.0,0.0,695.55,150,5482.55,Card
O00003917,C0000971,R017,P0016,2026-03-14 15:39:35,Dine-In,Completed,570.0,200.0,55.5,0,425.5,Card
O00003918,C0000119,R004,,2025-06-02 20:30:19,Dine-In,Completed,7940.0,0.0,1191.0,0,9131.0,Mobile Wallet
O00003919,C0000574,R006,,2026-01-19 21:08:08,Delivery Partner,Completed,3635.0,0.0,545.25,100,4280.25,Card
O00003920,C0000124,R015,,2026-05-31 08:21:37,Delivery Partner,Completed,3723.5,0.0,558.52,80,4362.02,Mobile Wallet
O00003921,C0000143,R010,,2026-04-18 18:10:02,Dine-In,Completed,2100.0,0.0,315.0,0,2415.0,Bank Transfer
O00003922,C0000013,R017,,2026-04-17 17:16:53,Takeaway,Completed,3705.0,0.0,555.75,0,4260.75,Mobile Wallet
O00003923,C0000052,R010,P0025,2025-12-09 20:32:01,Dine-In,Completed,3661.0,200.0,519.15,0,3980.15,Bank Transfer
O00003924,C0000026,R005,,2026-06-30 19:10:17,Dine-In,Completed,9217.7,0.0,1382.66,0,10600.36,Card
O00003925,C0000024,R019,,2026-01-15 22:38:22,Website,Completed,7744.5,0.0,1161.68,0,8906.18,Cash
O00003926,C0000001,R007,,2026-07-16 22:07:18,Mobile App,Completed,4906.72,0.0,736.01,0,5642.73,Card
O00003927,C0000611,R024,P0025,2025-12-23 11:50:06,Mobile App,Completed,1210.0,0.0,181.5,120,1511.5,Cash
O00003928,C0000201,R019,,2025-12-03 19:56:34,Dine-In,Completed,6498.5,0.0,974.78,0,7473.28,Card
O00003929,C0000628,R010,,2025-06-28 16:03:59,Takeaway,Completed,17281.5,0.0,2592.22,0,19873.72,Card
O00003930,C0000353,R019,,2025-12-22 10:35:59,Takeaway,Completed,2737.5,0.0,410.62,0,3148.12,Cash
O00003931,C0000674,R011,,2025-05-14 10:18:49,Delivery Partner,Completed,4446.0,0.0,666.9,100,5212.9,Card
O00003932,C0000234,R003,,2026-06-19 07:23:19,Delivery Partner,Completed,14290.0,0.0,2143.5,0,16433.5,Card
O00003933,C0000010,R011,,2026-03-07 19:40:19,Dine-In,Completed,6266.5,0.0,939.97,0,7206.47,Cash
O00003934,C0000358,R006,,2026-08-28 12:48:18,Takeaway,Completed,10843.5,0.0,1626.52,0,12470.02,Cash
O00003935,C0000437,R006,,2025-04-18 20:17:40,Takeaway,Completed,7561.0,0.0,1134.15,0,8695.15,Mobile Wallet
O00003936,C0000370,R015,,2025-07-08 17:32:15,Dine-In,Completed,1434.5,0.0,215.18,0,1649.68,Card
O00003937,C0000623,R003,,2026-06-23 18:45:37,Dine-In,Cancelled,4168.0,0.0,625.2,0,0.0,Mobile Wallet
O00003938,C0000513,R022,,2025-10-05 12:35:20,Delivery Partner,Completed,3801.0,0.0,570.15,120,4491.15,Mobile Wallet
O00003939,C0000171,R025,,2025-11-13 14:09:28,Delivery Partner,Completed,2088.5,0.0,313.27,0,2401.77,Mobile Wallet
O00003940,C0000653,R011,,2026-06-14 13:54:43,Dine-In,Completed,8677.0,0.0,1301.55,0,9978.55,Card
O00003941,C0000456,R008,,2025-12-11 11:13:59,Takeaway,Completed,4287.5,0.0,643.12,0,4930.62,Mobile Wallet
O00003942,C0000015,R023,,2025-06-12 20:06:37,Takeaway,Completed,6802.65,0.0,1020.4,0,7823.05,Cash
O00003943,C0000271,R023,,2026-07-01 17:11:44,Dine-In,Completed,7334.0,0.0,1100.1,0,8434.1,Mobile Wallet
O00003944,C0000509,R008,,2025-03-17 05:21:58,Mobile App,Completed,14690.2,0.0,2203.53,80,16973.73,Card
O00003945,C0000285,R023,,2026-07-03 20:26:23,Mobile App,Completed,8930.0,0.0,1339.5,150,10419.5,Mobile Wallet
O00003946,C0000894,R016,,2025-03-28 08:47:36,Mobile App,Completed,4557.0,0.0,683.55,120,5360.55,Mobile Wallet
O00003947,C0000011,R003,,2026-03-01 13:36:28,Delivery Partner,Completed,2089.0,0.0,313.35,150,2552.35,Card
O00003948,C0000500,R008,P0010,2025-04-08 17:10:30,Mobile App,Completed,12851.5,200.0,1897.72,120,14669.22,Card
O00003949,C0000662,R008,,2026-03-23 00:35:44,Takeaway,Completed,5242.5,0.0,786.38,0,6028.88,Cash
O00003950,C0000471,R013,,2025-03-19 18:59:51,Takeaway,Completed,4350.0,0.0,652.5,0,5002.5,Card
O00003951,C0000135,R001,P0017,2026-06-04 18:12:38,Dine-In,Completed,1850.0,300.0,232.5,0,1782.5,Card
O00003952,C0000135,R010,,2025-11-12 18:31:11,Mobile App,Completed,2577.5,0.0,386.62,150,3114.12,Card
O00003953,C0000322,R005,P0019,2025-04-19 09:07:29,Mobile App,Completed,2230.0,500.0,259.5,0,1989.5,Card
O00003954,C0000144,R005,,2026-03-24 11:06:52,Delivery Partner,Completed,7000.0,0.0,1050.0,80,8130.0,Card
O00003955,C0000767,R017,,2025-11-24 11:42:03,Delivery Partner,Completed,6832.75,0.0,1024.91,0,7857.66,Card
O00003956,C0000013,R022,,2025-06-11 22:42:29,Delivery Partner,Completed,807.5,0.0,121.12,150,1078.62,Mobile Wallet
O00003957,C0000386,R014,,2025-03-09 07:57:04,Mobile App,Completed,11246.0,0.0,1686.9,150,13082.9,Card
O00003958,C0000018,R006,,2025-10-18 14:16:15,Mobile App,Completed,2192.0,0.0,328.8,150,2670.8,Cash
O00003959,C0000271,R014,,2025-04-15 20:21:26,Website,Completed,6912.5,0.0,1036.88,0,7949.38,Cash
O00003960,C0000490,R012,,2025-04-19 19:45:03,Dine-In,Completed,4220.5,0.0,633.07,0,4853.57,Card
O00003961,C0000026,R020,,2025-07-23 20:33:07,Takeaway,Completed,2805.5,0.0,420.82,0,3226.32,Mobile Wallet
O00003962,C0000473,R022,,2026-02-08 22:19:47,Dine-In,Completed,11847.0,0.0,1777.05,0,13624.05,Cash
O00003963,C0000019,R022,,2025-12-15 13:52:07,Mobile App,Completed,2365.5,0.0,354.82,150,2870.32,Card
O00003964,C0000363,R001,P0005,2025-04-06 12:07:16,Delivery Partner,Completed,3811.0,100.0,556.65,100,4367.65,Mobile Wallet
O00003965,C0000236,R005,,2026-08-14 05:21:45,Dine-In,Completed,9481.0,0.0,1422.15,0,10903.15,Cash
O00003966,C0000081,R018,,2026-06-28 09:26:43,Website,Cancelled,20327.0,0.0,3049.05,100,0.0,Cash
O00003967,C0000013,R014,,2025-07-19 16:33:02,Mobile App,Completed,9115.0,0.0,1367.25,100,10582.25,Mobile Wallet
O00003968,C0000520,R007,P0013,2025-05-04 09:20:26,Delivery Partner,Completed,8338.0,2084.5,938.02,100,7291.52,Cash
O00003969,C0000133,R025,,2026-07-30 19:14:51,Mobile App,Completed,6749.5,0.0,1012.42,100,7861.92,Card
O00003970,C0000009,R015,P0007,2025-11-10 05:04:33,Delivery Partner,Completed,8476.0,200.0,1241.4,150,9667.4,Card
O00003971,C0000577,R009,,2025-08-17 12:37:44,Takeaway,Completed,5979.0,0.0,896.85,0,6875.85,Cash
O00003972,C0000050,R015,,2025-11-25 18:16:20,Delivery Partner,Completed,12225.0,0.0,1833.75,80,14138.75,Cash
O00003973,C0000521,R016,,2026-04-27 11:07:42,Takeaway,Completed,12091.7,0.0,1813.76,0,13905.46,Card
O00003974,C0000298,R009,,2025-05-30 19:18:23,Mobile App,Completed,14394.0,0.0,2159.1,100,16653.1,Mobile Wallet
O00003975,C0000035,R007,,2026-04-24 23:04:43,Dine-In,Completed,8334.5,0.0,1250.18,0,9584.68,Cash
O00003976,C0000007,R007,,2026-04-15 19:22:49,Website,Completed,4686.0,0.0,702.9,150,5538.9,Mobile Wallet
O00003977,C0000330,R017,,2025-12-20 13:18:40,Delivery Partner,Completed,3116.0,0.0,467.4,100,3683.4,Card
O00003978,C0000002,R011,,2026-06-17 20:13:28,Delivery Partner,Completed,4262.4,0.0,639.36,150,5051.76,Card
O00003979,C0000006,R006,,2025-05-10 06:09:38,Mobile App,Completed,8240.0,0.0,1236.0,80,9556.0,Mobile Wallet
O00003980,C0000471,R014,,2026-01-19 19:30:05,Mobile App,Completed,6265.0,0.0,939.75,80,7284.75,Cash
O00003981,C0000270,R015,,2025-11-03 03:12:55,Takeaway,Completed,5700.35,0.0,855.05,0,6555.4,Card
O00003982,C0000096,R021,,2025-10-20 09:21:13,Mobile App,Completed,6722.5,0.0,1008.38,150,7880.88,Card
O00003983,C0000270,R008,,2025-07-15 23:36:49,Takeaway,Completed,13641.0,0.0,2046.15,0,15687.15,Card
O00003984,C0000328,R024,,2025-09-22 13:38:13,Delivery Partner,Completed,3706.0,0.0,555.9,120,4381.9,Card
O00003985,C0000298,R004,,2025-04-26 20:09:36,Delivery Partner,Completed,6399.75,0.0,959.96,0,7359.71,Mobile Wallet
O00003986,C0000390,R001,P0014,2025-07-14 13:30:51,Delivery Partner,Completed,2698.0,300.0,359.7,120,2877.7,Mobile Wallet
O00003987,C0000877,R006,,2025-07-26 20:42:23,Mobile App,Completed,10117.5,0.0,1517.62,80,11715.12,Card
O00003988,C0000138,R001,,2026-03-31 22:34:12,Mobile App,Completed,6171.5,0.0,925.72,150,7247.22,Mobile Wallet
O00003989,C0000082,R021,,2025-03-27 14:12:00,Mobile App,Completed,4828.0,0.0,724.2,150,5702.2,Bank Transfer
O00003990,C0000003,R005,,2026-02-21 16:29:11,Mobile App,Completed,4700.0,0.0,705.0,0,5405.0,Card
O00003991,C0000021,R019,,2025-06-28 18:33:50,Dine-In,Completed,9735.15,0.0,1460.27,0,11195.42,Card
O00003992,C0000012,R005,,2025-04-13 21:35:41,Delivery Partner,Completed,8149.92,0.0,1222.49,80,9452.41,Mobile Wallet
O00003993,C0000102,R022,,2025-08-11 12:34:23,Takeaway,Completed,8511.5,0.0,1276.72,0,9788.22,Cash
O00003994,C0000350,R005,P0014,2025-06-29 17:46:36,Mobile App,Completed,8039.5,300.0,1160.92,80,8980.42,Card
O00003995,C0000003,R017,P0029,2025-12-26 12:03:19,Delivery Partner,Completed,2460.0,738.0,258.3,0,1980.3,Card
O00003996,C0000508,R012,P0016,2025-09-13 11:54:05,Delivery Partner,Completed,8954.5,200.0,1313.18,80,10147.68,Bank Transfer
O00003997,C0000144,R007,,2026-08-12 07:52:11,Delivery Partner,Completed,6912.75,0.0,1036.91,80,8029.66,Bank Transfer
O00003998,C0000924,R015,P0012,2026-08-11 17:03:20,Dine-In,Completed,4479.5,150.0,649.42,0,4978.92,Mobile Wallet
O00003999,C0000302,R019,P0004,2025-11-01 20:46:02,Takeaway,Completed,3210.0,321.0,433.35,0,3322.35,Card
O00004000,C0000574,R023,,2026-05-09 13:05:26,Takeaway,Completed,9249.2,0.0,1387.38,0,10636.58,Card
O00004001,C0000726,R021,,2025-03-08 16:54:45,Delivery Partner,Completed,2152.5,0.0,322.88,150,2625.38,Card
O00004002,C0000777,R013,,2025-12-24 18:27:52,Takeaway,Completed,9629.5,0.0,1444.42,0,11073.92,Mobile Wallet
O00004003,C0000249,R012,,2026-04-12 13:29:35,Delivery Partner,Completed,2568.5,0.0,385.28,100,3053.78,Mobile Wallet
O00004004,C0000143,R019,,2025-06-25 20:26:16,Delivery Partner,Completed,10738.5,0.0,1610.78,120,12469.28,Mobile Wallet
O00004005,C0000293,R013,P0028,2025-04-02 13:04:48,Delivery Partner,Completed,9637.0,500.0,1370.55,0,10507.55,Cash
O00004006,C0000147,R006,,2025-05-23 08:43:45,Dine-In,Completed,12175.0,0.0,1826.25,0,14001.25,Card
O00004007,C0000053,R001,P0006,2025-10-31 08:38:14,Dine-In,Completed,9823.5,100.0,1458.52,0,11182.02,Card
O00004008,C0000095,R006,,2025-12-03 20:34:38,Delivery Partner,Completed,10805.5,0.0,1620.82,100,12526.32,Cash
O00004009,C0000050,R013,P0006,2025-09-27 23:38:03,Delivery Partner,Completed,12902.0,100.0,1920.3,120,14842.3,Card
O00004010,C0000066,R013,,2025-10-30 12:43:16,Delivery Partner,Completed,2426.5,0.0,363.98,100,2890.48,Cash
O00004011,C0000010,R013,P0020,2025-11-15 08:14:37,Dine-In,Cancelled,3690.0,553.5,470.48,0,0.0,Bank Transfer
O00004012,C0000166,R020,,2026-04-25 14:18:10,Website,Completed,4624.0,0.0,693.6,0,5317.6,Mobile Wallet
O00004013,C0000051,R004,P0004,2025-04-25 18:29:11,Mobile App,Completed,7961.5,796.15,1074.8,150,8390.15,Card
O00004014,C0000184,R005,,2026-04-25 17:37:46,Takeaway,Completed,5634.5,0.0,845.18,0,6479.68,Cash
O00004015,C0000608,R013,,2026-03-14 21:31:31,Mobile App,Completed,1848.0,0.0,277.2,0,2125.2,Card
O00004016,C0000184,R009,,2026-04-11 19:39:26,Mobile App,Completed,4155.88,0.0,623.38,150,4929.26,Cash
O00004017,C0000906,R017,,2026-04-07 20:28:43,Takeaway,Completed,2268.85,0.0,340.33,0,2609.18,Card
O00004018,C0000021,R003,,2025-11-15 16:05:42,Takeaway,Completed,2256.0,0.0,338.4,0,2594.4,Mobile Wallet
O00004019,C0000707,R020,,2025-06-22 12:25:26,Mobile App,Completed,14362.0,0.0,2154.3,150,16666.3,Cash
O00004020,C0000056,R018,,2025-12-18 18:26:48,Mobile App,Completed,4796.55,0.0,719.48,0,5516.03,Cash
O00004021,C0000864,R025,,2026-08-08 14:34:39,Takeaway,Completed,3540.0,0.0,531.0,0,4071.0,Cash
O00004022,C0000047,R015,,2026-01-15 12:27:43,Takeaway,Completed,1254.0,0.0,188.1,0,1442.1,Mobile Wallet
O00004023,C0000537,R023,P0005,2025-03-06 09:04:28,Delivery Partner,Completed,4348.0,100.0,637.2,0,4885.2,Mobile Wallet
O00004024,C0000005,R001,P0003,2025-04-02 16:40:08,Delivery Partner,Completed,3364.0,200.0,474.6,80,3718.6,Mobile Wallet
O00004025,C0000374,R009,,2026-08-28 17:55:42,Delivery Partner,Completed,4423.4,0.0,663.51,120,5206.91,Card
O00004026,C0000044,R006,P0024,2025-04-08 17:47:02,Dine-In,Completed,10767.0,3230.1,1130.53,0,8667.43,Cash
O00004027,C0000426,R018,,2025-03-25 08:53:38,Dine-In,Completed,7628.45,0.0,1144.27,0,8772.72,Mobile Wallet
O00004028,C0000382,R001,,2025-09-10 17:15:28,Delivery Partner,Completed,11878.0,0.0,1781.7,150,13809.7,Cash
O00004029,C0000844,R022,,2026-08-14 09:40:20,Dine-In,Refunded,8464.5,0.0,1269.68,0,9734.18,Card
O00004030,C0000370,R007,,2025-08-22 18:17:34,Mobile App,Completed,13115.0,0.0,1967.25,150,15232.25,Card
O00004031,C0000152,R010,P0006,2025-10-13 14:12:52,Dine-In,Completed,10656.5,100.0,1583.48,0,12139.98,Card
O00004032,C0000035,R006,,2026-02-10 20:42:47,Takeaway,Completed,5310.0,0.0,796.5,0,6106.5,Card
O00004033,C0000410,R007,,2025-03-13 19:24:09,Delivery Partner,Completed,11614.0,0.0,1742.1,80,13436.1,Mobile Wallet
O00004034,C0000014,R006,,2026-07-04 19:09:22,Delivery Partner,Completed,8931.0,0.0,1339.65,80,10350.65,Cash
O00004035,C0000669,R008,,2025-12-10 18:28:38,Delivery Partner,Cancelled,5908.5,0.0,886.28,150,0.0,Mobile Wallet
O00004036,C0000056,R002,,2025-11-13 16:09:24,Delivery Partner,Completed,7611.45,0.0,1141.72,150,8903.17,Mobile Wallet
O00004037,C0000255,R009,,2026-06-14 07:05:23,Website,Completed,9597.5,0.0,1439.62,120,11157.12,Card
O00004038,C0000333,R025,,2026-08-05 18:15:19,Mobile App,Completed,1320.0,0.0,198.0,120,1638.0,Cash
O00004039,C0000119,R009,,2025-10-20 14:24:14,Dine-In,Completed,6117.5,0.0,917.62,0,7035.12,Card
O00004040,C0000418,R007,,2025-06-01 14:43:20,Mobile App,Completed,6026.4,0.0,903.96,100,7030.36,Mobile Wallet
O00004041,C0000057,R009,P0024,2026-05-21 13:03:52,Dine-In,Completed,6253.5,1876.05,656.62,0,5034.07,Cash
O00004042,C0000002,R017,,2025-10-09 21:36:41,Delivery Partner,Completed,1662.5,0.0,249.38,0,1911.88,Mobile Wallet
O00004043,C0000915,R003,P0015,2026-07-26 11:33:11,Mobile App,Completed,5728.75,200.0,829.31,150,6508.06,Mobile Wallet
O00004044,C0000093,R016,,2026-08-03 12:18:17,Website,Completed,5286.75,0.0,793.01,0,6079.76,Bank Transfer
O00004045,C0000487,R016,,2025-04-30 22:32:59,Website,Completed,6616.5,0.0,992.47,120,7728.97,Mobile Wallet
O00004046,C0000238,R002,,2026-08-07 19:03:22,Takeaway,Completed,6613.5,0.0,992.02,0,7605.52,Cash
O00004047,C0000425,R011,,2025-09-20 01:43:54,Website,Completed,2180.9,0.0,327.14,80,2588.04,Card
O00004048,C0000013,R016,,2026-02-18 20:33:40,Delivery Partner,Completed,2051.0,0.0,307.65,100,2458.65,Cash
O00004049,C0000249,R015,P0020,2025-03-19 11:11:28,Website,Completed,7568.12,1135.22,964.94,80,7477.84,Cash
O00004050,C0000140,R001,P0002,2026-06-29 18:30:40,Website,Completed,8101.5,405.08,1154.46,120,8970.88,Mobile Wallet
O00004051,C0000187,R021,,2026-02-15 16:15:35,Takeaway,Completed,4738.0,0.0,710.7,0,5448.7,Mobile Wallet
O00004052,C0000929,R017,P0023,2026-02-16 16:01:04,Delivery Partner,Completed,5290.0,793.5,674.48,150,5320.98,Bank Transfer
O00004053,C0000018,R003,,2026-07-07 18:48:38,Mobile App,Completed,7796.5,0.0,1169.47,100,9065.97,Cash
O00004054,C0000548,R022,P0014,2025-12-04 10:57:25,Delivery Partner,Completed,6221.0,300.0,888.15,80,6889.15,Cash
O00004055,C0000099,R022,,2025-10-13 09:59:38,Delivery Partner,Completed,7088.0,0.0,1063.2,120,8271.2,Card
O00004056,C0000076,R019,,2026-06-17 18:01:10,Dine-In,Completed,10146.5,0.0,1521.98,0,11668.48,Cash
O00004057,C0000067,R020,P0013,2026-04-11 12:35:41,Delivery Partner,Completed,4658.5,1164.62,524.08,100,4117.96,Cash
O00004058,C0000110,R007,P0001,2026-08-02 22:05:10,Delivery Partner,Completed,4322.5,500.0,573.38,150,4545.88,Mobile Wallet
O00004059,C0000116,R022,P0010,2026-07-28 14:59:55,Mobile App,Completed,6206.0,200.0,900.9,150,7056.9,Mobile Wallet
O00004060,C0000067,R011,P0014,2025-09-28 08:22:55,Delivery Partner,Completed,6977.0,300.0,1001.55,150,7828.55,Mobile Wallet
O00004061,C0000423,R018,,2025-11-02 18:38:17,Delivery Partner,Completed,10256.5,0.0,1538.48,80,11874.98,Card
O00004062,C0000004,R025,P0026,2025-07-17 12:54:11,Dine-In,Completed,5354.0,803.1,682.63,0,5233.53,Card
O00004063,C0000100,R014,P0016,2026-02-27 09:46:56,Delivery Partner,Completed,7334.5,200.0,1070.18,80,8284.68,Mobile Wallet
O00004064,C0000071,R016,,2025-09-17 14:51:15,Mobile App,Completed,9512.5,0.0,1426.88,100,11039.38,Cash
O00004065,C0000543,R006,,2026-05-04 22:43:26,Delivery Partner,Completed,4258.0,0.0,638.7,80,4976.7,Mobile Wallet
O00004066,C0000021,R002,,2025-05-04 13:36:35,Mobile App,Completed,13875.0,0.0,2081.25,0,15956.25,Cash
O00004067,C0000878,R023,,2025-05-01 13:45:16,Mobile App,Completed,4919.0,0.0,737.85,100,5756.85,Mobile Wallet
O00004068,C0000028,R011,,2025-06-18 14:15:48,Delivery Partner,Completed,5939.0,0.0,890.85,100,6929.85,Mobile Wallet
O00004069,C0000124,R011,,2025-04-14 01:42:20,Mobile App,Completed,6875.0,0.0,1031.25,120,8026.25,Card
O00004070,C0000037,R010,P0011,2026-02-02 08:43:54,Mobile App,Completed,6589.0,1647.25,741.26,100,5783.01,Mobile Wallet
O00004071,C0000075,R004,,2025-05-18 20:18:36,Mobile App,Completed,9210.0,0.0,1381.5,120,10711.5,Cash
O00004072,C0000558,R017,,2025-05-25 22:48:30,Mobile App,Completed,6128.5,0.0,919.28,80,7127.78,Card
O00004073,C0000209,R010,,2025-03-08 09:23:44,Mobile App,Completed,3721.5,0.0,558.22,0,4279.72,Mobile Wallet
O00004074,C0000025,R009,,2026-05-02 16:57:34,Dine-In,Completed,2100.0,0.0,315.0,0,2415.0,Mobile Wallet
O00004075,C0000004,R013,P0027,2026-05-19 22:26:26,Mobile App,Completed,5908.0,300.0,841.2,100,6549.2,Bank Transfer
O00004076,C0000048,R011,,2025-05-26 09:06:22,Takeaway,Completed,5511.0,0.0,826.65,0,6337.65,Cash
O00004077,C0000887,R010,P0024,2026-04-10 10:29:31,Mobile App,Completed,9287.08,2786.12,975.14,0,7476.1,Card
O00004078,C0000698,R024,P0016,2025-10-26 21:40:16,Mobile App,Completed,5889.0,200.0,853.35,80,6622.35,Mobile Wallet
O00004079,C0000177,R005,,2025-07-08 18:13:10,Mobile App,Completed,5573.5,0.0,836.02,0,6409.52,Card
O00004080,C0000214,R003,,2026-02-03 09:57:00,Dine-In,Completed,5214.0,0.0,782.1,0,5996.1,Mobile Wallet
O00004081,C0000797,R004,,2025-06-04 13:51:27,Dine-In,Cancelled,3110.0,0.0,466.5,0,0.0,Card
O00004082,C0000328,R003,,2026-04-19 06:43:17,Website,Completed,7428.5,0.0,1114.27,100,8642.77,Mobile Wallet
O00004083,C0000762,R010,,2025-03-26 14:14:48,Mobile App,Completed,4419.5,0.0,662.92,150,5232.42,Mobile Wallet
O00004084,C0000223,R024,P0004,2026-08-08 19:11:40,Mobile App,Completed,4030.0,403.0,544.05,0,4171.05,Mobile Wallet
O00004085,C0000037,R013,,2025-04-08 16:52:19,Dine-In,Completed,3308.5,0.0,496.28,0,3804.78,Mobile Wallet
O00004086,C0000505,R005,P0027,2026-01-10 18:52:06,Mobile App,Completed,10360.0,300.0,1509.0,120,11689.0,Cash
O00004087,C0000257,R013,,2026-07-07 12:28:36,Delivery Partner,Completed,5943.5,0.0,891.52,80,6915.02,Card
O00004088,C0000424,R024,,2025-03-07 09:22:15,Mobile App,Completed,5987.5,0.0,898.12,120,7005.62,Cash
O00004089,C0000024,R001,P0026,2025-11-29 01:12:38,Dine-In,Completed,2810.0,421.5,358.28,0,2746.78,Cash
O00004090,C0000397,R025,,2025-09-09 20:08:44,Takeaway,Completed,2938.0,0.0,440.7,0,3378.7,Card
O00004091,C0000133,R011,,2026-01-10 18:23:44,Delivery Partner,Completed,15541.5,0.0,2331.22,120,17992.72,Bank Transfer
O00004092,C0000100,R003,,2025-06-30 11:38:46,Mobile App,Completed,8090.0,0.0,1213.5,100,9403.5,Card
O00004093,C0000428,R017,P0010,2025-04-04 14:29:22,Takeaway,Completed,6730.0,200.0,979.5,0,7509.5,Mobile Wallet
O00004094,C0000329,R019,P0002,2026-02-06 19:00:31,Delivery Partner,Completed,4504.0,225.2,641.82,120,5040.62,Bank Transfer
O00004095,C0000399,R013,P0006,2025-10-17 16:59:48,Takeaway,Completed,7039.0,100.0,1040.85,0,7979.85,Cash
O00004096,C0000928,R016,P0017,2026-02-04 12:09:16,Website,Completed,11289.0,300.0,1648.35,150,12787.35,Cash
O00004097,C0000469,R018,,2025-06-22 12:37:58,Dine-In,Completed,9690.0,0.0,1453.5,0,11143.5,Cash
O00004098,C0000388,R023,,2025-09-02 11:57:18,Dine-In,Completed,8200.5,0.0,1230.08,0,9430.58,Card
O00004099,C0000354,R020,,2025-12-31 20:46:41,Mobile App,Completed,5993.8,0.0,899.07,0,6892.87,Cash
O00004100,C0000145,R023,,2026-01-18 17:14:33,Dine-In,Completed,5087.4,0.0,763.11,0,5850.51,Mobile Wallet
O00004101,C0000687,R019,P0021,2025-09-22 18:08:13,Dine-In,Completed,4536.0,100.0,665.4,0,5101.4,Cash
O00004102,C0000132,R006,,2025-07-30 20:12:54,Delivery Partner,Completed,3750.4,0.0,562.56,0,4312.96,Cash
O00004103,C0000468,R023,,2025-07-27 23:22:02,Dine-In,Completed,14265.1,0.0,2139.76,0,16404.86,Card
O00004104,C0000078,R007,P0028,2025-06-02 11:32:38,Website,Completed,3524.5,500.0,453.68,150,3628.18,Card
O00004105,C0000021,R015,,2025-08-25 09:08:24,Takeaway,Completed,4483.4,0.0,672.51,0,5155.91,Mobile Wallet
O00004106,C0000017,R005,,2025-06-15 14:02:59,Delivery Partner,Completed,6010.45,0.0,901.57,80,6992.02,Bank Transfer
O00004107,C0000380,R016,,2026-02-10 05:29:10,Delivery Partner,Completed,9612.0,0.0,1441.8,80,11133.8,Mobile Wallet
O00004108,C0000097,R006,P0027,2026-01-04 19:08:48,Takeaway,Completed,9841.4,300.0,1431.21,0,10972.61,Cash
O00004109,C0000069,R003,,2025-09-28 20:51:14,Mobile App,Completed,6670.5,0.0,1000.58,80,7751.08,Card
O00004110,C0000329,R012,,2025-08-26 18:24:18,Website,Completed,9348.0,0.0,1402.2,0,10750.2,Card
O00004111,C0000002,R004,,2025-07-06 12:46:42,Dine-In,Completed,3586.0,0.0,537.9,0,4123.9,Cash
O00004112,C0000055,R022,P0018,2025-12-18 08:23:14,Website,Completed,3627.0,1088.1,380.84,150,3069.74,Card
O00004113,C0000105,R003,,2026-07-16 13:31:14,Delivery Partner,Completed,5516.0,0.0,827.4,80,6423.4,Card
O00004114,C0000479,R016,,2026-03-12 20:06:37,Dine-In,Completed,4970.88,0.0,745.63,0,5716.51,Card
O00004115,C0000276,R016,,2026-04-12 13:35:14,Delivery Partner,Completed,4466.0,0.0,669.9,120,5255.9,Cash
O00004116,C0000717,R023,,2026-05-31 05:24:08,Dine-In,Completed,9799.83,0.0,1469.97,0,11269.8,Bank Transfer
O00004117,C0000101,R019,,2025-09-10 12:19:04,Mobile App,Completed,3826.1,0.0,573.92,150,4550.02,Mobile Wallet
O00004118,C0000080,R015,,2025-04-03 23:16:18,Takeaway,Completed,1743.0,0.0,261.45,0,2004.45,Cash
O00004119,C0000002,R009,,2026-02-04 18:53:23,Mobile App,Completed,6798.6,0.0,1019.79,120,7938.39,Mobile Wallet
O00004120,C0000900,R020,,2025-06-10 20:35:28,Takeaway,Completed,2166.0,0.0,324.9,0,2490.9,Bank Transfer
O00004121,C0000232,R002,P0010,2026-01-04 19:25:59,Takeaway,Completed,6626.5,200.0,963.97,0,7390.47,Mobile Wallet
O00004122,C0000233,R006,,2026-04-10 16:18:04,Website,Completed,3705.0,0.0,555.75,100,4360.75,Mobile Wallet
O00004123,C0000843,R014,,2026-05-03 09:59:21,Dine-In,Completed,8171.0,0.0,1225.65,0,9396.65,Card
O00004124,C0000076,R009,,2025-08-12 13:36:12,Mobile App,Completed,5552.0,0.0,832.8,120,6504.8,Card
O00004125,C0000100,R010,P0003,2025-12-06 17:47:49,Takeaway,Completed,10006.0,200.0,1470.9,0,11276.9,Card
O00004126,C0000408,R018,P0028,2026-02-03 20:02:51,Dine-In,Completed,22320.25,500.0,3273.04,0,25093.29,Bank Transfer
O00004127,C0000597,R015,P0010,2026-05-23 12:42:48,Mobile App,Completed,5008.5,200.0,721.28,0,5529.78,Mobile Wallet
O00004128,C0000467,R004,P0027,2026-04-21 08:56:46,Dine-In,Completed,4046.95,300.0,562.04,0,4308.99,Cash
O00004129,C0000602,R005,,2026-08-25 16:27:45,Delivery Partner,Completed,3437.48,0.0,515.62,120,4073.1,Card
O00004130,C0000309,R025,P0028,2025-03-05 09:21:28,Mobile App,Cancelled,5418.0,500.0,737.7,0,0.0,Card
O00004131,C0000729,R023,P0009,2025-10-28 17:46:15,Delivery Partner,Completed,1039.0,0.0,155.85,100,1294.85,Mobile Wallet
O00004132,C0000282,R021,,2025-07-17 12:18:35,Dine-In,Completed,7596.0,0.0,1139.4,0,8735.4,Cash
O00004133,C0000048,R006,P0029,2025-05-03 11:52:16,Website,Completed,13116.7,3935.01,1377.25,80,10638.94,Mobile Wallet
O00004134,C0000273,R025,,2026-07-12 13:55:19,Mobile App,Completed,8805.0,0.0,1320.75,80,10205.75,Card
O00004135,C0000486,R015,P0027,2026-08-30 17:45:13,Dine-In,Completed,3120.0,300.0,423.0,0,3243.0,Cash
O00004136,C0000404,R020,,2025-06-06 16:15:49,Website,Completed,7059.5,0.0,1058.92,150,8268.42,Mobile Wallet
O00004137,C0000054,R002,,2025-03-21 11:55:05,Website,Completed,4827.5,0.0,724.12,120,5671.62,Card
O00004138,C0000003,R016,P0018,2025-07-27 20:05:21,Takeaway,Completed,1480.0,0.0,222.0,0,1702.0,Mobile Wallet
O00004139,C0000058,R005,,2026-05-31 08:36:39,Delivery Partner,Completed,2927.0,0.0,439.05,120,3486.05,Cash
O00004140,C0000967,R023,,2025-08-07 05:30:08,Website,Completed,13620.42,0.0,2043.06,80,15743.48,Bank Transfer
O00004141,C0000032,R004,,2025-03-31 17:52:31,Takeaway,Completed,1554.0,0.0,233.1,0,1787.1,Mobile Wallet
O00004142,C0000198,R001,,2025-03-29 08:48:23,Dine-In,Completed,10161.5,0.0,1524.22,0,11685.72,Cash
O00004143,C0000385,R008,,2025-10-23 15:47:32,Mobile App,Completed,6640.5,0.0,996.08,120,7756.58,Mobile Wallet
O00004144,C0000760,R021,,2026-07-24 21:33:12,Takeaway,Completed,11316.0,0.0,1697.4,0,13013.4,Cash
O00004145,C0000557,R010,,2025-08-03 18:30:34,Dine-In,Completed,4757.0,0.0,713.55,0,5470.55,Mobile Wallet
O00004146,C0000815,R015,,2025-10-23 17:59:05,Mobile App,Completed,5907.0,0.0,886.05,80,6873.05,Cash
O00004147,C0000343,R002,,2025-04-23 17:10:48,Dine-In,Completed,2280.6,0.0,342.09,0,2622.69,Card
O00004148,C0000734,R019,P0012,2025-11-27 09:35:39,Mobile App,Completed,10099.0,150.0,1492.35,120,11561.35,Bank Transfer
O00004149,C0000063,R012,,2026-03-18 14:05:29,Dine-In,Completed,9997.0,0.0,1499.55,0,11496.55,Cash
O00004150,C0000169,R010,,2025-07-26 13:26:37,Takeaway,Completed,2960.0,0.0,444.0,0,3404.0,Card
O00004151,C0000695,R012,,2025-08-09 21:06:15,Dine-In,Completed,8619.5,0.0,1292.92,0,9912.42,Cash
O00004152,C0000096,R021,,2026-06-04 11:48:00,Mobile App,Completed,8350.0,0.0,1252.5,100,9702.5,Mobile Wallet
O00004153,C0000745,R020,,2025-03-06 14:31:41,Mobile App,Completed,15379.0,0.0,2306.85,0,17685.85,Cash
O00004154,C0000120,R025,,2026-02-12 21:07:17,Website,Completed,3100.5,0.0,465.08,0,3565.58,Card
O00004155,C0000120,R009,,2025-10-04 19:59:21,Delivery Partner,Completed,3412.0,0.0,511.8,100,4023.8,Card
O00004156,C0000087,R008,P0020,2025-08-10 22:32:25,Dine-In,Completed,1895.0,284.25,241.61,0,1852.36,Cash
O00004157,C0000278,R002,,2026-02-25 17:56:13,Takeaway,Completed,6386.5,0.0,957.97,0,7344.47,Bank Transfer
O00004158,C0000017,R021,P0023,2026-05-31 13:46:55,Website,Completed,3067.6,460.14,391.12,150,3148.58,Mobile Wallet
O00004159,C0000003,R024,P0012,2025-12-29 20:51:36,Dine-In,Completed,3553.5,150.0,510.52,0,3914.02,Mobile Wallet
O00004160,C0000793,R024,,2025-03-17 12:43:48,Dine-In,Completed,6370.5,0.0,955.58,0,7326.08,Cash
O00004161,C0000854,R007,,2025-11-10 09:14:13,Dine-In,Refunded,13876.23,0.0,2081.43,0,15957.66,Cash
O00004162,C0000007,R004,,2025-11-11 18:54:25,Mobile App,Completed,2724.0,0.0,408.6,100,3232.6,Card
O00004163,C0000281,R019,,2025-12-22 18:26:49,Mobile App,Completed,6280.0,0.0,942.0,100,7322.0,Bank Transfer
O00004164,C0000271,R008,,2026-03-04 20:29:35,Delivery Partner,Completed,3904.0,0.0,585.6,80,4569.6,Card
O00004165,C0000126,R024,,2025-03-11 22:21:51,Mobile App,Completed,4027.5,0.0,604.12,80,4711.62,Card
O00004166,C0000302,R013,,2025-12-01 20:46:22,Website,Completed,4857.0,0.0,728.55,150,5735.55,Mobile Wallet
O00004167,C0000193,R021,,2026-01-15 06:28:01,Mobile App,Completed,4272.0,0.0,640.8,120,5032.8,Cash
O00004168,C0000221,R003,,2025-09-05 18:40:38,Takeaway,Completed,5336.0,0.0,800.4,0,6136.4,Mobile Wallet
O00004169,C0000549,R005,P0017,2026-03-03 19:47:06,Dine-In,Completed,9427.0,300.0,1369.05,0,10496.05,Bank Transfer
O00004170,C0000256,R020,,2025-07-01 22:29:38,Delivery Partner,Completed,3193.15,0.0,478.97,100,3772.12,Bank Transfer
O00004171,C0000095,R008,,2025-08-21 13:01:44,Dine-In,Completed,5000.5,0.0,750.08,0,5750.58,Cash
O00004172,C0000316,R002,,2026-08-10 09:14:50,Dine-In,Completed,3791.0,0.0,568.65,0,4359.65,Card
O00004173,C0000388,R024,,2025-09-07 20:46:21,Dine-In,Completed,4679.5,0.0,701.92,0,5381.42,Card
O00004174,C0000416,R010,,2025-09-07 12:26:27,Dine-In,Completed,3019.5,0.0,452.92,0,3472.42,Cash
O00004175,C0000360,R022,,2026-01-19 17:06:37,Dine-In,Completed,10012.18,0.0,1501.83,0,11514.01,Card
O00004176,C0000419,R016,,2026-08-15 13:26:19,Mobile App,Completed,3597.0,0.0,539.55,80,4216.55,Card
O00004177,C0000087,R004,,2026-08-22 13:20:48,Takeaway,Completed,5126.0,0.0,768.9,0,5894.9,Card
O00004178,C0000182,R014,,2026-01-10 19:12:56,Takeaway,Completed,6668.5,0.0,1000.28,0,7668.78,Card
O00004179,C0000424,R003,P0021,2025-03-01 13:54:17,Delivery Partner,Completed,4735.0,100.0,695.25,100,5430.25,Cash
O00004180,C0000548,R010,,2026-07-06 18:16:56,Website,Completed,9780.0,0.0,1467.0,80,11327.0,Bank Transfer
O00004181,C0000172,R013,,2026-01-04 01:10:23,Mobile App,Completed,2735.0,0.0,410.25,80,3225.25,Mobile Wallet
O00004182,C0000121,R005,,2025-09-18 12:58:32,Mobile App,Completed,8664.15,0.0,1299.62,120,10083.77,Mobile Wallet
O00004183,C0000490,R022,,2026-05-28 12:09:58,Dine-In,Completed,7129.5,0.0,1069.42,0,8198.92,Cash
O00004184,C0000045,R017,,2025-10-07 19:56:54,Website,Completed,10727.0,0.0,1609.05,80,12416.05,Card
O00004185,C0000001,R017,P0026,2025-03-19 12:32:44,Mobile App,Completed,6146.0,921.9,783.62,100,6107.72,Cash
O00004186,C0000204,R011,,2026-05-24 18:13:25,Mobile App,Completed,8540.0,0.0,1281.0,100,9921.0,Mobile Wallet
O00004187,C0000028,R019,,2025-12-23 18:36:18,Mobile App,Completed,16595.0,0.0,2489.25,100,19184.25,Card
O00004188,C0000130,R018,,2025-09-02 18:07:47,Mobile App,Completed,5190.0,0.0,778.5,100,6068.5,Mobile Wallet
O00004189,C0000077,R017,,2025-07-14 17:32:41,Mobile App,Completed,6694.0,0.0,1004.1,0,7698.1,Cash
O00004190,C0000584,R011,,2026-01-18 13:06:12,Mobile App,Completed,2726.5,0.0,408.98,80,3215.48,Cash
O00004191,C0000100,R015,,2025-06-20 13:33:09,Mobile App,Refunded,10031.95,0.0,1504.79,150,11686.74,Mobile Wallet
O00004192,C0000388,R008,P0010,2025-08-24 17:06:13,Website,Completed,10135.8,200.0,1490.37,150,11576.17,Mobile Wallet
O00004193,C0000431,R012,,2026-02-12 07:06:08,Mobile App,Completed,21317.5,0.0,3197.62,120,24635.12,Card
O00004194,C0000191,R017,,2026-06-26 20:40:52,Dine-In,Completed,6880.5,0.0,1032.08,0,7912.58,Cash
O00004195,C0000008,R024,P0019,2025-12-16 20:53:10,Mobile App,Completed,7403.0,500.0,1035.45,120,8058.45,Card
O00004196,C0000468,R005,,2026-04-20 13:35:02,Delivery Partner,Refunded,3303.0,0.0,495.45,80,3878.45,Card
O00004197,C0000007,R004,,2026-04-22 17:54:39,Takeaway,Completed,9040.0,0.0,1356.0,0,10396.0,Mobile Wallet
O00004198,C0000011,R024,,2026-03-01 21:06:11,Delivery Partner,Completed,1487.0,0.0,223.05,120,1830.05,Mobile Wallet
O00004199,C0000036,R024,,2025-07-11 12:19:34,Mobile App,Completed,11905.0,0.0,1785.75,80,13770.75,Cash
O00004200,C0000071,R011,,2026-06-18 19:17:38,Mobile App,Completed,4480.0,0.0,672.0,100,5252.0,Mobile Wallet
O00004201,C0000700,R008,,2025-10-27 07:44:45,Delivery Partner,Completed,13326.0,0.0,1998.9,80,15404.9,Cash
O00004202,C0000433,R016,,2025-03-24 16:42:38,Website,Completed,2950.0,0.0,442.5,80,3472.5,Cash
O00004203,C0000136,R016,,2025-07-11 20:40:31,Delivery Partner,Completed,7990.0,0.0,1198.5,0,9188.5,Card
O00004204,C0000955,R003,,2026-04-23 16:13:38,Dine-In,Completed,17670.5,0.0,2650.58,0,20321.08,Cash
O00004205,C0000054,R012,,2025-04-06 17:39:13,Dine-In,Completed,7233.0,0.0,1084.95,0,8317.95,Mobile Wallet
O00004206,C0000350,R024,,2025-05-18 20:52:43,Mobile App,Completed,1731.5,0.0,259.72,0,1991.22,Card
O00004207,C0000702,R013,,2026-03-17 18:13:00,Delivery Partner,Completed,6893.08,0.0,1033.96,80,8007.04,Card
O00004208,C0000624,R001,,2026-07-02 18:20:26,Delivery Partner,Completed,7682.5,0.0,1152.38,0,8834.88,Card
O00004209,C0000009,R004,P0028,2026-02-10 17:48:36,Dine-In,Completed,5797.0,500.0,794.55,0,6091.55,Bank Transfer
O00004210,C0000464,R021,,2025-06-28 18:58:59,Dine-In,Completed,7910.0,0.0,1186.5,0,9096.5,Mobile Wallet
O00004211,C0000060,R006,,2025-03-29 19:56:42,Delivery Partner,Completed,13654.62,0.0,2048.19,150,15852.81,Mobile Wallet
O00004212,C0000115,R005,,2026-01-30 22:26:00,Mobile App,Completed,5016.9,0.0,752.54,150,5919.44,Card
O00004213,C0000220,R005,,2025-03-26 19:45:54,Mobile App,Completed,12184.5,0.0,1827.68,100,14112.18,Cash
O00004214,C0000606,R021,,2026-01-29 18:25:44,Delivery Partner,Completed,24469.0,0.0,3670.35,150,28289.35,Card
O00004215,C0000026,R025,,2025-06-30 08:26:28,Dine-In,Completed,6312.85,0.0,946.93,0,7259.78,Card
O00004216,C0000012,R010,P0002,2026-07-08 19:23:23,Dine-In,Completed,10016.0,500.8,1427.28,0,10942.48,Cash
O00004217,C0000023,R019,P0001,2025-11-17 19:04:54,Delivery Partner,Completed,9290.0,500.0,1318.5,80,10188.5,Cash
O00004218,C0000044,R018,P0012,2025-06-29 19:41:16,Dine-In,Completed,8675.0,150.0,1278.75,0,9803.75,Card
O00004219,C0000005,R002,,2026-06-10 11:37:34,Dine-In,Completed,9339.5,0.0,1400.92,0,10740.42,Mobile Wallet
O00004220,C0000849,R016,P0023,2025-07-16 20:27:30,Takeaway,Completed,9107.4,1366.11,1161.19,0,8902.48,Card
O00004221,C0000092,R015,,2025-08-15 08:41:41,Takeaway,Completed,6976.0,0.0,1046.4,0,8022.4,Mobile Wallet
O00004222,C0000029,R024,,2026-05-31 11:42:31,Takeaway,Completed,4073.65,0.0,611.05,0,4684.7,Card
O00004223,C0000384,R005,,2025-08-16 18:57:18,Website,Completed,16203.5,0.0,2430.52,80,18714.02,Card
O00004224,C0000600,R021,,2025-10-13 18:31:30,Delivery Partner,Completed,5829.0,0.0,874.35,120,6823.35,Card
O00004225,C0000546,R022,,2025-09-07 12:23:38,Dine-In,Completed,3748.0,0.0,562.2,0,4310.2,Bank Transfer
O00004226,C0000494,R009,P0005,2025-05-01 18:05:19,Delivery Partner,Refunded,5490.0,100.0,808.5,150,6348.5,Cash
O00004227,C0000004,R023,,2025-03-22 13:09:27,Dine-In,Completed,4660.88,0.0,699.13,0,5360.01,Card
O00004228,C0000592,R005,,2026-04-02 00:45:02,Dine-In,Completed,6838.5,0.0,1025.77,0,7864.27,Card
O00004229,C0000233,R005,,2026-02-17 09:51:31,Mobile App,Completed,7866.62,0.0,1179.99,100,9146.61,Cash
O00004230,C0000399,R009,,2025-08-01 20:02:21,Delivery Partner,Completed,3880.0,0.0,582.0,120,4582.0,Card
O00004231,C0000909,R009,P0029,2025-08-08 11:06:43,Delivery Partner,Completed,4504.45,1351.34,472.97,120,3746.08,Card
O00004232,C0000639,R002,,2026-07-31 08:28:57,Dine-In,Completed,8205.5,0.0,1230.82,0,9436.32,Card
O00004233,C0000664,R007,P0009,2026-08-24 18:33:53,Dine-In,Completed,1811.0,181.1,244.48,0,1874.38,Cash
O00004234,C0000031,R001,,2025-11-16 14:06:41,Delivery Partner,Completed,6681.5,0.0,1002.22,0,7683.72,Card
O00004235,C0000209,R020,,2026-05-13 19:16:52,Dine-In,Refunded,3664.5,0.0,549.67,0,4214.17,Cash
O00004236,C0000895,R002,,2026-04-08 20:12:43,Website,Cancelled,6678.5,0.0,1001.78,0,0.0,Card
O00004237,C0000318,R025,,2025-08-09 20:57:14,Dine-In,Completed,9030.5,0.0,1354.58,0,10385.08,Card
O00004238,C0000011,R012,,2025-04-01 12:20:37,Mobile App,Completed,8203.42,0.0,1230.51,120,9553.93,Mobile Wallet
O00004239,C0000514,R006,P0024,2025-05-15 15:30:18,Mobile App,Completed,3239.5,971.85,340.15,100,2707.8,Cash
O00004240,C0000003,R020,,2026-06-02 18:08:30,Mobile App,Completed,2530.0,0.0,379.5,150,3059.5,Card
O00004241,C0000529,R019,P0009,2026-04-05 12:44:25,Delivery Partner,Completed,3990.0,399.0,538.65,100,4229.65,Card
O00004242,C0000760,R016,,2026-03-01 06:46:04,Dine-In,Completed,12009.0,0.0,1801.35,0,13810.35,Card
O00004243,C0000165,R004,,2025-05-09 15:12:56,Takeaway,Completed,2261.0,0.0,339.15,0,2600.15,Mobile Wallet
O00004244,C0000156,R018,,2026-02-14 01:16:19,Mobile App,Completed,1850.0,0.0,277.5,80,2207.5,Mobile Wallet
O00004245,C0000084,R005,P0030,2026-04-26 21:07:58,Dine-In,Completed,3880.0,150.0,559.5,0,4289.5,Mobile Wallet
O00004246,C0000755,R025,P0010,2026-06-14 19:08:01,Dine-In,Completed,3314.5,200.0,467.17,0,3581.67,Cash
O00004247,C0000279,R022,,2025-03-08 10:08:20,Dine-In,Completed,3264.5,0.0,489.67,0,3754.17,Mobile Wallet
O00004248,C0000314,R018,,2026-03-12 12:39:50,Takeaway,Completed,4110.95,0.0,616.64,0,4727.59,Card
O00004249,C0000415,R006,P0023,2025-03-11 22:47:59,Delivery Partner,Completed,5188.5,778.28,661.53,80,5151.75,Cash
O00004250,C0000082,R025,,2026-03-24 13:51:50,Mobile App,Completed,6427.0,0.0,964.05,150,7541.05,Mobile Wallet
O00004251,C0000171,R014,,2026-02-11 19:29:35,Mobile App,Completed,2487.38,0.0,373.11,150,3010.49,Card
O00004252,C0000528,R020,,2025-05-18 14:06:27,Website,Completed,11201.5,0.0,1680.22,100,12981.72,Cash
O00004253,C0000970,R017,P0009,2026-04-24 20:16:19,Website,Completed,3596.0,359.6,485.46,120,3841.86,Bank Transfer
O00004254,C0000002,R018,,2025-04-06 18:38:36,Mobile App,Completed,3140.0,0.0,471.0,80,3691.0,Card
O00004255,C0000003,R021,,2026-05-26 03:37:38,Takeaway,Completed,8681.0,0.0,1302.15,0,9983.15,Card
O00004256,C0000167,R010,,2025-07-20 12:04:35,Takeaway,Completed,4180.8,0.0,627.12,0,4807.92,Card
O00004257,C0000412,R023,,2026-03-14 16:16:10,Dine-In,Completed,10545.5,0.0,1581.82,0,12127.32,Cash
O00004258,C0000136,R024,P0028,2026-07-19 21:39:54,Delivery Partner,Completed,12176.5,500.0,1751.48,120,13547.98,Bank Transfer
O00004259,C0001000,R019,,2025-09-03 08:57:56,Website,Completed,6495.7,0.0,974.35,150,7620.05,Mobile Wallet
O00004260,C0000035,R025,,2025-12-01 17:00:02,Mobile App,Completed,6323.0,0.0,948.45,80,7351.45,Card
O00004261,C0000001,R018,P0003,2025-11-11 12:15:36,Mobile App,Completed,3249.0,200.0,457.35,0,3506.35,Card
O00004262,C0000034,R004,,2025-05-24 20:16:19,Mobile App,Completed,14731.5,0.0,2209.72,150,17091.22,Mobile Wallet
O00004263,C0000774,R020,P0010,2026-01-16 19:29:31,Mobile App,Completed,200.0,0.0,30.0,0,230.0,Card
O00004264,C0000021,R015,,2026-04-12 13:30:46,Takeaway,Completed,3340.0,0.0,501.0,0,3841.0,Cash
O00004265,C0000211,R006,,2026-07-15 09:34:24,Takeaway,Completed,4550.2,0.0,682.53,0,5232.73,Mobile Wallet
O00004266,C0000160,R006,,2026-06-09 01:44:20,Delivery Partner,Completed,2622.5,0.0,393.38,0,3015.88,Card
O00004267,C0000420,R003,,2025-12-05 17:07:57,Mobile App,Completed,11284.5,0.0,1692.68,150,13127.18,Bank Transfer
O00004268,C0000004,R009,,2026-03-30 13:47:49,Dine-In,Completed,9890.0,0.0,1483.5,0,11373.5,Mobile Wallet
O00004269,C0000411,R011,,2026-05-12 12:55:15,Takeaway,Completed,9453.78,0.0,1418.07,0,10871.85,Card
O00004270,C0000114,R005,P0006,2025-11-27 23:29:47,Takeaway,Completed,12661.5,100.0,1884.22,0,14445.72,Cash
O00004271,C0000849,R014,,2025-04-30 14:38:41,Website,Cancelled,5211.5,0.0,781.72,80,0.0,Card
O00004272,C0000705,R002,,2025-10-28 19:20:00,Website,Completed,3703.5,0.0,555.52,120,4379.02,Mobile Wallet
O00004273,C0000145,R022,,2026-06-04 09:14:22,Mobile App,Completed,3802.5,0.0,570.38,150,4522.88,Cash
O00004274,C0000985,R019,,2026-01-20 01:55:42,Delivery Partner,Completed,8047.0,0.0,1207.05,120,9374.05,Card
O00004275,C0000004,R008,P0026,2026-04-02 14:33:48,Delivery Partner,Completed,2687.5,403.12,342.66,100,2727.04,Mobile Wallet
O00004276,C0000602,R013,,2025-06-08 18:55:23,Delivery Partner,Completed,1542.5,0.0,231.38,0,1773.88,Cash
O00004277,C0000172,R019,P0017,2026-08-11 15:59:46,Takeaway,Completed,2280.0,300.0,297.0,0,2277.0,Mobile Wallet
O00004278,C0000172,R005,,2025-10-10 20:26:24,Mobile App,Completed,5533.5,0.0,830.02,150,6513.52,Cash
O00004279,C0000027,R015,,2026-02-22 14:01:06,Mobile App,Completed,966.0,0.0,144.9,150,1260.9,Cash
O00004280,C0000245,R004,,2025-03-10 12:09:56,Mobile App,Completed,12935.9,0.0,1940.38,120,14996.28,Cash
O00004281,C0000008,R004,,2025-05-07 21:04:57,Delivery Partner,Cancelled,10837.0,0.0,1625.55,100,0.0,Card
O00004282,C0000358,R018,,2026-05-02 13:26:37,Takeaway,Completed,4521.5,0.0,678.22,0,5199.72,Bank Transfer
O00004283,C0000053,R024,P0025,2026-08-13 12:03:46,Delivery Partner,Cancelled,7851.0,200.0,1147.65,120,0.0,Mobile Wallet
O00004284,C0000503,R019,,2025-08-23 08:46:46,Mobile App,Completed,6565.1,0.0,984.76,0,7549.86,Cash
O00004285,C0000347,R020,,2025-03-21 19:12:38,Takeaway,Completed,5324.0,0.0,798.6,0,6122.6,Cash
O00004286,C0000536,R022,P0016,2025-09-15 20:16:34,Mobile App,Completed,5018.18,200.0,722.73,120,5660.91,Card
O00004287,C0000541,R009,,2025-03-10 05:20:13,Dine-In,Completed,5027.5,0.0,754.12,0,5781.62,Cash
O00004288,C0000036,R015,,2025-06-12 13:22:08,Dine-In,Completed,4709.0,0.0,706.35,0,5415.35,Mobile Wallet
O00004289,C0000001,R012,,2026-04-17 19:32:02,Delivery Partner,Completed,15344.0,0.0,2301.6,100,17745.6,Cash
O00004290,C0000121,R004,,2026-07-26 21:49:37,Website,Completed,3125.48,0.0,468.82,0,3594.3,Cash
O00004291,C0000835,R003,P0013,2025-04-16 13:59:19,Dine-In,Completed,2965.0,741.25,333.56,0,2557.31,Card
O00004292,C0000312,R005,,2025-12-29 20:14:40,Delivery Partner,Completed,5388.0,0.0,808.2,100,6296.2,Mobile Wallet
O00004293,C0000507,R025,,2025-07-16 13:13:32,Dine-In,Completed,8790.0,0.0,1318.5,0,10108.5,Cash
O00004294,C0000760,R017,P0001,2025-05-13 09:08:40,Takeaway,Completed,1710.0,500.0,181.5,0,1391.5,Cash
O00004295,C0000810,R005,,2025-06-26 00:43:43,Dine-In,Completed,9483.6,0.0,1422.54,0,10906.14,Card
O00004296,C0000260,R004,,2026-01-09 12:36:31,Dine-In,Completed,5418.05,0.0,812.71,0,6230.76,Card
O00004297,C0000272,R021,,2025-04-05 13:29:35,Dine-In,Completed,4870.0,0.0,730.5,0,5600.5,Bank Transfer
O00004298,C0000708,R007,,2025-10-26 21:28:25,Delivery Partner,Completed,8573.5,0.0,1286.02,120,9979.52,Cash
O00004299,C0000633,R007,P0024,2025-05-11 10:22:47,Delivery Partner,Completed,1816.0,544.8,190.68,100,1561.88,Cash
O00004300,C0000466,R007,P0019,2025-07-26 13:33:04,Delivery Partner,Completed,7604.0,500.0,1065.6,120,8289.6,Card
O00004301,C0000343,R017,P0004,2025-06-11 04:54:58,Mobile App,Completed,5630.5,563.05,760.12,0,5827.57,Cash
O00004302,C0000359,R025,,2026-06-26 19:54:48,Website,Cancelled,8670.0,0.0,1300.5,80,0.0,Card
O00004303,C0000120,R015,,2026-03-24 21:06:29,Mobile App,Completed,5462.5,0.0,819.38,100,6381.88,Cash
O00004304,C0000690,R007,,2026-06-19 11:52:16,Mobile App,Completed,3647.85,0.0,547.18,150,4345.03,Mobile Wallet
O00004305,C0000359,R015,,2025-09-28 14:08:05,Website,Completed,665.0,0.0,99.75,100,864.75,Card
O00004306,C0000046,R020,P0004,2025-08-18 08:49:57,Delivery Partner,Completed,2590.0,259.0,349.65,120,2800.65,Mobile Wallet
O00004307,C0000053,R004,,2025-09-27 14:03:14,Dine-In,Cancelled,464.1,0.0,69.61,0,0.0,Bank Transfer
O00004308,C0000727,R002,,2025-03-10 08:01:00,Takeaway,Completed,6280.0,0.0,942.0,0,7222.0,Bank Transfer
O00004309,C0000369,R022,,2026-04-02 16:55:12,Takeaway,Completed,8616.5,0.0,1292.47,0,9908.97,Card
O00004310,C0000145,R013,,2025-09-08 19:59:47,Mobile App,Completed,5654.25,0.0,848.14,100,6602.39,Bank Transfer
O00004311,C0000033,R012,P0004,2025-08-18 16:26:33,Mobile App,Completed,6935.5,693.55,936.29,120,7298.24,Mobile Wallet
O00004312,C0000350,R010,,2026-01-20 11:32:29,Mobile App,Completed,2689.0,0.0,403.35,150,3242.35,Cash
O00004313,C0000032,R019,,2025-10-27 13:31:18,Dine-In,Completed,2197.8,0.0,329.67,0,2527.47,Mobile Wallet
O00004314,C0000203,R015,,2026-08-21 18:56:54,Mobile App,Completed,2060.0,0.0,309.0,0,2369.0,Card
O00004315,C0000436,R017,P0011,2025-09-13 17:43:01,Mobile App,Completed,14705.75,3676.44,1654.4,120,12803.71,Cash
O00004316,C0000298,R021,P0017,2026-01-30 08:44:52,Mobile App,Completed,4674.5,300.0,656.18,100,5130.68,Mobile Wallet
O00004317,C0000841,R006,,2025-08-17 20:45:56,Delivery Partner,Completed,16451.18,0.0,2467.68,100,19018.86,Card
O00004318,C0000003,R005,,2026-08-26 14:36:43,Mobile App,Completed,5301.15,0.0,795.17,80,6176.32,Mobile Wallet
O00004319,C0000071,R021,,2025-11-01 09:26:11,Dine-In,Completed,5856.0,0.0,878.4,0,6734.4,Mobile Wallet
O00004320,C0000005,R013,P0022,2026-02-11 08:27:57,Takeaway,Completed,14598.0,1459.8,1970.73,0,15108.93,Card
O00004321,C0000035,R014,,2025-05-06 22:02:39,Dine-In,Completed,2717.5,0.0,407.62,0,3125.12,Cash
O00004322,C0000016,R024,,2026-04-06 12:59:43,Takeaway,Completed,12780.0,0.0,1917.0,0,14697.0,Mobile Wallet
O00004323,C0000515,R014,,2025-07-24 20:58:23,Takeaway,Completed,4256.0,0.0,638.4,0,4894.4,Card
O00004324,C0000124,R015,P0017,2025-11-03 13:35:10,Website,Completed,13700.35,300.0,2010.05,150,15560.4,Cash
O00004325,C0000847,R016,,2026-06-27 13:48:01,Takeaway,Completed,1577.85,0.0,236.68,0,1814.53,Cash
O00004326,C0000002,R010,,2026-08-15 18:50:00,Delivery Partner,Cancelled,8020.45,0.0,1203.07,100,0.0,Cash
O00004327,C0000404,R001,,2025-10-21 00:42:56,Takeaway,Completed,8043.5,0.0,1206.52,0,9250.02,Card
O00004328,C0000938,R024,,2026-05-31 13:07:57,Dine-In,Completed,8477.0,0.0,1271.55,0,9748.55,Cash
O00004329,C0000029,R011,,2025-03-29 12:43:27,Dine-In,Completed,2939.5,0.0,440.92,0,3380.42,Cash
O00004330,C0000179,R007,P0015,2026-06-07 20:49:03,Delivery Partner,Completed,9432.5,200.0,1384.88,100,10717.38,Card
O00004331,C0000470,R017,,2026-02-08 16:49:40,Mobile App,Cancelled,14155.5,0.0,2123.32,80,0.0,Cash
O00004332,C0000378,R025,,2025-11-24 13:40:58,Mobile App,Completed,9785.85,0.0,1467.88,120,11373.73,Cash
O00004333,C0000299,R004,,2026-06-30 12:36:29,Dine-In,Completed,2160.0,0.0,324.0,0,2484.0,Mobile Wallet
O00004334,C0000097,R007,P0009,2026-06-06 17:52:59,Website,Completed,6871.5,687.15,927.65,0,7112.0,Mobile Wallet
O00004335,C0000508,R003,,2025-08-09 09:48:58,Website,Cancelled,2493.5,0.0,374.02,150,0.0,Card
O00004336,C0000404,R024,,2026-05-07 11:44:06,Takeaway,Completed,6786.5,0.0,1017.97,0,7804.47,Mobile Wallet
O00004337,C0000025,R020,,2025-04-22 12:37:59,Website,Completed,3238.5,0.0,485.78,120,3844.28,Cash
O00004338,C0000925,R014,,2026-05-24 17:55:21,Takeaway,Completed,6980.0,0.0,1047.0,0,8027.0,Card
O00004339,C0000288,R018,P0018,2026-03-07 13:21:25,Dine-In,Completed,7070.0,2121.0,742.35,0,5691.35,Card
O00004340,C0000256,R018,P0017,2025-04-16 15:13:28,Website,Cancelled,7389.5,300.0,1063.42,150,0.0,Mobile Wallet
O00004341,C0000703,R024,,2026-03-11 18:14:24,Delivery Partner,Completed,10814.0,0.0,1622.1,120,12556.1,Card
O00004342,C0000387,R024,P0025,2026-01-10 21:54:09,Mobile App,Completed,1480.0,0.0,222.0,150,1852.0,Cash
O00004343,C0000007,R001,,2026-01-18 19:45:19,Takeaway,Completed,4945.5,0.0,741.82,0,5687.32,Card
O00004344,C0000237,R006,,2025-08-06 13:03:13,Takeaway,Completed,3834.0,0.0,575.1,0,4409.1,Mobile Wallet
O00004345,C0000589,R009,,2025-07-23 19:17:32,Delivery Partner,Completed,2195.5,0.0,329.32,0,2524.82,Card
O00004346,C0000468,R025,,2026-04-22 21:00:04,Takeaway,Completed,3202.0,0.0,480.3,0,3682.3,Mobile Wallet
O00004347,C0000939,R002,,2025-07-17 15:11:44,Website,Completed,15321.5,0.0,2298.22,150,17769.72,Card
O00004348,C0000002,R008,,2025-11-02 13:53:05,Mobile App,Completed,3885.0,0.0,582.75,80,4547.75,Mobile Wallet
O00004349,C0000062,R024,,2026-03-17 07:40:21,Mobile App,Completed,9146.0,0.0,1371.9,80,10597.9,Card
O00004350,C0000281,R020,,2025-04-12 20:41:59,Dine-In,Completed,6616.0,0.0,992.4,0,7608.4,Cash
O00004351,C0000361,R004,,2026-01-18 11:52:16,Dine-In,Completed,5998.5,0.0,899.78,0,6898.28,Mobile Wallet
O00004352,C0000068,R021,P0006,2026-01-16 07:59:14,Mobile App,Completed,7915.4,100.0,1172.31,80,9067.71,Mobile Wallet
O00004353,C0000666,R010,,2026-03-11 16:49:38,Delivery Partner,Completed,6146.5,0.0,921.97,0,7068.47,Bank Transfer
O00004354,C0000026,R023,,2025-09-20 20:16:39,Dine-In,Completed,13094.25,0.0,1964.14,0,15058.39,Card
O00004355,C0000001,R001,,2025-11-03 13:18:27,Mobile App,Cancelled,5442.0,0.0,816.3,150,0.0,Mobile Wallet
O00004356,C0000901,R011,P0005,2025-08-28 19:35:52,Website,Completed,6118.5,100.0,902.78,80,7001.28,Mobile Wallet
O00004357,C0000140,R009,,2026-05-16 20:47:01,Mobile App,Completed,4892.5,0.0,733.88,80,5706.38,Cash
O00004358,C0000911,R019,,2025-05-09 14:06:17,Mobile App,Completed,10393.5,0.0,1559.02,80,12032.52,Mobile Wallet
O00004359,C0000070,R011,,2026-08-10 17:08:26,Mobile App,Completed,3267.5,0.0,490.12,80,3837.62,Cash
O00004360,C0000005,R004,P0027,2026-02-11 16:07:20,Delivery Partner,Completed,12671.5,300.0,1855.72,0,14227.22,Cash
O00004361,C0000576,R023,,2026-06-28 21:24:22,Takeaway,Completed,12004.0,0.0,1800.6,0,13804.6,Cash
O00004362,C0000682,R005,P0019,2025-10-22 19:06:06,Delivery Partner,Completed,6797.5,500.0,944.62,100,7342.12,Card
O00004363,C0000223,R021,,2025-08-30 21:41:51,Mobile App,Completed,6793.0,0.0,1018.95,80,7891.95,Cash
O00004364,C0000007,R017,,2026-07-06 11:07:58,Mobile App,Completed,7896.0,0.0,1184.4,100,9180.4,Cash
O00004365,C0000405,R018,P0024,2025-04-22 12:23:47,Dine-In,Completed,5199.57,1559.87,545.95,0,4185.65,Card
O00004366,C0000031,R005,P0021,2025-05-01 07:16:18,Mobile App,Completed,2600.0,100.0,375.0,80,2955.0,Card
O00004367,C0000705,R018,,2025-08-10 15:11:08,Dine-In,Completed,8582.5,0.0,1287.38,0,9869.88,Mobile Wallet
O00004368,C0000068,R017,,2026-08-09 20:45:11,Mobile App,Completed,5554.0,0.0,833.1,80,6467.1,Cash
O00004369,C0000702,R003,,2026-02-10 12:30:45,Dine-In,Completed,3331.5,0.0,499.72,0,3831.22,Cash
O00004370,C0000167,R011,P0020,2025-12-27 08:11:29,Delivery Partner,Completed,6642.5,996.38,846.92,100,6593.04,Cash
O00004371,C0000334,R017,,2026-03-23 07:56:06,Website,Completed,1751.0,0.0,262.65,80,2093.65,Card
O00004372,C0000604,R008,P0010,2025-10-17 14:01:01,Delivery Partner,Completed,5560.0,200.0,804.0,150,6314.0,Card
O00004373,C0000003,R024,P0013,2026-04-19 09:11:16,Mobile App,Completed,8718.5,2179.62,980.83,80,7599.71,Card
O00004374,C0000656,R008,,2025-10-04 13:26:10,Delivery Partner,Completed,13655.5,0.0,2048.32,120,15823.82,Card
O00004375,C0000019,R023,,2026-05-26 20:45:49,Delivery Partner,Completed,3793.0,0.0,568.95,100,4461.95,Mobile Wallet
O00004376,C0000117,R023,,2025-07-23 13:06:11,Takeaway,Completed,4046.9,0.0,607.04,0,4653.94,Cash
O00004377,C0000206,R002,P0009,2025-07-29 17:57:02,Takeaway,Completed,6257.0,625.7,844.7,0,6476.0,Card
O00004378,C0000790,R025,,2025-12-11 15:57:20,Mobile App,Completed,4968.5,0.0,745.28,120,5833.78,Cash
O00004379,C0000002,R007,,2025-10-25 18:12:13,Dine-In,Completed,4177.8,0.0,626.67,0,4804.47,Cash
O00004380,C0000291,R021,,2026-02-19 09:52:14,Delivery Partner,Completed,6448.5,0.0,967.28,0,7415.78,Cash
O00004381,C0000390,R020,,2025-09-17 21:35:50,Takeaway,Refunded,4882.5,0.0,732.38,0,5614.88,Card
O00004382,C0000091,R024,,2025-07-03 18:00:41,Mobile App,Completed,14468.5,0.0,2170.28,100,16738.78,Card
O00004383,C0000076,R021,P0001,2025-11-14 12:48:40,Website,Completed,4587.0,500.0,613.05,120,4820.05,Mobile Wallet
O00004384,C0000222,R006,,2025-12-30 08:34:09,Takeaway,Completed,2927.5,0.0,439.12,0,3366.62,Mobile Wallet
O00004385,C0000033,R020,,2025-05-15 09:29:51,Dine-In,Completed,9729.0,0.0,1459.35,0,11188.35,Card
O00004386,C0000201,R018,,2025-12-28 19:30:54,Dine-In,Completed,6365.75,0.0,954.86,0,7320.61,Cash
O00004387,C0000565,R007,,2025-08-22 17:16:35,Mobile App,Completed,9091.5,0.0,1363.72,120,10575.22,Mobile Wallet
O00004388,C0000698,R018,P0006,2025-10-04 13:07:50,Dine-In,Completed,766.5,0.0,114.98,0,881.48,Mobile Wallet
O00004389,C0000135,R012,P0013,2025-07-30 13:02:09,Website,Completed,4368.55,1092.14,491.46,0,3767.87,Mobile Wallet
O00004390,C0000359,R007,P0017,2026-07-24 20:58:16,Mobile App,Completed,4375.0,300.0,611.25,100,4786.25,Cash
O00004391,C0000001,R007,,2026-03-11 20:09:43,Mobile App,Completed,4946.0,0.0,741.9,120,5807.9,Mobile Wallet
O00004392,C0000282,R001,,2025-07-20 17:33:24,Takeaway,Completed,7579.0,0.0,1136.85,0,8715.85,Mobile Wallet
O00004393,C0000948,R010,,2026-02-17 16:21:26,Dine-In,Completed,2060.5,0.0,309.08,0,2369.58,Card
O00004394,C0000088,R010,P0027,2026-06-07 19:03:32,Website,Cancelled,11837.0,300.0,1730.55,100,0.0,Mobile Wallet
O00004395,C0000332,R012,P0006,2025-10-08 19:31:10,Dine-In,Cancelled,13065.0,100.0,1944.75,0,0.0,Mobile Wallet
O00004396,C0000560,R003,,2026-05-29 13:28:12,Delivery Partner,Completed,9401.5,0.0,1410.22,0,10811.72,Card
O00004397,C0000348,R003,,2025-05-22 07:45:00,Dine-In,Completed,3992.5,0.0,598.88,0,4591.38,Mobile Wallet
O00004398,C0000160,R013,,2026-05-24 19:10:30,Mobile App,Completed,5401.52,0.0,810.23,0,6211.75,Mobile Wallet
O00004399,C0000022,R013,,2025-12-20 09:45:32,Mobile App,Completed,7990.0,0.0,1198.5,80,9268.5,Mobile Wallet
O00004400,C0000197,R006,,2025-06-28 02:12:20,Mobile App,Completed,4370.0,0.0,655.5,100,5125.5,Bank Transfer
O00004401,C0000079,R003,,2025-10-11 20:58:15,Delivery Partner,Completed,5367.5,0.0,805.12,100,6272.62,Card
O00004402,C0000462,R015,,2026-08-25 17:03:38,Takeaway,Completed,4334.5,0.0,650.17,0,4984.67,Cash
O00004403,C0000179,R009,P0027,2026-05-03 20:01:22,Delivery Partner,Completed,3891.5,300.0,538.72,120,4250.22,Cash
O00004404,C0000706,R021,,2026-01-07 15:33:09,Dine-In,Completed,16072.5,0.0,2410.88,0,18483.38,Bank Transfer
O00004405,C0000035,R006,,2025-04-30 21:42:47,Takeaway,Completed,3249.0,0.0,487.35,0,3736.35,Card
O00004406,C0000159,R006,,2025-10-18 13:21:32,Dine-In,Completed,1568.0,0.0,235.2,0,1803.2,Card
O00004407,C0000290,R008,,2025-07-21 19:04:21,Mobile App,Completed,8246.0,0.0,1236.9,100,9582.9,Card
O00004408,C0000016,R011,P0014,2025-04-07 12:08:40,Mobile App,Completed,4420.5,300.0,618.07,100,4838.57,Cash
O00004409,C0000324,R019,,2025-12-21 00:19:05,Mobile App,Completed,1168.5,0.0,175.28,120,1463.78,Card
O00004410,C0000077,R016,,2026-06-30 13:20:46,Website,Completed,10780.0,0.0,1617.0,120,12517.0,Mobile Wallet
O00004411,C0000048,R009,,2026-03-07 19:16:35,Delivery Partner,Completed,17793.5,0.0,2669.02,80,20542.52,Cash
O00004412,C0000020,R023,P0001,2025-07-13 09:11:46,Website,Completed,10090.0,500.0,1438.5,100,11128.5,Mobile Wallet
O00004413,C0000111,R011,,2026-01-06 15:27:09,Takeaway,Completed,9809.0,0.0,1471.35,0,11280.35,Mobile Wallet
O00004414,C0000854,R016,,2026-07-30 10:17:56,Takeaway,Completed,903.0,0.0,135.45,0,1038.45,Card
O00004415,C0000002,R006,,2026-04-01 07:02:15,Mobile App,Completed,4705.65,0.0,705.85,150,5561.5,Card
O00004416,C0000710,R017,P0030,2026-03-14 17:04:12,Dine-In,Completed,4234.5,150.0,612.67,0,4697.17,Mobile Wallet
O00004417,C0000144,R016,,2026-08-13 21:59:50,Takeaway,Completed,10411.5,0.0,1561.72,0,11973.22,Card
O00004418,C0000294,R020,,2026-05-11 12:52:57,Dine-In,Completed,12526.0,0.0,1878.9,0,14404.9,Card
O00004419,C0000243,R021,,2025-05-12 17:51:19,Delivery Partner,Completed,5114.9,0.0,767.23,100,5982.13,Card
O00004420,C0000848,R018,P0002,2025-09-07 21:13:03,Delivery Partner,Completed,1480.0,74.0,210.9,120,1736.9,Bank Transfer
O00004421,C0000573,R001,P0023,2026-08-12 18:47:19,Delivery Partner,Completed,14437.5,2165.62,1840.78,150,14262.66,Card
O00004422,C0000968,R018,,2025-11-25 18:25:21,Delivery Partner,Completed,7058.0,0.0,1058.7,80,8196.7,Mobile Wallet
O00004423,C0000612,R008,P0004,2025-04-28 09:18:28,Mobile App,Completed,6175.0,617.5,833.62,100,6491.12,Card
O00004424,C0000079,R022,,2025-11-08 15:40:15,Dine-In,Completed,4975.5,0.0,746.32,0,5721.82,Cash
O00004425,C0000923,R010,P0026,2026-03-18 13:16:42,Website,Completed,5240.75,786.11,668.2,150,5272.84,Cash
O00004426,C0000966,R002,,2026-08-30 14:53:46,Dine-In,Completed,4800.0,0.0,720.0,0,5520.0,Cash
O00004427,C0000015,R009,,2025-08-24 19:38:42,Dine-In,Completed,6884.5,0.0,1032.68,0,7917.18,Cash
O00004428,C0000800,R024,,2025-12-07 14:41:22,Dine-In,Completed,6430.0,0.0,964.5,0,7394.5,Card
O00004429,C0000418,R004,P0030,2026-06-25 07:03:29,Dine-In,Completed,10010.0,150.0,1479.0,0,11339.0,Cash
O00004430,C0000841,R011,,2025-09-12 20:41:56,Website,Completed,2520.0,0.0,378.0,0,2898.0,Mobile Wallet
O00004431,C0000828,R010,,2025-04-27 16:34:29,Delivery Partner,Completed,3422.5,0.0,513.38,0,3935.88,Bank Transfer
O00004432,C0000782,R014,P0007,2026-08-02 21:23:42,Takeaway,Completed,13156.5,200.0,1943.48,0,14899.98,Card
O00004433,C0000771,R007,,2025-11-24 17:40:02,Dine-In,Completed,4291.0,0.0,643.65,0,4934.65,Card
O00004434,C0000014,R019,,2025-12-01 07:12:55,Takeaway,Completed,3451.0,0.0,517.65,0,3968.65,Card
O00004435,C0000020,R006,P0030,2026-02-03 16:32:23,Mobile App,Completed,2499.0,150.0,352.35,100,2801.35,Card
O00004436,C0000014,R016,P0019,2025-03-02 17:14:48,Takeaway,Completed,4226.0,500.0,558.9,0,4284.9,Card
O00004437,C0000009,R019,,2026-07-23 10:14:36,Delivery Partner,Completed,5706.5,0.0,855.98,150,6712.48,Card
O00004438,C0000113,R019,,2025-09-15 14:30:12,Dine-In,Completed,8635.1,0.0,1295.27,0,9930.37,Card
O00004439,C0000445,R013,P0030,2025-10-06 14:42:41,Delivery Partner,Completed,6089.0,150.0,890.85,150,6979.85,Card
O00004440,C0000114,R012,,2025-06-02 17:27:31,Dine-In,Completed,11315.5,0.0,1697.32,0,13012.82,Card
O00004441,C0000497,R025,P0019,2025-09-25 12:09:36,Mobile App,Completed,3871.7,500.0,505.75,100,3977.45,Mobile Wallet
O00004442,C0000655,R022,,2026-05-14 17:56:11,Takeaway,Cancelled,6813.1,0.0,1021.96,0,0.0,Bank Transfer
O00004443,C0000421,R015,,2026-05-12 11:06:07,Mobile App,Completed,4798.5,0.0,719.78,100,5618.28,Mobile Wallet
O00004444,C0000199,R008,,2026-07-26 14:32:23,Dine-In,Completed,8296.5,0.0,1244.47,0,9540.97,Card
O00004445,C0000079,R004,,2025-10-09 08:06:43,Delivery Partner,Completed,4836.0,0.0,725.4,150,5711.4,Mobile Wallet
O00004446,C0000016,R020,,2026-03-25 05:04:15,Dine-In,Completed,16548.0,0.0,2482.2,0,19030.2,Card
O00004447,C0000225,R008,,2025-12-04 12:25:31,Mobile App,Completed,8330.8,0.0,1249.62,100,9680.42,Mobile Wallet
O00004448,C0000496,R023,,2026-05-14 12:54:33,Dine-In,Completed,13774.0,0.0,2066.1,0,15840.1,Mobile Wallet
O00004449,C0000280,R021,,2026-03-27 13:15:34,Takeaway,Completed,3515.5,0.0,527.32,0,4042.82,Cash
O00004450,C0000498,R016,P0009,2025-09-19 22:59:31,Dine-In,Completed,3403.0,340.3,459.4,0,3522.1,Cash
O00004451,C0000102,R016,,2025-09-01 15:56:49,Delivery Partner,Completed,7825.5,0.0,1173.82,100,9099.32,Card
O00004452,C0000006,R002,,2025-07-15 16:07:16,Dine-In,Completed,3714.0,0.0,557.1,0,4271.1,Cash
O00004453,C0000574,R022,,2026-01-08 21:21:01,Takeaway,Completed,3018.0,0.0,452.7,0,3470.7,Mobile Wallet
O00004454,C0000044,R017,P0001,2026-08-11 21:33:25,Takeaway,Completed,6467.0,500.0,895.05,0,6862.05,Mobile Wallet
O00004455,C0000357,R023,P0024,2025-06-16 20:39:53,Mobile App,Completed,8170.0,2451.0,857.85,80,6656.85,Card
O00004456,C0000628,R025,,2025-04-20 08:27:43,Dine-In,Completed,2570.0,0.0,385.5,0,2955.5,Card
O00004457,C0000019,R005,P0020,2025-05-03 18:45:16,Delivery Partner,Completed,2837.0,425.55,361.72,150,2923.17,Card
O00004458,C0000336,R005,P0010,2026-05-02 19:35:37,Mobile App,Completed,4770.0,200.0,685.5,120,5375.5,Cash
O00004459,C0000453,R012,,2025-09-09 20:55:48,Mobile App,Completed,2899.5,0.0,434.92,120,3454.42,Mobile Wallet
O00004460,C0000536,R007,P0028,2025-06-29 17:46:01,Dine-In,Completed,5721.5,500.0,783.22,0,6004.72,Card
O00004461,C0000021,R005,,2025-09-10 02:06:07,Mobile App,Completed,4922.5,0.0,738.38,100,5760.88,Card
O00004462,C0000663,R004,,2026-02-17 22:51:45,Takeaway,Completed,759.15,0.0,113.87,0,873.02,Mobile Wallet
O00004463,C0000010,R017,P0008,2025-12-23 14:39:05,Takeaway,Completed,4536.0,1134.0,510.3,0,3912.3,Mobile Wallet
O00004464,C0000250,R006,,2026-04-12 13:58:08,Dine-In,Completed,5712.0,0.0,856.8,0,6568.8,Cash
O00004465,C0000180,R014,,2025-09-02 13:42:00,Website,Completed,2350.0,0.0,352.5,120,2822.5,Mobile Wallet
O00004466,C0000045,R009,,2025-11-05 14:27:04,Dine-In,Completed,2405.5,0.0,360.82,0,2766.32,Card
O00004467,C0000083,R004,,2025-04-23 11:58:38,Dine-In,Completed,11230.0,0.0,1684.5,0,12914.5,Mobile Wallet
O00004468,C0000026,R011,,2025-04-08 12:01:08,Mobile App,Completed,12860.0,0.0,1929.0,0,14789.0,Cash
O00004469,C0000166,R020,P0012,2025-11-10 23:08:13,Dine-In,Completed,6767.48,150.0,992.62,0,7610.1,Cash
O00004470,C0000003,R021,P0007,2025-08-12 13:05:26,Mobile App,Completed,2194.5,200.0,299.18,120,2413.68,Mobile Wallet
O00004471,C0000777,R016,,2026-01-29 16:54:08,Mobile App,Completed,7471.0,0.0,1120.65,120,8711.65,Card
O00004472,C0000025,R016,,2025-03-23 20:57:35,Takeaway,Completed,3649.5,0.0,547.42,0,4196.92,Card
O00004473,C0000772,R016,,2025-05-04 16:00:28,Takeaway,Completed,5250.0,0.0,787.5,0,6037.5,Card
O00004474,C0000731,R006,,2026-06-17 12:02:19,Dine-In,Completed,16170.0,0.0,2425.5,0,18595.5,Card
O00004475,C0000187,R015,,2026-01-02 16:09:14,Mobile App,Completed,10689.0,0.0,1603.35,0,12292.35,Cash
O00004476,C0000229,R003,,2026-03-27 08:36:35,Delivery Partner,Completed,4860.0,0.0,729.0,150,5739.0,Card
O00004477,C0000083,R009,,2026-06-04 08:43:02,Takeaway,Cancelled,9921.0,0.0,1488.15,0,0.0,Cash
O00004478,C0000994,R001,,2025-11-11 18:22:55,Mobile App,Completed,8982.0,0.0,1347.3,0,10329.3,Card
O00004479,C0000427,R011,,2026-04-21 21:32:52,Mobile App,Completed,4901.5,0.0,735.22,0,5636.72,Mobile Wallet
O00004480,C0000900,R022,,2025-12-12 19:08:22,Delivery Partner,Completed,7192.5,0.0,1078.88,150,8421.38,Card
O00004481,C0000157,R006,,2025-06-28 07:52:57,Website,Completed,6952.0,0.0,1042.8,0,7994.8,Mobile Wallet
O00004482,C0000766,R024,,2025-09-01 13:12:53,Dine-In,Completed,8020.0,0.0,1203.0,0,9223.0,Cash
O00004483,C0000184,R005,,2025-11-25 00:27:45,Takeaway,Completed,10997.0,0.0,1649.55,0,12646.55,Mobile Wallet
O00004484,C0000737,R025,,2025-08-21 15:50:08,Delivery Partner,Completed,5077.4,0.0,761.61,100,5939.01,Card
O00004485,C0000017,R025,,2025-08-31 10:06:29,Mobile App,Completed,3748.5,0.0,562.28,120,4430.78,Card
O00004486,C0000383,R018,,2025-09-01 20:25:18,Dine-In,Completed,13134.0,0.0,1970.1,0,15104.1,Mobile Wallet
O00004487,C0000438,R021,,2025-05-04 08:15:37,Takeaway,Completed,4683.0,0.0,702.45,0,5385.45,Card
O00004488,C0000408,R012,P0028,2025-04-14 00:39:02,Takeaway,Completed,12912.0,500.0,1861.8,0,14273.8,Card
O00004489,C0000183,R007,,2025-03-25 14:57:49,Delivery Partner,Completed,4796.3,0.0,719.44,120,5635.74,Cash
O00004490,C0000445,R002,P0015,2025-04-28 09:25:47,Mobile App,Completed,15181.5,200.0,2247.22,0,17228.72,Cash
O00004491,C0000052,R007,,2025-09-05 19:50:02,Mobile App,Completed,2412.5,0.0,361.88,0,2774.38,Mobile Wallet
O00004492,C0000333,R009,,2026-01-18 21:38:33,Takeaway,Completed,2199.0,0.0,329.85,0,2528.85,Bank Transfer
O00004493,C0000286,R024,,2025-06-09 06:54:01,Dine-In,Completed,2401.5,0.0,360.22,0,2761.72,Cash
O00004494,C0000092,R025,,2026-06-29 13:31:57,Dine-In,Completed,8232.5,0.0,1234.88,0,9467.38,Card
O00004495,C0000586,R020,,2026-05-16 23:35:26,Mobile App,Completed,10972.85,0.0,1645.93,120,12738.78,Cash
O00004496,C0000008,R008,,2025-12-10 19:41:22,Dine-In,Refunded,5346.0,0.0,801.9,0,6147.9,Cash
O00004497,C0000028,R009,,2026-04-02 21:56:41,Dine-In,Completed,3250.0,0.0,487.5,0,3737.5,Card
O00004498,C0000204,R010,,2025-09-18 09:00:31,Takeaway,Completed,9440.0,0.0,1416.0,0,10856.0,Mobile Wallet
O00004499,C0000783,R012,,2025-03-20 11:48:46,Website,Completed,11216.5,0.0,1682.48,120,13018.98,Cash
O00004500,C0000309,R002,,2026-07-08 09:20:34,Dine-In,Completed,9880.0,0.0,1482.0,0,11362.0,Mobile Wallet
O00004501,C0000692,R010,,2025-05-07 12:12:39,Mobile App,Completed,5337.0,0.0,800.55,150,6287.55,Cash
O00004502,C0000248,R003,P0001,2026-08-02 19:50:17,Delivery Partner,Cancelled,3232.0,500.0,409.8,150,0.0,Mobile Wallet
O00004503,C0000597,R001,,2026-01-05 09:25:26,Takeaway,Completed,3597.5,0.0,539.62,0,4137.12,Card
O00004504,C0000096,R017,,2025-08-14 16:44:10,Takeaway,Completed,3759.0,0.0,563.85,0,4322.85,Card
O00004505,C0000646,R022,,2025-11-28 12:08:38,Delivery Partner,Cancelled,5574.5,0.0,836.18,100,0.0,Mobile Wallet
O00004506,C0000147,R001,,2025-12-01 20:36:18,Mobile App,Completed,2268.0,0.0,340.2,100,2708.2,Cash
O00004507,C0000291,R005,P0013,2025-03-13 00:22:24,Delivery Partner,Completed,4334.85,1083.71,487.67,150,3888.81,Cash
O00004508,C0000029,R014,,2025-09-12 11:00:06,Takeaway,Completed,9746.5,0.0,1461.98,0,11208.48,Cash
O00004509,C0000838,R006,,2026-04-10 17:01:30,Delivery Partner,Cancelled,2315.62,0.0,347.34,150,0.0,Card
O00004510,C0000470,R009,,2025-12-05 08:42:56,Dine-In,Cancelled,11394.0,0.0,1709.1,0,0.0,Cash
O00004511,C0000722,R022,,2025-07-10 14:27:01,Delivery Partner,Completed,3108.0,0.0,466.2,100,3674.2,Card
O00004512,C0000040,R014,,2025-08-31 14:35:37,Delivery Partner,Completed,7288.0,0.0,1093.2,120,8501.2,Cash
O00004513,C0000006,R004,,2026-06-15 20:30:04,Mobile App,Completed,14018.0,0.0,2102.7,100,16220.7,Cash
O00004514,C0000103,R001,,2025-12-13 17:40:13,Mobile App,Completed,1800.0,0.0,270.0,150,2220.0,Bank Transfer
O00004515,C0000247,R006,P0026,2025-12-14 18:04:17,Website,Completed,11700.68,1755.1,1491.84,150,11587.42,Mobile Wallet
O00004516,C0000625,R007,,2026-08-09 21:36:35,Takeaway,Completed,9286.0,0.0,1392.9,0,10678.9,Cash
O00004517,C0000144,R021,,2025-08-23 22:24:03,Mobile App,Completed,840.0,0.0,126.0,120,1086.0,Mobile Wallet
O00004518,C0000066,R006,,2025-11-19 18:07:23,Delivery Partner,Completed,1200.0,0.0,180.0,0,1380.0,Mobile Wallet
O00004519,C0000126,R024,,2026-05-18 15:33:12,Dine-In,Completed,6173.5,0.0,926.02,0,7099.52,Cash
O00004520,C0000473,R001,,2026-04-20 17:38:54,Delivery Partner,Completed,3190.0,0.0,478.5,0,3668.5,Card
O00004521,C0000102,R008,,2025-07-22 13:48:20,Website,Completed,7086.4,0.0,1062.96,80,8229.36,Mobile Wallet
O00004522,C0000956,R012,P0011,2025-05-20 23:31:56,Website,Completed,7055.0,1763.75,793.69,80,6164.94,Mobile Wallet
O00004523,C0000029,R011,P0012,2026-03-20 18:57:32,Dine-In,Completed,3910.0,150.0,564.0,0,4324.0,Mobile Wallet
O00004524,C0000546,R002,,2025-07-18 12:58:19,Dine-In,Completed,3010.0,0.0,451.5,0,3461.5,Card
O00004525,C0000325,R002,,2026-07-18 06:10:04,Delivery Partner,Completed,3199.5,0.0,479.92,80,3759.42,Mobile Wallet
O00004526,C0000050,R024,,2025-05-08 06:46:23,Dine-In,Completed,2586.0,0.0,387.9,0,2973.9,Card
O00004527,C0000547,R002,,2025-08-21 10:24:34,Mobile App,Completed,5237.5,0.0,785.62,0,6023.12,Mobile Wallet
O00004528,C0000184,R008,,2025-03-30 11:02:29,Delivery Partner,Completed,4783.5,0.0,717.52,0,5501.02,Mobile Wallet
O00004529,C0000443,R021,P0029,2026-03-22 13:44:27,Dine-In,Completed,1725.0,517.5,181.12,0,1388.62,Cash
O00004530,C0000416,R025,,2026-07-01 10:49:52,Website,Completed,12178.0,0.0,1826.7,0,14004.7,Card
O00004531,C0000013,R025,,2026-02-12 18:51:50,Dine-In,Completed,7657.0,0.0,1148.55,0,8805.55,Card
O00004532,C0000689,R024,,2026-07-27 10:31:44,Mobile App,Completed,5388.9,0.0,808.33,0,6197.23,Cash
O00004533,C0000442,R025,P0030,2025-05-08 10:51:06,Takeaway,Completed,10318.1,150.0,1525.22,0,11693.32,Card
O00004534,C0000589,R007,,2025-04-16 14:34:41,Mobile App,Completed,8368.0,0.0,1255.2,120,9743.2,Mobile Wallet
O00004535,C0000184,R016,,2026-06-02 20:31:34,Delivery Partner,Completed,4552.0,0.0,682.8,150,5384.8,Bank Transfer
O00004536,C0000035,R024,,2026-06-12 14:33:54,Dine-In,Completed,5410.0,0.0,811.5,0,6221.5,Mobile Wallet
O00004537,C0000096,R022,P0010,2026-05-29 13:36:29,Mobile App,Completed,5701.0,200.0,825.15,150,6476.15,Cash
O00004538,C0000801,R009,,2026-05-11 17:51:33,Mobile App,Completed,5321.58,0.0,798.24,80,6199.82,Card
O00004539,C0000872,R016,,2025-09-16 12:04:38,,Completed,5481.0,0.0,822.15,0,6303.15,Cash
O00004540,C0000214,R002,,2025-06-25 13:44:08,Mobile App,Completed,3363.0,0.0,504.45,0,3867.45,Mobile Wallet
O00004541,C0000081,R003,,2026-07-22 10:27:59,Delivery Partner,Completed,4002.5,0.0,600.38,80,4682.88,Mobile Wallet
O00004542,C0000512,R002,P0006,2025-08-15 17:27:52,Delivery Partner,Completed,5222.0,100.0,768.3,80,5970.3,Mobile Wallet
O00004543,C0000566,R022,,2025-10-07 18:07:11,Dine-In,Completed,3384.0,0.0,507.6,0,3891.6,Mobile Wallet
O00004544,C0000647,R019,,2026-03-20 18:26:53,Website,Completed,6456.5,0.0,968.47,150,7574.97,Cash
O00004545,C0000002,R017,,2025-08-07 11:15:28,Mobile App,Completed,4072.0,0.0,610.8,100,4782.8,Cash
O00004546,C0000001,R020,,2026-05-23 19:17:09,Delivery Partner,Completed,7035.0,0.0,1055.25,150,8240.25,Mobile Wallet
O00004547,C0000116,R021,P0009,2025-04-07 11:24:26,Dine-In,Completed,2420.0,242.0,326.7,0,2504.7,Mobile Wallet
O00004548,C0000022,R012,,2026-05-07 09:57:18,Delivery Partner,Completed,860.0,0.0,129.0,80,1069.0,Card
O00004549,C0000629,R011,,2026-01-23 13:47:12,Delivery Partner,Completed,3280.0,0.0,492.0,0,3772.0,Card
O00004550,C0000264,R020,,2026-01-06 17:00:41,Delivery Partner,Completed,920.0,0.0,138.0,120,1178.0,Card
O00004551,C0000663,R022,,2025-11-08 08:07:36,Mobile App,Completed,6467.05,0.0,970.06,150,7587.11,Card
O00004552,C0000029,R019,,2025-07-29 18:59:31,Takeaway,Completed,7268.0,0.0,1090.2,0,8358.2,Cash
O00004553,C0000371,R006,,2025-11-11 20:20:14,Mobile App,Completed,5100.0,0.0,765.0,0,5865.0,Card
O00004554,C0000315,R010,,2025-11-04 12:33:20,Takeaway,Completed,7427.5,0.0,1114.12,0,8541.62,Card
O00004555,C0000105,R014,P0004,2026-01-12 14:23:02,Mobile App,Completed,9822.93,982.29,1326.1,100,10266.74,Cash
O00004556,C0000248,R001,P0003,2025-07-31 11:36:07,Mobile App,Completed,19590.5,200.0,2908.58,150,22449.08,Bank Transfer
O00004557,C0000325,R015,P0015,2025-04-11 13:25:05,Takeaway,Completed,4747.5,200.0,682.12,0,5229.62,Cash
O00004558,C0000778,R006,P0008,2025-05-17 03:46:28,Takeaway,Completed,11971.0,2992.75,1346.74,0,10324.99,Card
O00004559,C0000004,R013,,2026-03-20 21:13:18,Dine-In,Completed,3341.5,0.0,501.22,0,3842.72,Card
O00004560,C0000660,R024,,2025-03-13 13:57:16,Takeaway,Completed,2880.0,0.0,432.0,0,3312.0,Card
O00004561,C0000958,R014,P0017,2026-06-12 19:28:09,Mobile App,Completed,2854.5,300.0,383.18,0,2937.68,Cash
O00004562,C0000514,R013,,2026-03-17 08:29:32,Dine-In,Completed,6123.4,0.0,918.51,0,7041.91,Card
O00004563,C0000522,R024,P0025,2026-04-25 19:02:12,Delivery Partner,Refunded,9244.0,200.0,1356.6,150,10550.6,Cash
O00004564,C0000044,R016,,2026-06-01 20:06:26,Mobile App,Cancelled,8732.05,0.0,1309.81,150,0.0,Card
O00004565,C0000254,R001,,2025-05-04 18:35:41,Delivery Partner,Completed,8393.0,0.0,1258.95,0,9651.95,Cash
O00004566,C0000476,R014,P0002,2026-05-24 20:10:11,Dine-In,Completed,7800.0,390.0,1111.5,0,8521.5,Cash
O00004567,C0000341,R013,,2025-12-02 09:31:01,Delivery Partner,Completed,4530.0,0.0,679.5,0,5209.5,Bank Transfer
O00004568,C0000135,R023,,2026-06-28 14:58:09,Delivery Partner,Completed,8225.8,0.0,1233.87,100,9559.67,Mobile Wallet
O00004569,C0000876,R010,,2026-06-28 17:57:20,Takeaway,Completed,7046.5,0.0,1056.97,0,8103.47,Cash
O00004570,C0000244,R010,,2025-03-14 17:11:22,Takeaway,Completed,6216.0,0.0,932.4,0,7148.4,Bank Transfer
O00004571,C0000937,R004,,2025-09-28 20:14:00,Mobile App,Completed,4205.5,0.0,630.82,100,4936.32,Cash
O00004572,C0000297,R014,P0012,2025-12-13 10:37:32,Mobile App,Refunded,5859.5,150.0,856.42,150,6715.92,Cash
O00004573,C0000610,R012,,2026-03-08 09:57:51,Dine-In,Completed,4645.75,0.0,696.86,0,5342.61,Cash
O00004574,C0000529,R022,,2025-08-03 11:23:25,Delivery Partner,Completed,3050.0,0.0,457.5,120,3627.5,Mobile Wallet
O00004575,C0000414,R006,,2025-07-15 20:00:14,Mobile App,Completed,16402.5,0.0,2460.38,80,18942.88,Card
O00004576,C0000001,R015,,2025-09-27 21:17:21,Website,Completed,3631.8,0.0,544.77,150,4326.57,Cash
O00004577,C0000007,R005,P0014,2025-11-30 17:45:24,Takeaway,Completed,9438.0,300.0,1370.7,0,10508.7,Cash
O00004578,C0000316,R010,,2026-08-03 15:55:00,Takeaway,Completed,5096.2,0.0,764.43,0,5860.63,Card
O00004579,C0000821,R009,,2026-04-21 17:06:58,Dine-In,Completed,4635.0,0.0,695.25,0,5330.25,Mobile Wallet
O00004580,C0000339,R010,P0022,2025-10-24 17:41:25,Takeaway,Completed,6508.8,650.88,878.69,0,6736.61,Mobile Wallet
O00004581,C0000051,R024,,2025-03-30 09:40:20,Delivery Partner,Completed,3314.5,0.0,497.17,0,3811.67,Card
O00004582,C0000093,R012,P0015,2025-05-30 18:01:40,Mobile App,Completed,4512.5,200.0,646.88,0,4959.38,Mobile Wallet
O00004583,C0000366,R022,P0027,2025-11-07 14:39:23,Delivery Partner,Cancelled,12136.0,300.0,1775.4,100,0.0,Mobile Wallet
O00004584,C0000334,R004,,2026-05-19 15:53:38,Delivery Partner,Completed,5262.5,0.0,789.38,80,6131.88,Card
O00004585,C0000908,R004,P0025,2025-09-27 05:30:15,Dine-In,Completed,7730.0,200.0,1129.5,0,8659.5,Card
O00004586,C0000260,R013,P0019,2025-12-19 19:32:31,Dine-In,Completed,16382.4,500.0,2382.36,0,18264.76,Cash
O00004587,C0000114,R025,,2026-07-01 20:51:15,Delivery Partner,Completed,2840.0,0.0,426.0,150,3416.0,Card
O00004588,C0000255,R014,,2026-07-13 17:29:12,Mobile App,Completed,7896.0,0.0,1184.4,80,9160.4,Mobile Wallet
O00004589,C0000598,R012,P0008,2025-06-24 19:30:41,Mobile App,Completed,2362.5,590.62,265.78,120,2157.66,Cash
O00004590,C0000271,R013,,2025-03-24 16:33:31,Mobile App,Completed,7440.2,0.0,1116.03,150,8706.23,Card
O00004591,C0000096,R020,,2025-08-14 17:06:49,Delivery Partner,Completed,5578.5,0.0,836.78,100,6515.28,Card
O00004592,C0000104,R013,,2026-03-18 13:24:40,Mobile App,Completed,4677.0,0.0,701.55,120,5498.55,Cash
O00004593,C0000552,R023,,2026-08-03 19:15:43,Delivery Partner,Completed,494.0,0.0,74.1,120,688.1,Cash
O00004594,C0000006,R022,,2025-04-11 14:21:23,Delivery Partner,Completed,9530.0,0.0,1429.5,150,11109.5,Cash
O00004595,C0000069,R002,P0002,2025-03-16 18:35:12,Mobile App,Completed,3405.0,170.25,485.21,80,3799.96,Card
O00004596,C0000023,R021,,2026-06-27 17:52:10,Mobile App,Completed,2691.0,0.0,403.65,0,3094.65,Card
O00004597,C0000886,R019,P0002,2026-04-14 18:26:14,Takeaway,Completed,10978.5,548.92,1564.44,0,11994.02,Card
O00004598,C0000009,R009,,2026-08-27 19:16:09,Dine-In,Completed,1102.5,0.0,165.38,0,1267.88,Cash
O00004599,C0000554,R010,P0022,2025-10-06 15:03:41,Mobile App,Completed,2632.5,263.25,355.39,0,2724.64,Card
O00004600,C0000375,R017,,2025-10-17 19:57:40,Dine-In,Completed,10227.5,0.0,1534.12,0,11761.62,Cash
O00004601,C0000378,R010,,2025-06-01 15:34:56,Delivery Partner,Completed,12827.0,0.0,1924.05,0,14751.05,Cash
O00004602,C0000562,R020,,2025-04-30 21:40:56,Mobile App,Completed,6461.0,0.0,969.15,120,7550.15,Card
O00004603,C0000146,R013,,2026-01-10 19:21:02,Delivery Partner,Completed,6006.7,0.0,901.0,150,7057.7,Mobile Wallet
O00004604,C0000146,R020,,2025-09-17 09:46:54,Takeaway,Completed,5234.0,0.0,785.1,0,6019.1,Mobile Wallet
O00004605,C0000076,R025,,2025-04-12 20:51:15,Delivery Partner,Completed,2189.0,0.0,328.35,100,2617.35,Cash
O00004606,C0000335,R001,,2026-06-28 16:34:43,Mobile App,Completed,1402.5,0.0,210.38,120,1732.88,Card
O00004607,C0000856,R002,,2025-06-15 22:43:16,Delivery Partner,Completed,7436.5,0.0,1115.47,100,8651.97,Card
O00004608,C0000844,R017,,2026-04-14 19:14:24,Dine-In,Completed,6488.5,0.0,973.28,0,7461.78,Mobile Wallet
O00004609,C0000472,R013,P0016,2025-08-01 07:51:29,Mobile App,Completed,4888.0,200.0,703.2,0,5391.2,Cash
O00004610,C0000810,R017,P0019,2026-05-19 13:39:46,Mobile App,Completed,13109.58,500.0,1891.44,80,14581.02,Mobile Wallet
O00004611,C0000924,R013,,2025-05-02 15:43:56,Mobile App,Completed,8232.0,0.0,1234.8,0,9466.8,Card
O00004612,C0000613,R017,,2026-04-18 20:20:34,Takeaway,Completed,7430.0,0.0,1114.5,0,8544.5,Mobile Wallet
O00004613,C0000152,R019,,2025-04-21 19:12:36,Delivery Partner,Completed,4799.5,0.0,719.92,80,5599.42,Bank Transfer
O00004614,C0000215,R014,,2025-11-02 13:46:59,Dine-In,Completed,1186.0,0.0,177.9,0,1363.9,Mobile Wallet
O00004615,C0000859,R020,,2026-04-07 18:10:12,Dine-In,Completed,9231.5,0.0,1384.72,0,10616.22,Card
O00004616,C0000426,R010,,2025-06-01 17:48:23,Takeaway,Completed,6475.0,0.0,971.25,0,7446.25,Mobile Wallet
O00004617,C0000656,R002,P0021,2025-08-03 08:52:37,Delivery Partner,Completed,7292.0,100.0,1078.8,0,8270.8,Cash
O00004618,C0000014,R014,,2026-06-16 11:55:25,Mobile App,Completed,9146.0,0.0,1371.9,80,10597.9,Cash
O00004619,C0000035,R017,,2026-06-27 13:26:57,Takeaway,Completed,9038.0,0.0,1355.7,0,10393.7,Card
O00004620,C0000107,R005,,2025-03-25 10:30:08,Mobile App,Completed,5060.0,0.0,759.0,120,5939.0,Bank Transfer
O00004621,C0000033,R022,P0014,2025-05-30 09:43:18,Delivery Partner,Completed,2209.5,300.0,286.42,150,2345.92,Mobile Wallet
O00004622,C0000811,R018,,2025-05-01 06:31:27,Dine-In,Completed,7589.35,0.0,1138.4,0,8727.75,Card
O00004623,C0000043,R003,,2025-06-05 20:51:06,Dine-In,Completed,5230.0,0.0,784.5,0,6014.5,Mobile Wallet
O00004624,C0000289,R016,,2026-08-15 12:29:44,Dine-In,Completed,7921.0,0.0,1188.15,0,9109.15,Cash
O00004625,C0000008,R019,,2025-12-26 12:17:21,Mobile App,Completed,7748.0,0.0,1162.2,100,9010.2,Card
O00004626,C0000023,R018,,2025-11-14 10:15:29,Mobile App,Refunded,5506.0,0.0,825.9,150,6481.9,Cash
O00004627,C0000056,R020,,2026-08-23 14:34:36,Mobile App,Completed,4010.0,0.0,601.5,150,4761.5,Cash
O00004628,C0000964,R005,,2025-12-28 15:58:15,Website,Completed,3005.0,0.0,450.75,120,3575.75,Cash
O00004629,C0000616,R008,P0026,2026-02-27 10:08:35,Dine-In,Completed,7325.5,1098.82,934.0,0,7160.68,Mobile Wallet
O00004630,C0000431,R006,P0028,2025-08-30 17:38:04,Takeaway,Completed,4308.72,500.0,571.31,0,4380.03,Card
O00004631,C0000829,R015,,2025-09-27 19:50:28,Takeaway,Completed,3400.0,0.0,510.0,0,3910.0,Cash
O00004632,C0000909,R025,,2026-01-18 13:36:51,Dine-In,Completed,11302.0,0.0,1695.3,0,12997.3,Card
O00004633,C0000189,R003,,2025-04-07 17:50:50,Takeaway,Completed,5068.5,0.0,760.28,0,5828.78,Mobile Wallet
O00004634,C0000097,R009,,2025-07-17 15:09:22,Mobile App,Completed,7497.0,0.0,1124.55,0,8621.55,Bank Transfer
O00004635,C0000090,R011,,2025-06-14 10:51:05,Takeaway,Completed,3321.5,0.0,498.22,0,3819.72,Mobile Wallet
O00004636,C0000003,R020,P0030,2025-03-09 19:11:35,Website,Completed,7155.9,150.0,1050.88,100,8156.78,Cash
O00004637,C0000071,R024,,2025-12-19 19:07:56,Mobile App,Completed,3245.15,0.0,486.77,80,3811.92,Cash
O00004638,C0000114,R023,,2025-12-30 18:02:32,Dine-In,Completed,12165.5,0.0,1824.82,0,13990.32,Cash
O00004639,C0000003,R014,,2025-09-28 12:18:48,Mobile App,Completed,4083.5,0.0,612.52,80,4776.02,Card
O00004640,C0000766,R023,,2025-07-24 21:58:40,Mobile App,Completed,3118.62,0.0,467.79,120,3706.41,Card
O00004641,C0000703,R009,,2026-02-21 14:10:15,Delivery Partner,Completed,3852.0,0.0,577.8,80,4509.8,Cash
O00004642,C0000058,R010,,2025-05-11 12:07:54,Delivery Partner,Completed,1160.0,0.0,174.0,0,1334.0,Mobile Wallet
O00004643,C0000625,R015,,2025-12-09 13:25:33,Mobile App,Completed,12726.0,0.0,1908.9,150,14784.9,Mobile Wallet
O00004644,C0000615,R018,,2026-04-25 18:44:42,Mobile App,Completed,4200.0,0.0,630.0,120,4950.0,Card
O00004645,C0000102,R021,,2025-05-27 20:57:25,Takeaway,Completed,9461.78,0.0,1419.27,0,10881.05,Card
O00004646,C0000463,R019,,2026-04-17 13:22:36,Mobile App,Completed,9660.0,0.0,1449.0,150,11259.0,Card
O00004647,C0000076,R007,P0026,2026-04-21 11:54:12,Delivery Partner,Completed,6238.0,935.7,795.34,80,6177.64,Card
O00004648,C0000006,R019,,2025-04-02 17:09:51,Mobile App,Completed,544.0,0.0,81.6,150,775.6,Mobile Wallet
O00004649,C0000235,R005,,2025-03-10 21:17:16,Takeaway,Completed,5668.0,0.0,850.2,0,6518.2,Cash
O00004650,C0000176,R021,,2026-08-16 09:11:31,Mobile App,Completed,13489.6,0.0,2023.44,150,15663.04,Mobile Wallet
O00004651,C0000019,R018,,2025-06-12 19:38:31,Delivery Partner,Completed,6836.0,0.0,1025.4,80,7941.4,Cash
O00004652,C0000222,R001,,2026-05-24 14:25:27,Dine-In,Completed,8619.0,0.0,1292.85,0,9911.85,Card
O00004653,C0000895,R012,P0024,2025-12-31 19:10:28,Mobile App,Completed,9634.3,2890.29,1011.6,80,7835.61,Card
O00004654,C0000513,R006,,2025-07-22 15:09:24,Takeaway,Cancelled,1892.5,0.0,283.88,0,0.0,Cash
O00004655,C0000524,R013,,2025-05-08 13:02:46,Takeaway,Completed,7049.5,0.0,1057.42,0,8106.92,Cash
O00004656,C0000553,R017,P0026,2025-11-29 18:06:21,Mobile App,Completed,3274.0,491.1,417.44,150,3350.34,Cash
O00004657,C0000533,R009,P0001,2025-10-12 20:03:26,Mobile App,Completed,5321.0,500.0,723.15,150,5694.15,Card
O00004658,C0000001,R021,,2026-03-19 12:39:43,Dine-In,Completed,11195.5,0.0,1679.32,0,12874.82,Card
O00004659,C0000846,R001,,2026-07-08 14:07:37,Mobile App,Completed,5301.0,0.0,795.15,0,6096.15,Bank Transfer
O00004660,C0000672,R012,,2026-05-15 11:37:19,Mobile App,Completed,4865.5,0.0,729.82,150,5745.32,Cash
O00004661,C0000068,R024,,2025-07-27 09:12:44,Dine-In,Completed,10703.0,0.0,1605.45,0,12308.45,Cash
O00004662,C0000284,R001,P0014,2026-06-24 19:11:49,Delivery Partner,Completed,3224.0,300.0,438.6,150,3512.6,Card
O00004663,C0000356,R004,P0025,2026-05-30 10:34:23,Takeaway,Completed,4860.0,200.0,699.0,0,5359.0,Cash
O00004664,C0000017,R007,P0024,2026-07-22 19:37:46,Mobile App,Completed,2063.0,618.9,216.61,100,1760.71,Cash
O00004665,C0000059,R020,,2025-11-08 14:53:46,Takeaway,Completed,2003.0,0.0,300.45,0,2303.45,Card
O00004666,C0000002,R005,,2026-04-25 23:50:07,Mobile App,Completed,1920.0,0.0,288.0,150,2358.0,Mobile Wallet
O00004667,C0000731,R023,,2026-01-17 10:42:50,Mobile App,Completed,380.0,0.0,57.0,100,537.0,Mobile Wallet
O00004668,C0000002,R020,P0024,2025-08-17 07:35:54,Mobile App,Completed,4850.0,1455.0,509.25,100,4004.25,Cash
O00004669,C0000092,R005,P0008,2026-08-29 07:46:13,Website,Completed,3938.85,984.71,443.12,100,3497.26,Cash
O00004670,C0000007,R007,,2025-03-21 20:01:38,Delivery Partner,Completed,5720.0,0.0,858.0,120,6698.0,Card
O00004671,C0000591,R017,,2025-05-26 14:14:13,Mobile App,Completed,8230.8,0.0,1234.62,0,9465.42,Card
O00004672,C0000846,R012,,2026-07-02 00:48:04,Dine-In,Completed,250.0,0.0,37.5,0,287.5,Mobile Wallet
O00004673,C0000295,R015,,2025-04-02 20:33:46,Mobile App,Completed,16816.6,0.0,2522.49,80,19419.09,Card
O00004674,C0000019,R003,,2026-06-28 20:38:20,Mobile App,Completed,12425.5,0.0,1863.82,150,14439.32,Cash
O00004675,C0000290,R017,,2026-03-28 19:25:14,Dine-In,Refunded,7770.0,0.0,1165.5,0,8935.5,Cash
O00004676,C0000573,R014,,2025-03-20 11:47:55,Dine-In,Completed,4729.88,0.0,709.48,0,5439.36,Mobile Wallet
O00004677,C0000494,R015,P0012,2025-10-24 13:04:35,Takeaway,Refunded,7458.5,150.0,1096.27,0,8404.77,Card
O00004678,C0000529,R015,P0005,2026-04-18 19:47:32,Takeaway,Completed,4280.0,100.0,627.0,0,4807.0,Mobile Wallet
O00004679,C0000071,R015,,2026-01-12 15:24:16,Mobile App,Completed,3463.7,0.0,519.55,100,4083.25,Card
O00004680,C0000007,R019,,2026-07-26 09:50:56,Website,Completed,10472.0,0.0,1570.8,150,12192.8,Mobile Wallet
O00004681,C0000022,R011,P0006,2026-06-18 11:33:19,Mobile App,Completed,12236.5,100.0,1820.48,120,14076.98,Cash
O00004682,C0000907,R018,P0010,2025-08-30 22:46:00,Delivery Partner,Completed,14866.5,200.0,2199.98,120,16986.48,Mobile Wallet
O00004683,C0000354,R021,P0016,2025-04-14 09:03:15,Dine-In,Completed,3304.5,200.0,465.67,0,3570.17,Mobile Wallet
O00004684,C0000508,R010,P0024,2026-07-31 19:33:44,Dine-In,Completed,5756.5,1726.95,604.43,0,4633.98,Cash
O00004685,C0000796,R021,,2025-12-09 14:26:17,Mobile App,Completed,9199.0,0.0,1379.85,80,10658.85,Cash
O00004686,C0000711,R009,,2025-04-09 19:54:09,Delivery Partner,Completed,6845.5,0.0,1026.82,0,7872.32,Card
O00004687,C0000044,R024,,2026-05-21 18:41:22,Website,Completed,8054.5,0.0,1208.18,150,9412.68,Card
O00004688,C0000005,R003,P0010,2026-06-19 14:53:17,Website,Completed,9176.05,200.0,1346.41,120,10442.46,Card
O00004689,C0000847,R001,,2026-02-14 13:55:48,Delivery Partner,Completed,1580.0,0.0,237.0,120,1937.0,Mobile Wallet
O00004690,C0000962,R021,,2025-11-02 19:28:57,Mobile App,Completed,15575.5,0.0,2336.32,0,17911.82,Mobile Wallet
O00004691,C0000300,R011,,2026-02-27 12:04:08,Website,Completed,7910.0,0.0,1186.5,120,9216.5,Card
O00004692,C0000776,R016,P0021,2026-03-23 19:17:45,Delivery Partner,Completed,5955.5,100.0,878.32,150,6883.82,Card
O00004693,C0000049,R003,,2026-07-02 18:03:52,Dine-In,Completed,7341.1,0.0,1101.16,0,8442.26,Cash
O00004694,C0000013,R021,,2026-08-06 17:00:29,Delivery Partner,Completed,10540.0,0.0,1581.0,100,12221.0,Cash
O00004695,C0000231,R009,,2025-12-07 13:49:12,Dine-In,Completed,2257.5,0.0,338.62,0,2596.12,Card
O00004696,C0000639,R011,,2026-05-11 10:19:51,Delivery Partner,Completed,5129.5,0.0,769.42,80,5978.92,Mobile Wallet
O00004697,C0000406,R017,,2026-08-11 18:05:51,Takeaway,Completed,3633.0,0.0,544.95,0,4177.95,Mobile Wallet
O00004698,C0000384,R001,P0008,2025-05-20 07:19:30,Mobile App,Completed,2682.0,670.5,301.72,0,2313.22,Mobile Wallet
O00004699,C0000001,R009,P0014,2025-03-10 22:19:45,Delivery Partner,Completed,2053.5,300.0,263.02,100,2116.52,Card
O00004700,C0000091,R003,P0013,2026-06-19 22:45:42,Dine-In,Completed,6722.5,1680.62,756.28,0,5798.16,Cash
O00004701,C0000875,R010,P0029,2025-06-14 08:26:12,Website,Cancelled,8606.5,2581.95,903.68,150,0.0,Card
O00004702,C0000018,R005,P0007,2025-03-23 08:25:31,Mobile App,Completed,7342.0,200.0,1071.3,80,8293.3,Cash
O00004703,C0000506,R025,,2025-05-25 13:31:16,Dine-In,Completed,11122.8,0.0,1668.42,0,12791.22,Card
O00004704,C0000556,R011,,2025-09-28 22:09:02,Delivery Partner,Completed,8314.0,0.0,1247.1,150,9711.1,Cash
O00004705,C0000515,R005,,2025-06-26 13:17:00,Dine-In,Completed,6955.0,0.0,1043.25,0,7998.25,Cash
O00004706,C0000978,R012,P0015,2025-08-14 13:40:52,Website,Completed,1336.5,200.0,170.48,0,1306.98,Card
O00004707,C0000153,R014,P0009,2026-08-17 18:11:04,Mobile App,Completed,4616.0,461.6,623.16,150,4927.56,Cash
O00004708,C0000443,R012,,2026-03-22 09:09:31,Delivery Partner,Completed,10974.0,0.0,1646.1,100,12720.1,Card
O00004709,C0000035,R019,,2026-03-27 13:23:24,Website,Completed,2749.28,0.0,412.39,120,3281.67,Card
O00004710,C0000146,R009,,2025-04-20 12:23:44,Mobile App,Completed,3398.0,0.0,509.7,120,4027.7,Mobile Wallet
O00004711,C0000223,R007,P0027,2026-04-06 17:52:55,Delivery Partner,Completed,2564.0,300.0,339.6,0,2603.6,Cash
O00004712,C0000042,R016,P0014,2026-04-10 09:50:04,Dine-In,Completed,9270.0,300.0,1345.5,0,10315.5,Cash
O00004713,C0000811,R007,,2026-02-26 16:37:36,Delivery Partner,Completed,6708.0,0.0,1006.2,0,7714.2,Mobile Wallet
O00004714,C0000491,R014,,2025-07-01 20:45:22,Website,Completed,9068.7,0.0,1360.3,100,10529.0,Cash
O00004715,C0000073,R008,P0019,2025-10-20 15:24:11,Takeaway,Completed,8661.15,500.0,1224.17,0,9385.32,Mobile Wallet
O00004716,C0000018,R021,,2026-06-06 18:07:33,Mobile App,Completed,4032.0,0.0,604.8,80,4716.8,Cash
O00004717,C0000075,R018,,2026-03-04 07:54:22,Mobile App,Completed,8414.0,0.0,1262.1,150,9826.1,Card
O00004718,C0000366,R025,P0006,2026-04-06 14:13:15,Website,Completed,7427.2,100.0,1099.08,100,8526.28,Cash
O00004719,C0000665,R003,,2026-01-14 07:42:48,Dine-In,Completed,5820.0,0.0,873.0,0,6693.0,Card
O00004720,C0000234,R002,P0004,2025-11-04 17:30:04,Dine-In,Completed,3348.0,334.8,451.98,0,3465.18,Mobile Wallet
O00004721,C0000011,R005,,2026-04-20 12:23:43,Dine-In,Completed,3006.92,0.0,451.04,0,3457.96,Card
O00004722,C0000057,R008,,2025-04-06 12:15:46,Takeaway,Completed,9593.0,0.0,1438.95,0,11031.95,Mobile Wallet
O00004723,C0000108,R019,,2026-03-05 07:19:27,Dine-In,Completed,10138.0,0.0,1520.7,0,11658.7,Cash
O00004724,C0000382,R022,P0011,2026-08-30 12:37:05,Mobile App,Completed,6431.0,1607.75,723.49,120,5666.74,Bank Transfer
O00004725,C0000055,R009,,2026-05-01 15:46:12,Mobile App,Completed,2140.0,0.0,321.0,80,2541.0,Card
O00004726,C0000050,R002,,2025-08-05 17:14:42,Delivery Partner,Completed,2100.0,0.0,315.0,120,2535.0,Cash
O00004727,C0000074,R015,,2025-07-29 07:13:29,Website,Refunded,9344.0,0.0,1401.6,150,10895.6,Cash
O00004728,C0000329,R008,,2026-03-02 18:52:25,Dine-In,Completed,5642.5,0.0,846.38,0,6488.88,Cash
O00004729,C0000224,R010,,2026-07-04 15:11:16,Dine-In,Completed,12516.7,0.0,1877.5,0,14394.2,Cash
O00004730,C0000692,R007,,2026-01-09 16:33:08,Website,Completed,5293.0,0.0,793.95,150,6236.95,Mobile Wallet
O00004731,C0000465,R019,,2025-12-14 20:07:56,Delivery Partner,Completed,8091.0,0.0,1213.65,120,9424.65,Card
O00004732,C0000422,R001,P0013,2025-05-25 13:18:15,Website,Completed,2310.0,577.5,259.88,120,2112.38,Cash
O00004733,C0000023,R022,P0003,2026-03-28 09:45:48,Mobile App,Completed,8150.0,200.0,1192.5,80,9222.5,Card
O00004734,C0000004,R002,,2026-03-21 16:04:51,Takeaway,Completed,1550.0,0.0,232.5,0,1782.5,Card
O00004735,C0000241,R003,P0014,2026-08-13 21:55:55,Mobile App,Completed,11739.0,300.0,1715.85,150,13304.85,Cash
O00004736,C0000006,R014,,2025-08-11 15:26:17,Website,Completed,3793.0,0.0,568.95,80,4441.95,Cash
O00004737,C0000120,R015,,2026-04-19 20:40:12,Dine-In,Completed,7774.0,0.0,1166.1,0,8940.1,Cash
O00004738,C0000002,R021,,2025-10-26 19:12:28,Mobile App,Completed,4928.5,0.0,739.28,100,5767.78,Card
O00004739,C0000029,R014,,2025-12-29 15:31:42,Dine-In,Completed,12084.5,0.0,1812.68,0,13897.18,Card
O00004740,C0000013,R008,,2026-05-21 18:30:44,Mobile App,Completed,779.0,0.0,116.85,150,1045.85,Mobile Wallet
O00004741,C0000622,R018,,2025-06-28 13:40:23,Mobile App,Completed,3749.0,0.0,562.35,0,4311.35,Card
O00004742,C0000109,R022,P0018,2025-09-05 16:45:57,Mobile App,Completed,3506.0,1051.8,368.13,150,2972.33,Card
O00004743,C0000007,R017,,2026-04-27 15:36:44,Mobile App,Completed,5616.0,0.0,842.4,80,6538.4,Bank Transfer
O00004744,C0000064,R007,,2026-01-04 18:01:43,Mobile App,Completed,5317.0,0.0,797.55,80,6194.55,Card
O00004745,C0000444,R020,,2025-04-19 13:06:45,Delivery Partner,Completed,7779.0,0.0,1166.85,100,9045.85,Card
O00004746,C0000535,R001,,2025-10-24 08:47:12,Mobile App,Completed,4440.0,0.0,666.0,120,5226.0,Card
O00004747,C0000015,R009,P0011,2026-01-14 19:10:24,Website,Completed,1364.0,0.0,204.6,0,1568.6,Mobile Wallet
O00004748,C0000586,R009,,2026-07-11 18:10:40,Dine-In,Completed,5700.5,0.0,855.08,0,6555.58,Card
O00004749,C0000125,R011,,2025-06-10 21:22:45,Mobile App,Completed,7558.82,0.0,1133.82,120,8812.64,Card
O00004750,C0000439,R019,,2026-05-15 14:30:00,Dine-In,Completed,5732.38,0.0,859.86,0,6592.24,Card
O00004751,C0000428,R006,,2025-05-09 07:43:08,Dine-In,Completed,3881.5,0.0,582.22,0,4463.72,Card
O00004752,C0000610,R007,P0018,2025-07-09 08:44:03,Takeaway,Completed,11544.0,3463.2,1212.12,0,9292.92,Mobile Wallet
O00004753,C0000464,R015,P0030,2025-07-10 19:07:27,Mobile App,Completed,3534.0,150.0,507.6,150,4041.6,Card
O00004754,C0000003,R020,,2026-06-23 07:55:11,Mobile App,Completed,6174.95,0.0,926.24,100,7201.19,Cash
O00004755,C0000250,R006,P0018,2025-06-15 20:31:23,Delivery Partner,Completed,7707.75,2312.32,809.31,100,6304.74,Card
O00004756,C0000026,R009,P0001,2026-05-04 12:47:45,Website,Completed,1925.5,500.0,213.82,0,1639.32,Bank Transfer
O00004757,C0000937,R015,,2025-11-10 20:20:08,Takeaway,Completed,2740.0,0.0,411.0,0,3151.0,Mobile Wallet
O00004758,C0000060,R022,,2026-08-31 19:30:34,Website,Completed,2749.5,0.0,412.42,80,3241.92,Card
O00004759,C0000161,R023,,2026-06-02 20:00:37,Mobile App,Completed,2920.0,0.0,438.0,120,3478.0,Bank Transfer
O00004760,C0000036,R006,,2026-04-10 10:12:34,Website,Completed,8500.8,0.0,1275.12,80,9855.92,Card
O00004761,C0000018,R007,,2026-06-20 17:10:32,Mobile App,Completed,12530.5,0.0,1879.57,120,14530.07,Bank Transfer
O00004762,C0000339,R017,,2026-02-10 07:28:57,Dine-In,Completed,6719.0,0.0,1007.85,0,7726.85,Cash
O00004763,C0000224,R006,,2026-06-05 10:03:53,Mobile App,Completed,6950.8,0.0,1042.62,80,8073.42,Bank Transfer
O00004764,C0000128,R009,,2025-07-20 12:35:52,Mobile App,Completed,3417.0,0.0,512.55,120,4049.55,Cash
O00004765,C0000008,R003,,2025-04-21 19:14:34,Delivery Partner,Completed,4631.5,0.0,694.72,100,5426.22,Mobile Wallet
O00004766,C0000520,R014,P0018,2026-01-31 03:58:45,Dine-In,Completed,11709.0,3512.7,1229.44,0,9425.74,Mobile Wallet
O00004767,C0000001,R006,,2025-10-27 20:02:19,Mobile App,Completed,20608.2,0.0,3091.23,150,23849.43,Mobile Wallet
O00004768,C0000192,R004,P0017,2025-10-22 07:55:01,Mobile App,Completed,7959.5,300.0,1148.92,100,8908.42,Mobile Wallet
O00004769,C0000378,R016,P0007,2025-12-13 13:50:43,Takeaway,Completed,4796.0,200.0,689.4,0,5285.4,Card
O00004770,C0000170,R023,P0015,2025-09-15 07:28:25,Delivery Partner,Completed,7104.0,200.0,1035.6,80,8019.6,Cash
O00004771,C0000016,R016,,2026-02-06 19:20:41,Delivery Partner,Completed,661.5,0.0,99.22,80,840.72,Card
O00004772,C0000585,R023,,2025-03-17 08:01:12,Website,Completed,15388.0,0.0,2308.2,0,17696.2,Card
O00004773,C0000095,R009,P0009,2026-08-15 20:05:29,Dine-In,Completed,7686.0,768.6,1037.61,0,7955.01,Card
O00004774,C0000018,R004,,2026-07-19 16:30:51,Takeaway,Completed,9526.5,0.0,1428.98,0,10955.48,Cash
O00004775,C0000282,R008,P0021,2026-07-26 21:53:31,Dine-In,Cancelled,5959.0,100.0,878.85,0,0.0,Cash
O00004776,C0000001,R024,,2025-09-18 12:23:35,Takeaway,Completed,5979.0,0.0,896.85,0,6875.85,Card
O00004777,C0000095,R008,P0025,2025-12-16 14:39:18,Mobile App,Completed,9312.0,200.0,1366.8,80,10558.8,Mobile Wallet
O00004778,C0000542,R024,,2026-08-05 18:16:21,Mobile App,Completed,1938.0,0.0,290.7,80,2308.7,Mobile Wallet
O00004779,C0000823,R006,,2026-07-07 20:04:00,Website,Completed,8561.0,0.0,1284.15,100,9945.15,Cash
O00004780,C0000328,R008,P0013,2026-05-06 14:01:56,Mobile App,Completed,3213.5,803.38,361.52,100,2871.64,Bank Transfer
O00004781,C0000044,R006,,2025-10-12 20:57:10,Mobile App,Completed,8494.0,0.0,1274.1,150,9918.1,Bank Transfer
O00004782,C0000044,R014,,2026-01-01 08:11:25,Mobile App,Completed,3686.0,0.0,552.9,120,4358.9,Cash
O00004783,C0000342,R014,P0026,2026-05-08 18:04:47,Takeaway,Completed,2584.0,387.6,329.46,0,2525.86,Card
O00004784,C0000151,R018,P0006,2025-07-26 13:41:18,Mobile App,Completed,6020.5,100.0,888.08,150,6958.58,Card
O00004785,C0000030,R013,,2026-02-06 08:59:18,Dine-In,Completed,3691.2,0.0,553.68,0,4244.88,Card
O00004786,C0000600,R015,,2026-05-27 13:40:11,Delivery Partner,Completed,3385.0,0.0,507.75,120,4012.75,Card
O00004787,C0000037,R003,,2026-03-24 20:19:02,Delivery Partner,Completed,7453.7,0.0,1118.05,0,8571.75,Card
O00004788,C0000094,R006,P0012,2025-11-19 22:07:54,Website,Completed,10955.0,150.0,1620.75,150,12575.75,Cash
O00004789,C0000005,R023,P0027,2026-01-13 13:00:55,Mobile App,Completed,9336.0,300.0,1355.4,0,10391.4,Cash
O00004790,C0000470,R020,P0011,2026-08-25 20:55:17,Mobile App,Completed,4851.0,1212.75,545.74,150,4333.99,Cash
O00004791,C0000069,R017,,2026-01-23 15:05:48,Mobile App,Completed,14467.0,0.0,2170.05,100,16737.05,Mobile Wallet
O00004792,C0000050,R020,,2026-05-04 18:55:04,Dine-In,Cancelled,2510.0,0.0,376.5,0,0.0,Cash
O00004793,C0000083,R016,,2026-04-03 06:53:47,Mobile App,Completed,7071.5,0.0,1060.72,150,8282.22,Mobile Wallet
O00004794,C0000750,R006,,2026-03-21 16:10:23,Delivery Partner,Completed,3348.5,0.0,502.28,120,3970.78,Card
O00004795,C0000248,R008,,2026-03-29 07:02:13,Dine-In,Completed,7580.0,0.0,1137.0,0,8717.0,Card
O00004796,C0000024,R013,,2025-11-06 12:30:50,Mobile App,Completed,2708.0,0.0,406.2,0,3114.2,Mobile Wallet
O00004797,C0000579,R013,,2025-11-16 17:27:37,,Completed,5128.1,0.0,769.22,80,5977.32,Cash
O00004798,C0000040,R020,,2025-11-13 19:46:02,Mobile App,Completed,4648.35,0.0,697.25,100,5445.6,Cash
O00004799,C0000155,R017,,2025-03-18 16:42:05,Mobile App,Completed,12521.6,0.0,1878.24,0,14399.84,Bank Transfer
O00004800,C0000301,R021,,2025-07-08 21:55:11,Delivery Partner,Completed,13804.5,0.0,2070.67,150,16025.17,Card
O00004801,C0000320,R023,,2025-05-22 19:04:51,Mobile App,Completed,6270.0,0.0,940.5,0,7210.5,Cash
O00004802,C0000006,R022,,2026-06-28 09:59:10,Website,Completed,6342.5,0.0,951.38,120,7413.88,Cash
O00004803,C0000683,R003,,2025-07-27 13:25:38,Takeaway,Completed,9424.0,0.0,1413.6,0,10837.6,Mobile Wallet
O00004804,C0000212,R013,,2025-05-13 18:15:58,Website,Completed,4756.0,0.0,713.4,120,5589.4,Card
O00004805,C0000978,R007,,2025-05-03 21:52:25,Dine-In,Completed,4112.0,0.0,616.8,0,4728.8,Cash
O00004806,C0000493,R020,,2026-03-20 23:30:00,Dine-In,Completed,8860.6,0.0,1329.09,0,10189.69,Mobile Wallet
O00004807,C0000985,R005,,2025-03-04 19:27:15,Mobile App,Completed,5336.8,0.0,800.52,150,6287.32,Card
O00004808,C0000189,R011,,2025-11-15 17:06:47,Mobile App,Completed,8994.0,0.0,1349.1,120,10463.1,Bank Transfer
O00004809,C0000019,R023,,2025-05-02 19:37:48,Delivery Partner,Completed,2252.5,0.0,337.88,100,2690.38,Cash
O00004810,C0000507,R018,,2026-06-08 12:08:46,Takeaway,Completed,12128.0,0.0,1819.2,0,13947.2,Card
O00004811,C0000585,R004,,2026-08-08 12:38:52,Website,Completed,11993.5,0.0,1799.02,100,13892.52,Cash
O00004812,C0000712,R020,,2026-08-08 18:34:08,Dine-In,Cancelled,7163.0,0.0,1074.45,0,0.0,Card
O00004813,C0000082,R022,P0002,2025-10-31 20:42:04,Delivery Partner,Completed,2206.0,110.3,314.35,100,2510.05,Cash
O00004814,C0000241,R007,,2026-02-17 22:26:51,Mobile App,Completed,1813.0,0.0,271.95,150,2234.95,Card
O00004815,C0000720,R004,,2026-01-21 13:11:07,Dine-In,Completed,2749.5,0.0,412.42,0,3161.92,Cash
O00004816,C0000733,R010,,2025-09-09 19:52:20,Delivery Partner,Completed,6708.5,0.0,1006.28,150,7864.78,Cash
O00004817,C0000002,R001,,2025-11-01 20:24:32,Delivery Partner,Completed,2893.0,0.0,433.95,100,3426.95,Bank Transfer
O00004818,C0000427,R017,P0010,2025-04-04 17:42:38,Delivery Partner,Cancelled,3150.0,200.0,442.5,150,0.0,Cash
O00004819,C0000340,R005,,2026-05-09 13:28:42,Dine-In,Completed,15359.5,0.0,2303.92,0,17663.42,Card
O00004820,C0000008,R017,,2025-07-08 17:30:19,Website,Completed,9450.35,0.0,1417.55,150,11017.9,Card
O00004821,C0000857,R003,,2025-11-09 17:57:57,Mobile App,Completed,4240.45,0.0,636.07,0,4876.52,Mobile Wallet
O00004822,C0000182,R009,P0014,2025-11-20 17:33:52,Website,Completed,3351.5,300.0,457.72,120,3629.22,Mobile Wallet
O00004823,C0000432,R003,P0010,2025-12-30 17:32:44,Mobile App,Completed,9666.9,200.0,1420.04,0,10886.94,Mobile Wallet
O00004824,C0000766,R003,P0017,2026-05-22 20:26:21,Mobile App,Completed,9502.0,300.0,1380.3,80,10662.3,Bank Transfer
O00004825,C0000017,R009,,2026-03-15 09:55:12,Delivery Partner,Completed,520.0,0.0,78.0,0,598.0,Mobile Wallet
O00004826,C0000717,R005,,2026-02-28 13:55:38,Delivery Partner,Completed,10582.0,0.0,1587.3,120,12289.3,Mobile Wallet
O00004827,C0000503,R024,,2025-12-13 17:01:10,Delivery Partner,Completed,892.5,0.0,133.88,80,1106.38,Card
O00004828,C0000688,R010,,2025-04-20 12:13:17,Website,Completed,14221.5,0.0,2133.22,120,16474.72,Mobile Wallet
O00004829,C0000226,R015,,2025-10-09 22:12:29,Website,Completed,9632.5,0.0,1444.88,150,11227.38,Card
O00004830,C0000002,R025,P0003,2026-08-07 12:23:32,Dine-In,Completed,6980.5,200.0,1017.08,0,7797.58,Cash
O00004831,C0000427,R012,,2026-08-29 14:04:43,Website,Completed,3835.0,0.0,575.25,150,4560.25,Card
O00004832,C0000127,R006,,2026-04-05 20:33:02,Mobile App,Completed,4250.0,0.0,637.5,120,5007.5,Card
O00004833,C0000148,R007,P0013,2025-07-01 07:54:57,Takeaway,Completed,2666.5,666.62,299.98,0,2299.86,Card
O00004834,C0000178,R007,P0023,2025-04-23 20:22:59,Delivery Partner,Completed,8025.5,1203.82,1023.25,80,7924.93,Card
O00004835,C0000224,R023,,2025-10-16 17:18:00,Delivery Partner,Completed,11631.5,0.0,1744.72,80,13456.22,Cash
O00004836,C0000415,R004,P0025,2026-06-12 05:29:35,Delivery Partner,Completed,8223.0,200.0,1203.45,0,9226.45,Card
O00004837,C0000506,R013,,2026-04-01 20:48:05,Mobile App,Completed,3840.0,0.0,576.0,100,4516.0,Mobile Wallet
O00004838,C0000583,R015,,2026-06-27 05:42:36,Mobile App,Completed,12522.1,0.0,1878.32,150,14550.42,Card
O00004839,C0000428,R018,,2026-01-31 15:15:28,Delivery Partner,Cancelled,5018.0,0.0,752.7,100,0.0,Cash
O00004840,C0000627,R018,,2025-05-09 06:51:10,Takeaway,Completed,7056.0,0.0,1058.4,0,8114.4,Card
O00004841,C0000015,R007,,2025-04-30 07:49:51,Delivery Partner,Completed,3010.0,0.0,451.5,120,3581.5,Mobile Wallet
O00004842,C0000683,R010,,2025-03-26 20:51:54,Delivery Partner,Completed,7103.0,0.0,1065.45,150,8318.45,Bank Transfer
O00004843,C0000136,R016,P0003,2026-01-03 19:39:12,Mobile App,Completed,5312.0,200.0,766.8,150,6028.8,Mobile Wallet
O00004844,C0000259,R023,,2025-07-10 10:33:10,Delivery Partner,Completed,4606.5,0.0,690.98,100,5397.48,Cash
O00004845,C0000172,R023,,2026-04-07 17:48:58,Mobile App,Completed,4717.0,0.0,707.55,120,5544.55,Card
O00004846,C0000208,R008,,2026-03-13 19:10:37,Dine-In,Completed,7772.0,0.0,1165.8,0,8937.8,Bank Transfer
O00004847,C0000074,R019,P0005,2025-08-21 20:13:50,Dine-In,Completed,7284.0,100.0,1077.6,0,8261.6,Card
O00004848,C0000027,R011,,2025-06-03 14:47:24,Website,Cancelled,4655.0,0.0,698.25,150,0.0,Cash
O00004849,C0000012,R021,,2025-04-24 20:46:14,Dine-In,Completed,3804.5,0.0,570.67,0,4375.17,Cash
O00004850,C0000187,R006,,2026-04-09 15:14:52,Mobile App,Completed,427.5,0.0,64.12,120,611.62,Bank Transfer
O00004851,C0000016,R024,,2025-11-04 18:34:12,Dine-In,Cancelled,6830.5,0.0,1024.58,0,0.0,Card
O00004852,C0000055,R024,P0002,2025-08-24 22:57:41,Delivery Partner,Completed,8010.0,400.5,1141.42,120,8870.92,Bank Transfer
O00004853,C0000018,R010,,2026-06-12 11:06:32,Dine-In,Completed,12409.5,0.0,1861.42,0,14270.92,Cash
O00004854,C0000013,R019,,2026-01-18 09:28:12,Mobile App,Cancelled,1954.5,0.0,293.18,100,0.0,Mobile Wallet
O00004855,C0000765,R014,P0012,2025-12-09 13:43:37,Mobile App,Completed,5624.0,150.0,821.1,0,6295.1,Cash
O00004856,C0000432,R020,P0018,2026-04-12 09:53:52,Delivery Partner,Completed,9013.5,2704.05,946.42,120,7375.87,Cash
O00004857,C0000844,R006,P0005,2026-05-21 12:21:57,Mobile App,Completed,3192.0,100.0,463.8,120,3675.8,Card
O00004858,C0000392,R004,,2026-03-12 19:22:23,Delivery Partner,Completed,7211.5,0.0,1081.72,100,8393.22,Card
O00004859,C0000696,R020,P0020,2025-10-30 14:23:19,Mobile App,Completed,4676.0,701.4,596.19,100,4670.79,Mobile Wallet
O00004860,C0000287,R015,P0027,2025-09-26 13:34:43,Takeaway,Completed,6476.98,300.0,926.55,0,7103.53,Bank Transfer
O00004861,C0000197,R005,,2026-04-26 13:50:16,Mobile App,Completed,11473.5,0.0,1721.02,120,13314.52,Cash
O00004862,C0000259,R016,P0029,2025-12-09 10:09:58,Mobile App,Completed,776.5,0.0,116.48,120,1012.98,Cash
O00004863,C0000093,R007,,2026-03-22 14:07:49,Mobile App,Completed,6628.5,0.0,994.28,150,7772.78,Card
O00004864,C0000410,R002,,2026-06-30 17:47:23,Website,Completed,5289.5,0.0,793.42,120,6202.92,Mobile Wallet
O00004865,C0000793,R013,P0022,2026-07-15 08:47:25,Mobile App,Completed,4458.5,445.85,601.9,100,4714.55,Mobile Wallet
O00004866,C0000592,R002,,2025-07-29 22:11:39,Dine-In,Completed,3988.0,0.0,598.2,0,4586.2,Card
O00004867,C0000196,R009,,2025-06-09 14:28:31,Takeaway,Completed,11074.0,0.0,1661.1,0,12735.1,Mobile Wallet
O00004868,C0000904,R020,P0002,2025-07-20 21:28:28,Delivery Partner,Completed,5549.0,277.45,790.73,80,6142.28,Cash
O00004869,C0000969,R005,,2026-04-16 08:22:13,Website,Completed,8458.0,0.0,1268.7,120,9846.7,Cash
O00004870,C0000224,R003,,2025-09-20 19:25:36,Dine-In,Refunded,15015.5,0.0,2252.32,0,17267.82,Card
O00004871,C0000733,R002,,2025-06-01 17:36:21,Dine-In,Completed,2306.5,0.0,345.98,0,2652.48,Mobile Wallet
O00004872,C0000001,R014,,2025-04-21 20:31:33,Takeaway,Completed,8551.0,0.0,1282.65,0,9833.65,Card
O00004873,C0000006,R008,,2025-08-26 17:51:26,Delivery Partner,Completed,4185.5,0.0,627.82,150,4963.32,Card
O00004874,C0000002,R020,P0012,2025-05-12 22:37:27,Dine-In,Completed,10661.0,150.0,1576.65,0,12087.65,Card
O00004875,C0000577,R012,,2025-05-23 17:56:56,Mobile App,Completed,7417.5,0.0,1112.62,100,8630.12,Card
O00004876,C0000008,R017,,2026-03-11 19:05:21,Takeaway,Completed,4710.0,0.0,706.5,0,5416.5,Mobile Wallet
O00004877,C0000001,R016,P0011,2025-03-11 20:07:59,Website,Completed,10189.68,2547.42,1146.34,80,8868.6,Card
O00004878,C0000021,R006,,2025-05-02 18:16:56,Dine-In,Completed,3932.25,0.0,589.84,0,4522.09,Cash
O00004879,C0000085,R006,,2026-06-06 16:11:42,Takeaway,Completed,8636.0,0.0,1295.4,0,9931.4,Mobile Wallet
O00004880,C0000198,R018,P0021,2026-06-06 12:21:57,Website,Completed,7767.0,100.0,1150.05,120,8937.05,Card
O00004881,C0000006,R002,P0009,2025-08-28 20:13:02,Mobile App,Completed,9000.0,900.0,1215.0,80,9395.0,Mobile Wallet
O00004882,C0000230,R008,P0026,2025-04-16 14:33:21,Website,Completed,1800.0,270.0,229.5,120,1879.5,Mobile Wallet
O00004883,C0000056,R023,,2026-03-22 17:18:57,Dine-In,Completed,20847.72,0.0,3127.16,0,23974.88,Cash
O00004884,C0000068,R014,,2025-09-14 07:05:47,Mobile App,Completed,8507.5,0.0,1276.12,100,9883.62,Card
O00004885,C0000658,R002,,2025-03-25 15:17:20,Dine-In,Completed,10375.0,0.0,1556.25,0,11931.25,Card
O00004886,C0000973,R017,P0014,2025-05-24 18:35:15,Mobile App,Completed,7227.0,300.0,1039.05,150,8116.05,Card
O00004887,C0000198,R024,,2025-05-12 17:53:08,Dine-In,Completed,10300.0,0.0,1545.0,0,11845.0,Mobile Wallet
O00004888,C0000094,R016,,2026-01-15 14:36:12,Dine-In,Completed,5478.0,0.0,821.7,0,6299.7,Mobile Wallet
O00004889,C0000859,R018,,2026-07-05 11:37:09,Takeaway,Completed,8903.0,0.0,1335.45,0,10238.45,Mobile Wallet
O00004890,C0000231,R021,P0025,2026-05-08 12:14:48,Mobile App,Completed,5596.0,200.0,809.4,0,6205.4,Mobile Wallet
O00004891,C0000512,R006,,2025-12-23 18:37:56,Mobile App,Completed,1014.0,0.0,152.1,150,1316.1,Cash
O00004892,C0000156,R017,,2025-10-20 11:39:20,Mobile App,Completed,3308.5,0.0,496.28,150,3954.78,Mobile Wallet
O00004893,C0000038,R018,P0030,2026-02-01 17:08:48,Mobile App,Completed,8566.5,150.0,1262.47,120,9798.97,Mobile Wallet
O00004894,C0000406,R014,,2025-11-01 17:52:41,Dine-In,Completed,6024.5,0.0,903.68,0,6928.18,Mobile Wallet
O00004895,C0000419,R010,,2025-07-11 22:53:39,Takeaway,Completed,5434.0,0.0,815.1,0,6249.1,Card
O00004896,C0000194,R004,P0022,2026-03-08 07:05:06,Dine-In,Completed,3826.5,382.65,516.58,0,3960.43,Card
O00004897,C0000066,R018,,2026-06-21 08:53:45,Dine-In,Completed,11208.5,0.0,1681.28,0,12889.78,Cash
O00004898,C0000675,R011,P0007,2025-09-22 15:01:21,Dine-In,Completed,5033.0,200.0,724.95,0,5557.95,Mobile Wallet
O00004899,C0000069,R022,,2026-06-04 16:15:17,Dine-In,Completed,8047.5,0.0,1207.12,0,9254.62,Card
O00004900,C0000412,R016,,2025-10-25 05:51:20,Delivery Partner,Completed,2690.0,0.0,403.5,100,3193.5,Card
O00004901,C0000134,R004,,2025-10-08 20:00:50,Mobile App,Completed,5666.85,0.0,850.03,150,6666.88,Cash
O00004902,C0000205,R019,P0014,2025-03-16 15:29:49,Mobile App,Completed,2942.5,300.0,396.38,150,3188.88,Card
O00004903,C0000041,R006,,2026-03-17 13:59:13,Website,Completed,5012.75,0.0,751.91,0,5764.66,Cash
O00004904,C0000399,R025,P0003,2026-05-16 12:47:09,Delivery Partner,Completed,1964.0,200.0,264.6,150,2178.6,Bank Transfer
O00004905,C0000047,R008,,2026-02-28 20:32:32,Mobile App,Completed,2950.0,0.0,442.5,100,3492.5,Mobile Wallet
O00004906,C0000217,R018,P0023,2025-05-20 10:00:08,Takeaway,Completed,4330.72,649.61,552.17,0,4233.28,Cash
O00004907,C0000098,R019,P0017,2025-04-24 09:38:17,Delivery Partner,Completed,3239.5,300.0,440.92,80,3460.42,Card
O00004908,C0000924,R018,P0024,2026-01-06 10:15:12,Website,Completed,3732.0,1119.6,391.86,0,3004.26,Card
O00004909,C0000963,R016,,2025-10-08 17:16:58,Website,Completed,8509.5,0.0,1276.42,120,9905.92,Mobile Wallet
O00004910,C0000547,R007,,2025-10-24 19:47:16,Mobile App,Completed,11472.6,0.0,1720.89,100,13293.49,Mobile Wallet
O00004911,C0000966,R025,P0020,2026-08-13 12:47:22,Mobile App,Completed,5228.2,784.23,666.6,120,5230.57,Bank Transfer
O00004912,C0000013,R017,,2026-04-02 09:37:24,Mobile App,Completed,4807.5,0.0,721.12,150,5678.62,Card
O00004913,C0000984,R003,,2025-10-14 10:17:53,Mobile App,Completed,11243.65,0.0,1686.55,150,13080.2,Cash
O00004914,C0000011,R022,,2025-03-11 17:21:15,Takeaway,Completed,520.0,0.0,78.0,0,598.0,Card
O00004915,C0000157,R015,P0003,2025-03-19 11:21:23,Delivery Partner,Completed,1297.0,200.0,164.55,150,1411.55,Mobile Wallet
O00004916,C0000052,R004,,2026-03-12 20:59:30,Delivery Partner,Completed,9671.0,0.0,1450.65,120,11241.65,Cash
O00004917,C0000904,R016,,2026-06-02 08:58:10,Mobile App,Completed,2932.5,0.0,439.88,80,3452.38,Cash
O00004918,C0000382,R014,P0005,2026-03-24 05:34:22,Mobile App,Completed,6033.0,100.0,889.95,150,6972.95,Mobile Wallet
O00004919,C0000334,R017,P0019,2025-10-11 07:30:40,Website,Completed,5169.5,500.0,700.42,80,5449.92,Mobile Wallet
O00004920,C0000995,R009,,2025-03-17 20:39:38,Dine-In,Completed,14415.5,0.0,2162.32,0,16577.82,Cash
O00004921,C0000353,R007,,2026-08-13 18:26:21,Delivery Partner,Completed,9536.5,0.0,1430.48,100,11066.98,Mobile Wallet
O00004922,C0000395,R014,P0008,2026-08-24 21:35:32,Mobile App,Completed,6480.5,1620.12,729.06,150,5739.44,Cash
O00004923,C0000003,R023,,2025-12-25 13:54:40,Dine-In,Completed,17970.0,0.0,2695.5,0,20665.5,Cash
O00004924,C0000723,R012,P0005,2025-04-07 10:03:41,Mobile App,Completed,1560.0,0.0,234.0,80,1874.0,Card
O00004925,C0000937,R017,,2025-12-20 16:48:47,Website,Completed,8198.0,0.0,1229.7,120,9547.7,Mobile Wallet
O00004926,C0000917,R009,,2026-07-01 16:53:52,Takeaway,Completed,6180.0,0.0,927.0,0,7107.0,Mobile Wallet
O00004927,C0000045,R012,,2026-03-09 17:04:17,Dine-In,Cancelled,1331.5,0.0,199.72,0,0.0,Card
O00004928,C0000047,R012,,2026-03-31 13:24:13,Mobile App,Cancelled,1670.0,0.0,250.5,100,0.0,Cash
O00004929,C0000122,R008,,2025-04-14 00:30:27,Delivery Partner,Completed,4829.3,0.0,724.4,0,5553.7,Mobile Wallet
O00004930,C0000087,R010,,2025-04-26 05:13:10,Takeaway,Cancelled,1659.0,0.0,248.85,0,0.0,Card
O00004931,C0000085,R012,P0025,2025-05-07 18:29:23,Website,Completed,12863.0,200.0,1899.45,150,14712.45,Bank Transfer
O00004932,C0000344,R005,,2026-07-08 16:46:35,Mobile App,Completed,6037.0,0.0,905.55,0,6942.55,Mobile Wallet
O00004933,C0000630,R020,,2025-12-13 20:56:18,Dine-In,Completed,7373.0,0.0,1105.95,0,8478.95,Cash
O00004934,C0000870,R001,,2026-05-07 12:11:12,Takeaway,Completed,3363.0,0.0,504.45,0,3867.45,Mobile Wallet
O00004935,C0000006,R009,,2025-04-30 19:26:32,Takeaway,Completed,9646.0,0.0,1446.9,0,11092.9,Cash
O00004936,C0000070,R015,,2026-07-21 14:44:52,Delivery Partner,Completed,8250.0,0.0,1237.5,120,9607.5,Bank Transfer
O00004937,C0000059,R024,P0020,2026-05-24 08:23:18,Delivery Partner,Completed,7449.0,1117.35,949.75,120,7401.4,Cash
O00004938,C0000116,R002,,2025-06-29 22:54:46,Dine-In,Completed,10173.0,0.0,1525.95,0,11698.95,Cash
O00004939,C0000164,R004,,2026-06-21 15:29:51,Mobile App,Completed,3915.0,0.0,587.25,120,4622.25,Card
O00004940,C0000138,R004,,2025-07-21 18:17:31,Delivery Partner,Completed,12254.0,0.0,1838.1,0,14092.1,Cash
O00004941,C0000901,R023,,2025-06-19 18:13:14,Mobile App,Completed,1480.0,0.0,222.0,100,1802.0,Card
O00004942,C0000175,R003,,2025-07-21 13:55:56,Takeaway,Completed,1385.0,0.0,207.75,0,1592.75,Card
O00004943,C0000283,R016,,2026-07-11 19:18:10,Dine-In,Completed,4420.0,0.0,663.0,0,5083.0,Card
O00004944,C0000539,R008,,2026-07-14 20:21:22,Website,Completed,3160.0,0.0,474.0,80,3714.0,Card
O00004945,C0000504,R007,P0018,2025-08-28 13:25:58,Mobile App,Completed,13383.0,4014.9,1405.22,80,10853.32,Mobile Wallet
O00004946,C0000318,R012,P0014,2026-03-23 18:06:04,Mobile App,Completed,15557.0,300.0,2288.55,120,17665.55,Card
O00004947,C0000726,R012,,2026-03-07 19:27:55,Mobile App,Completed,2900.0,0.0,435.0,80,3415.0,Bank Transfer
O00004948,C0000367,R004,,2026-05-16 10:37:21,Dine-In,Completed,7844.0,0.0,1176.6,0,9020.6,Cash
O00004949,C0000751,R015,,2025-08-09 13:04:41,Dine-In,Completed,6739.5,0.0,1010.92,0,7750.42,Cash
O00004950,C0000083,R025,,2025-12-05 08:35:17,Delivery Partner,Completed,1220.0,0.0,183.0,0,1403.0,Mobile Wallet
O00004951,C0000017,R006,,2026-03-02 17:17:06,Delivery Partner,Completed,3000.5,0.0,450.08,100,3550.58,Cash
O00004952,C0000654,R003,,2025-03-15 19:56:32,Mobile App,Completed,9586.5,0.0,1437.98,100,11124.48,Card
O00004953,C0000133,R007,,2025-09-24 17:13:02,Dine-In,Completed,2906.0,0.0,435.9,0,3341.9,Mobile Wallet
O00004954,C0000401,R022,,2026-03-18 09:47:27,Mobile App,Completed,9506.6,0.0,1425.99,120,11052.59,Card
O00004955,C0000522,R024,P0021,2025-07-15 16:22:00,Mobile App,Completed,6188.0,100.0,913.2,150,7151.2,Card
O00004956,C0000097,R021,,2026-08-08 20:54:48,Mobile App,Completed,5506.5,0.0,825.98,100,6432.48,Mobile Wallet
O00004957,C0000236,R006,P0004,2025-03-16 12:51:46,Delivery Partner,Completed,5264.2,526.42,710.67,150,5598.45,Cash
O00004958,C0000789,R001,,2026-08-08 20:13:36,Dine-In,Completed,4288.0,0.0,643.2,0,4931.2,Card
O00004959,C0000760,R008,,2025-06-25 19:31:21,Mobile App,Cancelled,12150.8,0.0,1822.62,150,0.0,Cash
O00004960,C0000540,R001,P0030,2025-03-27 03:04:47,Takeaway,Cancelled,9944.0,150.0,1469.1,0,0.0,Cash
O00004961,C0000561,R016,P0012,2025-08-07 11:21:43,Mobile App,Completed,3910.5,150.0,564.07,150,4474.57,Cash
O00004962,C0000794,R003,,2026-05-04 16:27:18,Mobile App,Completed,250.0,0.0,37.5,80,367.5,Mobile Wallet
O00004963,C0000520,R002,P0002,2026-04-17 18:42:13,Mobile App,Completed,3264.0,163.2,465.12,80,3645.92,Cash
O00004964,C0000105,R006,,2025-06-21 20:11:02,Dine-In,Completed,7460.5,0.0,1119.08,0,8579.58,Card
O00004965,C0000015,R008,P0012,2025-06-14 18:17:18,Mobile App,Completed,6074.0,150.0,888.6,100,6912.6,Cash
O00004966,C0000163,R024,,2026-02-15 13:35:32,Delivery Partner,Completed,4140.0,0.0,621.0,80,4841.0,Card
O00004967,C0000009,R007,P0029,2025-11-08 09:30:20,Mobile App,Completed,6125.5,1837.65,643.18,0,4931.03,Card
O00004968,C0000014,R007,,2026-05-08 19:12:00,Dine-In,Completed,7060.0,0.0,1059.0,0,8119.0,Card
O00004969,C0000897,R024,P0015,2025-03-14 10:19:25,Delivery Partner,Refunded,6887.5,200.0,1003.12,150,7840.62,Mobile Wallet
O00004970,C0000434,R021,,2026-01-28 18:59:09,Dine-In,Completed,5206.0,0.0,780.9,0,5986.9,Mobile Wallet
O00004971,C0000709,R019,,2026-04-05 09:44:34,Takeaway,Cancelled,6257.5,0.0,938.62,0,0.0,Card
O00004972,C0000391,R018,,2026-08-28 07:35:12,Mobile App,Refunded,7241.5,0.0,1086.22,120,8447.72,Cash
O00004973,C0000160,R003,P0021,2026-03-08 11:54:05,Takeaway,Completed,8160.0,100.0,1209.0,0,9269.0,Mobile Wallet
O00004974,C0000002,R011,P0025,2025-07-03 12:54:42,Mobile App,Completed,3496.0,200.0,494.4,80,3870.4,Bank Transfer
O00004975,C0000908,R011,,2025-04-27 18:06:05,Delivery Partner,Completed,6333.0,0.0,949.95,150,7432.95,Card
O00004976,C0000006,R003,,2026-02-15 09:22:34,Dine-In,Completed,5413.5,0.0,812.02,0,6225.52,Card
O00004977,C0000350,R023,,2025-12-12 21:33:15,Mobile App,Completed,3948.0,0.0,592.2,100,4640.2,Cash
O00004978,C0000011,R001,,2026-07-05 16:52:40,Dine-In,Completed,9518.0,0.0,1427.7,0,10945.7,Card
O00004979,C0000073,R023,,2026-04-03 15:57:07,Mobile App,Completed,1705.25,0.0,255.79,0,1961.04,Card
O00004980,C0000032,R022,P0010,2025-12-05 14:49:58,Dine-In,Completed,3410.0,200.0,481.5,0,3691.5,Bank Transfer
O00004981,C0000286,R010,,2025-10-10 17:31:02,Takeaway,Completed,2510.0,0.0,376.5,0,2886.5,Cash
O00004982,C0000774,R002,,2025-10-10 03:20:04,Takeaway,Completed,4598.0,0.0,689.7,0,5287.7,Card
O00004983,C0000381,R017,,2025-06-30 23:59:20,Dine-In,Completed,6689.5,0.0,1003.42,0,7692.92,Card
O00004984,C0000418,R009,,2025-03-10 16:05:30,Takeaway,Completed,6286.2,0.0,942.93,0,7229.13,Card
O00004985,C0000815,R018,P0025,2026-01-07 05:15:13,Mobile App,Completed,8575.5,200.0,1256.32,0,9631.82,Card
O00004986,C0000540,R020,P0008,2025-06-22 17:34:36,Mobile App,Completed,8682.5,2170.62,976.78,120,7608.66,Bank Transfer
O00004987,C0000735,R009,,2025-06-21 14:53:18,Takeaway,Completed,6510.0,0.0,976.5,0,7486.5,Card
O00004988,C0000158,R025,,2025-05-06 03:46:36,Takeaway,Completed,4346.5,0.0,651.98,0,4998.48,Mobile Wallet
O00004989,C0000734,R011,P0013,2025-06-10 21:52:52,Mobile App,Completed,9561.0,2390.25,1075.61,120,8366.36,Cash
O00004990,C0000394,R017,P0007,2025-03-17 01:19:19,Website,Completed,9347.5,200.0,1372.12,80,10599.62,Cash
O00004991,C0000018,R014,P0024,2026-03-06 17:41:51,Mobile App,Completed,5436.0,1630.8,570.78,0,4375.98,Bank Transfer
O00004992,C0000003,R018,,2025-10-08 22:40:01,Delivery Partner,Completed,7700.0,0.0,1155.0,100,8955.0,Cash
O00004993,C0000054,R018,,2025-12-31 11:10:56,Delivery Partner,Completed,2633.5,0.0,395.02,150,3178.52,Mobile Wallet
O00004994,C0000130,R012,,2026-02-12 11:31:06,Dine-In,Completed,11445.0,0.0,1716.75,0,13161.75,Card
O00004995,C0000685,R018,,2026-08-16 00:13:32,Takeaway,Completed,9640.0,0.0,1446.0,0,11086.0,Card
O00004996,C0000528,R008,,2025-04-06 07:23:52,Delivery Partner,Completed,11809.6,0.0,1771.44,120,13701.04,Mobile Wallet
O00004997,C0000907,R008,P0007,2025-10-18 06:43:49,Dine-In,Cancelled,5891.37,200.0,853.71,0,0.0,Mobile Wallet
O00004998,C0000291,R008,,2025-07-11 20:38:41,Mobile App,Completed,3091.45,0.0,463.72,100,3655.17,Bank Transfer
O00004999,C0000538,R020,,2025-11-18 20:42:05,Delivery Partner,Completed,2240.0,0.0,336.0,100,2676.0,Cash
O00005000,C0000069,R015,,2026-07-17 19:30:06,Website,Completed,7020.0,0.0,1053.0,80,8153.0,Mobile Wallet
