order_item_id,order_id,menu_item_id,quantity,unit_price,item_discount,line_total,special_request
OI000000001,O00000001,M0143,2,800.0,0.0,1600.0,
OI000000002,O00000001,M0002,1,520.0,0.0,520.0,
OI000000003,O00000001,M0004,1,1800.0,0.0,1800.0,
OI000000004,O00000002,M0180,2,237.5,0.0,475.0,
OI000000005,O00000002,M0032,1,830.0,0.0,830.0,
OI000000006,O00000002,M0137,1,1770.0,265.5,1504.5,
OI000000007,O00000002,M0147,1,1092.0,0.0,1092.0,Customer request
OI000000008,O00000002,M0194,2,1270.0,0.0,2540.0,
OI000000009,O00000002,M0001,2,1554.0,0.0,3108.0,
OI000000010,O00000002,M0001,2,1480.0,0.0,2960.0,
OI000000011,O00000003,M0005,1,430.0,0.0,430.0,
OI000000012,O00000003,M0063,1,1270.5,0.0,1270.5,
OI000000013,O00000003,M0008,1,880.0,0.0,880.0,
OI000000014,O00000003,M0031,1,1740.0,0.0,1740.0,
OI000000015,O00000003,M0102,2,480.0,0.0,960.0,
OI000000016,O00000004,M0004,1,1800.0,0.0,1800.0,
OI000000017,O00000004,M0009,1,1577.0,78.85,1498.15,
OI000000018,O00000004,M0082,1,560.5,0.0,560.5,
OI000000019,O00000004,M0001,2,1406.0,281.2,2530.8,
OI000000020,O00000004,M0092,4,890.0,178.0,3382.0,
OI000000021,O00000005,M0068,2,920.0,0.0,1840.0,
OI000000022,O00000005,M0003,1,1050.0,0.0,1050.0,
OI000000023,O00000005,M0007,1,1280.0,0.0,1280.0,
OI000000024,O00000005,M0001,1,1480.0,0.0,1480.0,Customer request
OI000000025,O00000005,M0046,2,1640.0,0.0,3280.0,
OI000000026,O00000006,M0018,1,1260.0,0.0,1260.0,Customer request
OI000000027,O00000006,M0021,3,1187.5,0.0,3562.5,
OI000000028,O00000006,M0002,1,494.0,0.0,494.0,
OI000000029,O00000007,M0014,2,1795.5,0.0,3591.0,
OI000000030,O00000007,M0157,1,1460.0,219.0,1241.0,
OI000000031,O00000007,M0001,2,1406.0,0.0,2812.0,
OI000000032,O00000007,M0186,1,1539.0,0.0,1539.0,
OI000000033,O00000008,M0126,2,1520.0,0.0,3040.0,
OI000000034,O00000008,M0005,1,430.0,21.5,408.5,
OI000000035,O00000008,M0076,3,693.0,0.0,2079.0,
OI000000036,O00000008,M0002,3,494.0,0.0,1482.0,
OI000000037,O00000009,M0003,1,1102.5,0.0,1102.5,
OI000000038,O00000009,M0030,2,270.0,0.0,540.0,
OI000000039,O00000009,M0019,2,630.0,0.0,1260.0,Customer request
OI000000040,O00000009,M0112,2,610.0,0.0,1220.0,
OI000000041,O00000010,M0167,4,532.0,0.0,2128.0,
OI000000042,O00000010,M0169,2,1180.0,0.0,2360.0,
OI000000043,O00000011,M0003,2,1102.5,0.0,2205.0,
OI000000044,O00000011,M0070,1,1630.0,0.0,1630.0,
OI000000045,O00000011,M0044,1,360.0,0.0,360.0,
OI000000046,O00000011,M0016,1,1168.5,0.0,1168.5,
OI000000047,O00000012,M0198,1,646.0,0.0,646.0,
OI000000048,O00000012,M0025,2,260.0,0.0,520.0,
OI000000049,O00000013,M0065,2,850.0,0.0,1700.0,
OI000000050,O00000013,M0032,2,830.0,0.0,1660.0,
OI000000051,O00000013,M0002,1,494.0,0.0,494.0,
OI000000052,O00000013,M0003,1,1050.0,0.0,1050.0,Customer request
OI000000053,O00000014,M0090,3,1187.5,0.0,3562.5,
OI000000054,O00000014,M0107,1,360.0,0.0,360.0,
OI000000055,O00000014,M0015,2,1764.0,176.4,3351.6,
OI000000056,O00000015,M0001,1,1480.0,0.0,1480.0,
OI000000057,O00000015,M0177,1,200.0,30.0,170.0,
OI000000058,O00000015,M0031,2,1740.0,0.0,3480.0,
OI000000059,O00000015,M0003,4,1050.0,0.0,4200.0,
OI000000060,O00000015,M0005,1,430.0,0.0,430.0,
OI000000061,O00000015,M0001,1,1480.0,0.0,1480.0,
OI000000062,O00000016,M0077,1,1630.0,0.0,1630.0,
OI000000063,O00000016,M0075,2,1710.0,0.0,3420.0,
OI000000064,O00000016,M0050,2,800.0,0.0,1600.0,
OI000000065,O00000016,M0039,1,1690.0,0.0,1690.0,
OI000000066,O00000017,M0017,1,730.0,0.0,730.0,
OI000000067,O00000017,M0173,1,1837.5,0.0,1837.5,
OI000000068,O00000017,M0107,2,360.0,0.0,720.0,
OI000000069,O00000017,M0152,3,560.0,0.0,1680.0,
OI000000070,O00000018,M0011,1,1150.0,0.0,1150.0,
OI000000071,O00000018,M0188,1,275.5,0.0,275.5,Customer request
OI000000072,O00000018,M0004,2,1800.0,0.0,3600.0,
OI000000073,O00000018,M0001,2,1554.0,0.0,3108.0,
OI000000074,O00000018,M0012,3,541.5,0.0,1624.5,
OI000000075,O00000018,M0005,1,430.0,0.0,430.0,
OI000000076,O00000019,M0034,2,1260.0,0.0,2520.0,Customer request
OI000000077,O00000019,M0014,2,1710.0,0.0,3420.0,
OI000000078,O00000019,M0004,2,1800.0,0.0,3600.0,
OI000000079,O00000019,M0124,1,980.0,0.0,980.0,
OI000000080,O00000020,M0033,2,325.5,65.1,585.9,
OI000000081,O00000021,M0002,1,520.0,0.0,520.0,
OI000000082,O00000021,M0001,2,1480.0,0.0,2960.0,
OI000000083,O00000021,M0017,1,766.5,0.0,766.5,
OI000000084,O00000021,M0152,1,588.0,0.0,588.0,
OI000000085,O00000021,M0033,1,310.0,0.0,310.0,
OI000000086,O00000022,M0003,1,1050.0,0.0,1050.0,
OI000000087,O00000022,M0007,1,1280.0,0.0,1280.0,
OI000000088,O00000022,M0001,1,1480.0,0.0,1480.0,
OI000000089,O00000022,M0119,3,252.0,37.8,718.2,
OI000000090,O00000022,M0171,3,1722.0,0.0,5166.0,
OI000000091,O00000022,M0001,1,1406.0,210.9,1195.1,
OI000000092,O00000023,M0004,1,1800.0,0.0,1800.0,
OI000000093,O00000023,M0004,2,1800.0,0.0,3600.0,
OI000000094,O00000023,M0108,2,408.5,0.0,817.0,
OI000000095,O00000023,M0122,4,470.0,0.0,1880.0,
OI000000096,O00000023,M0021,3,1312.5,0.0,3937.5,
OI000000097,O00000023,M0183,2,630.0,0.0,1260.0,
OI000000098,O00000023,M0008,1,880.0,0.0,880.0,
OI000000099,O00000023,M0036,1,1879.5,0.0,1879.5,
OI000000100,O00000023,M0198,1,680.0,0.0,680.0,
OI000000101,O00000024,M0117,2,1140.0,0.0,2280.0,
OI000000102,O00000024,M0030,1,270.0,0.0,270.0,
OI000000103,O00000024,M0002,2,520.0,0.0,1040.0,
OI000000104,O00000024,M0150,3,300.0,0.0,900.0,
OI000000105,O00000024,M0038,1,1386.0,0.0,1386.0,
OI000000106,O00000025,M0011,2,1092.5,0.0,2185.0,
OI000000107,O00000025,M0025,3,260.0,0.0,780.0,
OI000000108,O00000025,M0011,1,1150.0,115.0,1035.0,
OI000000109,O00000025,M0040,4,430.0,0.0,1720.0,
OI000000110,O00000026,M0008,1,880.0,0.0,880.0,Customer request
OI000000111,O00000026,M0024,1,580.0,58.0,522.0,
OI000000112,O00000026,M0022,1,1240.0,0.0,1240.0,
OI000000113,O00000026,M0053,1,1770.0,0.0,1770.0,
OI000000114,O00000026,M0001,2,1480.0,0.0,2960.0,Customer request
OI000000115,O00000027,M0049,2,1377.5,0.0,2755.0,
OI000000116,O00000027,M0048,1,1501.0,0.0,1501.0,
OI000000117,O00000027,M0018,1,1140.0,0.0,1140.0,
OI000000118,O00000028,M0007,3,1216.0,0.0,3648.0,
OI000000119,O00000028,M0122,1,446.5,0.0,446.5,Customer request
OI000000120,O00000028,M0014,1,1710.0,0.0,1710.0,
OI000000121,O00000028,M0011,2,1092.5,0.0,2185.0,
OI000000122,O00000029,M0026,2,450.0,135.0,765.0,
OI000000123,O00000029,M0009,1,1660.0,0.0,1660.0,
OI000000124,O00000030,M0119,1,240.0,0.0,240.0,
OI000000125,O00000030,M0043,1,1681.5,0.0,1681.5,
OI000000126,O00000030,M0091,1,350.0,0.0,350.0,
OI000000127,O00000030,M0088,1,1140.0,0.0,1140.0,
OI000000128,O00000030,M0103,1,1207.5,120.75,1086.75,
OI000000129,O00000030,M0135,2,1540.0,0.0,3080.0,
OI000000130,O00000030,M0158,2,710.0,0.0,1420.0,
OI000000131,O00000030,M0017,1,730.0,0.0,730.0,
OI000000132,O00000030,M0024,1,580.0,0.0,580.0,
OI000000133,O00000031,M0001,1,1480.0,0.0,1480.0,
OI000000134,O00000031,M0161,1,389.5,0.0,389.5,
OI000000135,O00000031,M0047,1,1610.0,0.0,1610.0,
OI000000136,O00000032,M0078,3,1197.0,0.0,3591.0,
OI000000137,O00000032,M0023,2,551.0,0.0,1102.0,
OI000000138,O00000032,M0028,1,870.0,0.0,870.0,
OI000000139,O00000032,M0039,3,1774.5,0.0,5323.5,
OI000000140,O00000032,M0105,1,1310.0,0.0,1310.0,
OI000000141,O00000033,M0052,1,710.0,0.0,710.0,
OI000000142,O00000033,M0111,2,280.0,0.0,560.0,
OI000000143,O00000033,M0006,1,1700.5,0.0,1700.5,
OI000000144,O00000033,M0005,1,408.5,0.0,408.5,
OI000000145,O00000033,M0005,2,408.5,0.0,817.0,
OI000000146,O00000033,M0001,2,1554.0,0.0,3108.0,
OI000000147,O00000033,M0004,1,1710.0,0.0,1710.0,
OI000000148,O00000034,M0002,1,520.0,0.0,520.0,
OI000000149,O00000034,M0025,1,247.0,0.0,247.0,
OI000000150,O00000034,M0003,1,997.5,99.75,897.75,
OI000000151,O00000034,M0020,1,1110.0,0.0,1110.0,
OI000000152,O00000035,M0200,2,1160.0,0.0,2320.0,
OI000000153,O00000035,M0032,1,830.0,0.0,830.0,
OI000000154,O00000035,M0160,3,1750.0,262.5,4987.5,Customer request
OI000000155,O00000035,M0075,2,1624.5,0.0,3249.0,
OI000000156,O00000035,M0146,1,262.5,0.0,262.5,Customer request
OI000000157,O00000035,M0055,2,890.0,178.0,1602.0,
OI000000158,O00000035,M0111,1,266.0,39.9,226.1,
OI000000159,O00000036,M0010,1,430.0,0.0,430.0,
OI000000160,O00000036,M0016,1,1230.0,0.0,1230.0,Customer request
OI000000161,O00000036,M0178,1,273.0,0.0,273.0,
OI000000162,O00000036,M0008,1,880.0,132.0,748.0,
OI000000163,O00000037,M0021,1,1250.0,0.0,1250.0,
OI000000164,O00000037,M0061,1,880.0,0.0,880.0,Customer request
OI000000165,O00000038,M0018,1,1200.0,0.0,1200.0,
OI000000166,O00000038,M0001,1,1480.0,0.0,1480.0,Customer request
OI000000167,O00000038,M0104,4,200.0,0.0,800.0,
OI000000168,O00000039,M0013,1,1500.0,0.0,1500.0,
OI000000169,O00000039,M0006,2,1700.5,0.0,3401.0,
OI000000170,O00000039,M0032,2,830.0,0.0,1660.0,
OI000000171,O00000039,M0001,1,1480.0,0.0,1480.0,
OI000000172,O00000040,M0132,1,1858.5,0.0,1858.5,
OI000000173,O00000040,M0008,2,880.0,176.0,1584.0,
OI000000174,O00000040,M0159,3,1092.0,0.0,3276.0,
OI000000175,O00000040,M0068,2,874.0,0.0,1748.0,
OI000000176,O00000040,M0040,3,451.5,0.0,1354.5,
OI000000177,O00000041,M0109,2,1491.0,0.0,2982.0,Customer request
OI000000178,O00000041,M0197,1,330.0,0.0,330.0,
OI000000179,O00000041,M0007,1,1280.0,0.0,1280.0,
OI000000180,O00000042,M0014,2,1710.0,0.0,3420.0,
OI000000181,O00000042,M0029,2,660.0,0.0,1320.0,
OI000000182,O00000043,M0038,1,1386.0,0.0,1386.0,
OI000000183,O00000043,M0040,1,430.0,0.0,430.0,
OI000000184,O00000044,M0040,2,430.0,0.0,860.0,
OI000000185,O00000044,M0118,1,1310.0,0.0,1310.0,
OI000000186,O00000044,M0019,1,598.5,0.0,598.5,Customer request
OI000000187,O00000044,M0001,2,1480.0,0.0,2960.0,
OI000000188,O00000045,M0137,1,1858.5,0.0,1858.5,
OI000000189,O00000045,M0064,1,420.0,42.0,378.0,Customer request
OI000000190,O00000046,M0004,3,1890.0,0.0,5670.0,
OI000000191,O00000046,M0001,1,1406.0,0.0,1406.0,
OI000000192,O00000046,M0011,1,1150.0,115.0,1035.0,
OI000000193,O00000046,M0002,1,520.0,0.0,520.0,
OI000000194,O00000046,M0147,3,1040.0,0.0,3120.0,Customer request
OI000000195,O00000047,M0009,1,1660.0,0.0,1660.0,
OI000000196,O00000047,M0076,1,627.0,0.0,627.0,
OI000000197,O00000047,M0063,1,1270.5,0.0,1270.5,
OI000000198,O00000047,M0078,1,1260.0,0.0,1260.0,
OI000000199,O00000047,M0036,2,1790.0,358.0,3222.0,Customer request
OI000000200,O00000047,M0083,3,513.0,0.0,1539.0,
OI000000201,O00000047,M0033,5,325.5,0.0,1627.5,
OI000000202,O00000047,M0016,1,1291.5,0.0,1291.5,
OI000000203,O00000048,M0130,1,1070.0,0.0,1070.0,
OI000000204,O00000048,M0026,2,472.5,0.0,945.0,
OI000000205,O00000048,M0043,1,1770.0,0.0,1770.0,
OI000000206,O00000048,M0026,1,450.0,0.0,450.0,
OI000000207,O00000048,M0098,1,1168.5,0.0,1168.5,
OI000000208,O00000048,M0038,2,1320.0,0.0,2640.0,Customer request
OI000000209,O00000048,M0027,1,790.0,0.0,790.0,
OI000000210,O00000049,M0008,1,836.0,0.0,836.0,
OI000000211,O00000049,M0154,1,1660.0,0.0,1660.0,
OI000000212,O00000049,M0132,1,1858.5,0.0,1858.5,
OI000000213,O00000049,M0022,3,1240.0,0.0,3720.0,
OI000000214,O00000049,M0064,2,420.0,0.0,840.0,
OI000000215,O00000050,M0033,1,325.5,16.28,309.22,
OI000000216,O00000050,M0004,2,1800.0,0.0,3600.0,
OI000000217,O00000050,M0016,1,1230.0,184.5,1045.5,
OI000000218,O00000050,M0128,1,1016.5,0.0,1016.5,
OI000000219,O00000051,M0106,1,940.0,0.0,940.0,
OI000000220,O00000051,M0002,2,520.0,0.0,1040.0,
OI000000221,O00000051,M0001,3,1480.0,0.0,4440.0,
OI000000222,O00000052,M0128,2,1070.0,0.0,2140.0,
OI000000223,O00000052,M0148,1,1180.0,0.0,1180.0,
OI000000224,O00000052,M0010,2,430.0,0.0,860.0,
OI000000225,O00000052,M0014,1,1710.0,0.0,1710.0,
OI000000226,O00000052,M0013,1,1500.0,0.0,1500.0,
OI000000227,O00000053,M0003,1,1050.0,0.0,1050.0,
OI000000228,O00000053,M0088,1,1140.0,171.0,969.0,
OI000000229,O00000053,M0016,1,1168.5,0.0,1168.5,
OI000000230,O00000053,M0121,1,1510.0,0.0,1510.0,
OI000000231,O00000053,M0139,2,1770.0,0.0,3540.0,Customer request
OI000000232,O00000053,M0154,1,1660.0,0.0,1660.0,
OI000000233,O00000053,M0114,1,640.0,0.0,640.0,
OI000000234,O00000053,M0103,1,1092.5,0.0,1092.5,
OI000000235,O00000054,M0024,1,580.0,0.0,580.0,
OI000000236,O00000054,M0001,2,1406.0,140.6,2671.4,
OI000000237,O00000055,M0002,3,520.0,0.0,1560.0,
OI000000238,O00000055,M0036,3,1790.0,0.0,5370.0,
OI000000239,O00000055,M0015,2,1680.0,0.0,3360.0,
OI000000240,O00000055,M0118,1,1375.5,0.0,1375.5,Customer request
OI000000241,O00000055,M0042,1,1270.5,0.0,1270.5,
OI000000242,O00000055,M0002,2,520.0,0.0,1040.0,
OI000000243,O00000056,M0028,2,870.0,0.0,1740.0,
OI000000244,O00000056,M0115,1,1083.0,0.0,1083.0,
OI000000245,O00000056,M0132,1,1770.0,265.5,1504.5,
OI000000246,O00000056,M0004,1,1800.0,0.0,1800.0,
OI000000247,O00000056,M0002,1,494.0,0.0,494.0,
OI000000248,O00000057,M0017,1,730.0,0.0,730.0,
OI000000249,O00000057,M0001,3,1480.0,0.0,4440.0,
OI000000250,O00000058,M0082,1,590.0,0.0,590.0,
OI000000251,O00000058,M0024,1,609.0,0.0,609.0,
OI000000252,O00000058,M0005,2,408.5,81.7,735.3,
OI000000253,O00000058,M0002,5,546.0,0.0,2730.0,
OI000000254,O00000058,M0162,2,330.0,0.0,660.0,
OI000000255,O00000059,M0001,3,1554.0,233.1,4428.9,
OI000000256,O00000059,M0002,1,520.0,0.0,520.0,
OI000000257,O00000059,M0006,2,1879.5,563.85,3195.15,
OI000000258,O00000059,M0002,1,520.0,0.0,520.0,
OI000000259,O00000060,M0060,2,1180.0,0.0,2360.0,
OI000000260,O00000060,M0006,1,1700.5,0.0,1700.5,
OI000000261,O00000060,M0029,1,627.0,62.7,564.3,
OI000000262,O00000061,M0131,1,990.0,0.0,990.0,
OI000000263,O00000061,M0116,1,420.0,0.0,420.0,
OI000000264,O00000061,M0003,1,1050.0,0.0,1050.0,
OI000000265,O00000061,M0002,1,546.0,0.0,546.0,
OI000000266,O00000061,M0065,1,892.5,44.62,847.88,
OI000000267,O00000061,M0005,1,430.0,0.0,430.0,
OI000000268,O00000062,M0100,1,1790.0,0.0,1790.0,
OI000000269,O00000062,M0023,3,580.0,0.0,1740.0,
OI000000270,O00000062,M0003,1,997.5,0.0,997.5,Customer request
OI000000271,O00000062,M0186,1,1539.0,0.0,1539.0,
OI000000272,O00000063,M0001,1,1554.0,233.1,1320.9,
OI000000273,O00000063,M0002,1,520.0,0.0,520.0,
OI000000274,O00000063,M0111,1,280.0,0.0,280.0,Customer request
OI000000275,O00000064,M0025,1,247.0,0.0,247.0,
OI000000276,O00000064,M0167,2,560.0,0.0,1120.0,
OI000000277,O00000065,M0002,1,546.0,0.0,546.0,
OI000000278,O00000065,M0003,1,1050.0,0.0,1050.0,
OI000000279,O00000066,M0001,3,1480.0,0.0,4440.0,
OI000000280,O00000067,M0006,2,1790.0,0.0,3580.0,
OI000000281,O00000067,M0063,1,1210.0,0.0,1210.0,
OI000000282,O00000067,M0081,2,920.0,0.0,1840.0,
OI000000283,O00000067,M0022,1,1240.0,186.0,1054.0,
OI000000284,O00000068,M0008,1,880.0,0.0,880.0,
OI000000285,O00000068,M0079,1,1050.0,0.0,1050.0,
OI000000286,O00000069,M0004,1,1800.0,0.0,1800.0,
OI000000287,O00000069,M0095,3,241.5,0.0,724.5,
OI000000288,O00000069,M0102,1,456.0,0.0,456.0,
OI000000289,O00000069,M0023,1,580.0,0.0,580.0,
OI000000290,O00000070,M0005,1,430.0,0.0,430.0,
OI000000291,O00000070,M0056,1,262.5,0.0,262.5,
OI000000292,O00000070,M0128,1,1123.5,0.0,1123.5,
OI000000293,O00000070,M0036,1,1790.0,0.0,1790.0,
OI000000294,O00000071,M0026,1,472.5,0.0,472.5,
OI000000295,O00000071,M0189,1,1500.0,0.0,1500.0,
OI000000296,O00000071,M0038,4,1320.0,264.0,5016.0,
OI000000297,O00000072,M0001,1,1480.0,0.0,1480.0,
OI000000298,O00000072,M0032,1,830.0,124.5,705.5,
OI000000299,O00000072,M0024,1,580.0,0.0,580.0,
OI000000300,O00000072,M0010,1,408.5,0.0,408.5,
OI000000301,O00000073,M0011,2,1150.0,0.0,2300.0,
OI000000302,O00000073,M0163,1,1390.0,139.0,1251.0,
OI000000303,O00000073,M0003,2,1102.5,0.0,2205.0,
OI000000304,O00000074,M0094,1,661.5,99.22,562.28,
OI000000305,O00000074,M0149,1,966.0,0.0,966.0,
OI000000306,O00000074,M0008,1,880.0,0.0,880.0,
OI000000307,O00000075,M0001,1,1554.0,0.0,1554.0,
OI000000308,O00000075,M0011,3,1207.5,362.25,3260.25,
OI000000309,O00000076,M0022,1,1240.0,0.0,1240.0,
OI000000310,O00000076,M0174,2,535.5,0.0,1071.0,
OI000000311,O00000076,M0022,1,1240.0,0.0,1240.0,
OI000000312,O00000076,M0002,2,546.0,0.0,1092.0,
OI000000313,O00000076,M0003,1,1050.0,0.0,1050.0,
OI000000314,O00000076,M0014,1,1710.0,256.5,1453.5,
OI000000315,O00000076,M0004,1,1710.0,0.0,1710.0,
OI000000316,O00000077,M0001,1,1480.0,0.0,1480.0,
OI000000317,O00000077,M0004,2,1710.0,0.0,3420.0,
OI000000318,O00000078,M0002,2,520.0,0.0,1040.0,
OI000000319,O00000078,M0005,1,408.5,0.0,408.5,
OI000000320,O00000078,M0198,2,646.0,0.0,1292.0,
OI000000321,O00000079,M0024,1,609.0,0.0,609.0,Customer request
OI000000322,O00000079,M0063,1,1210.0,0.0,1210.0,
OI000000323,O00000080,M0004,1,1710.0,0.0,1710.0,
OI000000324,O00000080,M0126,1,1520.0,0.0,1520.0,
OI000000325,O00000080,M0008,1,880.0,88.0,792.0,
OI000000326,O00000080,M0191,1,1150.0,0.0,1150.0,
OI000000327,O00000080,M0121,1,1585.5,237.82,1347.68,Customer request
OI000000328,O00000080,M0173,1,1750.0,175.0,1575.0,Customer request
OI000000329,O00000081,M0066,3,609.0,0.0,1827.0,
OI000000330,O00000081,M0063,1,1270.5,0.0,1270.5,
OI000000331,O00000081,M0123,1,703.0,0.0,703.0,
OI000000332,O00000082,M0079,1,1050.0,105.0,945.0,
OI000000333,O00000082,M0051,1,750.0,112.5,637.5,Customer request
OI000000334,O00000082,M0015,3,1680.0,0.0,5040.0,
OI000000335,O00000083,M0006,2,1790.0,0.0,3580.0,
OI000000336,O00000083,M0100,3,1790.0,0.0,5370.0,
OI000000337,O00000083,M0017,1,730.0,73.0,657.0,
OI000000338,O00000083,M0001,1,1480.0,0.0,1480.0,
OI000000339,O00000083,M0029,1,660.0,0.0,660.0,
OI000000340,O00000083,M0063,1,1210.0,0.0,1210.0,
OI000000341,O00000083,M0001,4,1480.0,0.0,5920.0,
OI000000342,O00000083,M0076,1,660.0,0.0,660.0,
OI000000343,O00000084,M0006,1,1790.0,0.0,1790.0,
OI000000344,O00000084,M0006,1,1879.5,0.0,1879.5,
OI000000345,O00000084,M0042,2,1210.0,121.0,2299.0,
OI000000346,O00000084,M0013,1,1500.0,0.0,1500.0,
OI000000347,O00000084,M0025,1,273.0,0.0,273.0,
OI000000348,O00000084,M0034,2,1323.0,0.0,2646.0,
OI000000349,O00000084,M0158,3,710.0,0.0,2130.0,
OI000000350,O00000084,M0005,2,451.5,0.0,903.0,
OI000000351,O00000085,M0026,2,450.0,0.0,900.0,
OI000000352,O00000085,M0102,2,456.0,0.0,912.0,
OI000000353,O00000085,M0005,2,430.0,0.0,860.0,
OI000000354,O00000085,M0002,2,546.0,0.0,1092.0,
OI000000355,O00000085,M0001,1,1480.0,222.0,1258.0,
OI000000356,O00000085,M0002,1,520.0,0.0,520.0,
OI000000357,O00000085,M0009,1,1660.0,0.0,1660.0,
OI000000358,O00000086,M0020,1,1110.0,0.0,1110.0,
OI000000359,O00000086,M0048,1,1580.0,0.0,1580.0,
OI000000360,O00000086,M0005,1,430.0,0.0,430.0,
OI000000361,O00000086,M0008,1,880.0,0.0,880.0,
OI000000362,O00000086,M0074,1,684.0,0.0,684.0,
OI000000363,O00000086,M0153,1,1848.0,184.8,1663.2,
OI000000364,O00000086,M0003,1,1050.0,0.0,1050.0,
OI000000365,O00000087,M0028,2,870.0,0.0,1740.0,
OI000000366,O00000087,M0010,5,430.0,0.0,2150.0,
OI000000367,O00000087,M0036,1,1790.0,0.0,1790.0,
OI000000368,O00000087,M0002,1,520.0,0.0,520.0,
OI000000369,O00000088,M0008,1,924.0,0.0,924.0,
OI000000370,O00000088,M0077,2,1630.0,0.0,3260.0,
OI000000371,O00000088,M0114,3,608.0,0.0,1824.0,
OI000000372,O00000088,M0054,1,1120.0,0.0,1120.0,
OI000000373,O00000088,M0170,3,855.0,256.5,2308.5,
OI000000374,O00000088,M0062,1,959.5,0.0,959.5,Customer request
OI000000375,O00000089,M0088,1,1140.0,0.0,1140.0,
OI000000376,O00000089,M0015,3,1680.0,0.0,5040.0,
OI000000377,O00000089,M0004,1,1800.0,0.0,1800.0,
OI000000378,O00000089,M0063,1,1210.0,0.0,1210.0,
OI000000379,O00000089,M0157,2,1460.0,0.0,2920.0,
OI000000380,O00000089,M0190,2,361.0,0.0,722.0,
OI000000381,O00000090,M0025,2,260.0,0.0,520.0,
OI000000382,O00000090,M0038,1,1254.0,0.0,1254.0,
OI000000383,O00000091,M0011,2,1150.0,345.0,1955.0,
OI000000384,O00000091,M0067,2,1512.0,0.0,3024.0,
OI000000385,O00000091,M0095,4,230.0,0.0,920.0,
OI000000386,O00000091,M0001,1,1480.0,0.0,1480.0,
OI000000387,O00000091,M0125,1,336.0,0.0,336.0,
OI000000388,O00000092,M0034,2,1197.0,119.7,2274.3,
OI000000389,O00000092,M0045,1,1134.0,0.0,1134.0,
OI000000390,O00000092,M0005,1,430.0,0.0,430.0,
OI000000391,O00000092,M0001,1,1406.0,0.0,1406.0,
OI000000392,O00000093,M0174,3,535.5,0.0,1606.5,
OI000000393,O00000093,M0162,1,330.0,16.5,313.5,
OI000000394,O00000094,M0098,5,1291.5,0.0,6457.5,
OI000000395,O00000094,M0028,1,870.0,0.0,870.0,
OI000000396,O00000094,M0011,2,1092.5,0.0,2185.0,
OI000000397,O00000094,M0003,1,1102.5,0.0,1102.5,
OI000000398,O00000094,M0002,2,494.0,0.0,988.0,
OI000000399,O00000095,M0025,3,260.0,0.0,780.0,
OI000000400,O00000095,M0104,1,200.0,0.0,200.0,
OI000000401,O00000095,M0082,1,560.5,0.0,560.5,
OI000000402,O00000095,M0091,1,350.0,0.0,350.0,
OI000000403,O00000096,M0002,1,520.0,0.0,520.0,
OI000000404,O00000096,M0132,1,1681.5,168.15,1513.35,
OI000000405,O00000096,M0108,1,430.0,21.5,408.5,
OI000000406,O00000096,M0002,2,520.0,0.0,1040.0,
OI000000407,O00000096,M0015,2,1680.0,0.0,3360.0,
OI000000408,O00000096,M0016,1,1230.0,0.0,1230.0,
OI000000409,O00000096,M0085,1,1720.0,0.0,1720.0,
OI000000410,O00000096,M0131,1,1039.5,0.0,1039.5,
OI000000411,O00000097,M0016,1,1168.5,0.0,1168.5,Customer request
OI000000412,O00000097,M0003,1,1050.0,0.0,1050.0,
OI000000413,O00000097,M0002,1,520.0,0.0,520.0,
OI000000414,O00000098,M0058,1,1350.0,67.5,1282.5,
OI000000415,O00000098,M0031,2,1827.0,0.0,3654.0,
OI000000416,O00000099,M0149,2,920.0,0.0,1840.0,
OI000000417,O00000099,M0175,1,745.5,111.82,633.68,
OI000000418,O00000099,M0147,1,1040.0,0.0,1040.0,
OI000000419,O00000100,M0001,1,1406.0,0.0,1406.0,
OI000000420,O00000100,M0009,1,1660.0,0.0,1660.0,
OI000000421,O00000100,M0007,2,1344.0,0.0,2688.0,
OI000000422,O00000101,M0001,1,1406.0,140.6,1265.4,
OI000000423,O00000101,M0157,1,1533.0,0.0,1533.0,
OI000000424,O00000102,M0146,1,237.5,0.0,237.5,
OI000000425,O00000102,M0018,1,1140.0,0.0,1140.0,Customer request
OI000000426,O00000102,M0178,2,273.0,0.0,546.0,
OI000000427,O00000102,M0042,1,1210.0,0.0,1210.0,
OI000000428,O00000103,M0023,3,609.0,0.0,1827.0,
OI000000429,O00000103,M0040,1,430.0,64.5,365.5,
OI000000430,O00000103,M0021,2,1250.0,0.0,2500.0,
OI000000431,O00000104,M0010,1,430.0,0.0,430.0,
OI000000432,O00000104,M0004,2,1800.0,360.0,3240.0,
OI000000433,O00000104,M0026,1,472.5,47.25,425.25,
OI000000434,O00000105,M0036,1,1790.0,0.0,1790.0,
OI000000435,O00000105,M0115,2,1140.0,0.0,2280.0,
OI000000436,O00000105,M0028,1,913.5,0.0,913.5,
OI000000437,O00000105,M0118,1,1310.0,0.0,1310.0,
OI000000438,O00000106,M0175,1,745.5,0.0,745.5,
OI000000439,O00000106,M0081,1,920.0,0.0,920.0,Customer request
OI000000440,O00000106,M0002,1,520.0,0.0,520.0,
OI000000441,O00000106,M0026,1,472.5,70.88,401.62,
OI000000442,O00000106,M0129,1,1760.0,0.0,1760.0,
OI000000443,O00000107,M0030,2,270.0,27.0,513.0,
OI000000444,O00000107,M0111,1,280.0,0.0,280.0,
OI000000445,O00000107,M0098,2,1230.0,0.0,2460.0,
OI000000446,O00000108,M0003,1,1102.5,110.25,992.25,
OI000000447,O00000108,M0012,1,570.0,0.0,570.0,
OI000000448,O00000108,M0094,1,598.5,0.0,598.5,
OI000000449,O00000108,M0003,1,1050.0,0.0,1050.0,
OI000000450,O00000108,M0021,2,1250.0,0.0,2500.0,
OI000000451,O00000108,M0003,1,1050.0,0.0,1050.0,
OI000000452,O00000109,M0006,2,1790.0,179.0,3401.0,
OI000000453,O00000109,M0009,2,1660.0,0.0,3320.0,
OI000000454,O00000109,M0036,2,1790.0,0.0,3580.0,
OI000000455,O00000109,M0154,2,1660.0,0.0,3320.0,
OI000000456,O00000110,M0017,1,730.0,0.0,730.0,
OI000000457,O00000110,M0126,2,1596.0,0.0,3192.0,
OI000000458,O00000110,M0073,2,399.0,39.9,758.1,
OI000000459,O00000110,M0100,1,1879.5,0.0,1879.5,
OI000000460,O00000110,M0094,2,598.5,0.0,1197.0,
OI000000461,O00000110,M0010,1,430.0,0.0,430.0,
OI000000462,O00000110,M0006,1,1790.0,0.0,1790.0,
OI000000463,O00000111,M0188,1,290.0,0.0,290.0,
OI000000464,O00000111,M0086,3,1740.0,0.0,5220.0,
OI000000465,O00000111,M0015,2,1596.0,0.0,3192.0,
OI000000466,O00000111,M0041,1,1560.0,0.0,1560.0,
OI000000467,O00000112,M0098,1,1168.5,0.0,1168.5,
OI000000468,O00000112,M0001,1,1554.0,0.0,1554.0,
OI000000469,O00000112,M0002,2,520.0,0.0,1040.0,
OI000000470,O00000112,M0001,2,1480.0,296.0,2664.0,
OI000000471,O00000112,M0004,2,1800.0,0.0,3600.0,
OI000000472,O00000112,M0002,1,520.0,0.0,520.0,
OI000000473,O00000113,M0026,3,450.0,0.0,1350.0,
OI000000474,O00000113,M0009,1,1660.0,0.0,1660.0,
OI000000475,O00000113,M0001,1,1480.0,0.0,1480.0,
OI000000476,O00000113,M0024,1,609.0,0.0,609.0,
OI000000477,O00000113,M0045,1,1080.0,0.0,1080.0,
OI000000478,O00000113,M0016,1,1230.0,0.0,1230.0,
OI000000479,O00000113,M0008,2,836.0,0.0,1672.0,
OI000000480,O00000114,M0018,2,1200.0,0.0,2400.0,
OI000000481,O00000114,M0035,1,966.0,0.0,966.0,
OI000000482,O00000114,M0023,2,551.0,0.0,1102.0,
OI000000483,O00000114,M0002,1,546.0,0.0,546.0,
OI000000484,O00000114,M0025,3,247.0,0.0,741.0,
OI000000485,O00000115,M0080,2,826.5,0.0,1653.0,
OI000000486,O00000115,M0114,2,640.0,64.0,1216.0,
OI000000487,O00000115,M0023,1,609.0,0.0,609.0,
OI000000488,O00000115,M0197,1,330.0,0.0,330.0,
OI000000489,O00000116,M0123,1,740.0,0.0,740.0,
OI000000490,O00000116,M0006,2,1700.5,0.0,3401.0,
OI000000491,O00000117,M0025,2,247.0,0.0,494.0,
OI000000492,O00000117,M0010,1,451.5,0.0,451.5,
OI000000493,O00000117,M0040,1,430.0,0.0,430.0,
OI000000494,O00000117,M0006,1,1790.0,179.0,1611.0,
OI000000495,O00000118,M0001,2,1554.0,0.0,3108.0,
OI000000496,O00000118,M0150,1,315.0,0.0,315.0,
OI000000497,O00000118,M0035,1,920.0,0.0,920.0,
OI000000498,O00000119,M0155,1,503.5,0.0,503.5,
OI000000499,O00000119,M0002,1,520.0,0.0,520.0,
OI000000500,O00000119,M0003,1,1050.0,0.0,1050.0,
OI000000501,O00000120,M0006,2,1790.0,0.0,3580.0,
OI000000502,O00000120,M0025,1,273.0,0.0,273.0,
OI000000503,O00000121,M0139,2,1770.0,0.0,3540.0,
OI000000504,O00000121,M0061,2,880.0,264.0,1496.0,
OI000000505,O00000121,M0001,4,1480.0,0.0,5920.0,
OI000000506,O00000121,M0019,1,630.0,0.0,630.0,
OI000000507,O00000122,M0081,3,920.0,0.0,2760.0,
OI000000508,O00000122,M0012,2,541.5,0.0,1083.0,
OI000000509,O00000122,M0030,3,283.5,0.0,850.5,
OI000000510,O00000122,M0078,1,1197.0,0.0,1197.0,
OI000000511,O00000122,M0181,1,280.0,0.0,280.0,
OI000000512,O00000123,M0013,1,1425.0,0.0,1425.0,
OI000000513,O00000123,M0088,1,1140.0,0.0,1140.0,
OI000000514,O00000123,M0089,3,1092.5,0.0,3277.5,
OI000000515,O00000123,M0039,1,1690.0,0.0,1690.0,
OI000000516,O00000123,M0112,2,610.0,61.0,1159.0,
OI000000517,O00000123,M0037,1,1529.5,0.0,1529.5,
OI000000518,O00000124,M0055,1,890.0,0.0,890.0,
OI000000519,O00000124,M0121,2,1510.0,0.0,3020.0,
OI000000520,O00000124,M0028,1,913.5,45.68,867.82,
OI000000521,O00000124,M0028,1,913.5,0.0,913.5,
OI000000522,O00000124,M0048,2,1580.0,0.0,3160.0,
OI000000523,O00000125,M0108,1,430.0,0.0,430.0,
OI000000524,O00000126,M0003,2,997.5,0.0,1995.0,
OI000000525,O00000126,M0097,2,336.0,0.0,672.0,
OI000000526,O00000126,M0010,1,408.5,0.0,408.5,
OI000000527,O00000126,M0001,1,1480.0,0.0,1480.0,
OI000000528,O00000126,M0104,1,190.0,0.0,190.0,
OI000000529,O00000126,M0003,1,1102.5,0.0,1102.5,
OI000000530,O00000126,M0005,1,430.0,0.0,430.0,Customer request
OI000000531,O00000127,M0076,1,693.0,0.0,693.0,
OI000000532,O00000127,M0043,1,1770.0,0.0,1770.0,
OI000000533,O00000128,M0158,1,745.5,0.0,745.5,
OI000000534,O00000128,M0175,1,674.5,0.0,674.5,
OI000000535,O00000128,M0011,3,1092.5,0.0,3277.5,
OI000000536,O00000129,M0012,2,570.0,0.0,1140.0,
OI000000537,O00000129,M0005,1,451.5,67.72,383.78,
OI000000538,O00000130,M0034,1,1260.0,189.0,1071.0,
OI000000539,O00000130,M0017,2,730.0,0.0,1460.0,
OI000000540,O00000130,M0001,1,1480.0,0.0,1480.0,
OI000000541,O00000131,M0018,1,1200.0,0.0,1200.0,
OI000000542,O00000131,M0001,1,1480.0,0.0,1480.0,
OI000000543,O00000131,M0106,2,940.0,0.0,1880.0,
OI000000544,O00000131,M0162,2,330.0,33.0,627.0,
OI000000545,O00000131,M0010,1,430.0,0.0,430.0,
OI000000546,O00000132,M0061,1,924.0,0.0,924.0,
OI000000547,O00000132,M0002,1,520.0,0.0,520.0,
OI000000548,O00000133,M0015,2,1596.0,0.0,3192.0,
OI000000549,O00000133,M0045,1,1080.0,0.0,1080.0,
OI000000550,O00000133,M0002,1,546.0,0.0,546.0,
OI000000551,O00000133,M0016,2,1230.0,0.0,2460.0,
OI000000552,O00000133,M0176,1,1780.0,0.0,1780.0,
OI000000553,O00000133,M0004,1,1890.0,0.0,1890.0,
OI000000554,O00000134,M0054,3,1120.0,0.0,3360.0,
OI000000555,O00000134,M0120,2,1827.0,0.0,3654.0,
OI000000556,O00000135,M0097,4,320.0,192.0,1088.0,
OI000000557,O00000135,M0097,2,320.0,64.0,576.0,Customer request
OI000000558,O00000135,M0001,1,1480.0,0.0,1480.0,
OI000000559,O00000135,M0186,1,1701.0,0.0,1701.0,
OI000000560,O00000135,M0082,1,590.0,0.0,590.0,
OI000000561,O00000136,M0175,2,710.0,0.0,1420.0,
OI000000562,O00000136,M0189,1,1425.0,0.0,1425.0,
OI000000563,O00000136,M0015,1,1680.0,0.0,1680.0,
OI000000564,O00000136,M0039,4,1605.5,0.0,6422.0,Customer request
OI000000565,O00000136,M0083,2,540.0,0.0,1080.0,
OI000000566,O00000136,M0126,3,1596.0,478.8,4309.2,
OI000000567,O00000137,M0184,1,1040.0,104.0,936.0,
OI000000568,O00000137,M0186,1,1620.0,0.0,1620.0,
OI000000569,O00000137,M0012,5,570.0,0.0,2850.0,
OI000000570,O00000137,M0069,1,1170.0,0.0,1170.0,
OI000000571,O00000137,M0003,1,997.5,0.0,997.5,
OI000000572,O00000138,M0111,1,280.0,0.0,280.0,Customer request
OI000000573,O00000138,M0003,1,1102.5,55.12,1047.38,
OI000000574,O00000138,M0144,1,588.0,29.4,558.6,
OI000000575,O00000138,M0189,1,1500.0,0.0,1500.0,
OI000000576,O00000138,M0002,1,546.0,0.0,546.0,
OI000000577,O00000139,M0033,1,310.0,0.0,310.0,Customer request
OI000000578,O00000139,M0008,1,924.0,0.0,924.0,
OI000000579,O00000139,M0027,1,790.0,0.0,790.0,
OI000000580,O00000139,M0010,1,430.0,0.0,430.0,
OI000000581,O00000139,M0001,2,1554.0,0.0,3108.0,
OI000000582,O00000140,M0018,1,1260.0,0.0,1260.0,
OI000000583,O00000140,M0005,4,430.0,0.0,1720.0,
OI000000584,O00000140,M0040,1,430.0,0.0,430.0,
OI000000585,O00000141,M0069,1,1170.0,0.0,1170.0,
OI000000586,O00000141,M0019,1,598.5,0.0,598.5,
OI000000587,O00000141,M0005,1,430.0,0.0,430.0,
OI000000588,O00000141,M0005,2,430.0,0.0,860.0,
OI000000589,O00000141,M0001,1,1406.0,0.0,1406.0,
OI000000590,O00000141,M0075,3,1710.0,256.5,4873.5,
OI000000591,O00000141,M0007,2,1280.0,0.0,2560.0,
OI000000592,O00000142,M0184,2,1040.0,0.0,2080.0,
OI000000593,O00000142,M0089,2,1092.5,0.0,2185.0,
OI000000594,O00000142,M0010,2,451.5,0.0,903.0,
OI000000595,O00000142,M0003,1,1050.0,0.0,1050.0,
OI000000596,O00000142,M0055,1,890.0,89.0,801.0,
OI000000597,O00000143,M0132,1,1770.0,0.0,1770.0,
OI000000598,O00000143,M0046,3,1558.0,0.0,4674.0,
OI000000599,O00000143,M0001,2,1480.0,0.0,2960.0,
OI000000600,O00000143,M0102,2,456.0,0.0,912.0,
OI000000601,O00000143,M0181,2,266.0,0.0,532.0,Customer request
OI000000602,O00000143,M0001,1,1480.0,0.0,1480.0,
OI000000603,O00000143,M0110,1,1650.0,0.0,1650.0,
OI000000604,O00000144,M0080,1,870.0,0.0,870.0,
OI000000605,O00000144,M0018,1,1200.0,0.0,1200.0,
OI000000606,O00000144,M0057,3,500.0,225.0,1275.0,Customer request
OI000000607,O00000144,M0003,1,1050.0,0.0,1050.0,
OI000000608,O00000144,M0080,1,870.0,43.5,826.5,
OI000000609,O00000144,M0046,1,1722.0,0.0,1722.0,
OI000000610,O00000145,M0002,2,520.0,0.0,1040.0,
OI000000611,O00000145,M0134,2,730.0,219.0,1241.0,
OI000000612,O00000146,M0003,2,997.5,0.0,1995.0,
OI000000613,O00000146,M0023,1,551.0,0.0,551.0,
OI000000614,O00000146,M0003,2,1050.0,0.0,2100.0,
OI000000615,O00000146,M0060,1,1180.0,0.0,1180.0,
OI000000616,O00000147,M0086,1,1827.0,0.0,1827.0,
OI000000617,O00000147,M0172,1,1720.0,0.0,1720.0,
OI000000618,O00000147,M0007,1,1280.0,64.0,1216.0,
OI000000619,O00000147,M0015,1,1764.0,0.0,1764.0,
OI000000620,O00000147,M0017,1,730.0,0.0,730.0,
OI000000621,O00000148,M0002,1,520.0,0.0,520.0,
OI000000622,O00000148,M0110,1,1650.0,0.0,1650.0,
OI000000623,O00000148,M0002,1,520.0,0.0,520.0,
OI000000624,O00000149,M0013,1,1500.0,0.0,1500.0,
OI000000625,O00000149,M0004,2,1890.0,567.0,3213.0,
OI000000626,O00000149,M0065,1,850.0,0.0,850.0,
OI000000627,O00000149,M0151,1,619.5,0.0,619.5,
OI000000628,O00000149,M0088,1,1083.0,0.0,1083.0,
OI000000629,O00000150,M0098,2,1230.0,0.0,2460.0,
OI000000630,O00000150,M0002,2,520.0,0.0,1040.0,Customer request
OI000000631,O00000151,M0086,1,1740.0,0.0,1740.0,
OI000000632,O00000151,M0001,1,1554.0,0.0,1554.0,
OI000000633,O00000151,M0029,2,627.0,0.0,1254.0,
OI000000634,O00000151,M0072,1,1340.0,134.0,1206.0,
OI000000635,O00000151,M0007,1,1280.0,0.0,1280.0,
OI000000636,O00000151,M0070,1,1630.0,0.0,1630.0,
OI000000637,O00000152,M0139,1,1770.0,0.0,1770.0,
OI000000638,O00000152,M0138,1,735.0,0.0,735.0,
OI000000639,O00000153,M0005,3,430.0,0.0,1290.0,
OI000000640,O00000153,M0009,1,1577.0,78.85,1498.15,
OI000000641,O00000153,M0065,1,850.0,0.0,850.0,
OI000000642,O00000153,M0123,2,703.0,0.0,1406.0,
OI000000643,O00000154,M0025,3,260.0,0.0,780.0,
OI000000644,O00000154,M0159,4,1092.0,0.0,4368.0,
OI000000645,O00000154,M0044,1,360.0,0.0,360.0,Customer request
OI000000646,O00000154,M0008,1,880.0,0.0,880.0,
OI000000647,O00000154,M0001,5,1480.0,0.0,7400.0,
OI000000648,O00000154,M0110,1,1732.5,0.0,1732.5,
OI000000649,O00000154,M0002,1,520.0,78.0,442.0,Customer request
OI000000650,O00000154,M0001,3,1480.0,0.0,4440.0,
OI000000651,O00000154,M0099,1,598.5,0.0,598.5,
OI000000652,O00000155,M0001,1,1480.0,0.0,1480.0,
OI000000653,O00000155,M0123,1,740.0,0.0,740.0,
OI000000654,O00000155,M0049,1,1450.0,0.0,1450.0,
OI000000655,O00000155,M0058,1,1350.0,135.0,1215.0,
OI000000656,O00000155,M0167,3,532.0,0.0,1596.0,
OI000000657,O00000156,M0133,1,1050.0,0.0,1050.0,
OI000000658,O00000156,M0001,1,1554.0,155.4,1398.6,
OI000000659,O00000156,M0128,1,1123.5,0.0,1123.5,
OI000000660,O00000156,M0065,1,850.0,0.0,850.0,
OI000000661,O00000156,M0011,1,1150.0,0.0,1150.0,
OI000000662,O00000156,M0128,1,1123.5,0.0,1123.5,
OI000000663,O00000157,M0001,1,1480.0,0.0,1480.0,
OI000000664,O00000157,M0121,2,1510.0,0.0,3020.0,
OI000000665,O00000157,M0054,2,1064.0,0.0,2128.0,
OI000000666,O00000157,M0008,1,880.0,0.0,880.0,
OI000000667,O00000158,M0001,1,1480.0,0.0,1480.0,
OI000000668,O00000158,M0035,1,874.0,0.0,874.0,
OI000000669,O00000158,M0021,3,1187.5,0.0,3562.5,
OI000000670,O00000159,M0132,1,1681.5,0.0,1681.5,
OI000000671,O00000159,M0102,1,480.0,0.0,480.0,
OI000000672,O00000159,M0048,1,1501.0,0.0,1501.0,
OI000000673,O00000159,M0003,1,1050.0,0.0,1050.0,
OI000000674,O00000159,M0082,2,590.0,0.0,1180.0,
OI000000675,O00000159,M0048,1,1501.0,0.0,1501.0,
OI000000676,O00000159,M0001,1,1554.0,0.0,1554.0,
OI000000677,O00000160,M0093,4,930.0,0.0,3720.0,
OI000000678,O00000160,M0119,2,240.0,0.0,480.0,
OI000000679,O00000161,M0098,2,1230.0,0.0,2460.0,
OI000000680,O00000161,M0004,1,1710.0,0.0,1710.0,
OI000000681,O00000161,M0032,1,788.5,0.0,788.5,
OI000000682,O00000162,M0036,1,1790.0,0.0,1790.0,
OI000000683,O00000162,M0165,1,540.0,0.0,540.0,
OI000000684,O00000162,M0161,1,410.0,20.5,389.5,
OI000000685,O00000163,M0001,1,1480.0,0.0,1480.0,Customer request
OI000000686,O00000163,M0200,2,1160.0,0.0,2320.0,Customer request
OI000000687,O00000163,M0102,1,480.0,0.0,480.0,
OI000000688,O00000164,M0016,1,1168.5,0.0,1168.5,
OI000000689,O00000164,M0087,1,1680.0,0.0,1680.0,
OI000000690,O00000164,M0016,2,1291.5,0.0,2583.0,
OI000000691,O00000164,M0166,1,370.0,0.0,370.0,Customer request
OI000000692,O00000164,M0017,1,730.0,0.0,730.0,
OI000000693,O00000165,M0095,3,230.0,69.0,621.0,
OI000000694,O00000166,M0003,1,1050.0,0.0,1050.0,
OI000000695,O00000166,M0127,1,770.0,0.0,770.0,
OI000000696,O00000166,M0054,1,1120.0,0.0,1120.0,
OI000000697,O00000166,M0110,1,1567.5,0.0,1567.5,
OI000000698,O00000166,M0021,1,1187.5,0.0,1187.5,
OI000000699,O00000166,M0014,2,1710.0,0.0,3420.0,
OI000000700,O00000167,M0037,1,1610.0,0.0,1610.0,
OI000000701,O00000167,M0018,2,1200.0,0.0,2400.0,
OI000000702,O00000167,M0034,2,1260.0,0.0,2520.0,
OI000000703,O00000167,M0022,1,1240.0,0.0,1240.0,
OI000000704,O00000167,M0005,2,408.5,0.0,817.0,
OI000000705,O00000168,M0187,1,870.0,0.0,870.0,
OI000000706,O00000168,M0001,1,1480.0,0.0,1480.0,
OI000000707,O00000168,M0161,1,389.5,0.0,389.5,
OI000000708,O00000168,M0117,1,1197.0,0.0,1197.0,
OI000000709,O00000168,M0021,2,1250.0,0.0,2500.0,
OI000000710,O00000168,M0012,1,570.0,0.0,570.0,
OI000000711,O00000168,M0004,2,1800.0,0.0,3600.0,
OI000000712,O00000169,M0003,1,1102.5,0.0,1102.5,
OI000000713,O00000169,M0040,1,451.5,0.0,451.5,
OI000000714,O00000169,M0002,3,494.0,0.0,1482.0,
OI000000715,O00000169,M0028,1,870.0,0.0,870.0,
OI000000716,O00000169,M0112,1,610.0,0.0,610.0,
OI000000717,O00000169,M0092,2,890.0,0.0,1780.0,
OI000000718,O00000170,M0003,1,1102.5,0.0,1102.5,
OI000000719,O00000170,M0179,2,1512.0,0.0,3024.0,
OI000000720,O00000170,M0009,1,1660.0,0.0,1660.0,
OI000000721,O00000170,M0076,1,627.0,0.0,627.0,
OI000000722,O00000170,M0010,1,408.5,0.0,408.5,
OI000000723,O00000170,M0053,1,1858.5,185.85,1672.65,
OI000000724,O00000170,M0044,2,360.0,0.0,720.0,
OI000000725,O00000171,M0004,1,1890.0,0.0,1890.0,
OI000000726,O00000171,M0062,1,1010.0,0.0,1010.0,
OI000000727,O00000171,M0012,2,570.0,0.0,1140.0,
OI000000728,O00000171,M0052,2,710.0,0.0,1420.0,
OI000000729,O00000171,M0038,2,1320.0,0.0,2640.0,
OI000000730,O00000172,M0123,1,740.0,0.0,740.0,
OI000000731,O00000172,M0005,1,430.0,0.0,430.0,Customer request
OI000000732,O00000172,M0003,2,997.5,0.0,1995.0,
OI000000733,O00000173,M0128,1,1123.5,0.0,1123.5,
OI000000734,O00000173,M0024,1,580.0,0.0,580.0,
OI000000735,O00000173,M0100,1,1879.5,0.0,1879.5,
OI000000736,O00000173,M0178,1,260.0,0.0,260.0,
OI000000737,O00000174,M0039,1,1690.0,0.0,1690.0,
OI000000738,O00000174,M0010,1,451.5,0.0,451.5,
OI000000739,O00000174,M0105,1,1310.0,0.0,1310.0,
OI000000740,O00000174,M0163,2,1390.0,0.0,2780.0,
OI000000741,O00000174,M0007,2,1280.0,0.0,2560.0,
OI000000742,O00000174,M0071,2,661.5,0.0,1323.0,
OI000000743,O00000174,M0100,3,1879.5,0.0,5638.5,
OI000000744,O00000174,M0001,1,1406.0,70.3,1335.7,
OI000000745,O00000175,M0048,3,1659.0,0.0,4977.0,
OI000000746,O00000175,M0057,1,500.0,75.0,425.0,
OI000000747,O00000175,M0058,1,1350.0,0.0,1350.0,
OI000000748,O00000175,M0002,1,520.0,0.0,520.0,
OI000000749,O00000176,M0001,1,1480.0,0.0,1480.0,
OI000000750,O00000176,M0010,2,430.0,0.0,860.0,
OI000000751,O00000176,M0015,1,1764.0,0.0,1764.0,
OI000000752,O00000176,M0003,4,1050.0,0.0,4200.0,
OI000000753,O00000177,M0033,3,310.0,0.0,930.0,
OI000000754,O00000177,M0006,3,1790.0,0.0,5370.0,
OI000000755,O00000177,M0013,1,1425.0,0.0,1425.0,
OI000000756,O00000177,M0010,2,451.5,0.0,903.0,
OI000000757,O00000177,M0097,1,320.0,0.0,320.0,
OI000000758,O00000178,M0138,3,700.0,0.0,2100.0,
OI000000759,O00000178,M0010,2,430.0,0.0,860.0,
OI000000760,O00000178,M0016,1,1230.0,123.0,1107.0,
OI000000761,O00000178,M0113,2,798.0,0.0,1596.0,
OI000000762,O00000178,M0092,1,890.0,0.0,890.0,Customer request
OI000000763,O00000179,M0077,3,1711.5,0.0,5134.5,
OI000000764,O00000179,M0077,1,1630.0,0.0,1630.0,
OI000000765,O00000179,M0010,3,451.5,0.0,1354.5,
OI000000766,O00000179,M0166,1,370.0,0.0,370.0,
OI000000767,O00000179,M0110,2,1567.5,0.0,3135.0,
OI000000768,O00000179,M0005,1,451.5,0.0,451.5,
OI000000769,O00000180,M0064,1,399.0,0.0,399.0,
OI000000770,O00000180,M0003,1,1102.5,55.12,1047.38,
OI000000771,O00000180,M0045,4,1080.0,0.0,4320.0,
OI000000772,O00000181,M0009,1,1660.0,0.0,1660.0,
OI000000773,O00000181,M0002,1,520.0,52.0,468.0,
OI000000774,O00000181,M0050,1,800.0,0.0,800.0,
OI000000775,O00000182,M0141,5,1282.5,0.0,6412.5,
OI000000776,O00000182,M0003,1,1050.0,0.0,1050.0,
OI000000777,O00000182,M0148,1,1180.0,177.0,1003.0,
OI000000778,O00000182,M0003,3,1050.0,0.0,3150.0,
OI000000779,O00000183,M0087,2,1680.0,0.0,3360.0,
OI000000780,O00000183,M0195,2,230.0,0.0,460.0,
OI000000781,O00000183,M0002,1,546.0,0.0,546.0,
OI000000782,O00000183,M0005,1,430.0,0.0,430.0,
OI000000783,O00000184,M0026,2,427.5,0.0,855.0,
OI000000784,O00000184,M0086,1,1740.0,0.0,1740.0,
OI000000785,O00000184,M0147,1,1040.0,0.0,1040.0,
OI000000786,O00000185,M0083,4,540.0,324.0,1836.0,
OI000000787,O00000185,M0097,2,304.0,0.0,608.0,
OI000000788,O00000185,M0025,1,273.0,0.0,273.0,
OI000000789,O00000186,M0014,1,1710.0,0.0,1710.0,
OI000000790,O00000186,M0033,1,310.0,0.0,310.0,
OI000000791,O00000187,M0061,1,880.0,0.0,880.0,
OI000000792,O00000187,M0032,2,830.0,0.0,1660.0,
OI000000793,O00000187,M0103,4,1150.0,690.0,3910.0,
OI000000794,O00000187,M0003,1,1102.5,0.0,1102.5,
OI000000795,O00000188,M0018,1,1260.0,0.0,1260.0,
OI000000796,O00000188,M0001,1,1554.0,0.0,1554.0,
OI000000797,O00000188,M0067,2,1440.0,0.0,2880.0,
OI000000798,O00000189,M0092,1,934.5,0.0,934.5,
OI000000799,O00000189,M0065,2,892.5,89.25,1695.75,
OI000000800,O00000189,M0176,1,1780.0,0.0,2779.0,
OI000000801,O00000189,M0164,1,1270.0,0.0,1270.0,
OI000000802,O00000190,M0008,4,836.0,334.4,3009.6,
OI000000803,O00000190,M0007,1,1216.0,0.0,1216.0,
OI000000804,O00000191,M0001,1,1406.0,0.0,1406.0,
OI000000805,O00000191,M0032,1,830.0,0.0,830.0,
OI000000806,O00000192,M0131,1,990.0,0.0,990.0,
OI000000807,O00000192,M0003,1,1102.5,0.0,1102.5,
OI000000808,O00000192,M0048,4,1580.0,0.0,6320.0,
OI000000809,O00000192,M0080,1,870.0,0.0,870.0,
OI000000810,O00000192,M0016,1,1230.0,0.0,1230.0,
OI000000811,O00000193,M0075,1,1710.0,0.0,1710.0,
OI000000812,O00000193,M0121,1,1510.0,0.0,1510.0,
OI000000813,O00000194,M0001,1,1480.0,0.0,1480.0,
OI000000814,O00000194,M0085,1,1720.0,0.0,1720.0,
OI000000815,O00000194,M0050,1,800.0,0.0,800.0,
OI000000816,O00000195,M0124,2,931.0,0.0,1862.0,
OI000000817,O00000195,M0003,2,1102.5,0.0,2205.0,Customer request
OI000000818,O00000195,M0109,1,1420.0,0.0,1420.0,
OI000000819,O00000195,M0003,1,1102.5,0.0,1102.5,
OI000000820,O00000196,M0047,3,1690.5,0.0,5071.5,
OI000000821,O00000197,M0008,1,880.0,0.0,880.0,
OI000000822,O00000197,M0007,1,1344.0,0.0,1344.0,
OI000000823,O00000197,M0031,1,1740.0,0.0,1740.0,
OI000000824,O00000197,M0092,2,890.0,0.0,1780.0,
OI000000825,O00000197,M0060,1,1180.0,0.0,1180.0,
OI000000826,O00000197,M0194,1,1333.5,0.0,1333.5,
OI000000827,O00000197,M0002,1,546.0,0.0,546.0,
OI000000828,O00000198,M0081,1,966.0,0.0,966.0,
OI000000829,O00000198,M0001,2,1480.0,0.0,2960.0,Customer request
OI000000830,O00000198,M0015,1,1596.0,0.0,1596.0,Customer request
OI000000831,O00000198,M0013,1,1500.0,0.0,1500.0,
OI000000832,O00000199,M0007,1,1280.0,0.0,1280.0,
OI000000833,O00000199,M0037,1,1610.0,241.5,1368.5,
OI000000834,O00000199,M0007,4,1280.0,0.0,5120.0,
OI000000835,O00000199,M0016,2,1230.0,0.0,2460.0,
OI000000836,O00000200,M0130,1,1070.0,0.0,1070.0,
OI000000837,O00000200,M0012,3,598.5,89.78,1705.72,
OI000000838,O00000200,M0192,1,540.0,0.0,540.0,
OI000000839,O00000200,M0009,1,1577.0,0.0,1577.0,
OI000000840,O00000201,M0150,1,300.0,0.0,300.0,Customer request
OI000000841,O00000201,M0022,1,1240.0,0.0,1240.0,
OI000000842,O00000201,M0152,2,560.0,112.0,1008.0,
OI000000843,O00000201,M0022,1,1240.0,124.0,1116.0,
OI000000844,O00000201,M0096,1,693.5,0.0,693.5,
OI000000845,O00000202,M0019,2,598.5,0.0,1197.0,
OI000000846,O00000202,M0054,1,1176.0,0.0,1176.0,
OI000000847,O00000202,M0001,1,1480.0,74.0,1406.0,
OI000000848,O00000203,M0049,1,1377.5,0.0,1377.5,
OI000000849,O00000203,M0011,1,1150.0,0.0,1150.0,
OI000000850,O00000203,M0198,1,680.0,0.0,680.0,
OI000000851,O00000203,M0111,1,280.0,0.0,280.0,
OI000000852,O00000203,M0002,1,546.0,0.0,546.0,
OI000000853,O00000204,M0005,1,430.0,0.0,430.0,
OI000000854,O00000204,M0053,1,1858.5,0.0,1858.5,
OI000000855,O00000204,M0010,1,451.5,0.0,451.5,
OI000000856,O00000204,M0005,1,408.5,40.85,367.65,
OI000000857,O00000204,M0014,1,1624.5,0.0,1624.5,
OI000000858,O00000204,M0002,3,520.0,0.0,1560.0,
OI000000859,O00000205,M0041,3,1638.0,0.0,4914.0,
OI000000860,O00000205,M0009,5,1660.0,830.0,7470.0,
OI000000861,O00000205,M0134,1,693.5,0.0,693.5,
OI000000862,O00000205,M0001,1,1406.0,0.0,1406.0,
OI000000863,O00000205,M0014,2,1624.5,0.0,3249.0,
OI000000864,O00000206,M0040,3,408.5,0.0,1225.5,
OI000000865,O00000206,M0006,1,1879.5,0.0,1879.5,
OI000000866,O00000206,M0001,1,1480.0,0.0,1480.0,
OI000000867,O00000206,M0001,1,1406.0,0.0,1406.0,
OI000000868,O00000206,M0003,1,1050.0,0.0,1050.0,
OI000000869,O00000206,M0008,1,924.0,0.0,924.0,
OI000000870,O00000207,M0076,1,660.0,0.0,660.0,
OI000000871,O00000207,M0028,1,870.0,0.0,870.0,
OI000000872,O00000208,M0001,2,1480.0,0.0,2960.0,
OI000000873,O00000208,M0003,1,1050.0,105.0,945.0,
OI000000874,O00000208,M0016,1,1230.0,0.0,1230.0,
OI000000875,O00000208,M0021,2,1312.5,131.25,2493.75,
OI000000876,O00000208,M0001,1,1480.0,0.0,1480.0,
OI000000877,O00000208,M0002,1,520.0,0.0,520.0,
OI000000878,O00000209,M0008,1,880.0,0.0,880.0,
OI000000879,O00000209,M0121,2,1510.0,0.0,3020.0,
OI000000880,O00000209,M0005,2,451.5,0.0,903.0,Customer request
OI000000881,O00000209,M0006,1,1790.0,89.5,1700.5,
OI000000882,O00000209,M0031,5,1740.0,0.0,8700.0,
OI000000883,O00000209,M0144,1,560.0,0.0,560.0,
OI000000884,O00000209,M0036,1,1790.0,89.5,1700.5,
OI000000885,O00000209,M0002,1,520.0,0.0,520.0,
OI000000886,O00000210,M0004,2,1800.0,0.0,3600.0,
OI000000887,O00000210,M0129,1,1672.0,250.8,1421.2,
OI000000888,O00000210,M0138,1,735.0,0.0,735.0,
OI000000889,O00000210,M0105,2,1310.0,0.0,2620.0,
OI000000890,O00000211,M0038,3,1320.0,0.0,3960.0,
OI000000891,O00000211,M0023,2,580.0,0.0,1160.0,
OI000000892,O00000211,M0008,2,880.0,0.0,1760.0,
OI000000893,O00000212,M0039,1,1690.0,0.0,1690.0,
OI000000894,O00000212,M0070,1,1630.0,0.0,1630.0,
OI000000895,O00000212,M0050,1,840.0,0.0,840.0,
OI000000896,O00000212,M0006,2,1790.0,179.0,3401.0,
OI000000897,O00000212,M0150,2,300.0,0.0,600.0,
OI000000898,O00000212,M0018,1,1200.0,180.0,1020.0,
OI000000899,O00000213,M0141,2,1350.0,135.0,2565.0,
OI000000900,O00000213,M0018,1,1140.0,0.0,1140.0,
OI000000901,O00000213,M0001,1,1480.0,0.0,1480.0,Customer request
OI000000902,O00000213,M0086,1,1827.0,0.0,1827.0,
OI000000903,O00000213,M0158,1,674.5,0.0,674.5,
OI000000904,O00000213,M0007,1,1280.0,0.0,1280.0,
OI000000905,O00000213,M0039,1,1690.0,0.0,1690.0,
OI000000906,O00000214,M0110,1,1650.0,0.0,1650.0,
OI000000907,O00000214,M0012,3,570.0,0.0,1710.0,
OI000000908,O00000214,M0009,1,1743.0,0.0,1743.0,
OI000000909,O00000215,M0020,2,1054.5,0.0,2109.0,
OI000000910,O00000215,M0040,2,430.0,0.0,860.0,
OI000000911,O00000215,M0040,1,451.5,0.0,451.5,
OI000000912,O00000216,M0029,1,627.0,0.0,627.0,
OI000000913,O00000216,M0114,1,672.0,0.0,672.0,
OI000000914,O00000216,M0003,1,1102.5,0.0,1102.5,
OI000000915,O00000216,M0002,2,520.0,0.0,1040.0,
OI000000916,O00000216,M0004,1,1800.0,0.0,1800.0,
OI000000917,O00000217,M0075,2,1624.5,162.45,3086.55,
OI000000918,O00000217,M0003,3,1050.0,0.0,3150.0,
OI000000919,O00000217,M0012,2,541.5,0.0,1083.0,
OI000000920,O00000217,M0139,1,1770.0,265.5,1504.5,
OI000000921,O00000217,M0003,1,997.5,0.0,997.5,
OI000000922,O00000217,M0036,2,1790.0,0.0,3580.0,
OI000000923,O00000217,M0032,1,871.5,43.58,827.92,
OI000000924,O00000217,M0001,1,1480.0,0.0,1480.0,
OI000000925,O00000218,M0002,4,494.0,0.0,1976.0,
OI000000926,O00000218,M0173,1,1750.0,0.0,1750.0,
OI000000927,O00000218,M0179,1,1368.0,205.2,1162.8,
OI000000928,O00000218,M0137,1,1770.0,0.0,1770.0,
OI000000929,O00000218,M0022,1,1240.0,124.0,1116.0,
OI000000930,O00000219,M0048,1,1501.0,0.0,1501.0,
OI000000931,O00000219,M0116,1,420.0,0.0,420.0,
OI000000932,O00000219,M0068,5,966.0,0.0,4830.0,
OI000000933,O00000219,M0146,1,237.5,0.0,237.5,
OI000000934,O00000220,M0011,1,1150.0,0.0,1150.0,
OI000000935,O00000220,M0055,2,890.0,0.0,1780.0,
OI000000936,O00000221,M0043,4,1858.5,0.0,7434.0,
OI000000937,O00000221,M0192,1,513.0,0.0,513.0,
OI000000938,O00000221,M0138,1,700.0,0.0,700.0,
OI000000939,O00000221,M0004,1,1890.0,0.0,1890.0,Customer request
OI000000940,O00000222,M0001,3,1480.0,0.0,4440.0,
OI000000941,O00000222,M0024,1,551.0,0.0,551.0,
OI000000942,O00000222,M0039,1,1690.0,0.0,1690.0,
OI000000943,O00000222,M0103,1,1150.0,0.0,1150.0,
OI000000944,O00000222,M0003,1,997.5,0.0,997.5,
OI000000945,O00000222,M0158,3,745.5,0.0,2236.5,
OI000000946,O00000222,M0044,1,360.0,0.0,360.0,
OI000000947,O00000223,M0123,1,740.0,0.0,740.0,
OI000000948,O00000223,M0121,1,1585.5,237.82,1347.68,
OI000000949,O00000223,M0174,1,510.0,0.0,510.0,
OI000000950,O00000223,M0063,1,1210.0,0.0,1210.0,
OI000000951,O00000223,M0101,1,550.0,0.0,550.0,
OI000000952,O00000224,M0115,1,1083.0,0.0,1083.0,
OI000000953,O00000224,M0027,1,790.0,118.5,671.5,
OI000000954,O00000224,M0022,2,1240.0,0.0,2480.0,
OI000000955,O00000224,M0171,1,1558.0,0.0,1558.0,
OI000000956,O00000225,M0001,1,1554.0,0.0,1554.0,
OI000000957,O00000225,M0175,1,710.0,0.0,710.0,
OI000000958,O00000225,M0045,2,1080.0,0.0,2160.0,
OI000000959,O00000225,M0010,2,451.5,0.0,903.0,
OI000000960,O00000225,M0041,2,1560.0,0.0,3120.0,
OI000000961,O00000225,M0058,4,1350.0,0.0,5400.0,
OI000000962,O00000225,M0002,1,546.0,0.0,546.0,
OI000000963,O00000226,M0066,1,609.0,0.0,609.0,
OI000000964,O00000226,M0150,1,300.0,45.0,255.0,
OI000000965,O00000226,M0184,1,1040.0,0.0,1040.0,
OI000000966,O00000226,M0050,1,760.0,0.0,760.0,
OI000000967,O00000227,M0012,1,570.0,0.0,570.0,
OI000000968,O00000227,M0042,2,1149.5,0.0,2299.0,
OI000000969,O00000227,M0001,1,1406.0,0.0,1406.0,
OI000000970,O00000228,M0158,2,745.5,0.0,1491.0,
OI000000971,O00000228,M0101,1,522.5,78.38,444.12,
OI000000972,O00000228,M0004,1,1710.0,0.0,1710.0,Customer request
OI000000973,O00000228,M0052,2,710.0,0.0,1420.0,
OI000000974,O00000228,M0001,2,1480.0,0.0,2960.0,
OI000000975,O00000229,M0006,1,1790.0,0.0,1790.0,
OI000000976,O00000229,M0004,1,1890.0,283.5,1606.5,
OI000000977,O00000229,M0003,1,1050.0,0.0,1050.0,
OI000000978,O00000229,M0040,1,430.0,0.0,430.0,
OI000000979,O00000229,M0181,2,280.0,84.0,476.0,
OI000000980,O00000229,M0003,1,1050.0,0.0,1050.0,
OI000000981,O00000230,M0136,1,740.0,0.0,740.0,
OI000000982,O00000230,M0002,1,520.0,0.0,520.0,
OI000000983,O00000230,M0002,1,494.0,0.0,494.0,
OI000000984,O00000231,M0056,1,250.0,0.0,250.0,
OI000000985,O00000231,M0044,1,342.0,0.0,342.0,
OI000000986,O00000231,M0013,1,1500.0,0.0,1500.0,
OI000000987,O00000231,M0037,1,1690.5,253.58,1436.92,
OI000000988,O00000231,M0091,4,350.0,0.0,1400.0,
OI000000989,O00000232,M0097,1,320.0,32.0,288.0,
OI000000990,O00000232,M0001,1,1480.0,0.0,1480.0,
OI000000991,O00000233,M0001,2,1554.0,0.0,3108.0,
OI000000992,O00000233,M0001,2,1480.0,0.0,2960.0,Customer request
OI000000993,O00000233,M0001,1,1480.0,0.0,1480.0,
OI000000994,O00000234,M0122,2,470.0,0.0,940.0,
OI000000995,O00000234,M0002,2,520.0,0.0,1040.0,
OI000000996,O00000234,M0077,3,1630.0,0.0,4890.0,
OI000000997,O00000234,M0189,3,1500.0,0.0,4500.0,
OI000000998,O00000234,M0115,1,1083.0,0.0,1083.0,
OI000000999,O00000234,M0001,1,1480.0,0.0,1480.0,
OI000001000,O00000235,M0146,2,250.0,0.0,500.0,
OI000001001,O00000235,M0177,1,210.0,0.0,210.0,
OI000001002,O00000236,M0076,1,660.0,66.0,594.0,
OI000001003,O00000236,M0053,3,1770.0,0.0,5310.0,
OI000001004,O00000237,M0050,5,800.0,600.0,3400.0,
OI000001005,O00000237,M0114,3,640.0,0.0,1920.0,
OI000001006,O00000237,M0040,1,430.0,0.0,430.0,
OI000001007,O00000237,M0013,1,1425.0,0.0,1425.0,
OI000001008,O00000237,M0184,1,1092.0,0.0,1092.0,
OI000001009,O00000237,M0001,2,1480.0,0.0,2960.0,
OI000001010,O00000238,M0065,1,892.5,0.0,892.5,
OI000001011,O00000238,M0047,1,1610.0,241.5,1368.5,
OI000001012,O00000238,M0058,1,1417.5,0.0,1417.5,
OI000001013,O00000238,M0059,2,627.0,0.0,1254.0,
OI000001014,O00000238,M0002,2,520.0,0.0,1040.0,
OI000001015,O00000239,M0003,1,1050.0,157.5,892.5,Customer request
OI000001016,O00000239,M0001,2,1480.0,0.0,2960.0,
OI000001017,O00000240,M0167,2,532.0,0.0,1064.0,
OI000001018,O00000240,M0052,3,745.5,0.0,2236.5,
OI000001019,O00000240,M0001,1,1480.0,222.0,1258.0,
OI000001020,O00000240,M0022,1,1240.0,0.0,1240.0,
OI000001021,O00000240,M0015,2,1680.0,0.0,3360.0,
OI000001022,O00000240,M0003,1,1050.0,0.0,1050.0,
OI000001023,O00000240,M0115,1,1083.0,0.0,1083.0,
OI000001024,O00000240,M0098,4,1291.5,0.0,5166.0,
OI000001025,O00000241,M0026,2,472.5,94.5,850.5,
OI000001026,O00000241,M0035,5,874.0,0.0,4370.0,
OI000001027,O00000242,M0023,1,551.0,0.0,551.0,
OI000001028,O00000242,M0040,1,430.0,0.0,430.0,
OI000001029,O00000242,M0084,1,1540.0,0.0,1540.0,
OI000001030,O00000243,M0137,1,1770.0,0.0,1770.0,
OI000001031,O00000243,M0048,1,1580.0,0.0,1580.0,
OI000001032,O00000243,M0002,1,546.0,0.0,546.0,
OI000001033,O00000244,M0097,1,336.0,0.0,336.0,
OI000001034,O00000244,M0016,1,1168.5,175.28,993.22,
OI000001035,O00000244,M0056,3,250.0,0.0,750.0,
OI000001036,O00000244,M0005,2,430.0,0.0,860.0,
OI000001037,O00000244,M0004,1,1800.0,0.0,1800.0,
OI000001038,O00000244,M0001,1,1480.0,0.0,1480.0,
OI000001039,O00000245,M0011,1,1150.0,0.0,1150.0,
OI000001040,O00000245,M0049,1,1450.0,0.0,1450.0,
OI000001041,O00000245,M0011,5,1092.5,0.0,5462.5,
OI000001042,O00000245,M0007,2,1280.0,0.0,2560.0,
OI000001043,O00000245,M0198,2,680.0,0.0,1360.0,
OI000001044,O00000246,M0200,2,1160.0,0.0,2320.0,
OI000001045,O00000246,M0051,1,750.0,0.0,750.0,
OI000001046,O00000246,M0012,2,570.0,0.0,1140.0,
OI000001047,O00000246,M0131,1,990.0,0.0,990.0,
OI000001048,O00000247,M0085,1,1720.0,0.0,1720.0,
OI000001049,O00000247,M0053,1,1681.5,0.0,1681.5,Customer request
OI000001050,O00000247,M0152,3,560.0,0.0,1680.0,Customer request
OI000001051,O00000247,M0024,1,580.0,0.0,580.0,
OI000001052,O00000247,M0007,1,1280.0,0.0,1280.0,
OI000001053,O00000247,M0182,4,1567.5,0.0,6270.0,
OI000001054,O00000247,M0131,2,1039.5,0.0,2079.0,
OI000001055,O00000247,M0154,2,1660.0,0.0,3320.0,
OI000001056,O00000248,M0157,2,1460.0,0.0,2920.0,
OI000001057,O00000248,M0017,3,730.0,0.0,2190.0,
OI000001058,O00000248,M0131,3,1039.5,311.85,2806.65,
OI000001059,O00000248,M0143,3,800.0,0.0,2400.0,
OI000001060,O00000249,M0039,2,1690.0,0.0,3380.0,
OI000001061,O00000249,M0055,1,934.5,0.0,934.5,
OI000001062,O00000250,M0045,2,1080.0,0.0,2160.0,
OI000001063,O00000250,M0001,1,1480.0,0.0,1480.0,
OI000001064,O00000250,M0037,2,1610.0,0.0,3220.0,
OI000001065,O00000250,M0001,4,1406.0,0.0,5624.0,
OI000001066,O00000250,M0025,1,260.0,0.0,260.0,
OI000001067,O00000251,M0001,2,1480.0,0.0,2960.0,
OI000001068,O00000251,M0025,1,260.0,0.0,260.0,
OI000001069,O00000251,M0010,1,430.0,0.0,430.0,
OI000001070,O00000251,M0097,2,304.0,30.4,577.6,
OI000001071,O00000252,M0028,1,913.5,0.0,913.5,
OI000001072,O00000252,M0033,2,310.0,31.0,589.0,
OI000001073,O00000253,M0150,3,285.0,0.0,855.0,
OI000001074,O00000253,M0029,2,660.0,66.0,1254.0,
OI000001075,O00000253,M0003,1,1050.0,0.0,1050.0,
OI000001076,O00000253,M0002,2,520.0,0.0,1040.0,
OI000001077,O00000253,M0011,3,1207.5,0.0,3622.5,
OI000001078,O00000253,M0008,4,880.0,0.0,3520.0,
OI000001079,O00000253,M0114,1,640.0,0.0,640.0,Customer request
OI000001080,O00000254,M0092,1,934.5,0.0,934.5,
OI000001081,O00000254,M0001,3,1480.0,0.0,4440.0,
OI000001082,O00000254,M0005,2,430.0,0.0,860.0,
OI000001083,O00000254,M0024,2,609.0,0.0,1218.0,
OI000001084,O00000254,M0002,2,520.0,0.0,1040.0,
OI000001085,O00000255,M0004,1,1800.0,0.0,1800.0,
OI000001086,O00000255,M0152,2,532.0,0.0,1064.0,
OI000001087,O00000255,M0038,1,1320.0,0.0,1320.0,
OI000001088,O00000256,M0106,1,987.0,0.0,987.0,
OI000001089,O00000256,M0012,2,541.5,0.0,1083.0,
OI000001090,O00000257,M0016,1,1230.0,0.0,1230.0,
OI000001091,O00000257,M0130,2,1123.5,0.0,2247.0,
OI000001092,O00000257,M0063,1,1270.5,0.0,1270.5,
OI000001093,O00000257,M0068,1,920.0,0.0,920.0,
OI000001094,O00000257,M0058,3,1417.5,0.0,4252.5,Customer request
OI000001095,O00000258,M0038,2,1320.0,0.0,2640.0,
OI000001096,O00000258,M0195,2,230.0,46.0,414.0,
OI000001097,O00000258,M0146,2,250.0,0.0,500.0,
OI000001098,O00000258,M0077,1,1630.0,0.0,1630.0,
OI000001099,O00000258,M0068,2,920.0,0.0,1840.0,
OI000001100,O00000259,M0002,1,520.0,0.0,520.0,
OI000001101,O00000259,M0029,1,693.0,0.0,693.0,
OI000001102,O00000259,M0031,2,1653.0,0.0,3306.0,
OI000001103,O00000259,M0001,2,1480.0,148.0,2812.0,
OI000001104,O00000259,M0091,4,332.5,0.0,1330.0,
OI000001105,O00000259,M0001,2,1480.0,0.0,2960.0,
OI000001106,O00000260,M0022,1,1240.0,0.0,1240.0,
OI000001107,O00000260,M0150,1,300.0,0.0,300.0,
OI000001108,O00000260,M0013,2,1500.0,0.0,3000.0,
OI000001109,O00000260,M0046,1,1558.0,0.0,1558.0,
OI000001110,O00000260,M0011,5,1150.0,0.0,5750.0,
OI000001111,O00000261,M0004,1,1710.0,0.0,1710.0,
OI000001112,O00000261,M0083,2,540.0,0.0,1080.0,
OI000001113,O00000261,M0005,1,430.0,0.0,430.0,
OI000001114,O00000262,M0001,1,1554.0,0.0,1554.0,
OI000001115,O00000262,M0023,1,580.0,0.0,580.0,
OI000001116,O00000262,M0077,1,1630.0,0.0,1630.0,
OI000001117,O00000262,M0046,2,1640.0,0.0,3280.0,
OI000001118,O00000262,M0007,4,1216.0,729.6,4134.4,
OI000001119,O00000263,M0113,1,840.0,0.0,840.0,
OI000001120,O00000263,M0002,3,520.0,0.0,1560.0,
OI000001121,O00000263,M0066,1,580.0,0.0,580.0,
OI000001122,O00000263,M0051,2,787.5,0.0,1575.0,
OI000001123,O00000264,M0148,1,1180.0,0.0,1180.0,
OI000001124,O00000264,M0036,1,1790.0,0.0,1790.0,
OI000001125,O00000264,M0114,1,608.0,0.0,608.0,
OI000001126,O00000264,M0006,1,1790.0,0.0,1790.0,
OI000001127,O00000265,M0039,1,1690.0,0.0,1690.0,
OI000001128,O00000265,M0037,1,1610.0,0.0,1610.0,
OI000001129,O00000265,M0010,4,430.0,0.0,1720.0,
OI000001130,O00000265,M0001,2,1480.0,0.0,2960.0,
OI000001131,O00000265,M0088,1,1140.0,57.0,1083.0,
OI000001132,O00000266,M0018,3,1200.0,0.0,3600.0,
OI000001133,O00000266,M0010,1,451.5,0.0,451.5,
OI000001134,O00000266,M0005,1,430.0,0.0,430.0,
OI000001135,O00000267,M0127,2,770.0,154.0,1386.0,
OI000001136,O00000267,M0013,1,1425.0,0.0,1425.0,Customer request
OI000001137,O00000267,M0005,5,430.0,0.0,2150.0,
OI000001138,O00000267,M0035,1,966.0,0.0,966.0,
OI000001139,O00000267,M0100,1,1790.0,0.0,1790.0,
OI000001140,O00000267,M0050,2,760.0,0.0,1520.0,
OI000001141,O00000267,M0178,1,260.0,0.0,260.0,
OI000001142,O00000268,M0177,1,200.0,0.0,200.0,
OI000001143,O00000268,M0149,1,966.0,0.0,966.0,
OI000001144,O00000268,M0043,2,1770.0,0.0,3540.0,Customer request
OI000001145,O00000268,M0096,1,766.5,0.0,766.5,
OI000001146,O00000268,M0009,1,1743.0,0.0,1743.0,
OI000001147,O00000269,M0045,1,1080.0,0.0,1080.0,
OI000001148,O00000269,M0001,1,1480.0,0.0,1480.0,
OI000001149,O00000269,M0008,2,880.0,0.0,1760.0,
OI000001150,O00000269,M0012,1,541.5,0.0,541.5,
OI000001151,O00000269,M0015,1,1764.0,0.0,1764.0,
OI000001152,O00000269,M0003,1,1050.0,0.0,1050.0,
OI000001153,O00000269,M0002,1,520.0,0.0,520.0,
OI000001154,O00000269,M0045,5,1134.0,0.0,5670.0,
OI000001155,O00000270,M0030,1,270.0,40.5,229.5,
OI000001156,O00000270,M0046,2,1640.0,0.0,3280.0,
OI000001157,O00000270,M0003,2,1050.0,210.0,1890.0,
OI000001158,O00000270,M0172,4,1720.0,344.0,6536.0,
OI000001159,O00000271,M0020,1,1054.5,0.0,1054.5,
OI000001160,O00000271,M0024,1,580.0,0.0,580.0,
OI000001161,O00000271,M0039,1,1774.5,88.72,1685.78,
OI000001162,O00000271,M0072,1,1407.0,0.0,1407.0,
OI000001163,O00000271,M0017,1,766.5,0.0,766.5,
OI000001164,O00000272,M0003,2,1050.0,210.0,1890.0,
OI000001165,O00000272,M0101,1,577.5,0.0,577.5,
OI000001166,O00000272,M0008,2,836.0,0.0,1672.0,
OI000001167,O00000272,M0024,1,580.0,0.0,580.0,
OI000001168,O00000272,M0057,1,500.0,25.0,475.0,
OI000001169,O00000273,M0181,1,280.0,0.0,280.0,
OI000001170,O00000273,M0001,1,1480.0,0.0,1480.0,
OI000001171,O00000273,M0034,1,1260.0,0.0,1260.0,
OI000001172,O00000273,M0166,1,370.0,0.0,370.0,
OI000001173,O00000273,M0007,1,1280.0,128.0,1152.0,
OI000001174,O00000273,M0002,1,546.0,0.0,546.0,
OI000001175,O00000274,M0049,1,1522.5,0.0,1522.5,
OI000001176,O00000274,M0003,2,997.5,0.0,1995.0,
OI000001177,O00000274,M0139,1,1770.0,0.0,1770.0,
OI000001178,O00000274,M0081,1,920.0,0.0,920.0,
OI000001179,O00000274,M0002,3,520.0,0.0,1560.0,
OI000001180,O00000275,M0045,1,1134.0,0.0,1134.0,
OI000001181,O00000275,M0001,4,1406.0,0.0,5624.0,
OI000001182,O00000275,M0124,2,1029.0,0.0,2058.0,
OI000001183,O00000275,M0005,1,430.0,0.0,430.0,
OI000001184,O00000275,M0084,3,1463.0,0.0,4389.0,
OI000001185,O00000276,M0002,1,546.0,0.0,546.0,
OI000001186,O00000276,M0028,1,870.0,0.0,870.0,
OI000001187,O00000276,M0162,1,346.5,17.32,329.18,
OI000001188,O00000276,M0001,1,1554.0,0.0,1554.0,
OI000001189,O00000276,M0010,1,408.5,0.0,408.5,
OI000001190,O00000277,M0101,1,522.5,52.25,470.25,
OI000001191,O00000277,M0026,4,450.0,0.0,1800.0,
OI000001192,O00000277,M0061,1,880.0,0.0,880.0,
OI000001193,O00000277,M0111,3,280.0,0.0,840.0,
OI000001194,O00000277,M0101,4,577.5,0.0,2310.0,
OI000001195,O00000277,M0018,1,1140.0,0.0,1140.0,
OI000001196,O00000277,M0022,1,1302.0,0.0,1302.0,
OI000001197,O00000278,M0044,1,378.0,0.0,378.0,
OI000001198,O00000278,M0002,1,546.0,0.0,546.0,
OI000001199,O00000278,M0135,2,1617.0,0.0,3234.0,
OI000001200,O00000278,M0002,1,520.0,0.0,520.0,
OI000001201,O00000278,M0004,1,1800.0,0.0,1800.0,
OI000001202,O00000278,M0170,2,900.0,0.0,1800.0,
OI000001203,O00000278,M0009,1,1660.0,0.0,1660.0,
OI000001204,O00000278,M0007,1,1280.0,0.0,1280.0,
OI000001205,O00000279,M0022,1,1178.0,0.0,1178.0,Customer request
OI000001206,O00000280,M0081,1,920.0,0.0,920.0,
OI000001207,O00000280,M0015,1,1680.0,0.0,1680.0,
OI000001208,O00000280,M0137,1,1681.5,0.0,1681.5,
OI000001209,O00000281,M0003,5,1050.0,0.0,5250.0,
OI000001210,O00000281,M0002,1,520.0,78.0,442.0,
OI000001211,O00000281,M0001,1,1406.0,0.0,1406.0,
OI000001212,O00000282,M0010,1,430.0,0.0,430.0,
OI000001213,O00000282,M0005,2,451.5,0.0,903.0,
OI000001214,O00000282,M0026,1,450.0,0.0,450.0,
OI000001215,O00000283,M0198,1,680.0,0.0,680.0,
OI000001216,O00000283,M0134,4,730.0,0.0,2920.0,
OI000001217,O00000283,M0146,1,237.5,0.0,237.5,
OI000001218,O00000283,M0119,1,228.0,0.0,228.0,
OI000001219,O00000283,M0008,1,836.0,0.0,836.0,Customer request
OI000001220,O00000284,M0006,1,1790.0,0.0,1790.0,
OI000001221,O00000284,M0084,2,1540.0,0.0,3080.0,
OI000001222,O00000284,M0049,1,1450.0,0.0,1450.0,
OI000001223,O00000285,M0005,1,430.0,0.0,430.0,
OI000001224,O00000285,M0182,1,1650.0,247.5,1402.5,
OI000001225,O00000285,M0021,1,1312.5,0.0,1312.5,
OI000001226,O00000285,M0112,2,579.5,0.0,1159.0,Customer request
OI000001227,O00000285,M0001,2,1406.0,0.0,2812.0,
OI000001228,O00000285,M0001,1,1480.0,222.0,1258.0,Customer request
OI000001229,O00000286,M0025,1,247.0,0.0,247.0,
OI000001230,O00000286,M0002,2,546.0,163.8,928.2,
OI000001231,O00000286,M0189,2,1500.0,0.0,3000.0,
OI000001232,O00000286,M0111,1,280.0,28.0,252.0,
OI000001233,O00000287,M0025,1,247.0,0.0,247.0,
OI000001234,O00000287,M0189,2,1500.0,0.0,3000.0,
OI000001235,O00000288,M0007,1,1280.0,0.0,1280.0,
OI000001236,O00000288,M0069,1,1111.5,0.0,1111.5,
OI000001237,O00000288,M0001,1,1480.0,0.0,1480.0,
OI000001238,O00000289,M0016,1,1230.0,0.0,1230.0,
OI000001239,O00000289,M0002,3,520.0,0.0,1560.0,
OI000001240,O00000289,M0016,1,1291.5,193.72,1097.78,
OI000001241,O00000289,M0017,1,693.5,0.0,693.5,
OI000001242,O00000289,M0016,1,1230.0,0.0,1230.0,
OI000001243,O00000290,M0020,1,1054.5,0.0,1054.5,
OI000001244,O00000290,M0053,1,1770.0,0.0,1770.0,
OI000001245,O00000290,M0004,2,1800.0,0.0,3600.0,Customer request
OI000001246,O00000291,M0006,1,1879.5,0.0,1879.5,
OI000001247,O00000292,M0060,1,1180.0,0.0,1180.0,
OI000001248,O00000292,M0027,1,790.0,0.0,790.0,
OI000001249,O00000292,M0004,2,1800.0,0.0,3600.0,
OI000001250,O00000292,M0102,1,504.0,0.0,504.0,
OI000001251,O00000292,M0163,1,1459.5,0.0,1459.5,
OI000001252,O00000293,M0027,1,790.0,0.0,790.0,
OI000001253,O00000293,M0053,2,1770.0,0.0,3540.0,
OI000001254,O00000293,M0113,1,840.0,0.0,840.0,
OI000001255,O00000293,M0180,1,250.0,0.0,250.0,
OI000001256,O00000294,M0183,1,598.5,0.0,598.5,
OI000001257,O00000294,M0159,3,1040.0,0.0,3120.0,
OI000001258,O00000294,M0113,1,840.0,0.0,840.0,
OI000001259,O00000294,M0022,1,1240.0,0.0,1240.0,
OI000001260,O00000294,M0066,1,580.0,0.0,580.0,
OI000001261,O00000295,M0094,2,598.5,0.0,1197.0,
OI000001262,O00000295,M0002,1,520.0,0.0,520.0,
OI000001263,O00000295,M0002,3,520.0,0.0,1560.0,
OI000001264,O00000295,M0076,2,693.0,0.0,1386.0,
OI000001265,O00000296,M0065,1,850.0,42.5,807.5,
OI000001266,O00000296,M0108,1,408.5,0.0,408.5,
OI000001267,O00000296,M0004,1,1800.0,0.0,1800.0,
OI000001268,O00000296,M0166,2,370.0,0.0,740.0,
OI000001269,O00000297,M0007,2,1280.0,0.0,2560.0,
OI000001270,O00000297,M0003,1,1102.5,0.0,1102.5,
OI000001271,O00000297,M0012,1,598.5,0.0,598.5,
OI000001272,O00000298,M0110,2,1650.0,0.0,3300.0,
OI000001273,O00000298,M0001,1,1480.0,0.0,1480.0,
OI000001274,O00000298,M0006,1,1879.5,0.0,1879.5,
OI000001275,O00000298,M0176,1,1780.0,0.0,1780.0,
OI000001276,O00000298,M0001,1,1480.0,74.0,1406.0,
OI000001277,O00000299,M0009,2,1660.0,0.0,3320.0,
OI000001278,O00000299,M0012,1,570.0,0.0,570.0,
OI000001279,O00000299,M0160,2,1750.0,0.0,3500.0,Customer request
OI000001280,O00000299,M0127,1,808.5,0.0,808.5,
OI000001281,O00000299,M0026,1,450.0,45.0,405.0,
OI000001282,O00000299,M0011,1,1092.5,54.62,1037.88,
OI000001283,O00000300,M0170,2,855.0,0.0,1710.0,
OI000001284,O00000300,M0004,1,1710.0,0.0,1710.0,
OI000001285,O00000300,M0028,1,913.5,0.0,913.5,
OI000001286,O00000300,M0021,1,1312.5,0.0,1312.5,
OI000001287,O00000301,M0165,1,540.0,0.0,540.0,
OI000001288,O00000301,M0091,1,350.0,0.0,350.0,
OI000001289,O00000301,M0026,1,450.0,0.0,450.0,
OI000001290,O00000302,M0051,3,750.0,0.0,2250.0,
OI000001291,O00000303,M0152,1,560.0,0.0,560.0,
OI000001292,O00000303,M0119,2,240.0,0.0,480.0,
OI000001293,O00000303,M0053,1,1770.0,0.0,1770.0,
OI000001294,O00000303,M0156,1,1344.0,0.0,1344.0,
OI000001295,O00000303,M0017,1,693.5,0.0,693.5,
OI000001296,O00000303,M0084,2,1540.0,0.0,3080.0,
OI000001297,O00000303,M0001,1,1480.0,0.0,1480.0,
OI000001298,O00000304,M0046,1,1558.0,0.0,1558.0,
OI000001299,O00000304,M0003,2,997.5,0.0,1995.0,
OI000001300,O00000304,M0035,1,920.0,138.0,782.0,
OI000001301,O00000304,M0007,2,1280.0,0.0,2560.0,
OI000001302,O00000304,M0017,1,730.0,0.0,730.0,
OI000001303,O00000305,M0104,2,210.0,0.0,420.0,
OI000001304,O00000305,M0001,1,1480.0,0.0,1480.0,
OI000001305,O00000306,M0038,3,1320.0,0.0,3960.0,
OI000001306,O00000306,M0003,1,1102.5,0.0,1102.5,
OI000001307,O00000307,M0044,1,342.0,0.0,342.0,
OI000001308,O00000307,M0057,1,500.0,0.0,500.0,
OI000001309,O00000308,M0004,3,1800.0,0.0,5400.0,
OI000001310,O00000308,M0001,1,1480.0,222.0,1258.0,
OI000001311,O00000308,M0002,2,546.0,0.0,1092.0,
OI000001312,O00000308,M0071,1,661.5,0.0,661.5,
OI000001313,O00000308,M0017,1,693.5,0.0,693.5,
OI000001314,O00000308,M0016,1,1168.5,58.42,1110.08,
OI000001315,O00000308,M0072,1,1273.0,0.0,1273.0,
OI000001316,O00000308,M0031,2,1740.0,0.0,3480.0,
OI000001317,O00000308,M0058,1,1282.5,0.0,1282.5,
OI000001318,O00000309,M0158,2,710.0,0.0,1420.0,
OI000001319,O00000309,M0033,1,325.5,0.0,325.5,
OI000001320,O00000309,M0058,5,1417.5,0.0,7087.5,
OI000001321,O00000309,M0059,1,627.0,0.0,627.0,
OI000001322,O00000310,M0037,1,1610.0,0.0,1610.0,
OI000001323,O00000310,M0065,1,892.5,133.88,758.62,
OI000001324,O00000310,M0120,1,1740.0,0.0,1740.0,
OI000001325,O00000310,M0110,1,1650.0,165.0,1485.0,
OI000001326,O00000310,M0001,2,1480.0,0.0,2960.0,
OI000001327,O00000310,M0174,1,510.0,0.0,510.0,
OI000001328,O00000310,M0125,1,304.0,0.0,304.0,
OI000001329,O00000311,M0184,1,1040.0,0.0,1040.0,Customer request
OI000001330,O00000311,M0005,2,430.0,0.0,860.0,
OI000001331,O00000311,M0037,3,1610.0,0.0,4830.0,
OI000001332,O00000311,M0023,2,551.0,55.1,1046.9,
OI000001333,O00000312,M0016,1,1230.0,0.0,1230.0,
OI000001334,O00000312,M0019,2,598.5,0.0,1197.0,
OI000001335,O00000312,M0150,1,300.0,0.0,300.0,
OI000001336,O00000312,M0074,2,684.0,68.4,1299.6,
OI000001337,O00000313,M0012,1,541.5,0.0,541.5,
OI000001338,O00000313,M0017,1,693.5,104.02,589.48,
OI000001339,O00000313,M0027,2,790.0,0.0,1580.0,
OI000001340,O00000313,M0015,1,1596.0,0.0,1596.0,
OI000001341,O00000313,M0005,1,430.0,0.0,430.0,
OI000001342,O00000314,M0023,2,580.0,0.0,1160.0,
OI000001343,O00000314,M0002,1,494.0,49.4,444.6,
OI000001344,O00000314,M0128,5,1070.0,0.0,5350.0,
OI000001345,O00000315,M0116,1,441.0,0.0,441.0,
OI000001346,O00000315,M0145,4,1760.0,0.0,7040.0,
OI000001347,O00000315,M0024,1,580.0,87.0,493.0,
OI000001348,O00000315,M0061,1,880.0,0.0,880.0,
OI000001349,O00000315,M0111,2,280.0,0.0,560.0,
OI000001350,O00000315,M0011,1,1150.0,0.0,1150.0,
OI000001351,O00000315,M0057,1,500.0,0.0,500.0,
OI000001352,O00000315,M0023,5,580.0,0.0,2900.0,
OI000001353,O00000316,M0016,1,1230.0,0.0,1230.0,
OI000001354,O00000316,M0130,1,1070.0,0.0,1070.0,
OI000001355,O00000316,M0055,1,934.5,0.0,934.5,
OI000001356,O00000316,M0055,1,890.0,0.0,890.0,
OI000001357,O00000316,M0003,3,1050.0,157.5,2992.5,
OI000001358,O00000317,M0014,2,1710.0,0.0,3420.0,
OI000001359,O00000317,M0123,1,740.0,0.0,740.0,
OI000001360,O00000317,M0005,2,430.0,86.0,774.0,
OI000001361,O00000317,M0184,1,1092.0,0.0,1092.0,
OI000001362,O00000317,M0119,1,240.0,12.0,228.0,
OI000001363,O00000317,M0008,1,880.0,0.0,880.0,
OI000001364,O00000318,M0002,1,520.0,52.0,468.0,
OI000001365,O00000318,M0004,1,1800.0,90.0,1710.0,
OI000001366,O00000318,M0007,1,1280.0,0.0,1280.0,
OI000001367,O00000319,M0007,2,1280.0,0.0,2560.0,
OI000001368,O00000319,M0001,4,1554.0,0.0,6216.0,
OI000001369,O00000319,M0079,1,1050.0,0.0,1050.0,
OI000001370,O00000319,M0188,1,290.0,0.0,290.0,
OI000001371,O00000319,M0009,2,1743.0,0.0,3486.0,
OI000001372,O00000320,M0001,1,1554.0,0.0,1554.0,
OI000001373,O00000321,M0157,2,1460.0,292.0,2628.0,
OI000001374,O00000321,M0005,1,430.0,0.0,430.0,
OI000001375,O00000321,M0001,1,1554.0,0.0,1554.0,
OI000001376,O00000321,M0006,1,1879.5,0.0,1879.5,Customer request
OI000001377,O00000322,M0002,1,520.0,0.0,520.0,
OI000001378,O00000322,M0082,2,560.5,0.0,1121.0,
OI000001379,O00000322,M0001,3,1480.0,222.0,4218.0,Customer request
OI000001380,O00000322,M0023,1,551.0,0.0,551.0,
OI000001381,O00000322,M0030,1,256.5,0.0,256.5,
OI000001382,O00000322,M0101,1,550.0,0.0,550.0,
OI000001383,O00000323,M0035,1,920.0,0.0,920.0,
OI000001384,O00000323,M0002,2,546.0,163.8,928.2,
OI000001385,O00000324,M0022,1,1240.0,0.0,1240.0,Customer request
OI000001386,O00000324,M0165,4,540.0,0.0,2160.0,
OI000001387,O00000325,M0006,2,1790.0,358.0,3222.0,
OI000001388,O00000325,M0010,2,430.0,0.0,860.0,
OI000001389,O00000325,M0136,1,777.0,0.0,777.0,Customer request
OI000001390,O00000325,M0102,1,504.0,0.0,504.0,
OI000001391,O00000326,M0010,1,430.0,0.0,430.0,
OI000001392,O00000326,M0077,5,1630.0,0.0,8150.0,
OI000001393,O00000326,M0002,1,520.0,0.0,520.0,
OI000001394,O00000327,M0039,1,1605.5,0.0,1605.5,
OI000001395,O00000327,M0135,1,1463.0,0.0,1463.0,
OI000001396,O00000328,M0123,1,740.0,0.0,740.0,
OI000001397,O00000328,M0005,1,451.5,0.0,451.5,
OI000001398,O00000328,M0037,1,1690.5,0.0,1690.5,
OI000001399,O00000328,M0019,1,661.5,0.0,661.5,
OI000001400,O00000328,M0042,2,1210.0,0.0,2420.0,
OI000001401,O00000328,M0001,1,1480.0,0.0,1480.0,
OI000001402,O00000328,M0190,2,380.0,0.0,760.0,
OI000001403,O00000328,M0042,1,1270.5,0.0,1270.5,
OI000001404,O00000329,M0002,1,520.0,0.0,520.0,
OI000001405,O00000329,M0059,1,693.0,0.0,693.0,
OI000001406,O00000329,M0001,1,1480.0,0.0,1480.0,
OI000001407,O00000329,M0001,1,1480.0,0.0,1480.0,
OI000001408,O00000329,M0004,1,1710.0,171.0,1539.0,
OI000001409,O00000330,M0008,2,880.0,0.0,1760.0,
OI000001410,O00000330,M0008,3,836.0,0.0,2508.0,
OI000001411,O00000330,M0024,2,580.0,0.0,1160.0,
OI000001412,O00000330,M0034,2,1260.0,0.0,2520.0,
OI000001413,O00000330,M0021,1,1312.5,0.0,1312.5,Customer request
OI000001414,O00000330,M0016,1,1230.0,0.0,1230.0,
OI000001415,O00000330,M0066,3,580.0,0.0,1740.0,
OI000001416,O00000330,M0007,2,1280.0,0.0,2560.0,
OI000001417,O00000331,M0056,3,237.5,0.0,712.5,
OI000001418,O00000331,M0177,1,200.0,0.0,200.0,
OI000001419,O00000331,M0027,1,790.0,118.5,671.5,
OI000001420,O00000331,M0033,1,310.0,0.0,310.0,
OI000001421,O00000331,M0083,1,540.0,0.0,540.0,
OI000001422,O00000331,M0033,1,310.0,0.0,310.0,
OI000001423,O00000331,M0003,1,997.5,0.0,997.5,
OI000001424,O00000331,M0052,1,674.5,0.0,674.5,Customer request
OI000001425,O00000332,M0033,3,325.5,0.0,976.5,
OI000001426,O00000332,M0174,1,510.0,0.0,510.0,
OI000001427,O00000332,M0002,2,546.0,0.0,1092.0,
OI000001428,O00000333,M0037,1,1529.5,0.0,1529.5,
OI000001429,O00000333,M0053,1,1770.0,0.0,1770.0,Customer request
OI000001430,O00000333,M0054,1,1120.0,0.0,1120.0,
OI000001431,O00000333,M0001,1,1480.0,0.0,1480.0,
OI000001432,O00000333,M0012,1,570.0,0.0,570.0,
OI000001433,O00000333,M0008,1,924.0,92.4,831.6,
OI000001434,O00000334,M0069,1,1170.0,0.0,1170.0,
OI000001435,O00000334,M0085,3,1634.0,245.1,4656.9,Customer request
OI000001436,O00000335,M0005,1,408.5,0.0,408.5,
OI000001437,O00000335,M0117,1,1083.0,0.0,1083.0,
OI000001438,O00000336,M0029,1,660.0,0.0,660.0,
OI000001439,O00000336,M0008,2,880.0,0.0,1760.0,
OI000001440,O00000336,M0010,1,408.5,0.0,408.5,
OI000001441,O00000336,M0008,3,836.0,250.8,2257.2,
OI000001442,O00000336,M0051,3,750.0,0.0,2250.0,
OI000001443,O00000337,M0036,1,1700.5,0.0,1700.5,
OI000001444,O00000337,M0167,1,588.0,0.0,588.0,
OI000001445,O00000337,M0008,1,836.0,0.0,836.0,
OI000001446,O00000337,M0012,2,598.5,0.0,1197.0,
OI000001447,O00000338,M0001,1,1480.0,0.0,1480.0,
OI000001448,O00000338,M0010,1,430.0,0.0,430.0,
OI000001449,O00000338,M0007,2,1280.0,0.0,2560.0,
OI000001450,O00000338,M0019,2,630.0,0.0,1260.0,
OI000001451,O00000338,M0031,1,1740.0,87.0,1653.0,
OI000001452,O00000339,M0066,4,551.0,110.2,2093.8,
OI000001453,O00000339,M0005,1,430.0,0.0,430.0,
OI000001454,O00000339,M0041,1,1638.0,245.7,1392.3,
OI000001455,O00000339,M0083,1,540.0,0.0,540.0,
OI000001456,O00000340,M0007,2,1280.0,0.0,2560.0,
OI000001457,O00000340,M0014,1,1795.5,0.0,1795.5,
OI000001458,O00000340,M0005,-1,451.5,0.0,451.5,Customer request
OI000001459,O00000340,M0002,1,494.0,0.0,494.0,
OI000001460,O00000341,M0092,1,890.0,0.0,890.0,
OI000001461,O00000342,M0007,2,1344.0,0.0,2688.0,
OI000001462,O00000342,M0016,2,1230.0,0.0,2460.0,Customer request
OI000001463,O00000342,M0007,2,1280.0,0.0,2560.0,
OI000001464,O00000342,M0001,2,1406.0,0.0,2812.0,
OI000001465,O00000343,M0083,1,513.0,0.0,513.0,
OI000001466,O00000343,M0059,1,660.0,99.0,561.0,
OI000001467,O00000343,M0028,2,913.5,0.0,1827.0,
OI000001468,O00000343,M0067,1,1368.0,0.0,1368.0,Customer request
OI000001469,O00000344,M0125,1,304.0,0.0,304.0,
OI000001470,O00000344,M0054,1,1176.0,58.8,1117.2,
OI000001471,O00000344,M0152,1,588.0,0.0,588.0,
OI000001472,O00000344,M0005,1,451.5,0.0,451.5,Customer request
OI000001473,O00000345,M0141,1,1350.0,0.0,1350.0,
OI000001474,O00000345,M0038,2,1320.0,0.0,2640.0,Customer request
OI000001475,O00000345,M0123,2,777.0,0.0,1554.0,
OI000001476,O00000346,M0088,1,1197.0,0.0,1197.0,
OI000001477,O00000346,M0001,1,1480.0,148.0,1332.0,
OI000001478,O00000346,M0121,4,1434.5,0.0,5738.0,
OI000001479,O00000346,M0013,1,1500.0,225.0,1275.0,
OI000001480,O00000346,M0021,1,1250.0,0.0,1250.0,
OI000001481,O00000346,M0001,1,1480.0,0.0,1480.0,
OI000001482,O00000347,M0092,1,934.5,0.0,934.5,
OI000001483,O00000347,M0027,1,829.5,0.0,829.5,
OI000001484,O00000347,M0168,1,1795.5,0.0,1795.5,
OI000001485,O00000347,M0009,1,1660.0,0.0,1660.0,
OI000001486,O00000347,M0031,1,1740.0,0.0,1740.0,
OI000001487,O00000347,M0020,1,1110.0,0.0,1110.0,
OI000001488,O00000347,M0104,1,190.0,0.0,190.0,
OI000001489,O00000348,M0037,1,1610.0,0.0,1610.0,Customer request
OI000001490,O00000349,M0026,2,450.0,0.0,900.0,
OI000001491,O00000349,M0171,2,1640.0,0.0,3280.0,
OI000001492,O00000349,M0017,2,730.0,0.0,1460.0,
OI000001493,O00000349,M0030,1,270.0,40.5,229.5,
OI000001494,O00000350,M0041,3,1638.0,0.0,4914.0,
OI000001495,O00000350,M0001,1,1480.0,0.0,1480.0,
OI000001496,O00000351,M0036,1,1790.0,179.0,1611.0,Customer request
OI000001497,O00000351,M0013,4,1500.0,0.0,6000.0,Customer request
OI000001498,O00000351,M0061,1,880.0,88.0,792.0,
OI000001499,O00000352,M0060,2,1180.0,0.0,2360.0,
OI000001500,O00000352,M0078,1,1260.0,63.0,1197.0,
OI000001501,O00000352,M0019,1,630.0,0.0,630.0,
OI000001502,O00000352,M0002,2,520.0,104.0,936.0,
OI000001503,O00000353,M0023,2,580.0,0.0,1160.0,
OI000001504,O00000353,M0040,4,430.0,172.0,1548.0,
OI000001505,O00000353,M0001,5,1554.0,0.0,7770.0,
OI000001506,O00000353,M0039,1,1605.5,80.28,1525.22,
OI000001507,O00000353,M0019,1,661.5,33.08,628.42,Customer request
OI000001508,O00000354,M0028,1,870.0,0.0,870.0,
OI000001509,O00000354,M0010,1,430.0,64.5,365.5,
OI000001510,O00000354,M0030,2,270.0,0.0,540.0,Customer request
OI000001511,O00000354,M0140,1,1590.0,0.0,1590.0,Customer request
OI000001512,O00000355,M0102,1,456.0,0.0,456.0,
OI000001513,O00000355,M0053,2,1858.5,0.0,3717.0,
OI000001514,O00000355,M0056,3,250.0,0.0,750.0,
OI000001515,O00000355,M0146,2,250.0,0.0,500.0,
OI000001516,O00000355,M0029,1,627.0,0.0,627.0,
OI000001517,O00000355,M0038,1,1320.0,0.0,1320.0,
OI000001518,O00000356,M0131,2,990.0,99.0,1881.0,
OI000001519,O00000356,M0091,2,367.5,0.0,735.0,
OI000001520,O00000356,M0022,1,1302.0,0.0,1302.0,
OI000001521,O00000356,M0011,1,1092.5,0.0,1092.5,
OI000001522,O00000357,M0034,1,1260.0,0.0,1260.0,
OI000001523,O00000357,M0002,2,520.0,0.0,1040.0,
OI000001524,O00000357,M0069,2,1170.0,0.0,2340.0,
OI000001525,O00000357,M0026,2,450.0,0.0,900.0,
OI000001526,O00000357,M0049,2,1450.0,0.0,2900.0,
OI000001527,O00000357,M0125,2,320.0,0.0,640.0,
OI000001528,O00000358,M0015,1,1764.0,0.0,1764.0,
OI000001529,O00000358,M0031,2,1653.0,0.0,3306.0,
OI000001530,O00000358,M0041,1,1638.0,0.0,1638.0,
OI000001531,O00000359,M0009,4,1577.0,0.0,6308.0,
OI000001532,O00000359,M0009,2,1660.0,332.0,2988.0,
OI000001533,O00000359,M0036,1,1790.0,0.0,1790.0,
OI000001534,O00000360,M0008,3,880.0,0.0,2640.0,
OI000001535,O00000360,M0131,1,990.0,0.0,990.0,Customer request
OI000001536,O00000361,M0198,1,680.0,34.0,646.0,
OI000001537,O00000361,M0005,1,430.0,0.0,430.0,
OI000001538,O00000361,M0045,1,1134.0,0.0,1134.0,
OI000001539,O00000361,M0003,1,1050.0,0.0,1050.0,
OI000001540,O00000362,M0004,1,1710.0,0.0,1710.0,
OI000001541,O00000362,M0095,1,230.0,0.0,230.0,
OI000001542,O00000362,M0005,1,451.5,0.0,451.5,
OI000001543,O00000362,M0089,1,1150.0,0.0,1150.0,
OI000001544,O00000362,M0019,1,630.0,0.0,630.0,Customer request
OI000001545,O00000363,M0028,1,913.5,0.0,913.5,
OI000001546,O00000363,M0008,3,880.0,0.0,2640.0,
OI000001547,O00000363,M0040,2,408.5,0.0,817.0,
OI000001548,O00000363,M0012,1,541.5,27.08,514.42,
OI000001549,O00000364,M0004,4,1800.0,0.0,7200.0,
OI000001550,O00000364,M0003,1,1050.0,0.0,1050.0,
OI000001551,O00000364,M0200,2,1102.0,0.0,2204.0,
OI000001552,O00000364,M0014,1,1795.5,179.55,1615.95,
OI000001553,O00000364,M0109,2,1420.0,0.0,2840.0,
OI000001554,O00000364,M0013,2,1500.0,450.0,2550.0,
OI000001555,O00000365,M0055,1,845.5,0.0,845.5,
OI000001556,O00000365,M0123,3,703.0,0.0,2109.0,
OI000001557,O00000365,M0073,2,420.0,0.0,840.0,
OI000001558,O00000365,M0001,1,1480.0,0.0,1480.0,
OI000001559,O00000365,M0005,1,430.0,64.5,365.5,
OI000001560,O00000366,M0136,2,740.0,0.0,1480.0,
OI000001561,O00000366,M0027,2,790.0,0.0,1580.0,
OI000001562,O00000367,M0049,1,1450.0,0.0,1450.0,
OI000001563,O00000367,M0001,3,1480.0,0.0,4440.0,
OI000001564,O00000367,M0030,2,270.0,0.0,540.0,
OI000001565,O00000368,M0022,4,1178.0,0.0,4712.0,
OI000001566,O00000368,M0070,1,1548.5,0.0,1548.5,
OI000001567,O00000368,M0009,1,1660.0,0.0,1660.0,
OI000001568,O00000368,M0088,3,1140.0,342.0,3078.0,
OI000001569,O00000368,M0066,2,580.0,0.0,1160.0,
OI000001570,O00000369,M0033,1,325.5,0.0,325.5,
OI000001571,O00000369,M0016,1,1230.0,0.0,1230.0,Customer request
OI000001572,O00000369,M0010,1,430.0,0.0,430.0,
OI000001573,O00000369,M0037,1,1529.5,0.0,1529.5,
OI000001574,O00000369,M0045,2,1134.0,0.0,2268.0,
OI000001575,O00000369,M0024,2,580.0,0.0,1160.0,
OI000001576,O00000370,M0012,2,570.0,0.0,1140.0,
OI000001577,O00000370,M0139,1,1770.0,0.0,1770.0,
OI000001578,O00000370,M0011,2,1150.0,0.0,2300.0,
OI000001579,O00000370,M0067,1,1440.0,0.0,1440.0,
OI000001580,O00000371,M0151,1,590.0,0.0,590.0,
OI000001581,O00000371,M0060,1,1121.0,0.0,1121.0,
OI000001582,O00000372,M0015,1,1596.0,0.0,1596.0,
OI000001583,O00000372,M0010,2,408.5,0.0,817.0,
OI000001584,O00000372,M0128,2,1123.5,0.0,2247.0,
OI000001585,O00000373,M0030,1,283.5,0.0,283.5,
OI000001586,O00000373,M0048,1,1580.0,0.0,1580.0,Customer request
OI000001587,O00000373,M0049,3,1450.0,0.0,4350.0,
OI000001588,O00000373,M0037,1,1610.0,0.0,1610.0,
OI000001589,O00000374,M0163,2,1390.0,0.0,2780.0,
OI000001590,O00000374,M0163,2,1390.0,0.0,2780.0,
OI000001591,O00000374,M0001,2,1480.0,0.0,2960.0,
OI000001592,O00000375,M0032,1,830.0,0.0,830.0,
OI000001593,O00000375,M0043,2,1858.5,0.0,3717.0,
OI000001594,O00000375,M0161,1,389.5,0.0,389.5,
OI000001595,O00000376,M0001,1,1480.0,0.0,1480.0,
OI000001596,O00000376,M0103,1,1150.0,0.0,1150.0,Customer request
OI000001597,O00000377,M0059,2,660.0,0.0,1320.0,
OI000001598,O00000377,M0084,2,1540.0,0.0,3080.0,
OI000001599,O00000377,M0010,1,430.0,0.0,430.0,
OI000001600,O00000377,M0088,2,1140.0,0.0,2280.0,
OI000001601,O00000377,M0009,1,1660.0,0.0,1660.0,
OI000001602,O00000378,M0068,2,920.0,0.0,1840.0,
OI000001603,O00000378,M0102,2,480.0,0.0,960.0,
OI000001604,O00000378,M0101,1,577.5,0.0,577.5,Customer request
OI000001605,O00000379,M0039,2,1690.0,0.0,3380.0,
OI000001606,O00000380,M0020,2,1110.0,0.0,2220.0,
OI000001607,O00000380,M0007,1,1344.0,0.0,1344.0,
OI000001608,O00000381,M0001,1,1480.0,0.0,1480.0,
OI000001609,O00000381,M0001,1,1480.0,0.0,1480.0,
OI000001610,O00000381,M0021,1,1250.0,0.0,1250.0,
OI000001611,O00000381,M0002,1,520.0,0.0,520.0,
OI000001612,O00000381,M0002,2,520.0,0.0,1040.0,
OI000001613,O00000382,M0005,1,408.5,0.0,408.5,
OI000001614,O00000382,M0029,1,660.0,0.0,660.0,
OI000001615,O00000382,M0048,1,1580.0,0.0,1580.0,
OI000001616,O00000382,M0073,1,420.0,0.0,420.0,
OI000001617,O00000382,M0029,1,627.0,62.7,564.3,
OI000001618,O00000382,M0065,2,807.5,0.0,1615.0,
OI000001619,O00000383,M0131,1,990.0,0.0,990.0,
OI000001620,O00000383,M0016,2,1230.0,0.0,2460.0,
OI000001621,O00000383,M0071,1,661.5,0.0,661.5,
OI000001622,O00000383,M0063,1,1210.0,0.0,1210.0,
OI000001623,O00000384,M0058,1,1350.0,0.0,1350.0,
OI000001624,O00000384,M0046,1,1640.0,0.0,1640.0,
OI000001625,O00000384,M0082,2,560.5,0.0,1121.0,
OI000001626,O00000385,M0114,1,640.0,0.0,640.0,
OI000001627,O00000385,M0018,1,1200.0,0.0,1200.0,
OI000001628,O00000386,M0062,1,1010.0,0.0,1010.0,
OI000001629,O00000386,M0007,3,1280.0,0.0,3840.0,
OI000001630,O00000386,M0091,2,350.0,0.0,700.0,
OI000001631,O00000386,M0139,2,1770.0,0.0,3540.0,
OI000001632,O00000386,M0093,1,976.5,0.0,976.5,
OI000001633,O00000387,M0030,1,270.0,40.5,229.5,
OI000001634,O00000387,M0003,2,997.5,0.0,1995.0,
OI000001635,O00000387,M0136,2,740.0,0.0,1480.0,
OI000001636,O00000387,M0112,1,579.5,0.0,579.5,
OI000001637,O00000387,M0074,2,720.0,216.0,1224.0,
OI000001638,O00000387,M0127,3,770.0,115.5,2194.5,
OI000001639,O00000388,M0037,1,1610.0,0.0,1610.0,
OI000001640,O00000388,M0195,1,230.0,0.0,230.0,
OI000001641,O00000388,M0121,1,1510.0,0.0,1510.0,
OI000001642,O00000388,M0004,2,1890.0,0.0,3780.0,
OI000001643,O00000389,M0019,2,598.5,0.0,1197.0,
OI000001644,O00000389,M0004,1,1800.0,270.0,1530.0,
OI000001645,O00000389,M0006,1,1879.5,0.0,1879.5,
OI000001646,O00000390,M0032,1,788.5,0.0,788.5,
OI000001647,O00000390,M0015,1,1680.0,0.0,1680.0,
OI000001648,O00000390,M0153,1,1760.0,0.0,1760.0,
OI000001649,O00000390,M0001,1,1480.0,0.0,1480.0,
OI000001650,O00000391,M0001,2,1554.0,0.0,3108.0,
OI000001651,O00000391,M0158,2,674.5,202.35,1146.65,
OI000001652,O00000391,M0007,1,1280.0,0.0,1280.0,
OI000001653,O00000391,M0001,3,1554.0,233.1,4428.9,
OI000001654,O00000392,M0023,2,609.0,0.0,1218.0,
OI000001655,O00000392,M0005,1,451.5,0.0,451.5,
OI000001656,O00000392,M0001,1,1406.0,0.0,1406.0,
OI000001657,O00000392,M0036,2,1790.0,0.0,3580.0,
OI000001658,O00000393,M0003,2,1050.0,105.0,1995.0,
OI000001659,O00000393,M0121,1,1510.0,0.0,1510.0,
OI000001660,O00000393,M0010,2,430.0,0.0,860.0,
OI000001661,O00000393,M0006,2,1790.0,0.0,3580.0,
OI000001662,O00000393,M0086,1,1827.0,0.0,1827.0,
OI000001663,O00000393,M0126,1,1520.0,0.0,1520.0,
OI000001664,O00000394,M0002,1,520.0,0.0,520.0,
OI000001665,O00000394,M0003,1,1102.5,0.0,1102.5,
OI000001666,O00000394,M0028,1,826.5,0.0,826.5,
OI000001667,O00000394,M0048,1,1580.0,0.0,1580.0,
OI000001668,O00000394,M0002,3,546.0,0.0,1638.0,
OI000001669,O00000394,M0016,1,1168.5,0.0,1168.5,
OI000001670,O00000394,M0147,1,1040.0,0.0,1040.0,
OI000001671,O00000395,M0138,1,735.0,0.0,735.0,
OI000001672,O00000395,M0011,1,1207.5,0.0,1207.5,
OI000001673,O00000395,M0006,1,1790.0,268.5,1521.5,
OI000001674,O00000395,M0046,1,1558.0,0.0,1558.0,
OI000001675,O00000395,M0002,2,520.0,0.0,1040.0,
OI000001676,O00000396,M0006,2,1790.0,0.0,3580.0,Customer request
OI000001677,O00000396,M0004,2,1800.0,0.0,3600.0,
OI000001678,O00000397,M0005,1,430.0,0.0,430.0,Customer request
OI000001679,O00000397,M0005,1,430.0,0.0,430.0,
OI000001680,O00000397,M0056,1,262.5,0.0,262.5,
OI000001681,O00000398,M0030,1,270.0,0.0,270.0,
OI000001682,O00000398,M0132,1,1858.5,0.0,1858.5,
OI000001683,O00000399,M0085,2,1720.0,0.0,3440.0,
OI000001684,O00000399,M0031,1,1740.0,0.0,1740.0,
OI000001685,O00000399,M0011,1,1150.0,0.0,1150.0,Customer request
OI000001686,O00000399,M0119,3,240.0,72.0,648.0,
OI000001687,O00000400,M0002,1,520.0,0.0,520.0,
OI000001688,O00000400,M0069,1,1111.5,0.0,1111.5,
OI000001689,O00000401,M0002,2,546.0,0.0,1092.0,
OI000001690,O00000401,M0037,1,1610.0,0.0,1610.0,
OI000001691,O00000402,M0149,1,920.0,0.0,920.0,
OI000001692,O00000402,M0007,2,1280.0,0.0,2560.0,
OI000001693,O00000402,M0002,1,546.0,27.3,518.7,
OI000001694,O00000403,M0013,2,1575.0,0.0,3150.0,
OI000001695,O00000404,M0028,2,826.5,165.3,1487.7,
OI000001696,O00000404,M0082,1,560.5,0.0,560.5,
OI000001697,O00000404,M0001,1,1480.0,0.0,1480.0,
OI000001698,O00000404,M0003,1,1102.5,0.0,1102.5,
OI000001699,O00000404,M0020,1,1110.0,111.0,999.0,
OI000001700,O00000405,M0002,1,520.0,0.0,520.0,
OI000001701,O00000405,M0176,1,1869.0,0.0,1869.0,
OI000001702,O00000405,M0033,1,310.0,31.0,279.0,
OI000001703,O00000405,M0016,2,1168.5,0.0,2337.0,
OI000001704,O00000405,M0189,1,1500.0,0.0,1500.0,
OI000001705,O00000406,M0060,1,1180.0,0.0,1180.0,
OI000001706,O00000406,M0034,3,1323.0,0.0,3969.0,
OI000001707,O00000406,M0007,2,1280.0,0.0,2560.0,
OI000001708,O00000406,M0007,3,1216.0,0.0,3648.0,
OI000001709,O00000406,M0015,1,1680.0,252.0,1428.0,
OI000001710,O00000406,M0090,1,1312.5,0.0,1312.5,
OI000001711,O00000407,M0113,1,882.0,0.0,882.0,
OI000001712,O00000407,M0005,2,451.5,0.0,903.0,Customer request
OI000001713,O00000407,M0113,2,798.0,0.0,1596.0,
OI000001714,O00000407,M0012,1,570.0,0.0,570.0,
OI000001715,O00000407,M0005,1,408.5,0.0,408.5,
OI000001716,O00000407,M0005,2,408.5,0.0,817.0,
OI000001717,O00000407,M0026,1,450.0,0.0,450.0,
OI000001718,O00000408,M0095,2,230.0,0.0,460.0,
OI000001719,O00000408,M0044,3,360.0,0.0,1080.0,Customer request
OI000001720,O00000408,M0026,2,427.5,85.5,769.5,
OI000001721,O00000408,M0001,2,1480.0,0.0,2960.0,
OI000001722,O00000408,M0042,2,1210.0,0.0,2420.0,
OI000001723,O00000408,M0067,2,1440.0,0.0,2880.0,
OI000001724,O00000408,M0002,1,520.0,0.0,520.0,
OI000001725,O00000409,M0176,2,1780.0,0.0,3560.0,Customer request
OI000001726,O00000409,M0002,1,520.0,0.0,520.0,
OI000001727,O00000409,M0072,1,1340.0,0.0,1340.0,
OI000001728,O00000410,M0035,1,920.0,138.0,782.0,
OI000001729,O00000410,M0141,1,1350.0,0.0,1350.0,
OI000001730,O00000411,M0020,1,1110.0,0.0,1110.0,
OI000001731,O00000411,M0033,1,310.0,0.0,310.0,
OI000001732,O00000411,M0040,2,430.0,0.0,860.0,
OI000001733,O00000411,M0137,1,1858.5,0.0,1858.5,
OI000001734,O00000412,M0107,1,360.0,0.0,360.0,
OI000001735,O00000412,M0009,2,1660.0,0.0,3320.0,Customer request
OI000001736,O00000412,M0176,1,1869.0,0.0,1869.0,
OI000001737,O00000412,M0090,2,1312.5,0.0,2625.0,
OI000001738,O00000413,M0001,2,1406.0,0.0,2812.0,
OI000001739,O00000413,M0004,1,1800.0,0.0,1800.0,
OI000001740,O00000414,M0129,1,1848.0,0.0,1848.0,
OI000001741,O00000414,M0060,2,1180.0,0.0,2360.0,
OI000001742,O00000414,M0008,5,880.0,0.0,4400.0,
OI000001743,O00000415,M0004,1,1710.0,0.0,1710.0,
OI000001744,O00000415,M0003,2,1102.5,0.0,2205.0,
OI000001745,O00000415,M0011,1,1150.0,0.0,1150.0,
OI000001746,O00000415,M0148,1,1239.0,0.0,1239.0,
OI000001747,O00000415,M0014,1,1710.0,0.0,1710.0,
OI000001748,O00000415,M0064,1,420.0,0.0,420.0,
OI000001749,O00000416,M0002,3,520.0,0.0,1560.0,
OI000001750,O00000416,M0037,1,1610.0,0.0,1610.0,
OI000001751,O00000416,M0013,1,1500.0,0.0,1500.0,
OI000001752,O00000416,M0003,1,1050.0,0.0,1050.0,
OI000001753,O00000416,M0106,1,893.0,0.0,893.0,Customer request
OI000001754,O00000416,M0113,1,840.0,0.0,840.0,
OI000001755,O00000417,M0011,1,1150.0,0.0,1150.0,
OI000001756,O00000417,M0062,1,1010.0,0.0,1010.0,
OI000001757,O00000418,M0018,1,1140.0,0.0,1140.0,
OI000001758,O00000418,M0001,1,1554.0,77.7,1476.3,
OI000001759,O00000418,M0022,1,1178.0,0.0,1178.0,
OI000001760,O00000418,M0045,2,1080.0,0.0,2160.0,
OI000001761,O00000418,M0010,1,430.0,0.0,430.0,
OI000001762,O00000418,M0172,1,1634.0,0.0,1634.0,
OI000001763,O00000418,M0041,2,1482.0,0.0,2964.0,
OI000001764,O00000419,M0016,1,1230.0,0.0,1230.0,
OI000001765,O00000419,M0085,2,1720.0,0.0,3440.0,Customer request
OI000001766,O00000419,M0013,1,1500.0,0.0,1500.0,
OI000001767,O00000419,M0001,2,1480.0,0.0,2960.0,Customer request
OI000001768,O00000420,M0001,1,1480.0,0.0,1480.0,Customer request
OI000001769,O00000420,M0010,2,408.5,0.0,817.0,
OI000001770,O00000420,M0003,1,1050.0,0.0,1050.0,
OI000001771,O00000421,M0014,1,1710.0,0.0,1710.0,
OI000001772,O00000421,M0096,1,730.0,0.0,730.0,
OI000001773,O00000421,M0011,2,1150.0,0.0,2300.0,
OI000001774,O00000421,M0042,1,1210.0,121.0,1089.0,
OI000001775,O00000422,M0158,3,710.0,0.0,2130.0,
OI000001776,O00000422,M0074,1,756.0,0.0,756.0,
OI000001777,O00000422,M0042,1,1210.0,0.0,1210.0,
OI000001778,O00000422,M0134,2,730.0,0.0,1460.0,
OI000001779,O00000422,M0012,1,541.5,0.0,541.5,
OI000001780,O00000423,M0005,3,408.5,0.0,1225.5,
OI000001781,O00000423,M0089,2,1207.5,0.0,2415.0,
OI000001782,O00000423,M0001,2,1480.0,0.0,2960.0,
OI000001783,O00000423,M0021,1,1187.5,178.12,1009.38,
OI000001784,O00000423,M0009,2,1577.0,0.0,3154.0,
OI000001785,O00000423,M0184,1,988.0,0.0,988.0,
OI000001786,O00000424,M0016,2,1230.0,0.0,2460.0,
OI000001787,O00000424,M0064,1,441.0,0.0,441.0,
OI000001788,O00000424,M0008,1,880.0,0.0,880.0,
OI000001789,O00000425,M0191,2,1150.0,230.0,2070.0,
OI000001790,O00000425,M0004,1,1800.0,90.0,1710.0,
OI000001791,O00000425,M0152,2,588.0,0.0,1176.0,
OI000001792,O00000426,M0024,3,580.0,0.0,1740.0,
OI000001793,O00000426,M0022,1,1240.0,0.0,1240.0,
OI000001794,O00000427,M0075,1,1795.5,89.78,1705.72,
OI000001795,O00000427,M0002,2,520.0,0.0,1040.0,
OI000001796,O00000427,M0039,1,1774.5,0.0,1774.5,Customer request
OI000001797,O00000427,M0006,1,1879.5,0.0,1879.5,
OI000001798,O00000428,M0003,1,1050.0,0.0,1050.0,
OI000001799,O00000428,M0138,1,700.0,0.0,700.0,
OI000001800,O00000428,M0199,1,440.0,0.0,440.0,
OI000001801,O00000429,M0184,1,1040.0,0.0,1040.0,
OI000001802,O00000429,M0115,1,1140.0,0.0,1140.0,Customer request
OI000001803,O00000429,M0158,1,710.0,0.0,710.0,
OI000001804,O00000429,M0160,1,1837.5,0.0,1837.5,
OI000001805,O00000430,M0004,2,1710.0,0.0,3420.0,
OI000001806,O00000430,M0002,2,546.0,0.0,1092.0,
OI000001807,O00000430,M0003,1,1050.0,0.0,1050.0,
OI000001808,O00000430,M0004,1,1800.0,0.0,1800.0,
OI000001809,O00000430,M0115,5,1140.0,0.0,5700.0,
OI000001810,O00000431,M0169,2,1121.0,0.0,2242.0,
OI000001811,O00000431,M0014,2,1795.5,359.1,3231.9,
OI000001812,O00000431,M0001,1,1480.0,0.0,1480.0,
OI000001813,O00000431,M0011,1,1150.0,0.0,1150.0,
OI000001814,O00000432,M0076,1,693.0,0.0,693.0,
OI000001815,O00000432,M0169,1,1239.0,123.9,1115.1,
OI000001816,O00000432,M0024,2,580.0,0.0,1160.0,
OI000001817,O00000432,M0013,1,1500.0,0.0,1500.0,
OI000001818,O00000433,M0062,3,959.5,0.0,2878.5,
OI000001819,O00000433,M0005,1,430.0,64.5,365.5,
OI000001820,O00000434,M0095,3,230.0,0.0,690.0,
OI000001821,O00000434,M0020,3,1054.5,474.52,2688.98,
OI000001822,O00000434,M0188,1,290.0,43.5,246.5,Customer request
OI000001823,O00000434,M0165,1,567.0,0.0,567.0,
OI000001824,O00000434,M0065,1,892.5,0.0,892.5,
OI000001825,O00000434,M0061,1,924.0,92.4,831.6,
OI000001826,O00000434,M0002,2,546.0,0.0,1092.0,
OI000001827,O00000434,M0009,1,1660.0,249.0,1411.0,
OI000001828,O00000435,M0131,2,1039.5,0.0,2079.0,
OI000001829,O00000435,M0015,3,1680.0,0.0,5040.0,
OI000001830,O00000435,M0021,1,1312.5,0.0,1312.5,
OI000001831,O00000435,M0122,1,470.0,70.5,399.5,
OI000001832,O00000435,M0022,1,1240.0,0.0,1240.0,Customer request
OI000001833,O00000435,M0126,1,1520.0,0.0,1520.0,
OI000001834,O00000436,M0001,1,1480.0,0.0,1480.0,Customer request
OI000001835,O00000436,M0072,2,1407.0,0.0,2814.0,
OI000001836,O00000436,M0001,3,1406.0,421.8,3796.2,
OI000001837,O00000436,M0103,1,1150.0,0.0,1150.0,
OI000001838,O00000437,M0040,3,451.5,0.0,1354.5,
OI000001839,O00000437,M0041,2,1560.0,0.0,3120.0,Customer request
OI000001840,O00000437,M0016,1,1291.5,0.0,1291.5,
OI000001841,O00000438,M0150,1,300.0,0.0,300.0,
OI000001842,O00000438,M0033,1,325.5,0.0,325.5,
OI000001843,O00000438,M0008,1,836.0,0.0,836.0,
OI000001844,O00000438,M0116,2,399.0,0.0,798.0,
OI000001845,O00000438,M0172,1,1720.0,0.0,1720.0,Customer request
OI000001846,O00000439,M0007,1,1280.0,0.0,1280.0,
OI000001847,O00000439,M0051,1,750.0,0.0,750.0,Customer request
OI000001848,O00000440,M0047,1,1529.5,0.0,1529.5,
OI000001849,O00000440,M0052,1,710.0,0.0,710.0,
OI000001850,O00000440,M0042,2,1210.0,0.0,2420.0,
OI000001851,O00000440,M0002,2,520.0,0.0,1040.0,
OI000001852,O00000441,M0020,1,1054.5,0.0,1054.5,
OI000001853,O00000441,M0192,1,567.0,0.0,567.0,
OI000001854,O00000441,M0002,1,520.0,0.0,520.0,
OI000001855,O00000441,M0066,1,551.0,82.65,468.35,
OI000001856,O00000441,M0146,1,250.0,12.5,237.5,
OI000001857,O00000441,M0005,2,430.0,0.0,860.0,
OI000001858,O00000442,M0108,1,408.5,0.0,408.5,
OI000001859,O00000442,M0007,2,1280.0,0.0,2560.0,
OI000001860,O00000442,M0001,1,1406.0,0.0,1406.0,
OI000001861,O00000442,M0035,1,920.0,0.0,920.0,
OI000001862,O00000443,M0077,3,1630.0,0.0,4890.0,
OI000001863,O00000443,M0005,3,430.0,0.0,1290.0,
OI000001864,O00000443,M0001,2,1406.0,0.0,2812.0,
OI000001865,O00000444,M0040,2,430.0,0.0,860.0,
OI000001866,O00000444,M0003,2,1102.5,0.0,2205.0,
OI000001867,O00000444,M0004,2,1800.0,0.0,3600.0,
OI000001868,O00000444,M0075,1,1624.5,0.0,1624.5,
OI000001869,O00000445,M0052,5,745.5,0.0,3727.5,
OI000001870,O00000445,M0171,2,1640.0,0.0,3280.0,
OI000001871,O00000445,M0012,1,598.5,0.0,598.5,
OI000001872,O00000446,M0005,1,408.5,0.0,408.5,
OI000001873,O00000446,M0063,1,1270.5,0.0,1270.5,Customer request
OI000001874,O00000446,M0185,1,1482.0,0.0,1482.0,
OI000001875,O00000447,M0040,2,451.5,0.0,903.0,
OI000001876,O00000447,M0010,1,430.0,0.0,430.0,
OI000001877,O00000447,M0153,2,1760.0,0.0,3520.0,
OI000001878,O00000447,M0052,1,710.0,0.0,710.0,
OI000001879,O00000447,M0005,2,430.0,0.0,860.0,
OI000001880,O00000448,M0173,1,1750.0,0.0,1750.0,
OI000001881,O00000448,M0008,2,880.0,0.0,1760.0,
OI000001882,O00000448,M0148,1,1239.0,0.0,1239.0,
OI000001883,O00000448,M0053,1,1770.0,0.0,1770.0,
OI000001884,O00000448,M0032,2,830.0,0.0,1660.0,
OI000001885,O00000449,M0013,1,1500.0,0.0,1500.0,
OI000001886,O00000449,M0002,3,494.0,74.1,1407.9,
OI000001887,O00000449,M0007,2,1280.0,0.0,2560.0,
OI000001888,O00000449,M0012,1,570.0,0.0,570.0,
OI000001889,O00000449,M0009,1,1660.0,0.0,1660.0,
OI000001890,O00000449,M0001,1,1480.0,148.0,1332.0,
OI000001891,O00000449,M0046,1,1722.0,0.0,1722.0,
OI000001892,O00000450,M0028,4,913.5,0.0,3654.0,
OI000001893,O00000450,M0002,2,520.0,104.0,936.0,
OI000001894,O00000450,M0026,1,450.0,67.5,382.5,
OI000001895,O00000450,M0002,1,546.0,27.3,518.7,Customer request
OI000001896,O00000451,M0164,1,1270.0,0.0,1270.0,
OI000001897,O00000451,M0008,1,924.0,0.0,924.0,
OI000001898,O00000452,M0082,2,560.5,0.0,1121.0,
OI000001899,O00000452,M0007,1,1216.0,0.0,1216.0,
OI000001900,O00000452,M0028,1,870.0,0.0,870.0,
OI000001901,O00000453,M0164,4,1270.0,762.0,4318.0,
OI000001902,O00000453,M0136,2,740.0,0.0,1480.0,
OI000001903,O00000453,M0099,2,570.0,0.0,1140.0,
OI000001904,O00000453,M0103,2,1150.0,0.0,2300.0,
OI000001905,O00000453,M0116,3,420.0,0.0,1260.0,
OI000001906,O00000453,M0087,3,1596.0,0.0,4788.0,
OI000001907,O00000453,M0147,1,1040.0,0.0,1040.0,
OI000001908,O00000454,M0014,1,1710.0,0.0,1710.0,
OI000001909,O00000454,M0036,3,1879.5,0.0,5638.5,
OI000001910,O00000455,M0060,1,1180.0,0.0,1180.0,
OI000001911,O00000455,M0005,1,430.0,0.0,430.0,
OI000001912,O00000455,M0032,1,788.5,0.0,788.5,
OI000001913,O00000455,M0002,3,494.0,0.0,1482.0,
OI000001914,O00000456,M0052,1,745.5,0.0,745.5,
OI000001915,O00000456,M0002,1,546.0,0.0,546.0,
OI000001916,O00000456,M0032,1,830.0,0.0,830.0,
OI000001917,O00000456,M0026,1,450.0,0.0,450.0,
OI000001918,O00000456,M0002,1,546.0,0.0,546.0,
OI000001919,O00000456,M0023,2,580.0,0.0,1160.0,
OI000001920,O00000457,M0068,1,920.0,0.0,920.0,
OI000001921,O00000457,M0049,2,1450.0,0.0,2900.0,
OI000001922,O00000457,M0026,2,450.0,0.0,900.0,
OI000001923,O00000458,M0015,1,1680.0,0.0,1680.0,
OI000001924,O00000458,M0001,1,1480.0,0.0,1480.0,
OI000001925,O00000458,M0176,2,1691.0,169.1,3212.9,
OI000001926,O00000459,M0019,3,630.0,0.0,1890.0,
OI000001927,O00000459,M0021,1,1187.5,0.0,1187.5,
OI000001928,O00000459,M0003,2,1102.5,0.0,2205.0,
OI000001929,O00000459,M0037,2,1610.0,0.0,3220.0,
OI000001930,O00000459,M0189,1,1500.0,0.0,1500.0,
OI000001931,O00000460,M0007,2,1280.0,0.0,2560.0,
OI000001932,O00000460,M0011,1,1150.0,0.0,1150.0,
OI000001933,O00000460,M0006,2,1790.0,0.0,3580.0,Customer request
OI000001934,O00000461,M0133,3,1000.0,0.0,3000.0,
OI000001935,O00000461,M0028,2,870.0,0.0,1740.0,
OI000001936,O00000461,M0116,1,399.0,0.0,1398.0,
OI000001937,O00000461,M0126,3,1520.0,0.0,4560.0,
OI000001938,O00000462,M0089,1,1207.5,60.38,1147.12,
OI000001939,O00000462,M0008,2,880.0,0.0,1760.0,
OI000001940,O00000463,M0001,1,1406.0,0.0,1406.0,
OI000001941,O00000463,M0003,2,1050.0,0.0,2100.0,
OI000001942,O00000463,M0073,1,420.0,0.0,420.0,
OI000001943,O00000463,M0086,1,1740.0,0.0,1740.0,
OI000001944,O00000464,M0095,1,218.5,0.0,218.5,
OI000001945,O00000464,M0007,2,1280.0,0.0,2560.0,Customer request
OI000001946,O00000464,M0003,1,1050.0,0.0,1050.0,
OI000001947,O00000464,M0159,3,1040.0,0.0,3120.0,
OI000001948,O00000465,M0065,1,807.5,0.0,807.5,
OI000001949,O00000465,M0087,2,1680.0,0.0,3360.0,
OI000001950,O00000465,M0002,2,546.0,0.0,1092.0,
OI000001951,O00000465,M0020,3,1110.0,0.0,3330.0,
OI000001952,O00000465,M0001,1,1406.0,0.0,1406.0,
OI000001953,O00000466,M0063,2,1210.0,0.0,2420.0,
OI000001954,O00000466,M0030,1,270.0,0.0,270.0,
OI000001955,O00000466,M0025,1,260.0,0.0,260.0,
OI000001956,O00000466,M0150,2,300.0,0.0,600.0,
OI000001957,O00000467,M0086,1,1827.0,0.0,1827.0,
OI000001958,O00000467,M0181,1,294.0,0.0,294.0,
OI000001959,O00000467,M0001,1,1480.0,0.0,1480.0,
OI000001960,O00000468,M0053,2,1858.5,0.0,3717.0,
OI000001961,O00000468,M0056,4,237.5,0.0,950.0,
OI000001962,O00000468,M0001,1,1480.0,0.0,1480.0,
OI000001963,O00000468,M0102,1,504.0,0.0,504.0,
OI000001964,O00000468,M0003,2,1050.0,0.0,2100.0,
OI000001965,O00000468,M0075,1,1710.0,0.0,1710.0,
OI000001966,O00000469,M0001,1,1480.0,0.0,1480.0,
OI000001967,O00000469,M0053,1,1681.5,0.0,1681.5,Customer request
OI000001968,O00000469,M0035,1,920.0,0.0,920.0,
OI000001969,O00000470,M0029,1,693.0,0.0,693.0,
OI000001970,O00000470,M0015,3,1764.0,0.0,5292.0,
OI000001971,O00000470,M0021,2,1250.0,375.0,2125.0,
OI000001972,O00000470,M0028,2,870.0,0.0,1740.0,
OI000001973,O00000471,M0010,2,430.0,0.0,860.0,
OI000001974,O00000471,M0165,1,513.0,0.0,513.0,
OI000001975,O00000472,M0181,1,280.0,0.0,280.0,
OI000001976,O00000472,M0010,1,430.0,0.0,430.0,
OI000001977,O00000473,M0099,1,570.0,0.0,570.0,
OI000001978,O00000473,M0090,2,1312.5,393.75,2231.25,
OI000001979,O00000473,M0137,1,1681.5,0.0,1681.5,
OI000001980,O00000473,M0001,1,1554.0,0.0,1554.0,
OI000001981,O00000473,M0013,1,1500.0,0.0,1500.0,
OI000001982,O00000474,M0003,1,1050.0,0.0,1050.0,
OI000001983,O00000474,M0018,4,1200.0,0.0,4800.0,
OI000001984,O00000474,M0045,1,1080.0,0.0,1080.0,
OI000001985,O00000475,M0153,4,1848.0,0.0,7392.0,
OI000001986,O00000475,M0122,2,470.0,0.0,940.0,
OI000001987,O00000476,M0031,3,1653.0,0.0,4959.0,
OI000001988,O00000476,M0001,1,1480.0,148.0,1332.0,
OI000001989,O00000476,M0010,1,430.0,0.0,430.0,
OI000001990,O00000477,M0002,3,520.0,0.0,1560.0,
OI000001991,O00000477,M0061,2,924.0,277.2,1570.8,
OI000001992,O00000477,M0073,1,420.0,0.0,420.0,
OI000001993,O00000477,M0061,2,924.0,0.0,1848.0,
OI000001994,O00000477,M0009,1,1660.0,0.0,1660.0,
OI000001995,O00000478,M0158,2,674.5,0.0,1349.0,
OI000001996,O00000478,M0047,1,1610.0,0.0,1610.0,
OI000001997,O00000478,M0049,1,1377.5,0.0,1377.5,
OI000001998,O00000478,M0113,1,840.0,0.0,840.0,
OI000001999,O00000478,M0001,1,1480.0,0.0,1480.0,
OI000002000,O00000478,M0005,1,430.0,21.5,408.5,
OI000002001,O00000479,M0047,1,1610.0,0.0,1610.0,Customer request
OI000002002,O00000479,M0052,2,674.5,0.0,1349.0,
OI000002003,O00000479,M0027,1,750.5,0.0,750.5,
OI000002004,O00000479,M0100,1,1790.0,0.0,1790.0,
OI000002005,O00000479,M0014,1,1710.0,0.0,1710.0,
OI000002006,O00000479,M0001,1,1406.0,0.0,1406.0,
OI000002007,O00000480,M0013,1,1575.0,0.0,1575.0,
OI000002008,O00000480,M0181,1,266.0,13.3,252.7,
OI000002009,O00000480,M0099,2,541.5,0.0,1083.0,
OI000002010,O00000480,M0011,1,1207.5,120.75,1086.75,
OI000002011,O00000480,M0006,3,1700.5,0.0,5101.5,
OI000002012,O00000481,M0111,1,280.0,0.0,280.0,
OI000002013,O00000481,M0005,1,451.5,0.0,451.5,
OI000002014,O00000481,M0046,4,1558.0,0.0,6232.0,
OI000002015,O00000481,M0033,2,325.5,0.0,651.0,
OI000002016,O00000482,M0021,1,1187.5,0.0,1187.5,
OI000002017,O00000482,M0022,4,1178.0,0.0,4712.0,
OI000002018,O00000482,M0075,2,1710.0,0.0,3420.0,
OI000002019,O00000482,M0002,1,494.0,0.0,494.0,
OI000002020,O00000483,M0018,1,1200.0,120.0,1080.0,
OI000002021,O00000484,M0183,1,598.5,0.0,598.5,
OI000002022,O00000484,M0099,1,570.0,0.0,570.0,
OI000002023,O00000484,M0001,1,1480.0,0.0,1480.0,
OI000002024,O00000484,M0024,2,580.0,0.0,1160.0,
OI000002025,O00000484,M0002,1,520.0,0.0,520.0,
OI000002026,O00000484,M0029,1,660.0,0.0,660.0,
OI000002027,O00000484,M0002,1,520.0,0.0,520.0,
OI000002028,O00000484,M0018,1,1200.0,0.0,1200.0,
OI000002029,O00000485,M0039,3,1690.0,0.0,5070.0,
OI000002030,O00000485,M0016,1,1230.0,0.0,1230.0,
OI000002031,O00000485,M0045,1,1026.0,0.0,1026.0,
OI000002032,O00000485,M0192,1,567.0,0.0,567.0,
OI000002033,O00000486,M0007,2,1280.0,0.0,2560.0,
OI000002034,O00000486,M0043,2,1770.0,0.0,3540.0,
OI000002035,O00000486,M0027,1,750.5,0.0,750.5,
OI000002036,O00000487,M0110,1,1650.0,0.0,1650.0,
OI000002037,O00000487,M0011,2,1150.0,0.0,2300.0,
OI000002038,O00000487,M0058,3,1350.0,0.0,4050.0,
OI000002039,O00000488,M0072,1,1407.0,0.0,1407.0,
OI000002040,O00000488,M0187,1,826.5,0.0,826.5,
OI000002041,O00000488,M0003,1,1050.0,0.0,1050.0,
OI000002042,O00000488,M0200,1,1102.0,0.0,1102.0,
OI000002043,O00000488,M0081,1,874.0,0.0,874.0,
OI000002044,O00000489,M0025,1,260.0,0.0,260.0,
OI000002045,O00000489,M0008,2,836.0,0.0,1672.0,
OI000002046,O00000489,M0056,4,262.5,105.0,945.0,
OI000002047,O00000490,M0003,1,1102.5,0.0,1102.5,
OI000002048,O00000490,M0171,2,1722.0,0.0,3444.0,Customer request
OI000002049,O00000490,M0004,2,1890.0,0.0,3780.0,
OI000002050,O00000490,M0098,1,1230.0,0.0,1230.0,Customer request
OI000002051,O00000491,M0014,2,1624.5,0.0,3249.0,Customer request
OI000002052,O00000492,M0006,1,1790.0,0.0,1790.0,
OI000002053,O00000492,M0110,1,1650.0,0.0,1650.0,
OI000002054,O00000493,M0143,1,800.0,0.0,800.0,
OI000002055,O00000493,M0001,1,1480.0,0.0,1480.0,
OI000002056,O00000493,M0186,2,1620.0,0.0,3240.0,
OI000002057,O00000493,M0021,4,1250.0,0.0,5000.0,
OI000002058,O00000493,M0002,1,520.0,0.0,520.0,
OI000002059,O00000493,M0025,2,260.0,26.0,494.0,
OI000002060,O00000494,M0002,1,546.0,0.0,546.0,
OI000002061,O00000495,M0008,1,836.0,0.0,836.0,
OI000002062,O00000495,M0041,1,1638.0,0.0,1638.0,
OI000002063,O00000496,M0015,2,1680.0,0.0,3360.0,
OI000002064,O00000496,M0006,1,1790.0,0.0,1790.0,
OI000002065,O00000496,M0005,2,430.0,0.0,860.0,
OI000002066,O00000496,M0058,1,1350.0,0.0,1350.0,
OI000002067,O00000496,M0153,1,1672.0,0.0,1672.0,
OI000002068,O00000497,M0001,1,1480.0,0.0,1480.0,
OI000002069,O00000497,M0007,2,1216.0,0.0,2432.0,
OI000002070,O00000497,M0065,1,850.0,0.0,850.0,
OI000002071,O00000497,M0193,2,522.5,0.0,1045.0,
OI000002072,O00000497,M0069,2,1111.5,0.0,2223.0,
OI000002073,O00000497,M0001,2,1480.0,0.0,2960.0,
OI000002074,O00000498,M0004,2,1800.0,0.0,3600.0,
OI000002075,O00000498,M0014,1,1795.5,0.0,1795.5,
OI000002076,O00000498,M0003,1,1050.0,0.0,1050.0,
OI000002077,O00000498,M0004,3,1800.0,0.0,5400.0,Customer request
OI000002078,O00000498,M0008,1,880.0,0.0,880.0,Customer request
OI000002079,O00000498,M0016,1,1291.5,0.0,1291.5,
OI000002080,O00000499,M0018,1,1260.0,0.0,1260.0,
OI000002081,O00000499,M0031,1,1740.0,0.0,1740.0,
OI000002082,O00000499,M0162,3,330.0,148.5,841.5,
OI000002083,O00000499,M0197,1,330.0,0.0,330.0,
OI000002084,O00000499,M0001,1,1406.0,0.0,1406.0,Customer request
OI000002085,O00000500,M0031,1,1653.0,0.0,1653.0,
OI000002086,O00000500,M0090,1,1312.5,196.88,1115.62,
OI000002087,O00000500,M0001,2,1406.0,0.0,2812.0,
OI000002088,O00000500,M0168,1,1710.0,0.0,1710.0,
OI000002089,O00000500,M0167,1,560.0,0.0,560.0,
OI000002090,O00000501,M0005,2,430.0,0.0,860.0,
OI000002091,O00000501,M0102,1,480.0,0.0,480.0,
OI000002092,O00000501,M0046,2,1640.0,0.0,3280.0,
OI000002093,O00000501,M0001,1,1480.0,0.0,1480.0,
OI000002094,O00000501,M0010,1,430.0,0.0,430.0,
OI000002095,O00000501,M0008,2,880.0,0.0,1760.0,
OI000002096,O00000502,M0139,3,1770.0,0.0,5310.0,
OI000002097,O00000502,M0147,1,1092.0,0.0,1092.0,
OI000002098,O00000502,M0001,1,1480.0,0.0,1480.0,
OI000002099,O00000503,M0087,1,1680.0,0.0,1680.0,
OI000002100,O00000503,M0002,1,520.0,26.0,494.0,
OI000002101,O00000503,M0103,1,1150.0,0.0,1150.0,
OI000002102,O00000504,M0125,1,320.0,0.0,320.0,
OI000002103,O00000504,M0001,2,1554.0,0.0,3108.0,
OI000002104,O00000504,M0012,1,541.5,0.0,541.5,
OI000002105,O00000505,M0017,1,693.5,0.0,693.5,
OI000002106,O00000505,M0176,1,1780.0,0.0,1780.0,
OI000002107,O00000505,M0016,4,1291.5,0.0,5166.0,
OI000002108,O00000505,M0007,1,1280.0,0.0,1280.0,
OI000002109,O00000506,M0054,3,1064.0,0.0,3192.0,
OI000002110,O00000506,M0003,1,1102.5,0.0,1102.5,
OI000002111,O00000507,M0055,2,890.0,0.0,1780.0,
OI000002112,O00000507,M0026,1,450.0,45.0,405.0,
OI000002113,O00000507,M0084,2,1463.0,146.3,2779.7,
OI000002114,O00000507,M0045,2,1026.0,0.0,2052.0,
OI000002115,O00000507,M0004,1,1890.0,0.0,1890.0,
OI000002116,O00000507,M0167,5,560.0,0.0,2800.0,
OI000002117,O00000508,M0024,1,580.0,87.0,493.0,
OI000002118,O00000508,M0088,1,1140.0,0.0,1140.0,Customer request
OI000002119,O00000508,M0037,1,1529.5,0.0,1529.5,
OI000002120,O00000508,M0133,1,1000.0,0.0,1000.0,
OI000002121,O00000508,M0013,1,1500.0,75.0,1425.0,
OI000002122,O00000508,M0058,1,1417.5,0.0,1417.5,
OI000002123,O00000508,M0002,1,520.0,0.0,520.0,
OI000002124,O00000509,M0001,1,1480.0,0.0,1480.0,
OI000002125,O00000509,M0124,2,931.0,0.0,1862.0,Customer request
OI000002126,O00000510,M0114,1,640.0,64.0,576.0,
OI000002127,O00000510,M0015,1,1680.0,0.0,1680.0,
OI000002128,O00000510,M0068,3,966.0,289.8,2608.2,
OI000002129,O00000511,M0118,1,1310.0,0.0,1310.0,Customer request
OI000002130,O00000511,M0003,1,1050.0,0.0,1050.0,
OI000002131,O00000511,M0192,1,540.0,0.0,540.0,
OI000002132,O00000511,M0142,2,730.0,0.0,1460.0,
OI000002133,O00000512,M0072,1,1273.0,0.0,1273.0,
OI000002134,O00000512,M0039,1,1605.5,0.0,1605.5,
OI000002135,O00000512,M0146,3,262.5,0.0,787.5,
OI000002136,O00000512,M0086,1,1740.0,0.0,1740.0,
OI000002137,O00000513,M0046,3,1558.0,0.0,4674.0,
OI000002138,O00000513,M0144,1,560.0,0.0,560.0,
OI000002139,O00000513,M0005,1,430.0,0.0,430.0,
OI000002140,O00000513,M0007,2,1280.0,0.0,2560.0,
OI000002141,O00000513,M0163,1,1390.0,0.0,1390.0,
OI000002142,O00000514,M0001,1,1480.0,0.0,1480.0,Customer request
OI000002143,O00000514,M0001,1,1480.0,0.0,1480.0,
OI000002144,O00000514,M0104,3,200.0,0.0,600.0,
OI000002145,O00000514,M0020,1,1110.0,0.0,1110.0,
OI000002146,O00000514,M0156,4,1344.0,0.0,5376.0,
OI000002147,O00000515,M0010,2,408.5,0.0,817.0,
OI000002148,O00000515,M0009,1,1660.0,0.0,1660.0,
OI000002149,O00000515,M0177,1,190.0,0.0,190.0,
OI000002150,O00000515,M0041,1,1560.0,0.0,1560.0,
OI000002151,O00000516,M0053,1,1681.5,0.0,1681.5,
OI000002152,O00000516,M0147,2,988.0,98.8,1877.2,
OI000002153,O00000516,M0017,1,730.0,0.0,730.0,
OI000002154,O00000516,M0007,4,1280.0,0.0,5120.0,
OI000002155,O00000517,M0044,1,360.0,0.0,360.0,
OI000002156,O00000517,M0020,3,1110.0,0.0,3330.0,
OI000002157,O00000517,M0004,1,1800.0,0.0,1800.0,
OI000002158,O00000517,M0002,1,520.0,0.0,520.0,
OI000002159,O00000518,M0082,2,560.5,0.0,1121.0,
OI000002160,O00000518,M0001,2,1554.0,0.0,3108.0,
OI000002161,O00000518,M0036,3,1700.5,0.0,5101.5,
OI000002162,O00000518,M0012,4,598.5,239.4,2154.6,
OI000002163,O00000519,M0003,2,1050.0,105.0,1995.0,
OI000002164,O00000519,M0144,1,560.0,0.0,560.0,
OI000002165,O00000519,M0086,1,1653.0,0.0,1653.0,Customer request
OI000002166,O00000519,M0097,1,304.0,0.0,304.0,Customer request
OI000002167,O00000519,M0023,1,609.0,0.0,609.0,
OI000002168,O00000520,M0061,2,880.0,176.0,1584.0,Customer request
OI000002169,O00000520,M0002,1,494.0,0.0,494.0,
OI000002170,O00000521,M0003,2,1050.0,0.0,2100.0,
OI000002171,O00000521,M0012,2,598.5,0.0,1197.0,
OI000002172,O00000521,M0026,3,427.5,0.0,1282.5,
OI000002173,O00000521,M0002,1,520.0,0.0,520.0,
OI000002174,O00000522,M0043,2,1681.5,0.0,3363.0,
OI000002175,O00000522,M0007,2,1344.0,0.0,2688.0,
OI000002176,O00000522,M0098,3,1230.0,0.0,3690.0,
OI000002177,O00000522,M0001,3,1480.0,0.0,4440.0,
OI000002178,O00000522,M0133,1,950.0,0.0,950.0,
OI000002179,O00000522,M0084,2,1540.0,0.0,3080.0,
OI000002180,O00000523,M0039,2,1690.0,0.0,3380.0,
OI000002181,O00000523,M0086,1,1827.0,0.0,1827.0,
OI000002182,O00000523,M0015,1,1680.0,0.0,1680.0,
OI000002183,O00000523,M0004,1,1890.0,0.0,1890.0,
OI000002184,O00000524,M0001,1,1480.0,0.0,1480.0,
OI000002185,O00000524,M0040,2,451.5,0.0,903.0,
OI000002186,O00000524,M0010,1,430.0,0.0,430.0,
OI000002187,O00000525,M0005,1,408.5,0.0,408.5,
OI000002188,O00000525,M0134,1,693.5,0.0,693.5,
OI000002189,O00000525,M0082,1,560.5,0.0,560.5,
OI000002190,O00000525,M0195,1,230.0,0.0,230.0,
OI000002191,O00000526,M0064,4,399.0,0.0,1596.0,
OI000002192,O00000526,M0146,4,250.0,0.0,1000.0,
OI000002193,O00000526,M0002,2,520.0,52.0,988.0,
OI000002194,O00000526,M0081,1,920.0,0.0,920.0,
OI000002195,O00000527,M0002,2,494.0,0.0,988.0,
OI000002196,O00000527,M0002,2,520.0,0.0,1040.0,
OI000002197,O00000527,M0130,3,1123.5,0.0,3370.5,
OI000002198,O00000528,M0015,1,1680.0,0.0,1680.0,
OI000002199,O00000528,M0011,1,1092.5,0.0,1092.5,
OI000002200,O00000528,M0004,1,1800.0,0.0,1800.0,
OI000002201,O00000528,M0029,1,660.0,0.0,660.0,
OI000002202,O00000528,M0005,1,430.0,0.0,430.0,
OI000002203,O00000528,M0038,1,1320.0,0.0,1320.0,
OI000002204,O00000529,M0064,2,420.0,126.0,714.0,
OI000002205,O00000529,M0062,3,959.5,0.0,2878.5,Customer request
OI000002206,O00000529,M0015,2,1680.0,504.0,2856.0,
OI000002207,O00000529,M0075,2,1795.5,0.0,3591.0,
OI000002208,O00000529,M0008,1,924.0,0.0,924.0,
OI000002209,O00000529,M0110,1,1732.5,0.0,1732.5,Customer request
OI000002210,O00000530,M0001,5,1480.0,0.0,7400.0,
OI000002211,O00000530,M0182,5,1650.0,0.0,8250.0,
OI000002212,O00000530,M0022,1,1240.0,0.0,1240.0,
OI000002213,O00000530,M0013,1,1425.0,0.0,1425.0,
OI000002214,O00000530,M0055,1,890.0,0.0,890.0,
OI000002215,O00000530,M0139,2,1858.5,0.0,3717.0,
OI000002216,O00000530,M0014,1,1710.0,0.0,1710.0,
OI000002217,O00000531,M0001,4,1554.0,0.0,6216.0,Customer request
OI000002218,O00000531,M0014,2,1710.0,0.0,3420.0,
OI000002219,O00000531,M0001,1,1480.0,0.0,1480.0,
OI000002220,O00000531,M0004,1,1710.0,0.0,1710.0,
OI000002221,O00000532,M0001,1,1554.0,0.0,1554.0,
OI000002222,O00000532,M0017,1,730.0,0.0,730.0,Customer request
OI000002223,O00000532,M0001,2,1554.0,0.0,3108.0,Customer request
OI000002224,O00000532,M0191,1,1092.5,0.0,1092.5,
OI000002225,O00000532,M0100,1,1790.0,0.0,1790.0,
OI000002226,O00000532,M0021,2,1312.5,0.0,2625.0,
OI000002227,O00000533,M0103,1,1150.0,0.0,1150.0,
OI000002228,O00000533,M0021,3,1250.0,0.0,3750.0,
OI000002229,O00000533,M0060,1,1121.0,0.0,1121.0,
OI000002230,O00000534,M0115,1,1083.0,0.0,1083.0,
OI000002231,O00000534,M0070,3,1711.5,0.0,5134.5,
OI000002232,O00000534,M0002,1,520.0,0.0,520.0,
OI000002233,O00000534,M0001,1,1480.0,74.0,1406.0,
OI000002234,O00000534,M0044,1,360.0,0.0,360.0,
OI000002235,O00000534,M0005,1,430.0,0.0,430.0,
OI000002236,O00000534,M0191,2,1150.0,345.0,1955.0,
OI000002237,O00000535,M0001,1,1480.0,0.0,1480.0,
OI000002238,O00000535,M0089,1,1150.0,0.0,1150.0,
OI000002239,O00000535,M0001,1,1554.0,0.0,1554.0,
OI000002240,O00000535,M0052,1,745.5,111.82,633.68,
OI000002241,O00000535,M0021,1,1250.0,0.0,1250.0,
OI000002242,O00000536,M0057,1,475.0,0.0,475.0,
OI000002243,O00000536,M0093,1,883.5,44.18,839.32,
OI000002244,O00000536,M0001,1,1480.0,0.0,1480.0,
OI000002245,O00000536,M0035,1,920.0,0.0,920.0,
OI000002246,O00000536,M0169,1,1180.0,0.0,1180.0,
OI000002247,O00000537,M0006,1,1879.5,0.0,1879.5,
OI000002248,O00000537,M0001,1,1480.0,0.0,1480.0,
OI000002249,O00000537,M0096,1,693.5,104.02,589.48,
OI000002250,O00000537,M0087,1,1680.0,0.0,1680.0,
OI000002251,O00000538,M0018,4,1200.0,0.0,4800.0,
OI000002252,O00000538,M0118,1,1310.0,0.0,1310.0,
OI000002253,O00000538,M0039,1,1690.0,0.0,1690.0,
OI000002254,O00000539,M0028,3,870.0,391.5,2218.5,
OI000002255,O00000539,M0115,1,1197.0,0.0,1197.0,
OI000002256,O00000539,M0002,1,546.0,0.0,546.0,
OI000002257,O00000540,M0006,2,1879.5,0.0,3759.0,
OI000002258,O00000540,M0024,1,580.0,0.0,580.0,
OI000002259,O00000540,M0002,2,494.0,98.8,889.2,
OI000002260,O00000541,M0198,2,680.0,0.0,1360.0,
OI000002261,O00000541,M0011,2,1150.0,0.0,2300.0,
OI000002262,O00000541,M0172,1,1720.0,258.0,1462.0,
OI000002263,O00000542,M0028,1,870.0,0.0,870.0,
OI000002264,O00000542,M0160,1,1750.0,175.0,1575.0,
OI000002265,O00000542,M0023,4,580.0,0.0,2320.0,
OI000002266,O00000542,M0112,2,610.0,0.0,1220.0,
OI000002267,O00000542,M0090,1,1250.0,0.0,1250.0,
OI000002268,O00000542,M0171,1,1640.0,0.0,1640.0,
OI000002269,O00000543,M0058,1,1350.0,67.5,1282.5,
OI000002270,O00000543,M0006,1,1790.0,0.0,1790.0,
OI000002271,O00000543,M0038,1,1386.0,0.0,1386.0,
OI000002272,O00000543,M0003,2,1050.0,0.0,2100.0,
OI000002273,O00000544,M0013,2,1425.0,0.0,2850.0,
OI000002274,O00000544,M0103,1,1092.5,0.0,1092.5,
OI000002275,O00000544,M0001,2,1480.0,0.0,2960.0,
OI000002276,O00000544,M0054,1,1176.0,0.0,1176.0,
OI000002277,O00000544,M0072,1,1340.0,0.0,1340.0,
OI000002278,O00000544,M0148,2,1180.0,0.0,2360.0,
OI000002279,O00000544,M0092,1,845.5,0.0,845.5,
OI000002280,O00000544,M0019,2,630.0,0.0,1260.0,
OI000002281,O00000545,M0095,1,241.5,0.0,241.5,
OI000002282,O00000545,M0055,1,890.0,0.0,890.0,
OI000002283,O00000545,M0047,1,1529.5,0.0,1529.5,
OI000002284,O00000546,M0001,1,1480.0,0.0,1480.0,
OI000002285,O00000546,M0038,1,1320.0,0.0,1320.0,Customer request
OI000002286,O00000547,M0134,1,766.5,38.33,728.17,
OI000002287,O00000547,M0023,1,580.0,58.0,522.0,
OI000002288,O00000547,M0076,1,660.0,0.0,660.0,
OI000002289,O00000548,M0150,3,285.0,0.0,855.0,
OI000002290,O00000548,M0037,4,1610.0,0.0,6440.0,
OI000002291,O00000548,M0002,1,494.0,74.1,419.9,
OI000002292,O00000548,M0001,3,1480.0,0.0,4440.0,
OI000002293,O00000548,M0106,2,893.0,0.0,1786.0,
OI000002294,O00000549,M0001,1,1480.0,0.0,1480.0,
OI000002295,O00000549,M0200,1,1160.0,0.0,1160.0,
OI000002296,O00000549,M0003,1,1050.0,0.0,1050.0,
OI000002297,O00000550,M0098,2,1168.5,0.0,2337.0,
OI000002298,O00000550,M0134,1,730.0,0.0,730.0,
OI000002299,O00000550,M0011,1,1092.5,0.0,1092.5,
OI000002300,O00000550,M0038,4,1320.0,528.0,4752.0,Customer request
OI000002301,O00000551,M0174,2,510.0,0.0,1020.0,
OI000002302,O00000551,M0176,1,1780.0,0.0,1780.0,
OI000002303,O00000551,M0163,1,1320.5,0.0,1320.5,
OI000002304,O00000551,M0009,4,1660.0,0.0,6640.0,
OI000002305,O00000551,M0001,1,1406.0,210.9,1195.1,
OI000002306,O00000552,M0002,1,520.0,0.0,520.0,
OI000002307,O00000552,M0003,1,1050.0,0.0,1050.0,
OI000002308,O00000552,M0067,2,1440.0,0.0,2880.0,
OI000002309,O00000552,M0108,2,408.5,0.0,817.0,
OI000002310,O00000552,M0001,1,1554.0,0.0,1554.0,
OI000002311,O00000552,M0144,1,588.0,0.0,588.0,
OI000002312,O00000553,M0089,1,1150.0,0.0,1150.0,
OI000002313,O00000553,M0036,1,1879.5,0.0,1879.5,
OI000002314,O00000553,M0195,1,241.5,36.22,205.28,
OI000002315,O00000553,M0008,1,924.0,0.0,924.0,
OI000002316,O00000554,M0006,1,1790.0,0.0,1790.0,Customer request
OI000002317,O00000554,M0013,3,1500.0,675.0,3825.0,
OI000002318,O00000554,M0036,2,1700.5,0.0,3401.0,
OI000002319,O00000554,M0017,1,730.0,0.0,730.0,
OI000002320,O00000555,M0118,3,1310.0,589.5,3340.5,
OI000002321,O00000555,M0146,1,237.5,0.0,237.5,
OI000002322,O00000555,M0182,3,1732.5,779.62,4417.88,Customer request
OI000002323,O00000555,M0114,1,672.0,0.0,672.0,
OI000002324,O00000555,M0051,2,750.0,0.0,1500.0,
OI000002325,O00000556,M0053,1,1681.5,0.0,1681.5,
OI000002326,O00000556,M0004,1,1890.0,0.0,1890.0,
OI000002327,O00000556,M0008,2,880.0,0.0,1760.0,
OI000002328,O00000556,M0199,2,462.0,0.0,924.0,
OI000002329,O00000557,M0008,3,924.0,0.0,2772.0,
OI000002330,O00000557,M0027,1,790.0,0.0,790.0,
OI000002331,O00000557,M0017,2,766.5,0.0,1533.0,
OI000002332,O00000558,M0071,3,630.0,0.0,1890.0,
OI000002333,O00000558,M0013,1,1500.0,0.0,1500.0,
OI000002334,O00000558,M0070,1,1711.5,0.0,1711.5,
OI000002335,O00000558,M0179,1,1512.0,0.0,1512.0,
OI000002336,O00000558,M0007,4,1280.0,512.0,4608.0,
OI000002337,O00000559,M0016,1,1230.0,0.0,1230.0,
OI000002338,O00000559,M0013,3,1425.0,0.0,4275.0,
OI000002339,O00000559,M0010,1,430.0,0.0,430.0,
OI000002340,O00000559,M0008,3,880.0,0.0,2640.0,
OI000002341,O00000559,M0056,1,250.0,0.0,250.0,
OI000002342,O00000559,M0040,1,408.5,0.0,408.5,
OI000002343,O00000560,M0033,1,310.0,0.0,310.0,
OI000002344,O00000560,M0107,2,342.0,0.0,684.0,
OI000002345,O00000560,M0003,1,1050.0,0.0,1050.0,
OI000002346,O00000561,M0004,1,1800.0,0.0,1800.0,
OI000002347,O00000561,M0034,3,1323.0,595.35,3373.65,
OI000002348,O00000561,M0014,1,1710.0,0.0,1710.0,
OI000002349,O00000562,M0004,1,1800.0,0.0,1800.0,
OI000002350,O00000562,M0072,1,1340.0,0.0,1340.0,
OI000002351,O00000562,M0031,1,1740.0,0.0,1740.0,
OI000002352,O00000562,M0005,1,430.0,0.0,430.0,
OI000002353,O00000563,M0008,2,880.0,0.0,1760.0,
OI000002354,O00000563,M0081,1,920.0,0.0,920.0,
OI000002355,O00000563,M0012,2,541.5,0.0,1083.0,
OI000002356,O00000564,M0005,1,430.0,0.0,430.0,Customer request
OI000002357,O00000564,M0181,1,280.0,0.0,280.0,
OI000002358,O00000564,M0002,2,546.0,0.0,1092.0,
OI000002359,O00000565,M0003,1,1050.0,0.0,1050.0,
OI000002360,O00000565,M0079,2,1050.0,0.0,2100.0,
OI000002361,O00000565,M0022,2,1240.0,0.0,2480.0,
OI000002362,O00000565,M0090,1,1312.5,0.0,1312.5,
OI000002363,O00000565,M0040,1,430.0,0.0,430.0,
OI000002364,O00000565,M0001,1,1480.0,0.0,1480.0,
OI000002365,O00000566,M0070,1,1630.0,0.0,1630.0,
OI000002366,O00000566,M0109,1,1420.0,0.0,1420.0,
OI000002367,O00000567,M0040,1,430.0,0.0,430.0,
OI000002368,O00000567,M0011,2,1150.0,0.0,2300.0,
OI000002369,O00000567,M0001,2,1554.0,0.0,3108.0,
OI000002370,O00000567,M0152,2,532.0,106.4,957.6,Customer request
OI000002371,O00000567,M0076,2,693.0,0.0,1386.0,
OI000002372,O00000567,M0001,2,1554.0,0.0,3108.0,
OI000002373,O00000568,M0122,2,470.0,0.0,940.0,
OI000002374,O00000568,M0001,1,1406.0,0.0,1406.0,
OI000002375,O00000568,M0078,1,1323.0,0.0,1323.0,
OI000002376,O00000569,M0073,1,420.0,21.0,399.0,Customer request
OI000002377,O00000569,M0156,1,1216.0,0.0,1216.0,
OI000002378,O00000569,M0004,1,1890.0,0.0,1890.0,
OI000002379,O00000569,M0043,1,1770.0,0.0,1770.0,
OI000002380,O00000570,M0039,2,1690.0,0.0,3380.0,
OI000002381,O00000570,M0001,1,1406.0,0.0,1406.0,
OI000002382,O00000570,M0058,2,1350.0,0.0,2700.0,
OI000002383,O00000570,M0007,1,1280.0,0.0,1280.0,
OI000002384,O00000571,M0013,1,1575.0,0.0,1575.0,
OI000002385,O00000571,M0007,1,1280.0,64.0,1216.0,
OI000002386,O00000571,M0001,2,1480.0,0.0,2960.0,
OI000002387,O00000571,M0004,1,1800.0,0.0,1800.0,
OI000002388,O00000571,M0005,4,451.5,0.0,1806.0,
OI000002389,O00000571,M0045,1,1080.0,0.0,1080.0,
OI000002390,O00000571,M0003,1,997.5,0.0,997.5,
OI000002391,O00000571,M0158,2,710.0,0.0,1420.0,
OI000002392,O00000572,M0006,2,1700.5,0.0,3401.0,
OI000002393,O00000572,M0062,1,959.5,0.0,959.5,
OI000002394,O00000572,M0003,1,1050.0,0.0,1050.0,
OI000002395,O00000572,M0105,1,1310.0,0.0,1310.0,
OI000002396,O00000572,M0001,2,1480.0,0.0,2960.0,
OI000002397,O00000572,M0086,3,1653.0,0.0,4959.0,
OI000002398,O00000572,M0018,1,1260.0,0.0,1260.0,
OI000002399,O00000573,M0027,1,790.0,0.0,790.0,
OI000002400,O00000574,M0015,2,1680.0,0.0,3360.0,
OI000002401,O00000574,M0019,1,661.5,0.0,661.5,
OI000002402,O00000574,M0001,1,1480.0,0.0,1480.0,
OI000002403,O00000575,M0001,2,1406.0,0.0,2812.0,
OI000002404,O00000575,M0105,1,1310.0,0.0,1310.0,
OI000002405,O00000575,M0005,1,430.0,0.0,430.0,
OI000002406,O00000576,M0051,2,712.5,71.25,1353.75,
OI000002407,O00000576,M0062,1,1010.0,0.0,1010.0,
OI000002408,O00000576,M0074,1,720.0,0.0,720.0,
OI000002409,O00000577,M0049,1,1450.0,0.0,1450.0,
OI000002410,O00000577,M0056,1,250.0,0.0,250.0,
OI000002411,O00000577,M0046,1,1722.0,0.0,1722.0,Customer request
OI000002412,O00000578,M0162,1,313.5,0.0,313.5,
OI000002413,O00000579,M0065,1,850.0,0.0,850.0,
OI000002414,O00000579,M0014,3,1624.5,0.0,4873.5,
OI000002415,O00000579,M0015,1,1764.0,0.0,1764.0,
OI000002416,O00000580,M0002,2,520.0,0.0,1040.0,
OI000002417,O00000580,M0196,2,1510.5,453.15,2567.85,
OI000002418,O00000580,M0144,1,588.0,88.2,499.8,
OI000002419,O00000581,M0001,1,1480.0,0.0,1480.0,
OI000002420,O00000581,M0131,1,1039.5,0.0,1039.5,
OI000002421,O00000581,M0003,1,1050.0,0.0,1050.0,
OI000002422,O00000581,M0007,1,1280.0,0.0,1280.0,
OI000002423,O00000581,M0069,3,1228.5,368.55,3316.95,
OI000002424,O00000581,M0083,2,540.0,0.0,1080.0,
OI000002425,O00000581,M0032,1,788.5,0.0,788.5,
OI000002426,O00000582,M0182,4,1567.5,0.0,6270.0,
OI000002427,O00000582,M0030,1,270.0,0.0,270.0,
OI000002428,O00000583,M0008,3,880.0,0.0,2640.0,
OI000002429,O00000583,M0001,1,1554.0,0.0,1554.0,
OI000002430,O00000583,M0134,2,730.0,0.0,1460.0,
OI000002431,O00000584,M0018,1,1200.0,0.0,1200.0,
OI000002432,O00000584,M0100,1,1790.0,0.0,1790.0,
OI000002433,O00000585,M0097,1,304.0,0.0,304.0,
OI000002434,O00000585,M0001,1,1406.0,0.0,1406.0,
OI000002435,O00000585,M0115,1,1140.0,0.0,1140.0,
OI000002436,O00000586,M0009,1,1660.0,0.0,1660.0,
OI000002437,O00000586,M0123,1,777.0,0.0,777.0,
OI000002438,O00000587,M0030,3,270.0,0.0,810.0,
OI000002439,O00000587,M0048,2,1580.0,0.0,3160.0,
OI000002440,O00000587,M0002,2,520.0,156.0,884.0,
OI000002441,O00000587,M0017,1,693.5,0.0,693.5,
OI000002442,O00000587,M0184,1,1040.0,0.0,1040.0,
OI000002443,O00000588,M0161,2,430.5,129.15,731.85,
OI000002444,O00000588,M0197,1,330.0,0.0,330.0,
OI000002445,O00000588,M0033,5,310.0,0.0,1550.0,
OI000002446,O00000588,M0114,1,672.0,0.0,672.0,
OI000002447,O00000589,M0025,2,260.0,0.0,520.0,
OI000002448,O00000589,M0169,1,1239.0,0.0,1239.0,Customer request
OI000002449,O00000589,M0193,1,577.5,0.0,577.5,
OI000002450,O00000589,M0138,1,665.0,0.0,665.0,
OI000002451,O00000590,M0054,2,1120.0,0.0,2240.0,
OI000002452,O00000590,M0194,2,1270.0,0.0,2540.0,
OI000002453,O00000590,M0191,1,1150.0,115.0,1035.0,
OI000002454,O00000591,M0028,2,870.0,0.0,1740.0,
OI000002455,O00000591,M0010,1,408.5,20.42,388.08,
OI000002456,O00000591,M0004,2,1710.0,0.0,3420.0,
OI000002457,O00000592,M0068,3,920.0,0.0,2760.0,Customer request
OI000002458,O00000592,M0001,2,1480.0,0.0,2960.0,
OI000002459,O00000593,M0094,1,630.0,0.0,630.0,
OI000002460,O00000593,M0001,2,1480.0,444.0,2516.0,
OI000002461,O00000593,M0008,4,924.0,0.0,3696.0,
OI000002462,O00000593,M0031,1,1740.0,87.0,1653.0,
OI000002463,O00000594,M0002,2,546.0,0.0,1092.0,
OI000002464,O00000594,M0001,2,1480.0,0.0,2960.0,
OI000002465,O00000594,M0029,2,660.0,0.0,1320.0,
OI000002466,O00000595,M0142,1,693.5,0.0,693.5,
OI000002467,O00000595,M0020,1,1110.0,0.0,1110.0,
OI000002468,O00000595,M0005,1,430.0,0.0,430.0,
OI000002469,O00000595,M0020,1,1054.5,52.72,1001.78,
OI000002470,O00000596,M0081,2,920.0,92.0,1748.0,
OI000002471,O00000596,M0001,1,1480.0,0.0,1480.0,
OI000002472,O00000596,M0001,1,1406.0,210.9,1195.1,
OI000002473,O00000596,M0026,1,427.5,0.0,427.5,
OI000002474,O00000596,M0068,1,920.0,0.0,920.0,
OI000002475,O00000597,M0053,1,1770.0,0.0,1770.0,
OI000002476,O00000597,M0058,1,1350.0,0.0,1350.0,
OI000002477,O00000597,M0004,1,1800.0,0.0,1800.0,
OI000002478,O00000597,M0038,1,1320.0,0.0,1320.0,
OI000002479,O00000597,M0017,2,693.5,0.0,1387.0,
OI000002480,O00000597,M0002,1,520.0,0.0,520.0,
OI000002481,O00000598,M0003,1,1050.0,0.0,1050.0,
OI000002482,O00000598,M0060,1,1180.0,0.0,1180.0,
OI000002483,O00000598,M0177,1,200.0,0.0,200.0,
OI000002484,O00000598,M0002,1,494.0,0.0,494.0,
OI000002485,O00000599,M0031,4,1827.0,0.0,7308.0,
OI000002486,O00000599,M0007,3,1216.0,0.0,3648.0,
OI000002487,O00000599,M0009,1,1577.0,0.0,1577.0,
OI000002488,O00000599,M0006,1,1790.0,0.0,1790.0,
OI000002489,O00000600,M0039,3,1774.5,266.18,5057.32,
OI000002490,O00000600,M0001,1,1480.0,0.0,1480.0,
OI000002491,O00000600,M0087,1,1596.0,0.0,1596.0,
OI000002492,O00000600,M0051,1,712.5,0.0,712.5,
OI000002493,O00000601,M0017,2,766.5,0.0,1533.0,Customer request
OI000002494,O00000601,M0006,1,1790.0,0.0,1790.0,Customer request
OI000002495,O00000601,M0037,1,1529.5,0.0,1529.5,
OI000002496,O00000602,M0176,2,1691.0,0.0,3382.0,Customer request
OI000002497,O00000602,M0077,2,1630.0,0.0,3260.0,
OI000002498,O00000602,M0009,1,1660.0,0.0,1660.0,
OI000002499,O00000602,M0087,3,1680.0,0.0,5040.0,
OI000002500,O00000602,M0032,1,830.0,0.0,830.0,
OI000002501,O00000602,M0001,1,1480.0,0.0,1480.0,
OI000002502,O00000602,M0053,1,1770.0,0.0,1770.0,
OI000002503,O00000602,M0006,2,1790.0,0.0,3580.0,
OI000002504,O00000602,M0020,1,1165.5,0.0,1165.5,
OI000002505,O00000603,M0028,2,870.0,0.0,1740.0,
OI000002506,O00000603,M0107,2,360.0,0.0,720.0,Customer request
OI000002507,O00000603,M0046,1,1640.0,0.0,1640.0,
OI000002508,O00000604,M0013,1,1425.0,0.0,1425.0,
OI000002509,O00000604,M0063,2,1270.5,0.0,2541.0,
OI000002510,O00000604,M0005,4,430.0,172.0,1548.0,
OI000002511,O00000604,M0115,3,1083.0,0.0,3249.0,
OI000002512,O00000604,M0005,1,451.5,67.72,383.78,
OI000002513,O00000605,M0041,1,1560.0,0.0,1560.0,
OI000002514,O00000605,M0005,1,430.0,0.0,430.0,
OI000002515,O00000606,M0012,1,541.5,0.0,541.5,
OI000002516,O00000606,M0021,1,1250.0,0.0,1250.0,
OI000002517,O00000607,M0016,4,1230.0,0.0,4920.0,
OI000002518,O00000607,M0165,1,513.0,0.0,513.0,
OI000002519,O00000607,M0006,2,1790.0,0.0,3580.0,
OI000002520,O00000607,M0004,1,1800.0,0.0,1800.0,
OI000002521,O00000607,M0034,1,1197.0,59.85,1137.15,
OI000002522,O00000608,M0172,2,1634.0,0.0,3268.0,
OI000002523,O00000608,M0032,1,830.0,0.0,830.0,
OI000002524,O00000608,M0178,5,260.0,0.0,1300.0,
OI000002525,O00000609,M0004,2,1800.0,0.0,3600.0,
OI000002526,O00000609,M0001,1,1480.0,0.0,1480.0,
OI000002527,O00000610,M0010,2,408.5,0.0,817.0,
OI000002528,O00000610,M0058,1,1350.0,0.0,1350.0,
OI000002529,O00000610,M0048,1,1501.0,0.0,1501.0,
OI000002530,O00000610,M0007,1,1280.0,0.0,1280.0,
OI000002531,O00000610,M0064,1,399.0,0.0,399.0,
OI000002532,O00000610,M0118,1,1244.5,0.0,1244.5,
OI000002533,O00000610,M0071,1,630.0,0.0,630.0,
OI000002534,O00000611,M0083,2,513.0,0.0,1026.0,
OI000002535,O00000611,M0011,1,1207.5,0.0,1207.5,
OI000002536,O00000611,M0036,2,1879.5,0.0,3759.0,
OI000002537,O00000611,M0001,1,1480.0,0.0,1480.0,
OI000002538,O00000611,M0015,1,1680.0,0.0,1680.0,Customer request
OI000002539,O00000612,M0113,2,840.0,0.0,1680.0,
OI000002540,O00000612,M0103,1,1092.5,0.0,1092.5,Customer request
OI000002541,O00000612,M0168,3,1710.0,513.0,4617.0,
OI000002542,O00000613,M0183,1,630.0,0.0,630.0,
OI000002543,O00000613,M0185,4,1560.0,624.0,5616.0,
OI000002544,O00000613,M0003,1,1102.5,0.0,1102.5,
OI000002545,O00000613,M0002,1,520.0,0.0,520.0,
OI000002546,O00000613,M0137,2,1858.5,0.0,3717.0,
OI000002547,O00000614,M0017,1,730.0,0.0,730.0,
OI000002548,O00000614,M0015,1,1680.0,0.0,1680.0,
OI000002549,O00000615,M0037,1,1529.5,0.0,1529.5,
OI000002550,O00000615,M0025,1,260.0,0.0,260.0,
OI000002551,O00000616,M0006,1,1700.5,0.0,1700.5,
OI000002552,O00000616,M0124,4,931.0,0.0,3724.0,
OI000002553,O00000616,M0153,1,1760.0,0.0,1760.0,
OI000002554,O00000616,M0089,3,1207.5,0.0,3622.5,
OI000002555,O00000616,M0001,2,1554.0,0.0,3108.0,
OI000002556,O00000616,M0002,2,520.0,0.0,1040.0,
OI000002557,O00000617,M0014,1,1710.0,0.0,1710.0,
OI000002558,O00000617,M0041,1,1638.0,0.0,1638.0,
OI000002559,O00000618,M0052,1,710.0,0.0,710.0,
OI000002560,O00000618,M0002,1,520.0,0.0,520.0,
OI000002561,O00000618,M0178,1,260.0,0.0,260.0,
OI000002562,O00000618,M0036,3,1879.5,0.0,5638.5,
OI000002563,O00000618,M0022,1,1178.0,0.0,1178.0,
OI000002564,O00000618,M0005,1,430.0,0.0,430.0,
OI000002565,O00000618,M0173,1,1750.0,0.0,1750.0,
OI000002566,O00000619,M0024,1,580.0,87.0,493.0,
OI000002567,O00000619,M0002,2,520.0,0.0,1040.0,
OI000002568,O00000620,M0053,1,1770.0,177.0,1593.0,
OI000002569,O00000620,M0014,2,1710.0,0.0,3420.0,
OI000002570,O00000620,M0110,1,1650.0,0.0,1650.0,
OI000002571,O00000620,M0039,2,1690.0,507.0,2873.0,
OI000002572,O00000621,M0002,1,520.0,0.0,520.0,
OI000002573,O00000621,M0090,2,1250.0,0.0,2500.0,
OI000002574,O00000621,M0010,2,408.5,122.55,694.45,
OI000002575,O00000622,M0020,1,1110.0,0.0,1110.0,
OI000002576,O00000622,M0098,1,1291.5,0.0,1291.5,
OI000002577,O00000623,M0002,1,546.0,0.0,546.0,
OI000002578,O00000623,M0188,2,290.0,0.0,580.0,
OI000002579,O00000623,M0075,2,1795.5,0.0,3591.0,
OI000002580,O00000624,M0005,1,430.0,0.0,430.0,
OI000002581,O00000624,M0001,2,1406.0,0.0,2812.0,
OI000002582,O00000624,M0039,1,1690.0,0.0,1690.0,
OI000002583,O00000625,M0017,1,730.0,0.0,730.0,
OI000002584,O00000625,M0001,2,1406.0,140.6,2671.4,
OI000002585,O00000625,M0052,1,710.0,0.0,710.0,
OI000002586,O00000625,M0011,1,1150.0,172.5,977.5,
OI000002587,O00000625,M0012,1,541.5,0.0,541.5,Customer request
OI000002588,O00000626,M0004,2,1800.0,0.0,3600.0,
OI000002589,O00000626,M0003,1,997.5,0.0,997.5,
OI000002590,O00000626,M0003,1,1050.0,52.5,997.5,
OI000002591,O00000626,M0142,1,766.5,0.0,766.5,
OI000002592,O00000626,M0037,1,1529.5,0.0,1529.5,
OI000002593,O00000627,M0027,1,790.0,0.0,790.0,
OI000002594,O00000627,M0076,2,660.0,0.0,1320.0,
OI000002595,O00000627,M0012,1,598.5,59.85,538.65,
OI000002596,O00000627,M0115,2,1140.0,0.0,2280.0,
OI000002597,O00000628,M0005,3,408.5,0.0,1225.5,
OI000002598,O00000628,M0108,1,430.0,0.0,430.0,
OI000002599,O00000628,M0001,1,1480.0,0.0,1480.0,
OI000002600,O00000628,M0003,1,1050.0,0.0,1050.0,
OI000002601,O00000628,M0145,2,1760.0,0.0,3520.0,
OI000002602,O00000629,M0002,1,520.0,0.0,520.0,
OI000002603,O00000629,M0007,1,1280.0,0.0,1280.0,
OI000002604,O00000629,M0001,1,1480.0,0.0,1480.0,
OI000002605,O00000630,M0049,1,1450.0,0.0,1450.0,
OI000002606,O00000630,M0012,3,570.0,0.0,1710.0,
OI000002607,O00000630,M0057,1,500.0,0.0,500.0,
OI000002608,O00000631,M0002,1,520.0,0.0,520.0,
OI000002609,O00000631,M0018,2,1200.0,120.0,2280.0,
OI000002610,O00000631,M0016,2,1230.0,0.0,2460.0,
OI000002611,O00000632,M0038,1,1254.0,0.0,1254.0,
OI000002612,O00000632,M0010,1,408.5,40.85,367.65,
OI000002613,O00000632,M0192,1,513.0,0.0,513.0,
OI000002614,O00000632,M0011,1,1092.5,0.0,1092.5,
OI000002615,O00000632,M0073,2,420.0,0.0,840.0,
OI000002616,O00000633,M0015,1,1596.0,0.0,1596.0,
OI000002617,O00000633,M0037,2,1610.0,0.0,3220.0,
OI000002618,O00000634,M0006,1,1790.0,0.0,1790.0,
OI000002619,O00000634,M0004,1,1800.0,0.0,1800.0,
OI000002620,O00000634,M0185,1,1638.0,0.0,1638.0,
OI000002621,O00000634,M0038,1,1386.0,0.0,1386.0,
OI000002622,O00000634,M0026,1,450.0,0.0,450.0,
OI000002623,O00000634,M0059,3,660.0,0.0,1980.0,
OI000002624,O00000634,M0006,1,1700.5,0.0,1700.5,
OI000002625,O00000634,M0115,2,1197.0,0.0,2394.0,
OI000002626,O00000635,M0007,1,1280.0,0.0,1280.0,
OI000002627,O00000635,M0039,1,1605.5,0.0,1605.5,
OI000002628,O00000635,M0003,2,1102.5,110.25,2094.75,
OI000002629,O00000636,M0044,2,360.0,0.0,720.0,
OI000002630,O00000636,M0029,1,660.0,0.0,660.0,
OI000002631,O00000636,M0009,3,1660.0,0.0,4980.0,
OI000002632,O00000636,M0011,1,1207.5,120.75,1086.75,
OI000002633,O00000637,M0001,1,1480.0,0.0,1480.0,Customer request
OI000002634,O00000637,M0001,1,1554.0,0.0,1554.0,
OI000002635,O00000637,M0050,2,840.0,0.0,1680.0,
OI000002636,O00000637,M0080,1,826.5,0.0,826.5,
OI000002637,O00000638,M0039,1,1690.0,0.0,1690.0,
OI000002638,O00000638,M0002,1,520.0,0.0,520.0,
OI000002639,O00000639,M0168,1,1710.0,0.0,1710.0,
OI000002640,O00000639,M0078,1,1260.0,0.0,1260.0,
OI000002641,O00000639,M0007,1,1280.0,0.0,1280.0,
OI000002642,O00000639,M0067,2,1440.0,0.0,2880.0,
OI000002643,O00000639,M0002,1,520.0,0.0,520.0,
OI000002644,O00000639,M0099,1,541.5,0.0,541.5,
OI000002645,O00000639,M0029,1,693.0,0.0,693.0,Customer request
OI000002646,O00000640,M0020,1,1110.0,0.0,1110.0,
OI000002647,O00000640,M0001,2,1480.0,0.0,2960.0,
OI000002648,O00000640,M0062,2,1010.0,0.0,2020.0,
OI000002649,O00000640,M0118,1,1310.0,0.0,1310.0,Customer request
OI000002650,O00000640,M0009,1,1577.0,0.0,1577.0,
OI000002651,O00000641,M0001,1,1406.0,0.0,1406.0,
OI000002652,O00000641,M0098,1,1230.0,0.0,1230.0,Customer request
OI000002653,O00000642,M0058,1,1350.0,0.0,1350.0,
OI000002654,O00000642,M0099,2,570.0,0.0,1140.0,
OI000002655,O00000642,M0038,1,1320.0,0.0,1320.0,Customer request
OI000002656,O00000642,M0026,3,450.0,0.0,1350.0,
OI000002657,O00000643,M0006,2,1879.5,0.0,3759.0,
OI000002658,O00000643,M0002,4,520.0,0.0,2080.0,
OI000002659,O00000643,M0027,1,829.5,0.0,829.5,
OI000002660,O00000643,M0134,1,766.5,0.0,766.5,
OI000002661,O00000643,M0001,4,1480.0,0.0,5920.0,
OI000002662,O00000643,M0194,4,1270.0,0.0,5080.0,
OI000002663,O00000644,M0171,1,1640.0,0.0,1640.0,
OI000002664,O00000644,M0059,1,693.0,0.0,693.0,
OI000002665,O00000644,M0155,1,503.5,0.0,503.5,
OI000002666,O00000644,M0040,3,451.5,203.18,1151.32,
OI000002667,O00000644,M0019,1,630.0,0.0,630.0,
OI000002668,O00000644,M0044,2,342.0,102.6,581.4,
OI000002669,O00000644,M0138,1,700.0,0.0,700.0,
OI000002670,O00000645,M0177,1,210.0,0.0,210.0,
OI000002671,O00000645,M0121,1,1434.5,0.0,1434.5,
OI000002672,O00000645,M0004,1,1800.0,0.0,1800.0,
OI000002673,O00000646,M0048,1,1580.0,0.0,1580.0,
OI000002674,O00000646,M0024,2,609.0,0.0,1218.0,
OI000002675,O00000646,M0029,1,660.0,0.0,660.0,
OI000002676,O00000646,M0022,2,1240.0,0.0,2480.0,
OI000002677,O00000647,M0001,1,1480.0,0.0,1480.0,
OI000002678,O00000647,M0125,1,304.0,0.0,304.0,
OI000002679,O00000647,M0188,2,290.0,87.0,493.0,
OI000002680,O00000647,M0005,1,451.5,0.0,451.5,
OI000002681,O00000647,M0054,2,1176.0,0.0,2352.0,
OI000002682,O00000647,M0037,2,1610.0,0.0,3220.0,
OI000002683,O00000648,M0147,1,988.0,0.0,988.0,
OI000002684,O00000648,M0075,2,1795.5,359.1,3231.9,
OI000002685,O00000649,M0089,5,1207.5,0.0,6037.5,
OI000002686,O00000649,M0174,1,510.0,0.0,510.0,
OI000002687,O00000649,M0064,1,420.0,0.0,420.0,
OI000002688,O00000649,M0025,1,247.0,0.0,247.0,
OI000002689,O00000649,M0001,2,1480.0,0.0,2960.0,
OI000002690,O00000649,M0151,1,590.0,0.0,590.0,
OI000002691,O00000650,M0048,1,1580.0,0.0,1580.0,
OI000002692,O00000650,M0069,1,1170.0,0.0,1170.0,
OI000002693,O00000651,M0032,1,830.0,0.0,830.0,
OI000002694,O00000651,M0018,1,1260.0,0.0,1260.0,
OI000002695,O00000651,M0032,1,871.5,0.0,871.5,
OI000002696,O00000651,M0001,1,1480.0,0.0,1480.0,
OI000002697,O00000651,M0106,1,987.0,0.0,987.0,
OI000002698,O00000651,M0003,2,1050.0,0.0,2100.0,
OI000002699,O00000652,M0013,1,1425.0,0.0,1425.0,
OI000002700,O00000652,M0002,4,494.0,0.0,1976.0,Customer request
OI000002701,O00000652,M0114,1,640.0,0.0,640.0,
OI000002702,O00000653,M0004,3,1800.0,0.0,5400.0,Customer request
OI000002703,O00000653,M0019,1,598.5,0.0,598.5,
OI000002704,O00000653,M0020,5,1110.0,832.5,4717.5,
OI000002705,O00000653,M0011,2,1150.0,0.0,2300.0,
OI000002706,O00000653,M0131,1,990.0,0.0,990.0,
OI000002707,O00000654,M0097,2,304.0,0.0,608.0,
OI000002708,O00000654,M0087,3,1680.0,0.0,5040.0,
OI000002709,O00000654,M0006,5,1790.0,0.0,8950.0,
OI000002710,O00000654,M0004,1,1890.0,0.0,1890.0,
OI000002711,O00000654,M0007,1,1280.0,0.0,1280.0,
OI000002712,O00000655,M0017,1,730.0,0.0,730.0,
OI000002713,O00000655,M0028,1,870.0,0.0,870.0,
OI000002714,O00000655,M0007,2,1280.0,0.0,2560.0,
OI000002715,O00000655,M0026,1,450.0,0.0,450.0,
OI000002716,O00000655,M0004,2,1890.0,0.0,3780.0,Customer request
OI000002717,O00000655,M0008,1,880.0,0.0,880.0,
OI000002718,O00000655,M0008,1,880.0,0.0,880.0,
OI000002719,O00000656,M0082,4,619.5,0.0,2478.0,
OI000002720,O00000656,M0026,1,450.0,0.0,450.0,
OI000002721,O00000656,M0053,1,1681.5,0.0,1681.5,
OI000002722,O00000657,M0066,1,609.0,0.0,609.0,
OI000002723,O00000657,M0001,1,1480.0,0.0,1480.0,
OI000002724,O00000657,M0105,1,1310.0,0.0,1310.0,
OI000002725,O00000657,M0009,1,1743.0,87.15,1655.85,
OI000002726,O00000658,M0033,2,310.0,0.0,620.0,
OI000002727,O00000658,M0013,1,1575.0,0.0,1575.0,
OI000002728,O00000658,M0097,1,320.0,48.0,272.0,
OI000002729,O00000658,M0006,2,1790.0,0.0,3580.0,
OI000002730,O00000658,M0180,1,237.5,0.0,237.5,Customer request
OI000002731,O00000659,M0019,1,598.5,29.92,568.58,
OI000002732,O00000659,M0078,2,1323.0,0.0,2646.0,
OI000002733,O00000659,M0059,2,660.0,132.0,1188.0,
OI000002734,O00000659,M0087,1,1596.0,0.0,1596.0,
OI000002735,O00000660,M0040,1,430.0,0.0,430.0,
OI000002736,O00000660,M0017,1,766.5,114.98,651.52,
OI000002737,O00000660,M0004,2,1800.0,540.0,3060.0,
OI000002738,O00000661,M0035,2,920.0,0.0,1840.0,
OI000002739,O00000662,M0001,1,1406.0,0.0,1406.0,
OI000002740,O00000662,M0001,1,1406.0,0.0,1406.0,
OI000002741,O00000662,M0053,2,1681.5,0.0,3363.0,
OI000002742,O00000662,M0029,3,627.0,0.0,1881.0,
OI000002743,O00000663,M0032,2,871.5,0.0,1743.0,
OI000002744,O00000663,M0011,1,1150.0,0.0,1150.0,
OI000002745,O00000663,M0103,4,1150.0,0.0,4600.0,
OI000002746,O00000663,M0005,1,451.5,0.0,451.5,
OI000002747,O00000664,M0047,1,1529.5,0.0,1529.5,
OI000002748,O00000664,M0131,1,940.5,0.0,940.5,
OI000002749,O00000664,M0120,2,1653.0,330.6,2975.4,
OI000002750,O00000664,M0001,2,1480.0,0.0,2960.0,
OI000002751,O00000664,M0009,1,1660.0,0.0,1660.0,
OI000002752,O00000664,M0079,1,997.5,0.0,997.5,Customer request
OI000002753,O00000665,M0087,1,1680.0,0.0,1680.0,
OI000002754,O00000665,M0029,1,627.0,0.0,627.0,
OI000002755,O00000665,M0005,1,430.0,0.0,430.0,
OI000002756,O00000665,M0009,1,1660.0,0.0,1660.0,
OI000002757,O00000665,M0107,2,360.0,0.0,720.0,
OI000002758,O00000666,M0005,1,430.0,0.0,430.0,
OI000002759,O00000666,M0169,2,1239.0,0.0,2478.0,
OI000002760,O00000666,M0032,2,788.5,0.0,1577.0,
OI000002761,O00000666,M0009,1,1660.0,0.0,1660.0,
OI000002762,O00000666,M0018,1,1260.0,0.0,1260.0,
OI000002763,O00000667,M0008,1,880.0,0.0,880.0,
OI000002764,O00000667,M0017,1,766.5,0.0,766.5,
OI000002765,O00000667,M0003,2,997.5,0.0,1995.0,
OI000002766,O00000667,M0116,1,441.0,0.0,441.0,
OI000002767,O00000667,M0180,1,250.0,0.0,250.0,
OI000002768,O00000667,M0063,1,1270.5,0.0,1270.5,
OI000002769,O00000668,M0110,1,1650.0,0.0,1650.0,
OI000002770,O00000668,M0006,2,1879.5,0.0,3759.0,
OI000002771,O00000668,M0001,1,1480.0,0.0,1480.0,
OI000002772,O00000668,M0056,1,237.5,0.0,237.5,Customer request
OI000002773,O00000669,M0113,1,798.0,0.0,798.0,
OI000002774,O00000669,M0120,5,1827.0,0.0,9135.0,
OI000002775,O00000669,M0037,2,1610.0,0.0,3220.0,
OI000002776,O00000669,M0055,2,890.0,0.0,1780.0,
OI000002777,O00000669,M0016,1,1230.0,0.0,1230.0,Customer request
OI000002778,O00000670,M0118,2,1244.5,0.0,2489.0,
OI000002779,O00000670,M0074,1,720.0,36.0,684.0,
OI000002780,O00000670,M0004,1,1800.0,0.0,1800.0,
OI000002781,O00000670,M0009,1,1660.0,0.0,1660.0,
OI000002782,O00000671,M0003,2,1050.0,0.0,2100.0,
OI000002783,O00000671,M0032,1,830.0,0.0,830.0,
OI000002784,O00000671,M0005,2,430.0,0.0,860.0,
OI000002785,O00000671,M0003,1,1050.0,0.0,1050.0,
OI000002786,O00000671,M0003,1,1050.0,0.0,1050.0,
OI000002787,O00000672,M0008,2,836.0,0.0,1672.0,
OI000002788,O00000672,M0110,3,1732.5,0.0,5197.5,
OI000002789,O00000672,M0167,3,588.0,0.0,1764.0,
OI000002790,O00000673,M0198,1,714.0,0.0,714.0,
OI000002791,O00000673,M0001,1,1554.0,233.1,1320.9,
OI000002792,O00000673,M0043,1,1681.5,0.0,1681.5,
OI000002793,O00000673,M0008,1,880.0,0.0,880.0,
OI000002794,O00000674,M0194,1,1270.0,0.0,1270.0,
OI000002795,O00000675,M0192,1,513.0,0.0,513.0,
OI000002796,O00000675,M0165,4,567.0,0.0,2268.0,
OI000002797,O00000675,M0001,1,1480.0,0.0,1480.0,
OI000002798,O00000675,M0003,1,1102.5,0.0,1102.5,
OI000002799,O00000675,M0040,2,408.5,0.0,817.0,
OI000002800,O00000676,M0004,1,1710.0,0.0,1710.0,
OI000002801,O00000676,M0128,1,1070.0,0.0,1070.0,
OI000002802,O00000676,M0074,1,720.0,0.0,720.0,
OI000002803,O00000676,M0004,2,1890.0,0.0,3780.0,
OI000002804,O00000676,M0114,1,640.0,0.0,640.0,
OI000002805,O00000676,M0031,1,1740.0,0.0,1740.0,
OI000002806,O00000677,M0077,1,1630.0,0.0,1630.0,
OI000002807,O00000677,M0003,3,1050.0,0.0,3150.0,
OI000002808,O00000677,M0034,1,1260.0,0.0,1260.0,
OI000002809,O00000677,M0098,1,1168.5,0.0,1168.5,
OI000002810,O00000677,M0014,3,1795.5,0.0,5386.5,
OI000002811,O00000677,M0004,5,1710.0,0.0,8550.0,
OI000002812,O00000677,M0059,1,660.0,0.0,660.0,
OI000002813,O00000678,M0060,3,1180.0,0.0,3540.0,
OI000002814,O00000678,M0005,2,430.0,0.0,860.0,
OI000002815,O00000679,M0001,1,1480.0,222.0,1258.0,
OI000002816,O00000679,M0004,2,1800.0,0.0,3600.0,
OI000002817,O00000679,M0009,2,1577.0,0.0,3154.0,
OI000002818,O00000679,M0001,2,1480.0,0.0,2960.0,
OI000002819,O00000679,M0159,1,1040.0,0.0,1040.0,
OI000002820,O00000680,M0006,1,1879.5,0.0,1879.5,
OI000002821,O00000680,M0086,2,1740.0,0.0,3480.0,
OI000002822,O00000680,M0020,2,1110.0,0.0,2220.0,
OI000002823,O00000681,M0032,2,871.5,0.0,1743.0,
OI000002824,O00000681,M0038,1,1386.0,138.6,1247.4,
OI000002825,O00000681,M0097,4,320.0,0.0,1280.0,
OI000002826,O00000681,M0102,2,456.0,0.0,912.0,
OI000002827,O00000681,M0003,1,1102.5,0.0,1102.5,
OI000002828,O00000681,M0010,1,430.0,21.5,408.5,
OI000002829,O00000682,M0044,2,342.0,0.0,684.0,
OI000002830,O00000682,M0012,2,570.0,0.0,1140.0,
OI000002831,O00000682,M0003,2,1102.5,0.0,2205.0,
OI000002832,O00000682,M0020,2,1110.0,0.0,2220.0,
OI000002833,O00000682,M0006,1,1790.0,0.0,1790.0,
OI000002834,O00000683,M0003,1,1050.0,0.0,1050.0,
OI000002835,O00000683,M0010,1,430.0,0.0,430.0,
OI000002836,O00000683,M0010,1,430.0,0.0,430.0,
OI000002837,O00000683,M0002,1,520.0,0.0,520.0,
OI000002838,O00000683,M0046,2,1640.0,0.0,3280.0,
OI000002839,O00000683,M0011,1,1150.0,0.0,1150.0,
OI000002840,O00000684,M0004,2,1890.0,0.0,3780.0,
OI000002841,O00000684,M0114,1,672.0,0.0,672.0,
OI000002842,O00000684,M0001,3,1480.0,0.0,4440.0,Customer request
OI000002843,O00000684,M0025,1,247.0,0.0,247.0,
OI000002844,O00000684,M0023,2,551.0,0.0,1102.0,
OI000002845,O00000685,M0066,1,609.0,0.0,609.0,
OI000002846,O00000685,M0018,2,1260.0,0.0,2520.0,
OI000002847,O00000685,M0034,1,1197.0,59.85,1137.15,Customer request
OI000002848,O00000686,M0152,2,532.0,0.0,1064.0,
OI000002849,O00000686,M0004,2,1800.0,0.0,3600.0,
OI000002850,O00000686,M0002,1,494.0,0.0,494.0,
OI000002851,O00000687,M0088,1,1140.0,171.0,969.0,
OI000002852,O00000687,M0087,2,1596.0,0.0,3192.0,
OI000002853,O00000687,M0158,2,674.5,0.0,1349.0,
OI000002854,O00000687,M0191,2,1150.0,0.0,2300.0,
OI000002855,O00000688,M0017,1,730.0,0.0,730.0,
OI000002856,O00000688,M0016,1,1230.0,123.0,1107.0,
OI000002857,O00000688,M0151,1,619.5,0.0,619.5,
OI000002858,O00000688,M0131,3,1039.5,0.0,3118.5,
OI000002859,O00000688,M0016,2,1291.5,0.0,2583.0,
OI000002860,O00000689,M0001,1,1480.0,222.0,1258.0,
OI000002861,O00000689,M0046,2,1640.0,492.0,2788.0,
OI000002862,O00000690,M0008,1,924.0,0.0,924.0,
OI000002863,O00000690,M0152,1,532.0,0.0,532.0,
OI000002864,O00000691,M0109,1,1420.0,0.0,1420.0,
OI000002865,O00000691,M0149,2,920.0,0.0,1840.0,
OI000002866,O00000691,M0002,2,520.0,0.0,1040.0,
OI000002867,O00000692,M0133,1,1000.0,0.0,1000.0,
OI000002868,O00000692,M0048,1,1580.0,79.0,1501.0,
OI000002869,O00000692,M0006,1,1700.5,0.0,1700.5,
OI000002870,O00000692,M0010,1,408.5,61.28,347.22,
OI000002871,O00000693,M0025,1,260.0,0.0,260.0,
OI000002872,O00000693,M0056,2,237.5,0.0,475.0,
OI000002873,O00000693,M0006,1,1790.0,0.0,1790.0,
OI000002874,O00000693,M0005,1,430.0,0.0,430.0,
OI000002875,O00000694,M0145,1,1760.0,0.0,1760.0,
OI000002876,O00000694,M0124,3,980.0,0.0,2940.0,
OI000002877,O00000694,M0095,3,241.5,0.0,724.5,
OI000002878,O00000694,M0093,2,883.5,0.0,1767.0,
OI000002879,O00000695,M0095,1,218.5,0.0,218.5,
OI000002880,O00000695,M0160,1,1750.0,0.0,1750.0,
OI000002881,O00000695,M0124,1,980.0,0.0,980.0,
OI000002882,O00000696,M0018,1,1200.0,0.0,1200.0,
OI000002883,O00000696,M0027,2,790.0,0.0,1580.0,
OI000002884,O00000696,M0051,1,750.0,112.5,637.5,
OI000002885,O00000696,M0028,1,870.0,0.0,870.0,
OI000002886,O00000697,M0010,1,408.5,0.0,408.5,Customer request
OI000002887,O00000697,M0131,2,1039.5,0.0,2079.0,
OI000002888,O00000697,M0108,1,451.5,67.72,383.78,
OI000002889,O00000698,M0018,1,1140.0,0.0,1140.0,
OI000002890,O00000698,M0002,1,520.0,0.0,520.0,
OI000002891,O00000699,M0001,3,1554.0,0.0,4662.0,
OI000002892,O00000699,M0002,2,520.0,0.0,1040.0,
OI000002893,O00000699,M0003,2,1050.0,0.0,2100.0,
OI000002894,O00000699,M0063,1,1210.0,0.0,1210.0,
OI000002895,O00000700,M0006,3,1879.5,0.0,5638.5,
OI000002896,O00000700,M0057,1,500.0,0.0,500.0,
OI000002897,O00000700,M0012,1,570.0,0.0,570.0,
OI000002898,O00000700,M0146,1,250.0,0.0,250.0,
OI000002899,O00000701,M0027,1,750.5,0.0,750.5,
OI000002900,O00000701,M0067,1,1512.0,0.0,1512.0,
OI000002901,O00000701,M0026,1,427.5,0.0,427.5,
OI000002902,O00000701,M0154,1,1660.0,0.0,1660.0,
OI000002903,O00000701,M0071,2,630.0,0.0,1260.0,
OI000002904,O00000701,M0059,2,627.0,0.0,1254.0,
OI000002905,O00000701,M0048,1,1580.0,0.0,1580.0,
OI000002906,O00000702,M0194,1,1333.5,0.0,1333.5,
OI000002907,O00000702,M0070,1,1630.0,0.0,1630.0,
OI000002908,O00000703,M0091,1,350.0,0.0,350.0,
OI000002909,O00000703,M0002,1,520.0,0.0,520.0,
OI000002910,O00000703,M0112,1,610.0,0.0,610.0,
OI000002911,O00000703,M0049,3,1377.5,0.0,4132.5,
OI000002912,O00000703,M0013,1,1500.0,0.0,1500.0,
OI000002913,O00000703,M0046,2,1558.0,0.0,3116.0,
OI000002914,O00000703,M0055,1,845.5,0.0,845.5,
OI000002915,O00000703,M0008,4,924.0,0.0,3696.0,
OI000002916,O00000704,M0023,1,609.0,0.0,609.0,
OI000002917,O00000704,M0081,1,966.0,0.0,966.0,
OI000002918,O00000704,M0006,1,1879.5,0.0,1879.5,
OI000002919,O00000704,M0121,1,1510.0,0.0,1510.0,Customer request
OI000002920,O00000705,M0001,1,1480.0,0.0,1480.0,
OI000002921,O00000705,M0046,1,1640.0,0.0,1640.0,
OI000002922,O00000705,M0017,1,693.5,0.0,693.5,
OI000002923,O00000705,M0001,2,1480.0,0.0,2960.0,
OI000002924,O00000705,M0098,1,1230.0,0.0,1230.0,
OI000002925,O00000705,M0039,1,1690.0,0.0,1690.0,
OI000002926,O00000706,M0079,1,997.5,0.0,997.5,
OI000002927,O00000706,M0017,3,766.5,0.0,2299.5,
OI000002928,O00000706,M0130,1,1070.0,0.0,1070.0,
OI000002929,O00000706,M0002,1,520.0,0.0,520.0,
OI000002930,O00000706,M0006,1,1700.5,0.0,1700.5,
OI000002931,O00000707,M0105,2,1310.0,0.0,2620.0,
OI000002932,O00000707,M0175,4,710.0,0.0,2840.0,
OI000002933,O00000707,M0125,2,304.0,0.0,608.0,
OI000002934,O00000708,M0006,1,1790.0,0.0,1790.0,
OI000002935,O00000708,M0014,2,1624.5,0.0,3249.0,
OI000002936,O00000708,M0095,1,230.0,0.0,230.0,
OI000002937,O00000708,M0171,1,1640.0,0.0,1640.0,
OI000002938,O00000708,M0009,1,1743.0,87.15,1655.85,
OI000002939,O00000709,M0017,3,693.5,0.0,2080.5,
OI000002940,O00000709,M0001,1,1480.0,0.0,1480.0,
OI000002941,O00000709,M0032,1,830.0,0.0,830.0,
OI000002942,O00000710,M0002,1,520.0,0.0,520.0,
OI000002943,O00000710,M0002,1,546.0,0.0,546.0,
OI000002944,O00000710,M0093,3,930.0,0.0,2790.0,
OI000002945,O00000710,M0013,2,1500.0,0.0,3000.0,
OI000002946,O00000710,M0166,1,351.5,52.72,298.78,
OI000002947,O00000711,M0079,2,1050.0,0.0,2100.0,
OI000002948,O00000711,M0010,1,430.0,0.0,430.0,
OI000002949,O00000711,M0069,1,1170.0,0.0,1170.0,
OI000002950,O00000712,M0133,3,1000.0,0.0,3000.0,
OI000002951,O00000712,M0023,1,609.0,0.0,609.0,
OI000002952,O00000712,M0042,1,1210.0,0.0,1210.0,
OI000002953,O00000712,M0006,1,1790.0,0.0,1790.0,
OI000002954,O00000713,M0019,1,630.0,0.0,630.0,
OI000002955,O00000713,M0045,2,1080.0,0.0,2160.0,
OI000002956,O00000713,M0053,1,1858.5,0.0,1858.5,
OI000002957,O00000714,M0080,1,870.0,0.0,870.0,
OI000002958,O00000714,M0177,1,200.0,0.0,200.0,Customer request
OI000002959,O00000714,M0122,1,470.0,0.0,470.0,
OI000002960,O00000714,M0127,1,770.0,0.0,770.0,
OI000002961,O00000714,M0041,1,1560.0,0.0,1560.0,
OI000002962,O00000715,M0003,2,1050.0,105.0,1995.0,
OI000002963,O00000715,M0058,1,1282.5,0.0,1282.5,
OI000002964,O00000715,M0019,1,630.0,0.0,630.0,
OI000002965,O00000716,M0001,3,1480.0,0.0,4440.0,
OI000002966,O00000716,M0005,1,451.5,0.0,451.5,
OI000002967,O00000716,M0092,2,845.5,0.0,1691.0,
OI000002968,O00000716,M0057,1,525.0,0.0,525.0,Customer request
OI000002969,O00000716,M0188,1,304.5,0.0,304.5,Customer request
OI000002970,O00000717,M0160,1,1662.5,0.0,1662.5,
OI000002971,O00000717,M0048,1,1501.0,0.0,1501.0,
OI000002972,O00000717,M0003,2,997.5,0.0,1995.0,
OI000002973,O00000717,M0013,1,1575.0,78.75,1496.25,
OI000002974,O00000718,M0006,5,1790.0,895.0,8055.0,Customer request
OI000002975,O00000718,M0027,1,829.5,0.0,829.5,
OI000002976,O00000718,M0107,1,360.0,0.0,360.0,
OI000002977,O00000718,M0115,1,1140.0,0.0,1140.0,
OI000002978,O00000718,M0004,4,1800.0,0.0,7200.0,
OI000002979,O00000719,M0040,2,430.0,0.0,860.0,Customer request
OI000002980,O00000719,M0068,2,920.0,0.0,1840.0,
OI000002981,O00000719,M0018,1,1200.0,0.0,1200.0,
OI000002982,O00000719,M0151,1,590.0,0.0,590.0,
OI000002983,O00000720,M0015,4,1680.0,0.0,6720.0,
OI000002984,O00000720,M0030,1,270.0,0.0,270.0,
OI000002985,O00000720,M0047,1,1690.5,0.0,1690.5,
OI000002986,O00000721,M0022,2,1240.0,0.0,2480.0,Customer request
OI000002987,O00000721,M0180,1,250.0,0.0,250.0,
OI000002988,O00000721,M0093,1,930.0,93.0,837.0,
OI000002989,O00000721,M0118,2,1244.5,0.0,2489.0,
OI000002990,O00000721,M0090,1,1312.5,65.62,1246.88,
OI000002991,O00000721,M0047,1,1690.5,0.0,1690.5,
OI000002992,O00000722,M0001,1,1480.0,0.0,1480.0,
OI000002993,O00000723,M0094,1,630.0,0.0,630.0,
OI000002994,O00000723,M0052,1,710.0,0.0,710.0,
OI000002995,O00000723,M0002,2,520.0,0.0,1040.0,
OI000002996,O00000723,M0002,1,494.0,0.0,494.0,
OI000002997,O00000723,M0029,2,627.0,0.0,1254.0,
OI000002998,O00000724,M0128,1,1070.0,0.0,1070.0,
OI000002999,O00000724,M0041,1,1560.0,0.0,1560.0,
OI000003000,O00000724,M0158,1,745.5,0.0,745.5,
OI000003001,O00000724,M0113,1,840.0,0.0,840.0,
OI000003002,O00000724,M0057,1,525.0,0.0,525.0,
OI000003003,O00000724,M0011,1,1092.5,0.0,1092.5,Customer request
OI000003004,O00000724,M0127,1,731.5,0.0,731.5,
OI000003005,O00000725,M0063,3,1210.0,0.0,3630.0,
OI000003006,O00000725,M0040,1,408.5,0.0,408.5,
OI000003007,O00000725,M0032,2,830.0,0.0,1660.0,Customer request
OI000003008,O00000725,M0005,2,451.5,0.0,903.0,
OI000003009,O00000725,M0001,3,1480.0,0.0,4440.0,
OI000003010,O00000726,M0079,1,1050.0,0.0,1050.0,
OI000003011,O00000726,M0158,1,710.0,71.0,639.0,
OI000003012,O00000726,M0004,2,1800.0,0.0,3600.0,
OI000003013,O00000726,M0165,1,513.0,76.95,436.05,
OI000003014,O00000726,M0001,3,1406.0,0.0,4218.0,
OI000003015,O00000726,M0040,1,430.0,0.0,430.0,
OI000003016,O00000726,M0002,2,520.0,0.0,1040.0,
OI000003017,O00000726,M0143,1,800.0,0.0,800.0,Customer request
OI000003018,O00000727,M0002,1,520.0,0.0,520.0,
OI000003019,O00000727,M0007,1,1216.0,0.0,1216.0,
OI000003020,O00000727,M0109,4,1491.0,0.0,5964.0,
OI000003021,O00000727,M0071,2,598.5,0.0,1197.0,
OI000003022,O00000727,M0018,1,1200.0,120.0,1080.0,
OI000003023,O00000728,M0121,3,1510.0,0.0,4530.0,
OI000003024,O00000728,M0058,1,1350.0,0.0,1350.0,
OI000003025,O00000728,M0008,1,924.0,0.0,924.0,
OI000003026,O00000728,M0086,1,1740.0,0.0,1740.0,
OI000003027,O00000728,M0013,1,1575.0,0.0,1575.0,
OI000003028,O00000729,M0113,2,798.0,0.0,1596.0,
OI000003029,O00000729,M0100,1,1700.5,0.0,1700.5,
OI000003030,O00000729,M0011,3,1150.0,0.0,3450.0,
OI000003031,O00000729,M0002,1,520.0,26.0,494.0,
OI000003032,O00000729,M0115,1,1140.0,0.0,1140.0,
OI000003033,O00000730,M0015,2,1596.0,0.0,3192.0,
OI000003034,O00000730,M0012,5,541.5,406.12,2301.38,
OI000003035,O00000730,M0001,3,1480.0,222.0,4218.0,
OI000003036,O00000731,M0082,1,590.0,0.0,590.0,
OI000003037,O00000731,M0009,1,1660.0,249.0,1411.0,
OI000003038,O00000731,M0023,5,580.0,0.0,2900.0,
OI000003039,O00000731,M0148,1,1121.0,0.0,1121.0,Customer request
OI000003040,O00000731,M0002,1,494.0,0.0,494.0,
OI000003041,O00000731,M0001,1,1480.0,0.0,1480.0,Customer request
OI000003042,O00000732,M0042,1,1210.0,121.0,1089.0,
OI000003043,O00000732,M0074,1,720.0,0.0,720.0,
OI000003044,O00000732,M0036,2,1790.0,0.0,3580.0,
OI000003045,O00000732,M0013,1,1500.0,0.0,1500.0,
OI000003046,O00000732,M0015,2,1680.0,0.0,3360.0,
OI000003047,O00000733,M0003,2,1102.5,0.0,2205.0,
OI000003048,O00000733,M0011,2,1150.0,0.0,2300.0,Customer request
OI000003049,O00000733,M0092,1,845.5,0.0,845.5,
OI000003050,O00000733,M0031,1,1827.0,0.0,1827.0,
OI000003051,O00000733,M0144,1,560.0,0.0,560.0,
OI000003052,O00000733,M0004,1,1710.0,0.0,1710.0,Customer request
OI000003053,O00000733,M0024,2,580.0,0.0,1160.0,
OI000003054,O00000733,M0075,1,1710.0,0.0,1710.0,
OI000003055,O00000734,M0008,1,880.0,0.0,880.0,
OI000003056,O00000734,M0008,2,880.0,0.0,1760.0,
OI000003057,O00000734,M0002,1,520.0,0.0,520.0,
OI000003058,O00000735,M0145,3,1760.0,0.0,5280.0,
OI000003059,O00000735,M0004,4,1710.0,0.0,6840.0,
OI000003060,O00000735,M0184,1,1040.0,0.0,1040.0,
OI000003061,O00000735,M0024,2,609.0,0.0,1218.0,
OI000003062,O00000735,M0190,1,380.0,0.0,380.0,
OI000003063,O00000735,M0001,4,1480.0,296.0,5624.0,
OI000003064,O00000735,M0043,2,1858.5,0.0,3717.0,
OI000003065,O00000735,M0072,1,1340.0,0.0,1340.0,
OI000003066,O00000735,M0034,1,1260.0,0.0,1260.0,
OI000003067,O00000736,M0044,1,360.0,0.0,360.0,
OI000003068,O00000736,M0038,1,1254.0,0.0,1254.0,
OI000003069,O00000736,M0003,1,1050.0,0.0,1050.0,
OI000003070,O00000736,M0037,1,1610.0,0.0,1610.0,
OI000003071,O00000737,M0038,1,1320.0,0.0,1320.0,
OI000003072,O00000737,M0014,1,1710.0,0.0,1710.0,
OI000003073,O00000737,M0051,1,712.5,0.0,712.5,
OI000003074,O00000737,M0020,1,1110.0,0.0,1110.0,
OI000003075,O00000737,M0091,1,367.5,0.0,367.5,
OI000003076,O00000737,M0001,1,1480.0,0.0,1480.0,
OI000003077,O00000738,M0001,1,1554.0,0.0,1554.0,
OI000003078,O00000738,M0035,1,966.0,0.0,966.0,
OI000003079,O00000738,M0194,1,1270.0,0.0,1270.0,
OI000003080,O00000738,M0024,1,580.0,0.0,580.0,
OI000003081,O00000739,M0001,1,1480.0,0.0,1480.0,
OI000003082,O00000739,M0011,1,1150.0,0.0,1150.0,
OI000003083,O00000739,M0027,1,790.0,0.0,790.0,
OI000003084,O00000740,M0149,1,920.0,0.0,920.0,
OI000003085,O00000740,M0002,2,546.0,0.0,1092.0,
OI000003086,O00000740,M0160,1,1750.0,0.0,1750.0,
OI000003087,O00000740,M0168,1,1795.5,0.0,1795.5,
OI000003088,O00000740,M0059,3,660.0,198.0,1782.0,
OI000003089,O00000741,M0006,1,1790.0,0.0,1790.0,
OI000003090,O00000741,M0037,1,1610.0,0.0,1610.0,
OI000003091,O00000741,M0113,3,840.0,0.0,2520.0,
OI000003092,O00000741,M0015,2,1680.0,0.0,3360.0,
OI000003093,O00000742,M0151,2,590.0,0.0,1180.0,
OI000003094,O00000742,M0002,2,520.0,156.0,884.0,
OI000003095,O00000742,M0011,2,1150.0,0.0,2300.0,
OI000003096,O00000742,M0197,2,346.5,0.0,693.0,
OI000003097,O00000743,M0046,1,1558.0,0.0,1558.0,Customer request
OI000003098,O00000743,M0048,1,1659.0,0.0,1659.0,
OI000003099,O00000744,M0007,2,1280.0,0.0,2560.0,
OI000003100,O00000744,M0130,1,1070.0,0.0,1070.0,
OI000003101,O00000744,M0022,5,1240.0,620.0,5580.0,
OI000003102,O00000745,M0104,2,190.0,57.0,323.0,
OI000003103,O00000745,M0111,3,280.0,0.0,840.0,
OI000003104,O00000745,M0004,1,1890.0,0.0,1890.0,
OI000003105,O00000746,M0032,1,830.0,124.5,705.5,
OI000003106,O00000746,M0017,1,730.0,0.0,730.0,
OI000003107,O00000746,M0003,2,1050.0,0.0,2100.0,
OI000003108,O00000747,M0002,1,520.0,0.0,520.0,
OI000003109,O00000747,M0001,1,1554.0,155.4,1398.6,
OI000003110,O00000747,M0075,2,1710.0,0.0,3420.0,
OI000003111,O00000747,M0100,2,1879.5,0.0,3759.0,
OI000003112,O00000748,M0027,1,790.0,0.0,790.0,
OI000003113,O00000748,M0042,2,1270.5,254.1,2286.9,
OI000003114,O00000748,M0008,1,880.0,0.0,880.0,
OI000003115,O00000749,M0079,1,997.5,0.0,997.5,
OI000003116,O00000749,M0046,3,1640.0,0.0,4920.0,
OI000003117,O00000749,M0140,2,1590.0,159.0,3021.0,
OI000003118,O00000750,M0088,1,1140.0,0.0,1140.0,
OI000003119,O00000750,M0001,1,1480.0,0.0,1480.0,
OI000003120,O00000750,M0110,2,1650.0,0.0,3300.0,
OI000003121,O00000750,M0001,4,1480.0,0.0,5920.0,
OI000003122,O00000751,M0112,2,610.0,122.0,1098.0,Customer request
OI000003123,O00000751,M0193,1,577.5,0.0,577.5,
OI000003124,O00000752,M0029,1,627.0,0.0,627.0,
OI000003125,O00000752,M0006,2,1790.0,0.0,3580.0,
OI000003126,O00000752,M0001,1,1480.0,0.0,1480.0,
OI000003127,O00000752,M0003,2,1102.5,0.0,2205.0,
OI000003128,O00000752,M0032,1,830.0,0.0,830.0,
OI000003129,O00000752,M0109,1,1420.0,0.0,1420.0,
OI000003130,O00000753,M0135,2,1617.0,0.0,3234.0,
OI000003131,O00000753,M0070,1,1630.0,0.0,1630.0,
OI000003132,O00000753,M0002,4,494.0,0.0,1976.0,
OI000003133,O00000754,M0196,1,1590.0,0.0,1590.0,
OI000003134,O00000754,M0089,1,1092.5,0.0,1092.5,
OI000003135,O00000754,M0022,1,1240.0,0.0,1240.0,
OI000003136,O00000754,M0112,1,610.0,0.0,610.0,
OI000003137,O00000755,M0047,1,1610.0,0.0,1610.0,
OI000003138,O00000755,M0050,1,800.0,0.0,800.0,
OI000003139,O00000755,M0184,3,1040.0,312.0,2808.0,
OI000003140,O00000756,M0107,3,360.0,0.0,1080.0,
OI000003141,O00000756,M0008,1,880.0,0.0,880.0,
OI000003142,O00000756,M0004,2,1800.0,0.0,3600.0,
OI000003143,O00000756,M0004,1,1800.0,0.0,1800.0,
OI000003144,O00000757,M0025,1,260.0,0.0,260.0,
OI000003145,O00000757,M0018,1,1200.0,0.0,1200.0,
OI000003146,O00000758,M0025,1,260.0,0.0,260.0,
OI000003147,O00000758,M0001,1,1554.0,0.0,1554.0,Customer request
OI000003148,O00000759,M0005,1,408.5,0.0,408.5,
OI000003149,O00000759,M0106,2,893.0,0.0,1786.0,
OI000003150,O00000760,M0092,1,845.5,0.0,845.5,
OI000003151,O00000760,M0018,2,1260.0,0.0,2520.0,
OI000003152,O00000760,M0018,1,1140.0,0.0,1140.0,
OI000003153,O00000760,M0141,2,1350.0,0.0,2700.0,
OI000003154,O00000760,M0004,2,1710.0,0.0,3420.0,
OI000003155,O00000760,M0015,1,1680.0,0.0,1680.0,
OI000003156,O00000761,M0094,2,598.5,119.7,1077.3,
OI000003157,O00000761,M0044,1,360.0,0.0,360.0,
OI000003158,O00000761,M0001,2,1406.0,0.0,2812.0,
OI000003159,O00000761,M0001,2,1480.0,296.0,2664.0,
OI000003160,O00000762,M0001,1,1480.0,0.0,1480.0,
OI000003161,O00000762,M0063,2,1210.0,0.0,2420.0,
OI000003162,O00000762,M0055,2,890.0,0.0,1780.0,
OI000003163,O00000762,M0001,2,1480.0,0.0,2960.0,Customer request
OI000003164,O00000762,M0003,1,1102.5,0.0,1102.5,
OI000003165,O00000762,M0081,2,920.0,0.0,1840.0,
OI000003166,O00000762,M0011,3,1092.5,0.0,3277.5,
OI000003167,O00000762,M0196,1,1590.0,0.0,1590.0,
OI000003168,O00000763,M0011,1,1150.0,0.0,1150.0,
OI000003169,O00000763,M0013,1,1575.0,0.0,1575.0,
OI000003170,O00000763,M0021,1,1187.5,0.0,1187.5,
OI000003171,O00000763,M0117,2,1083.0,0.0,2166.0,
OI000003172,O00000763,M0041,2,1560.0,0.0,3120.0,
OI000003173,O00000763,M0129,1,1760.0,0.0,1760.0,
OI000003174,O00000763,M0022,2,1240.0,372.0,2108.0,
OI000003175,O00000764,M0051,3,712.5,0.0,2137.5,
OI000003176,O00000764,M0001,1,1480.0,0.0,1480.0,
OI000003177,O00000764,M0045,1,1026.0,0.0,1026.0,
OI000003178,O00000764,M0002,3,494.0,0.0,1482.0,
OI000003179,O00000764,M0005,4,430.0,0.0,1720.0,Customer request
OI000003180,O00000764,M0199,1,418.0,0.0,418.0,
OI000003181,O00000764,M0058,2,1350.0,0.0,2700.0,
OI000003182,O00000764,M0135,1,1540.0,0.0,1540.0,
OI000003183,O00000764,M0001,1,1554.0,0.0,1554.0,
OI000003184,O00000765,M0017,1,693.5,0.0,693.5,
OI000003185,O00000765,M0132,2,1770.0,0.0,3540.0,
OI000003186,O00000765,M0020,1,1054.5,0.0,1054.5,
OI000003187,O00000765,M0007,2,1216.0,0.0,2432.0,
OI000003188,O00000765,M0029,1,693.0,0.0,693.0,
OI000003189,O00000766,M0027,1,790.0,0.0,790.0,
OI000003190,O00000766,M0195,2,218.5,0.0,437.0,
OI000003191,O00000766,M0014,1,1624.5,0.0,1624.5,
OI000003192,O00000767,M0177,1,200.0,0.0,200.0,
OI000003193,O00000767,M0154,1,1660.0,0.0,1660.0,
OI000003194,O00000767,M0024,2,609.0,60.9,1157.1,
OI000003195,O00000767,M0170,2,945.0,0.0,1890.0,
OI000003196,O00000767,M0083,1,513.0,76.95,436.05,
OI000003197,O00000767,M0141,2,1417.5,0.0,2835.0,
OI000003198,O00000767,M0145,2,1760.0,0.0,3520.0,
OI000003199,O00000767,M0002,1,494.0,0.0,494.0,
OI000003200,O00000768,M0147,1,1040.0,0.0,1040.0,
OI000003201,O00000769,M0030,2,270.0,27.0,513.0,
OI000003202,O00000769,M0058,2,1282.5,0.0,2565.0,
OI000003203,O00000769,M0010,1,430.0,0.0,430.0,
OI000003204,O00000769,M0060,1,1180.0,59.0,1121.0,
OI000003205,O00000769,M0001,1,1406.0,0.0,1406.0,
OI000003206,O00000769,M0016,3,1230.0,0.0,3690.0,
OI000003207,O00000769,M0056,3,262.5,0.0,787.5,
OI000003208,O00000769,M0005,3,451.5,0.0,1354.5,
OI000003209,O00000770,M0067,4,1440.0,0.0,5760.0,
OI000003210,O00000770,M0118,2,1310.0,0.0,2620.0,
OI000003211,O00000770,M0001,1,1554.0,0.0,1554.0,
OI000003212,O00000770,M0051,1,750.0,0.0,750.0,
OI000003213,O00000770,M0046,1,1640.0,0.0,1640.0,
OI000003214,O00000771,M0100,1,1790.0,0.0,1790.0,
OI000003215,O00000771,M0074,1,720.0,72.0,648.0,
OI000003216,O00000771,M0025,2,260.0,0.0,520.0,
OI000003217,O00000771,M0014,2,1710.0,0.0,3420.0,Customer request
OI000003218,O00000771,M0192,2,513.0,0.0,1026.0,
OI000003219,O00000772,M0032,1,830.0,0.0,830.0,
OI000003220,O00000772,M0020,1,1110.0,0.0,1110.0,
OI000003221,O00000772,M0196,1,1669.5,0.0,1669.5,
OI000003222,O00000772,M0004,1,1800.0,0.0,1800.0,Customer request
OI000003223,O00000772,M0004,1,1710.0,0.0,1710.0,
OI000003224,O00000772,M0187,1,870.0,0.0,870.0,
OI000003225,O00000773,M0063,1,1210.0,60.5,1149.5,
OI000003226,O00000773,M0035,1,874.0,0.0,874.0,
OI000003227,O00000773,M0001,3,1554.0,0.0,4662.0,
OI000003228,O00000773,M0014,1,1710.0,85.5,1624.5,
OI000003229,O00000774,M0022,2,1240.0,0.0,2480.0,
OI000003230,O00000774,M0033,1,310.0,0.0,310.0,
OI000003231,O00000774,M0023,2,580.0,0.0,1160.0,
OI000003232,O00000775,M0023,3,580.0,87.0,1653.0,
OI000003233,O00000775,M0198,1,646.0,0.0,646.0,
OI000003234,O00000775,M0186,1,1620.0,0.0,1620.0,
OI000003235,O00000775,M0002,1,494.0,0.0,494.0,
OI000003236,O00000775,M0004,1,1890.0,94.5,1795.5,
OI000003237,O00000775,M0169,2,1239.0,0.0,2478.0,Customer request
OI000003238,O00000776,M0012,1,570.0,0.0,570.0,
OI000003239,O00000776,M0052,1,710.0,0.0,710.0,
OI000003240,O00000776,M0106,1,940.0,0.0,940.0,
OI000003241,O00000776,M0027,1,790.0,0.0,790.0,Customer request
OI000003242,O00000776,M0001,1,1554.0,0.0,1554.0,
OI000003243,O00000777,M0117,1,1197.0,59.85,1137.15,
OI000003244,O00000777,M0092,1,890.0,0.0,890.0,
OI000003245,O00000777,M0001,1,1554.0,233.1,1320.9,
OI000003246,O00000777,M0147,3,1040.0,0.0,3120.0,
OI000003247,O00000778,M0129,1,1760.0,0.0,1760.0,
OI000003248,O00000778,M0009,1,1660.0,0.0,1660.0,
OI000003249,O00000778,M0002,2,494.0,0.0,988.0,
OI000003250,O00000778,M0019,1,598.5,0.0,598.5,
OI000003251,O00000778,M0137,1,1770.0,0.0,1770.0,
OI000003252,O00000779,M0029,1,627.0,0.0,627.0,
OI000003253,O00000779,M0009,1,1660.0,0.0,1660.0,
OI000003254,O00000779,M0006,2,1790.0,0.0,3580.0,
OI000003255,O00000779,M0014,1,1710.0,0.0,1710.0,
OI000003256,O00000780,M0197,1,346.5,0.0,346.5,
OI000003257,O00000780,M0139,1,1681.5,0.0,1681.5,
OI000003258,O00000780,M0039,1,1690.0,0.0,1690.0,
OI000003259,O00000780,M0110,1,1650.0,0.0,1650.0,
OI000003260,O00000781,M0011,1,1150.0,0.0,1150.0,
OI000003261,O00000781,M0053,2,1770.0,0.0,3540.0,
OI000003262,O00000781,M0136,1,703.0,0.0,703.0,
OI000003263,O00000782,M0016,2,1230.0,0.0,2460.0,Customer request
OI000003264,O00000782,M0107,2,360.0,36.0,684.0,
OI000003265,O00000782,M0053,1,1770.0,0.0,1770.0,
OI000003266,O00000782,M0053,1,1770.0,0.0,1770.0,
OI000003267,O00000783,M0001,2,1406.0,0.0,2812.0,
OI000003268,O00000783,M0148,1,1180.0,0.0,1180.0,
OI000003269,O00000783,M0098,1,1230.0,0.0,1230.0,
OI000003270,O00000783,M0001,1,1554.0,0.0,1554.0,
OI000003271,O00000784,M0052,1,710.0,0.0,710.0,
OI000003272,O00000784,M0088,2,1197.0,0.0,2394.0,
OI000003273,O00000784,M0105,2,1310.0,0.0,2620.0,
OI000003274,O00000784,M0002,2,520.0,156.0,884.0,
OI000003275,O00000784,M0059,1,660.0,0.0,660.0,
OI000003276,O00000785,M0006,2,1879.5,0.0,3759.0,
OI000003277,O00000785,M0025,2,273.0,0.0,546.0,
OI000003278,O00000785,M0036,1,1790.0,0.0,1790.0,
OI000003279,O00000786,M0001,1,1480.0,0.0,1480.0,
OI000003280,O00000786,M0010,1,430.0,0.0,430.0,
OI000003281,O00000787,M0106,1,987.0,0.0,987.0,
OI000003282,O00000787,M0123,1,740.0,0.0,740.0,
OI000003283,O00000787,M0012,1,570.0,0.0,570.0,
OI000003284,O00000787,M0023,1,580.0,0.0,580.0,
OI000003285,O00000787,M0119,1,240.0,24.0,216.0,
OI000003286,O00000788,M0005,2,430.0,0.0,860.0,
OI000003287,O00000788,M0083,1,540.0,0.0,540.0,
OI000003288,O00000788,M0019,2,661.5,0.0,1323.0,
OI000003289,O00000789,M0193,1,550.0,0.0,550.0,
OI000003290,O00000790,M0050,1,800.0,0.0,800.0,
OI000003291,O00000790,M0003,1,1050.0,0.0,1050.0,
OI000003292,O00000790,M0004,1,1890.0,0.0,1890.0,
OI000003293,O00000790,M0001,1,1480.0,0.0,1480.0,
OI000003294,O00000790,M0079,2,997.5,0.0,1995.0,
OI000003295,O00000790,M0024,2,580.0,0.0,1160.0,
OI000003296,O00000790,M0001,1,1406.0,0.0,1406.0,
OI000003297,O00000790,M0002,1,520.0,0.0,520.0,
OI000003298,O00000791,M0009,2,1577.0,0.0,3154.0,
OI000003299,O00000791,M0021,2,1250.0,0.0,2500.0,
OI000003300,O00000791,M0167,3,588.0,0.0,1764.0,
OI000003301,O00000791,M0038,1,1320.0,0.0,1320.0,
OI000003302,O00000791,M0146,1,250.0,0.0,250.0,
OI000003303,O00000792,M0007,1,1280.0,0.0,1280.0,
OI000003304,O00000792,M0013,1,1575.0,0.0,1575.0,
OI000003305,O00000793,M0140,2,1510.5,0.0,3021.0,
OI000003306,O00000793,M0030,1,283.5,14.18,269.32,
OI000003307,O00000793,M0048,2,1501.0,0.0,3002.0,
OI000003308,O00000794,M0044,1,378.0,0.0,378.0,
OI000003309,O00000794,M0060,1,1180.0,0.0,1180.0,
OI000003310,O00000794,M0047,1,1610.0,0.0,1610.0,
OI000003311,O00000794,M0073,1,420.0,21.0,399.0,
OI000003312,O00000794,M0003,1,1050.0,0.0,1050.0,
OI000003313,O00000794,M0077,2,1711.5,0.0,3423.0,
OI000003314,O00000794,M0003,2,997.5,0.0,1995.0,
OI000003315,O00000795,M0013,1,1575.0,0.0,1575.0,
OI000003316,O00000795,M0119,1,228.0,0.0,228.0,
OI000003317,O00000795,M0051,1,750.0,0.0,750.0,
OI000003318,O00000796,M0182,1,1650.0,0.0,1650.0,
OI000003319,O00000796,M0007,1,1216.0,0.0,1216.0,
OI000003320,O00000796,M0158,1,710.0,0.0,710.0,
OI000003321,O00000796,M0059,3,660.0,0.0,1980.0,
OI000003322,O00000797,M0016,3,1168.5,0.0,3505.5,Customer request
OI000003323,O00000797,M0102,1,480.0,0.0,480.0,
OI000003324,O00000797,M0176,1,1780.0,0.0,1780.0,Customer request
OI000003325,O00000798,M0099,1,570.0,0.0,570.0,
OI000003326,O00000798,M0001,1,1554.0,0.0,1554.0,
OI000003327,O00000798,M0001,2,1480.0,0.0,2960.0,
OI000003328,O00000798,M0003,1,1102.5,0.0,1102.5,
OI000003329,O00000799,M0127,2,770.0,0.0,1540.0,
OI000003330,O00000800,M0090,3,1250.0,0.0,3750.0,
OI000003331,O00000800,M0059,2,627.0,0.0,1254.0,
OI000003332,O00000801,M0073,1,420.0,0.0,420.0,
OI000003333,O00000801,M0054,1,1120.0,0.0,1120.0,
OI000003334,O00000801,M0014,1,1624.5,0.0,1624.5,
OI000003335,O00000801,M0080,2,870.0,87.0,1653.0,
OI000003336,O00000802,M0165,1,567.0,0.0,567.0,
OI000003337,O00000802,M0089,1,1092.5,0.0,1092.5,
OI000003338,O00000802,M0134,2,730.0,0.0,1460.0,
OI000003339,O00000803,M0007,1,1280.0,0.0,1280.0,
OI000003340,O00000803,M0014,1,1710.0,0.0,1710.0,
OI000003341,O00000803,M0033,1,325.5,0.0,325.5,
OI000003342,O00000804,M0027,1,750.5,0.0,750.5,
OI000003343,O00000804,M0027,1,790.0,79.0,711.0,
OI000003344,O00000804,M0059,4,693.0,138.6,2633.4,
OI000003345,O00000805,M0129,1,1760.0,0.0,1760.0,
OI000003346,O00000805,M0142,3,730.0,0.0,2190.0,
OI000003347,O00000806,M0003,1,1102.5,0.0,1102.5,
OI000003348,O00000806,M0002,1,494.0,0.0,494.0,
OI000003349,O00000806,M0011,1,1150.0,0.0,1150.0,
OI000003350,O00000806,M0085,2,1806.0,0.0,3612.0,
OI000003351,O00000807,M0104,2,210.0,0.0,420.0,
OI000003352,O00000807,M0017,1,766.5,0.0,766.5,
OI000003353,O00000807,M0011,1,1150.0,0.0,1150.0,
OI000003354,O00000808,M0003,3,1050.0,0.0,3150.0,
OI000003355,O00000808,M0007,1,1280.0,0.0,1280.0,
OI000003356,O00000808,M0002,2,546.0,0.0,1092.0,
OI000003357,O00000808,M0010,2,430.0,86.0,774.0,Customer request
OI000003358,O00000808,M0068,1,920.0,0.0,920.0,
OI000003359,O00000808,M0003,1,1050.0,0.0,1050.0,
OI000003360,O00000808,M0012,1,570.0,0.0,570.0,
OI000003361,O00000808,M0036,1,1790.0,0.0,1790.0,
OI000003362,O00000809,M0012,1,570.0,0.0,570.0,
OI000003363,O00000809,M0023,1,580.0,0.0,580.0,
OI000003364,O00000809,M0031,1,1740.0,0.0,1740.0,
OI000003365,O00000809,M0098,1,1291.5,0.0,1291.5,
OI000003366,O00000809,M0123,2,777.0,0.0,1554.0,
OI000003367,O00000810,M0005,3,430.0,0.0,1290.0,
OI000003368,O00000810,M0016,1,1168.5,0.0,1168.5,
OI000003369,O00000810,M0045,1,1080.0,0.0,1080.0,
OI000003370,O00000810,M0031,2,1653.0,0.0,3306.0,
OI000003371,O00000810,M0002,3,520.0,234.0,1326.0,
OI000003372,O00000810,M0014,1,1710.0,0.0,1710.0,Customer request
OI000003373,O00000810,M0006,1,1790.0,0.0,1790.0,
OI000003374,O00000811,M0021,1,1250.0,0.0,1250.0,
OI000003375,O00000811,M0013,1,1500.0,0.0,1500.0,
OI000003376,O00000811,M0073,2,441.0,0.0,882.0,
OI000003377,O00000812,M0019,1,661.5,0.0,661.5,
OI000003378,O00000812,M0007,3,1216.0,0.0,3648.0,
OI000003379,O00000812,M0054,2,1120.0,0.0,2240.0,
OI000003380,O00000812,M0082,1,590.0,0.0,590.0,
OI000003381,O00000812,M0002,1,494.0,0.0,494.0,
OI000003382,O00000813,M0007,2,1280.0,0.0,2560.0,
OI000003383,O00000813,M0005,1,430.0,0.0,430.0,
OI000003384,O00000813,M0005,1,451.5,0.0,451.5,
OI000003385,O00000813,M0149,3,874.0,0.0,2622.0,
OI000003386,O00000814,M0002,1,520.0,0.0,520.0,
OI000003387,O00000814,M0135,2,1540.0,0.0,3080.0,
OI000003388,O00000814,M0018,1,1200.0,0.0,1200.0,
OI000003389,O00000815,M0059,1,660.0,0.0,660.0,
OI000003390,O00000815,M0023,1,580.0,0.0,580.0,
OI000003391,O00000815,M0049,1,1377.5,0.0,1377.5,
OI000003392,O00000815,M0040,1,408.5,0.0,408.5,
OI000003393,O00000816,M0022,1,1240.0,0.0,1240.0,
OI000003394,O00000816,M0009,1,1660.0,0.0,1660.0,
OI000003395,O00000816,M0163,1,1390.0,0.0,1390.0,
OI000003396,O00000816,M0156,2,1280.0,0.0,2560.0,
OI000003397,O00000816,M0001,4,1480.0,0.0,5920.0,
OI000003398,O00000817,M0006,1,1790.0,0.0,1790.0,
OI000003399,O00000817,M0044,1,378.0,0.0,378.0,
OI000003400,O00000817,M0189,4,1575.0,315.0,5985.0,
OI000003401,O00000817,M0082,1,590.0,0.0,590.0,
OI000003402,O00000818,M0114,2,640.0,0.0,1280.0,
OI000003403,O00000818,M0011,2,1150.0,230.0,2070.0,Customer request
OI000003404,O00000818,M0006,1,1790.0,0.0,1790.0,
OI000003405,O00000819,M0006,2,1879.5,0.0,3759.0,
OI000003406,O00000819,M0029,1,660.0,0.0,660.0,
OI000003407,O00000819,M0130,2,1016.5,0.0,2033.0,
OI000003408,O00000819,M0006,1,1790.0,0.0,1790.0,Customer request
OI000003409,O00000820,M0044,2,360.0,0.0,720.0,
OI000003410,O00000820,M0110,2,1650.0,330.0,2970.0,
OI000003411,O00000820,M0032,1,871.5,0.0,871.5,
OI000003412,O00000820,M0021,1,1250.0,0.0,1250.0,
OI000003413,O00000821,M0014,1,1710.0,0.0,1710.0,
OI000003414,O00000821,M0050,2,800.0,0.0,1600.0,
OI000003415,O00000821,M0113,1,882.0,0.0,882.0,
OI000003416,O00000822,M0198,1,714.0,0.0,714.0,
OI000003417,O00000822,M0135,1,1463.0,0.0,1463.0,
OI000003418,O00000822,M0025,1,260.0,0.0,260.0,
OI000003419,O00000822,M0002,5,520.0,390.0,2210.0,
OI000003420,O00000823,M0002,2,494.0,0.0,988.0,
OI000003421,O00000823,M0001,1,1480.0,0.0,1480.0,
OI000003422,O00000823,M0015,1,1764.0,176.4,1587.6,
OI000003423,O00000824,M0029,5,627.0,313.5,2821.5,
OI000003424,O00000824,M0115,2,1140.0,114.0,2166.0,
OI000003425,O00000824,M0002,1,520.0,0.0,520.0,
OI000003426,O00000824,M0006,1,1790.0,179.0,1611.0,
OI000003427,O00000825,M0033,2,325.5,0.0,651.0,
OI000003428,O00000825,M0126,1,1520.0,0.0,1520.0,
OI000003429,O00000825,M0002,1,520.0,0.0,520.0,Customer request
OI000003430,O00000825,M0007,1,1344.0,0.0,1344.0,
OI000003431,O00000825,M0039,1,1774.5,0.0,1774.5,
OI000003432,O00000825,M0012,1,570.0,0.0,570.0,
OI000003433,O00000825,M0196,1,1669.5,0.0,1669.5,
OI000003434,O00000826,M0025,2,260.0,0.0,520.0,
OI000003435,O00000826,M0154,3,1577.0,0.0,4731.0,
OI000003436,O00000826,M0168,2,1710.0,0.0,3420.0,
OI000003437,O00000826,M0008,1,924.0,0.0,924.0,
OI000003438,O00000826,M0012,3,570.0,0.0,1710.0,
OI000003439,O00000826,M0012,1,570.0,0.0,570.0,
OI000003440,O00000826,M0023,2,580.0,0.0,1160.0,
OI000003441,O00000827,M0001,4,1480.0,0.0,5920.0,
OI000003442,O00000827,M0110,3,1567.5,0.0,4702.5,
OI000003443,O00000827,M0003,2,997.5,0.0,1995.0,
OI000003444,O00000827,M0145,1,1848.0,0.0,1848.0,
OI000003445,O00000828,M0045,5,1026.0,0.0,5130.0,
OI000003446,O00000828,M0029,1,660.0,0.0,660.0,
OI000003447,O00000828,M0064,2,399.0,0.0,798.0,
OI000003448,O00000828,M0164,1,1333.5,0.0,1333.5,
OI000003449,O00000828,M0010,2,430.0,0.0,860.0,
OI000003450,O00000828,M0008,1,880.0,0.0,880.0,
OI000003451,O00000828,M0016,2,1230.0,0.0,2460.0,
OI000003452,O00000829,M0030,1,270.0,0.0,270.0,
OI000003453,O00000829,M0001,1,1554.0,0.0,1554.0,
OI000003454,O00000829,M0069,1,1170.0,0.0,1170.0,
OI000003455,O00000829,M0035,4,874.0,174.8,3321.2,
OI000003456,O00000829,M0038,2,1386.0,0.0,2772.0,
OI000003457,O00000829,M0007,2,1344.0,0.0,2688.0,
OI000003458,O00000830,M0122,1,470.0,0.0,470.0,
OI000003459,O00000830,M0019,1,630.0,0.0,630.0,
OI000003460,O00000830,M0062,1,1010.0,0.0,1010.0,Customer request
OI000003461,O00000830,M0007,1,1280.0,0.0,1280.0,
OI000003462,O00000831,M0113,3,882.0,0.0,2646.0,
OI000003463,O00000831,M0010,4,408.5,0.0,1634.0,
OI000003464,O00000832,M0159,3,1040.0,0.0,3120.0,
OI000003465,O00000832,M0025,2,260.0,0.0,520.0,
OI000003466,O00000832,M0003,1,1050.0,0.0,1050.0,
OI000003467,O00000832,M0052,2,710.0,0.0,1420.0,
OI000003468,O00000833,M0041,2,1560.0,0.0,3120.0,
OI000003469,O00000833,M0021,1,1250.0,0.0,1250.0,
OI000003470,O00000833,M0114,2,640.0,0.0,1280.0,
OI000003471,O00000833,M0021,3,1187.5,178.12,3384.38,
OI000003472,O00000833,M0003,2,1050.0,0.0,2100.0,
OI000003473,O00000833,M0001,2,1480.0,0.0,2960.0,
OI000003474,O00000834,M0145,1,1760.0,0.0,1760.0,
OI000003475,O00000834,M0027,2,750.5,0.0,1501.0,Customer request
OI000003476,O00000834,M0042,2,1270.5,0.0,2541.0,
OI000003477,O00000834,M0002,1,546.0,0.0,546.0,
OI000003478,O00000835,M0030,1,283.5,0.0,283.5,
OI000003479,O00000835,M0037,1,1610.0,0.0,1610.0,
OI000003480,O00000835,M0027,3,829.5,0.0,2488.5,
OI000003481,O00000836,M0175,2,710.0,0.0,1420.0,
OI000003482,O00000836,M0044,1,378.0,0.0,378.0,
OI000003483,O00000836,M0186,1,1620.0,81.0,1539.0,
OI000003484,O00000837,M0003,1,997.5,0.0,997.5,
OI000003485,O00000837,M0155,2,503.5,0.0,1007.0,Customer request
OI000003486,O00000837,M0040,2,430.0,0.0,860.0,
OI000003487,O00000837,M0010,3,408.5,0.0,1225.5,
OI000003488,O00000838,M0088,1,1083.0,0.0,1083.0,
OI000003489,O00000838,M0041,1,1560.0,0.0,1560.0,
OI000003490,O00000838,M0045,1,1080.0,0.0,1080.0,
OI000003491,O00000839,M0004,2,1800.0,0.0,3600.0,
OI000003492,O00000839,M0069,1,1228.5,0.0,1228.5,
OI000003493,O00000840,M0010,1,430.0,43.0,387.0,
OI000003494,O00000840,M0014,2,1710.0,513.0,2907.0,
OI000003495,O00000840,M0151,2,560.5,0.0,1121.0,Customer request
OI000003496,O00000840,M0004,1,1890.0,0.0,1890.0,Customer request
OI000003497,O00000840,M0142,1,730.0,0.0,730.0,
OI000003498,O00000840,M0032,2,830.0,166.0,1494.0,
OI000003499,O00000841,M0004,3,1800.0,0.0,5400.0,
OI000003500,O00000841,M0111,1,280.0,0.0,280.0,
OI000003501,O00000841,M0062,1,1010.0,0.0,1010.0,
OI000003502,O00000842,M0014,2,1710.0,0.0,3420.0,
OI000003503,O00000842,M0010,1,430.0,43.0,387.0,
OI000003504,O00000842,M0021,3,1312.5,0.0,3937.5,
OI000003505,O00000843,M0003,2,1050.0,0.0,2100.0,
OI000003506,O00000843,M0110,2,1732.5,0.0,3465.0,
OI000003507,O00000844,M0009,2,1660.0,0.0,3320.0,
OI000003508,O00000844,M0117,1,1140.0,57.0,1083.0,
OI000003509,O00000844,M0084,2,1540.0,154.0,2926.0,
OI000003510,O00000844,M0169,1,1239.0,0.0,1239.0,
OI000003511,O00000844,M0002,1,520.0,0.0,520.0,
OI000003512,O00000844,M0014,1,1710.0,0.0,1710.0,
OI000003513,O00000845,M0055,2,890.0,0.0,1780.0,
OI000003514,O00000845,M0130,2,1123.5,0.0,2247.0,
OI000003515,O00000845,M0003,2,1050.0,0.0,2100.0,
OI000003516,O00000846,M0131,1,990.0,0.0,990.0,
OI000003517,O00000846,M0001,3,1480.0,0.0,4440.0,
OI000003518,O00000846,M0028,1,870.0,0.0,870.0,
OI000003519,O00000847,M0002,5,494.0,0.0,2470.0,
OI000003520,O00000847,M0003,1,1102.5,0.0,1102.5,
OI000003521,O00000847,M0098,1,1291.5,0.0,1291.5,
OI000003522,O00000847,M0001,1,1480.0,0.0,1480.0,
OI000003523,O00000847,M0041,2,1560.0,0.0,3120.0,
OI000003524,O00000848,M0002,1,520.0,0.0,520.0,
OI000003525,O00000848,M0111,2,280.0,0.0,560.0,
OI000003526,O00000849,M0110,1,1567.5,0.0,1567.5,
OI000003527,O00000849,M0075,2,1710.0,0.0,3420.0,
OI000003528,O00000849,M0091,1,350.0,0.0,350.0,
OI000003529,O00000849,M0048,2,1501.0,0.0,3002.0,
OI000003530,O00000849,M0029,1,693.0,0.0,693.0,
OI000003531,O00000849,M0020,1,1110.0,0.0,1110.0,
OI000003532,O00000850,M0064,3,441.0,0.0,1323.0,
OI000003533,O00000850,M0017,1,730.0,36.5,693.5,
OI000003534,O00000850,M0001,1,1480.0,0.0,1480.0,
OI000003535,O00000851,M0002,1,520.0,0.0,520.0,
OI000003536,O00000852,M0062,3,1010.0,0.0,3030.0,
OI000003537,O00000852,M0015,1,1680.0,0.0,1680.0,
OI000003538,O00000852,M0195,2,230.0,46.0,414.0,
OI000003539,O00000852,M0014,1,1624.5,0.0,1624.5,
OI000003540,O00000852,M0002,2,494.0,0.0,988.0,
OI000003541,O00000853,M0012,3,570.0,0.0,1710.0,
OI000003542,O00000853,M0071,2,598.5,0.0,1197.0,
OI000003543,O00000853,M0036,1,1790.0,0.0,1790.0,
OI000003544,O00000853,M0052,1,745.5,0.0,745.5,Customer request
OI000003545,O00000853,M0002,1,546.0,54.6,491.4,
OI000003546,O00000853,M0117,2,1140.0,0.0,2280.0,
OI000003547,O00000854,M0149,2,920.0,0.0,1840.0,
OI000003548,O00000854,M0003,1,1050.0,0.0,1050.0,
OI000003549,O00000854,M0055,1,890.0,0.0,890.0,
OI000003550,O00000855,M0006,3,1700.5,0.0,5101.5,
OI000003551,O00000855,M0004,1,1800.0,0.0,1800.0,
OI000003552,O00000855,M0005,1,430.0,21.5,408.5,
OI000003553,O00000856,M0035,1,920.0,0.0,920.0,
OI000003554,O00000856,M0142,2,766.5,229.95,1303.05,
OI000003555,O00000856,M0114,1,672.0,33.6,638.4,
OI000003556,O00000856,M0003,2,1050.0,0.0,2100.0,
OI000003557,O00000857,M0033,1,310.0,0.0,310.0,
OI000003558,O00000857,M0003,1,1050.0,0.0,1050.0,
OI000003559,O00000858,M0023,1,580.0,0.0,580.0,
OI000003560,O00000858,M0042,1,1210.0,0.0,1210.0,
OI000003561,O00000858,M0111,1,266.0,0.0,266.0,
OI000003562,O00000858,M0131,2,990.0,99.0,1881.0,
OI000003563,O00000858,M0001,2,1480.0,0.0,2960.0,
OI000003564,O00000859,M0071,1,630.0,94.5,535.5,
OI000003565,O00000859,M0020,1,1110.0,0.0,1110.0,
OI000003566,O00000859,M0031,1,1740.0,0.0,1740.0,
OI000003567,O00000859,M0006,1,1790.0,0.0,1790.0,
OI000003568,O00000860,M0001,1,1480.0,0.0,1480.0,
OI000003569,O00000860,M0120,1,1740.0,0.0,1740.0,
OI000003570,O00000860,M0006,2,1790.0,0.0,3580.0,
OI000003571,O00000860,M0139,2,1858.5,0.0,3717.0,
OI000003572,O00000861,M0001,3,1480.0,0.0,4440.0,
OI000003573,O00000861,M0020,1,1110.0,0.0,1110.0,
OI000003574,O00000861,M0087,2,1764.0,0.0,3528.0,
OI000003575,O00000861,M0008,3,836.0,0.0,2508.0,Customer request
OI000003576,O00000861,M0182,1,1650.0,0.0,1650.0,
OI000003577,O00000861,M0058,1,1350.0,0.0,1350.0,
OI000003578,O00000862,M0006,4,1790.0,0.0,7160.0,
OI000003579,O00000862,M0104,1,200.0,30.0,170.0,
OI000003580,O00000862,M0192,1,540.0,0.0,540.0,
OI000003581,O00000863,M0007,1,1280.0,64.0,1216.0,
OI000003582,O00000863,M0115,1,1140.0,0.0,1140.0,
OI000003583,O00000863,M0188,2,290.0,0.0,580.0,
OI000003584,O00000863,M0006,1,1790.0,0.0,1790.0,
OI000003585,O00000863,M0006,1,1790.0,0.0,1790.0,
OI000003586,O00000863,M0079,1,1050.0,0.0,1050.0,
OI000003587,O00000864,M0173,1,1750.0,0.0,1750.0,
OI000003588,O00000864,M0073,2,420.0,0.0,840.0,
OI000003589,O00000864,M0032,1,830.0,0.0,830.0,
OI000003590,O00000864,M0002,3,546.0,0.0,1638.0,
OI000003591,O00000864,M0160,2,1750.0,0.0,3500.0,Customer request
OI000003592,O00000865,M0001,1,1480.0,0.0,1480.0,
OI000003593,O00000865,M0005,1,408.5,0.0,408.5,
OI000003594,O00000865,M0025,3,247.0,0.0,741.0,
OI000003595,O00000865,M0032,2,788.5,0.0,1577.0,
OI000003596,O00000866,M0001,1,1554.0,0.0,1554.0,
OI000003597,O00000866,M0002,1,494.0,0.0,494.0,
OI000003598,O00000866,M0002,1,520.0,0.0,520.0,
OI000003599,O00000866,M0001,2,1480.0,0.0,2960.0,
OI000003600,O00000867,M0188,1,275.5,0.0,275.5,
OI000003601,O00000867,M0007,2,1216.0,0.0,2432.0,
OI000003602,O00000868,M0139,1,1770.0,0.0,1770.0,
OI000003603,O00000868,M0101,1,550.0,0.0,550.0,
OI000003604,O00000868,M0076,1,660.0,0.0,660.0,
OI000003605,O00000869,M0063,1,1210.0,0.0,1210.0,
OI000003606,O00000869,M0031,1,1653.0,0.0,1653.0,
OI000003607,O00000870,M0042,1,1210.0,0.0,1210.0,
OI000003608,O00000870,M0144,1,532.0,0.0,532.0,
OI000003609,O00000870,M0099,1,541.5,0.0,541.5,
OI000003610,O00000870,M0006,2,1790.0,0.0,3580.0,
OI000003611,O00000871,M0002,1,520.0,0.0,520.0,
OI000003612,O00000871,M0010,2,451.5,0.0,903.0,
OI000003613,O00000871,M0003,4,1050.0,0.0,4200.0,
OI000003614,O00000872,M0175,3,745.5,0.0,2236.5,
OI000003615,O00000872,M0017,1,730.0,0.0,730.0,
OI000003616,O00000872,M0004,1,1800.0,0.0,1800.0,
OI000003617,O00000872,M0055,4,890.0,0.0,3560.0,
OI000003618,O00000872,M0019,1,630.0,0.0,630.0,
OI000003619,O00000872,M0006,1,1790.0,0.0,1790.0,
OI000003620,O00000873,M0001,1,1406.0,0.0,1406.0,
OI000003621,O00000873,M0002,1,520.0,0.0,520.0,
OI000003622,O00000873,M0042,2,1210.0,0.0,2420.0,
OI000003623,O00000873,M0090,1,1250.0,62.5,1187.5,
OI000003624,O00000874,M0161,1,430.5,0.0,430.5,
OI000003625,O00000874,M0047,1,1610.0,0.0,1610.0,
OI000003626,O00000874,M0062,3,1060.5,318.15,2863.35,
OI000003627,O00000874,M0007,1,1216.0,0.0,1216.0,
OI000003628,O00000874,M0009,2,1660.0,0.0,3320.0,
OI000003629,O00000874,M0021,2,1250.0,0.0,2500.0,
OI000003630,O00000875,M0134,3,693.5,312.08,1768.42,
OI000003631,O00000875,M0023,2,580.0,0.0,1160.0,
OI000003632,O00000875,M0007,1,1280.0,0.0,1280.0,
OI000003633,O00000875,M0158,1,710.0,0.0,710.0,Customer request
OI000003634,O00000876,M0020,2,1054.5,316.35,1792.65,
OI000003635,O00000876,M0002,1,520.0,52.0,468.0,
OI000003636,O00000876,M0039,2,1690.0,0.0,3380.0,
OI000003637,O00000876,M0055,2,890.0,0.0,1780.0,
OI000003638,O00000876,M0176,1,1869.0,0.0,1869.0,
OI000003639,O00000877,M0109,1,1491.0,0.0,1491.0,
OI000003640,O00000877,M0002,1,520.0,0.0,520.0,
OI000003641,O00000877,M0033,3,310.0,0.0,930.0,
OI000003642,O00000878,M0023,1,551.0,0.0,551.0,
OI000003643,O00000878,M0018,2,1200.0,0.0,2400.0,
OI000003644,O00000878,M0003,1,1050.0,0.0,1050.0,
OI000003645,O00000878,M0016,1,1230.0,0.0,1230.0,
OI000003646,O00000879,M0027,2,790.0,0.0,1580.0,
OI000003647,O00000879,M0006,1,1879.5,0.0,1879.5,
OI000003648,O00000879,M0045,1,1026.0,0.0,1026.0,
OI000003649,O00000879,M0006,1,1879.5,0.0,1879.5,
OI000003650,O00000880,M0002,5,494.0,0.0,2470.0,Customer request
OI000003651,O00000880,M0191,2,1207.5,362.25,2052.75,
OI000003652,O00000880,M0071,1,630.0,0.0,630.0,
OI000003653,O00000881,M0049,2,1450.0,0.0,2900.0,
OI000003654,O00000881,M0012,1,598.5,0.0,598.5,
OI000003655,O00000882,M0005,1,430.0,0.0,430.0,
OI000003656,O00000882,M0003,1,1102.5,0.0,1102.5,
OI000003657,O00000882,M0001,1,1480.0,0.0,1480.0,
OI000003658,O00000882,M0074,1,756.0,0.0,756.0,
OI000003659,O00000883,M0009,1,1577.0,0.0,1577.0,
OI000003660,O00000883,M0011,2,1150.0,0.0,2300.0,
OI000003661,O00000883,M0003,1,1050.0,0.0,1050.0,
OI000003662,O00000884,M0002,2,520.0,0.0,1040.0,
OI000003663,O00000884,M0031,1,1740.0,0.0,1740.0,
OI000003664,O00000884,M0082,1,590.0,59.0,531.0,Customer request
OI000003665,O00000884,M0195,2,230.0,0.0,460.0,Customer request
OI000003666,O00000884,M0013,2,1575.0,0.0,3150.0,
OI000003667,O00000885,M0065,2,850.0,0.0,1700.0,
OI000003668,O00000885,M0002,1,494.0,0.0,494.0,
OI000003669,O00000885,M0041,3,1560.0,0.0,4680.0,
OI000003670,O00000886,M0034,2,1197.0,0.0,2394.0,
OI000003671,O00000886,M0001,2,1480.0,444.0,2516.0,
OI000003672,O00000886,M0029,3,660.0,0.0,1980.0,
OI000003673,O00000886,M0031,1,1653.0,0.0,1653.0,
OI000003674,O00000887,M0016,1,1291.5,64.58,1226.92,
OI000003675,O00000887,M0044,2,342.0,0.0,684.0,Customer request
OI000003676,O00000888,M0001,4,1480.0,888.0,5032.0,
OI000003677,O00000888,M0124,2,980.0,0.0,1960.0,
OI000003678,O00000888,M0035,1,966.0,0.0,966.0,
OI000003679,O00000889,M0001,1,1406.0,0.0,1406.0,
OI000003680,O00000889,M0191,2,1150.0,0.0,2300.0,
OI000003681,O00000889,M0017,1,693.5,0.0,693.5,
OI000003682,O00000889,M0193,2,550.0,0.0,1100.0,
OI000003683,O00000889,M0004,3,1800.0,0.0,5400.0,
OI000003684,O00000890,M0001,1,1406.0,0.0,1406.0,
OI000003685,O00000890,M0078,2,1260.0,0.0,2520.0,
OI000003686,O00000890,M0171,1,1558.0,233.7,1324.3,
OI000003687,O00000891,M0001,2,1480.0,0.0,2960.0,Customer request
OI000003688,O00000891,M0085,3,1720.0,0.0,5160.0,Customer request
OI000003689,O00000892,M0001,1,1480.0,148.0,1332.0,
OI000003690,O00000892,M0105,4,1310.0,786.0,4454.0,
OI000003691,O00000892,M0046,1,1558.0,0.0,1558.0,
OI000003692,O00000892,M0100,1,1879.5,0.0,1879.5,
OI000003693,O00000892,M0016,2,1168.5,0.0,2337.0,
OI000003694,O00000892,M0151,1,590.0,0.0,590.0,
OI000003695,O00000893,M0010,1,408.5,0.0,408.5,
OI000003696,O00000893,M0009,1,1743.0,0.0,1743.0,
OI000003697,O00000893,M0179,1,1440.0,0.0,1440.0,
OI000003698,O00000894,M0002,2,520.0,0.0,1040.0,
OI000003699,O00000894,M0048,1,1501.0,0.0,1501.0,
OI000003700,O00000894,M0044,2,360.0,108.0,612.0,
OI000003701,O00000894,M0006,1,1790.0,0.0,1790.0,
OI000003702,O00000895,M0011,1,1150.0,0.0,1150.0,
OI000003703,O00000895,M0009,1,1660.0,83.0,1577.0,
OI000003704,O00000895,M0125,1,320.0,0.0,320.0,
OI000003705,O00000895,M0018,2,1200.0,0.0,2400.0,
OI000003706,O00000895,M0015,1,1764.0,88.2,1675.8,
OI000003707,O00000895,M0058,1,1350.0,0.0,1350.0,
OI000003708,O00000896,M0031,1,1740.0,0.0,1740.0,
OI000003709,O00000896,M0022,1,1302.0,0.0,1302.0,
OI000003710,O00000896,M0077,1,1630.0,0.0,1630.0,
OI000003711,O00000896,M0020,4,1110.0,0.0,4440.0,
OI000003712,O00000896,M0006,1,1790.0,0.0,1790.0,
OI000003713,O00000896,M0087,2,1764.0,0.0,3528.0,
OI000003714,O00000897,M0001,2,1480.0,0.0,2960.0,
OI000003715,O00000897,M0200,1,1102.0,0.0,1102.0,
OI000003716,O00000897,M0049,1,1450.0,0.0,1450.0,Customer request
OI000003717,O00000897,M0006,1,1790.0,0.0,1790.0,
OI000003718,O00000897,M0005,1,451.5,0.0,451.5,
OI000003719,O00000898,M0008,4,880.0,0.0,3520.0,
OI000003720,O00000898,M0139,1,1770.0,0.0,1770.0,Customer request
OI000003721,O00000898,M0117,1,1140.0,0.0,1140.0,
OI000003722,O00000899,M0003,1,997.5,0.0,997.5,Customer request
OI000003723,O00000899,M0050,2,800.0,0.0,1600.0,
OI000003724,O00000899,M0154,2,1660.0,0.0,3320.0,Customer request
OI000003725,O00000900,M0084,2,1540.0,0.0,3080.0,
OI000003726,O00000900,M0047,1,1529.5,152.95,1376.55,
OI000003727,O00000900,M0005,2,430.0,0.0,860.0,
OI000003728,O00000900,M0170,2,855.0,0.0,1710.0,Customer request
OI000003729,O00000901,M0145,5,1672.0,0.0,8360.0,
OI000003730,O00000901,M0012,1,598.5,0.0,598.5,
OI000003731,O00000901,M0031,1,1827.0,0.0,1827.0,
OI000003732,O00000902,M0002,1,494.0,0.0,494.0,
OI000003733,O00000902,M0057,1,500.0,0.0,500.0,
OI000003734,O00000902,M0001,3,1480.0,0.0,4440.0,
OI000003735,O00000903,M0151,2,560.5,0.0,1121.0,
OI000003736,O00000903,M0139,2,1770.0,0.0,3540.0,
OI000003737,O00000903,M0009,1,1660.0,0.0,1660.0,
OI000003738,O00000904,M0087,1,1680.0,0.0,1680.0,
OI000003739,O00000904,M0023,1,580.0,0.0,580.0,
OI000003740,O00000904,M0124,1,931.0,0.0,931.0,Customer request
OI000003741,O00000904,M0001,2,1480.0,0.0,2960.0,
OI000003742,O00000904,M0032,2,830.0,0.0,1660.0,
OI000003743,O00000904,M0018,1,1260.0,0.0,1260.0,
OI000003744,O00000905,M0008,1,924.0,92.4,831.6,
OI000003745,O00000905,M0005,1,430.0,0.0,430.0,
OI000003746,O00000906,M0068,3,920.0,0.0,2760.0,
OI000003747,O00000906,M0005,4,408.5,245.1,1388.9,
OI000003748,O00000907,M0057,1,500.0,0.0,500.0,Customer request
OI000003749,O00000907,M0018,1,1260.0,0.0,1260.0,
OI000003750,O00000907,M0007,2,1280.0,0.0,2560.0,
OI000003751,O00000908,M0101,1,550.0,0.0,550.0,
OI000003752,O00000908,M0015,2,1680.0,0.0,3360.0,
OI000003753,O00000908,M0001,2,1406.0,0.0,2812.0,
OI000003754,O00000908,M0127,1,770.0,0.0,770.0,
OI000003755,O00000908,M0011,1,1150.0,0.0,1150.0,
OI000003756,O00000908,M0115,1,1140.0,0.0,1140.0,
OI000003757,O00000908,M0039,1,1605.5,0.0,1605.5,
OI000003758,O00000908,M0140,4,1669.5,0.0,6678.0,
OI000003759,O00000909,M0021,1,1250.0,0.0,1250.0,Customer request
OI000003760,O00000909,M0004,1,1800.0,270.0,1530.0,
OI000003761,O00000909,M0001,2,1406.0,0.0,2812.0,
OI000003762,O00000909,M0099,2,570.0,0.0,1140.0,
OI000003763,O00000909,M0099,1,570.0,0.0,570.0,
OI000003764,O00000910,M0005,1,408.5,0.0,408.5,
OI000003765,O00000910,M0176,1,1691.0,0.0,1691.0,
OI000003766,O00000910,M0173,1,1662.5,0.0,1662.5,
OI000003767,O00000911,M0015,3,1680.0,0.0,5040.0,
OI000003768,O00000911,M0003,1,1050.0,0.0,1050.0,
OI000003769,O00000911,M0009,2,1577.0,0.0,3154.0,
OI000003770,O00000911,M0162,2,330.0,0.0,660.0,
OI000003771,O00000912,M0052,1,674.5,0.0,674.5,
OI000003772,O00000912,M0155,1,503.5,0.0,503.5,
OI000003773,O00000912,M0001,1,1480.0,0.0,1480.0,
OI000003774,O00000912,M0195,1,241.5,0.0,241.5,
OI000003775,O00000913,M0056,2,250.0,0.0,500.0,
OI000003776,O00000913,M0004,1,1710.0,0.0,1710.0,
OI000003777,O00000914,M0033,1,310.0,0.0,310.0,
OI000003778,O00000914,M0114,1,672.0,0.0,672.0,
OI000003779,O00000915,M0003,1,1102.5,0.0,1102.5,
OI000003780,O00000915,M0052,5,745.5,0.0,3727.5,
OI000003781,O00000915,M0073,1,399.0,0.0,399.0,
OI000003782,O00000915,M0020,2,1054.5,0.0,2109.0,
OI000003783,O00000916,M0038,1,1320.0,132.0,1188.0,
OI000003784,O00000916,M0121,3,1510.0,679.5,3850.5,
OI000003785,O00000916,M0174,1,510.0,0.0,510.0,
OI000003786,O00000916,M0041,1,1638.0,0.0,1638.0,
OI000003787,O00000916,M0075,1,1710.0,0.0,1710.0,
OI000003788,O00000917,M0012,1,570.0,0.0,570.0,
OI000003789,O00000917,M0013,4,1500.0,0.0,6000.0,
OI000003790,O00000917,M0143,1,800.0,0.0,800.0,
OI000003791,O00000917,M0002,1,520.0,0.0,520.0,
OI000003792,O00000917,M0005,1,451.5,22.58,428.92,
OI000003793,O00000918,M0008,1,880.0,0.0,880.0,
OI000003794,O00000918,M0002,1,520.0,0.0,520.0,
OI000003795,O00000918,M0066,4,580.0,0.0,2320.0,
OI000003796,O00000918,M0151,1,560.5,28.02,532.48,
OI000003797,O00000918,M0001,1,1554.0,0.0,1554.0,
OI000003798,O00000918,M0007,1,1280.0,192.0,1088.0,
OI000003799,O00000918,M0158,1,745.5,0.0,745.5,
OI000003800,O00000919,M0027,2,750.5,0.0,1501.0,
OI000003801,O00000919,M0142,1,730.0,0.0,730.0,
OI000003802,O00000919,M0170,3,945.0,425.25,2409.75,
OI000003803,O00000919,M0195,1,218.5,0.0,218.5,
OI000003804,O00000919,M0018,2,1200.0,120.0,2280.0,
OI000003805,O00000919,M0013,2,1575.0,0.0,3150.0,
OI000003806,O00000920,M0089,2,1150.0,0.0,2300.0,
OI000003807,O00000920,M0049,1,1450.0,217.5,1232.5,
OI000003808,O00000921,M0063,2,1210.0,0.0,2420.0,
OI000003809,O00000921,M0037,1,1610.0,0.0,1610.0,
OI000003810,O00000922,M0034,1,1260.0,63.0,1197.0,
OI000003811,O00000922,M0011,1,1150.0,0.0,1150.0,Customer request
OI000003812,O00000922,M0049,1,1450.0,0.0,1450.0,
OI000003813,O00000922,M0008,1,880.0,0.0,880.0,
OI000003814,O00000922,M0014,2,1710.0,342.0,3078.0,
OI000003815,O00000922,M0056,1,237.5,0.0,237.5,
OI000003816,O00000922,M0058,2,1350.0,0.0,2700.0,
OI000003817,O00000923,M0045,1,1080.0,0.0,1080.0,
OI000003818,O00000923,M0067,1,1512.0,0.0,1512.0,Customer request
OI000003819,O00000923,M0020,3,1165.5,0.0,3496.5,
OI000003820,O00000923,M0048,1,1580.0,0.0,1580.0,
OI000003821,O00000923,M0002,2,520.0,0.0,1040.0,
OI000003822,O00000923,M0029,1,660.0,0.0,660.0,
OI000003823,O00000924,M0047,1,1610.0,0.0,1610.0,
OI000003824,O00000924,M0021,2,1250.0,0.0,2500.0,
OI000003825,O00000924,M0001,2,1480.0,0.0,2960.0,
OI000003826,O00000924,M0075,1,1795.5,0.0,1795.5,
OI000003827,O00000925,M0025,3,260.0,0.0,780.0,
OI000003828,O00000925,M0003,1,1050.0,0.0,1050.0,Customer request
OI000003829,O00000925,M0185,1,1560.0,156.0,1404.0,
OI000003830,O00000925,M0169,1,1180.0,0.0,1180.0,
OI000003831,O00000926,M0003,1,1102.5,0.0,1102.5,
OI000003832,O00000926,M0076,2,693.0,0.0,1386.0,
OI000003833,O00000927,M0034,2,1260.0,0.0,2520.0,Customer request
OI000003834,O00000927,M0009,1,1743.0,0.0,1743.0,
OI000003835,O00000927,M0070,2,1711.5,0.0,3423.0,
OI000003836,O00000928,M0024,1,551.0,27.55,523.45,
OI000003837,O00000928,M0148,3,1180.0,0.0,3540.0,
OI000003838,O00000928,M0075,1,1710.0,0.0,1710.0,
OI000003839,O00000928,M0033,1,310.0,0.0,310.0,
OI000003840,O00000928,M0025,2,260.0,0.0,520.0,
OI000003841,O00000929,M0001,1,1406.0,0.0,1406.0,
OI000003842,O00000929,M0003,2,1050.0,0.0,2100.0,
OI000003843,O00000930,M0001,1,1480.0,0.0,1480.0,
OI000003844,O00000930,M0001,1,1480.0,0.0,1480.0,
OI000003845,O00000930,M0001,1,1406.0,0.0,1406.0,
OI000003846,O00000930,M0001,2,1554.0,0.0,3108.0,
OI000003847,O00000931,M0104,4,200.0,0.0,800.0,
OI000003848,O00000931,M0028,1,870.0,0.0,870.0,
OI000003849,O00000931,M0089,3,1150.0,0.0,3450.0,Customer request
OI000003850,O00000932,M0004,2,1800.0,0.0,3600.0,
OI000003851,O00000932,M0123,1,740.0,0.0,740.0,
OI000003852,O00000932,M0002,1,546.0,0.0,546.0,
OI000003853,O00000932,M0012,1,541.5,0.0,541.5,
OI000003854,O00000932,M0016,2,1230.0,0.0,2460.0,
OI000003855,O00000932,M0006,1,1790.0,0.0,1790.0,
OI000003856,O00000932,M0003,1,1102.5,0.0,1102.5,
OI000003857,O00000932,M0056,4,237.5,0.0,950.0,
OI000003858,O00000932,M0001,2,1480.0,0.0,2960.0,Customer request
OI000003859,O00000933,M0104,2,190.0,0.0,380.0,
OI000003860,O00000934,M0001,2,1554.0,0.0,3108.0,
OI000003861,O00000934,M0180,2,262.5,0.0,525.0,
OI000003862,O00000934,M0134,1,766.5,0.0,766.5,
OI000003863,O00000935,M0020,1,1110.0,0.0,1110.0,
OI000003864,O00000935,M0003,3,997.5,0.0,2992.5,
OI000003865,O00000935,M0135,4,1540.0,0.0,6160.0,
OI000003866,O00000935,M0060,3,1180.0,177.0,3363.0,
OI000003867,O00000936,M0032,5,830.0,0.0,4150.0,
OI000003868,O00000936,M0012,1,570.0,0.0,570.0,
OI000003869,O00000936,M0042,1,1210.0,60.5,1149.5,
OI000003870,O00000936,M0020,3,1165.5,524.48,2972.02,
OI000003871,O00000936,M0027,1,750.5,37.52,712.98,
OI000003872,O00000936,M0124,3,980.0,0.0,2940.0,
OI000003873,O00000937,M0174,2,535.5,0.0,1071.0,
OI000003874,O00000937,M0180,1,250.0,0.0,250.0,
OI000003875,O00000937,M0152,3,560.0,0.0,1680.0,
OI000003876,O00000937,M0108,2,430.0,43.0,817.0,
OI000003877,O00000937,M0025,1,247.0,0.0,247.0,
OI000003878,O00000938,M0002,2,494.0,148.2,839.8,
OI000003879,O00000938,M0056,1,237.5,23.75,213.75,
OI000003880,O00000938,M0019,1,630.0,0.0,630.0,
OI000003881,O00000939,M0071,4,630.0,0.0,2520.0,Customer request
OI000003882,O00000939,M0006,2,1879.5,0.0,3759.0,
OI000003883,O00000939,M0094,1,630.0,0.0,630.0,
OI000003884,O00000939,M0004,2,1800.0,0.0,3600.0,
OI000003885,O00000940,M0110,2,1650.0,0.0,3300.0,
OI000003886,O00000940,M0154,1,1660.0,0.0,1660.0,
OI000003887,O00000940,M0149,1,920.0,0.0,920.0,Customer request
OI000003888,O00000940,M0014,1,1795.5,0.0,1795.5,
OI000003889,O00000940,M0018,3,1140.0,0.0,3420.0,
OI000003890,O00000941,M0121,2,1434.5,0.0,2869.0,
OI000003891,O00000941,M0072,3,1407.0,633.15,3587.85,
OI000003892,O00000941,M0036,2,1790.0,0.0,3580.0,
OI000003893,O00000941,M0179,1,1440.0,216.0,1224.0,
OI000003894,O00000941,M0034,1,1260.0,0.0,1260.0,
OI000003895,O00000941,M0007,2,1280.0,0.0,2560.0,
OI000003896,O00000942,M0069,1,1170.0,0.0,1170.0,Customer request
OI000003897,O00000942,M0033,1,294.5,0.0,294.5,
OI000003898,O00000942,M0005,3,451.5,0.0,1354.5,
OI000003899,O00000942,M0003,2,1102.5,0.0,2205.0,
OI000003900,O00000943,M0014,2,1710.0,0.0,3420.0,Customer request
OI000003901,O00000943,M0184,2,1040.0,0.0,2080.0,
OI000003902,O00000943,M0003,1,1050.0,0.0,1050.0,
OI000003903,O00000943,M0027,1,790.0,0.0,790.0,
OI000003904,O00000944,M0012,2,541.5,108.3,974.7,
OI000003905,O00000944,M0169,1,1239.0,0.0,1239.0,
OI000003906,O00000944,M0016,1,1230.0,0.0,1230.0,
OI000003907,O00000944,M0006,1,1700.5,0.0,1700.5,
OI000003908,O00000945,M0028,1,870.0,43.5,826.5,
OI000003909,O00000945,M0003,2,1050.0,105.0,1995.0,
OI000003910,O00000946,M0017,1,730.0,0.0,730.0,
OI000003911,O00000946,M0084,1,1540.0,0.0,1540.0,
OI000003912,O00000947,M0050,1,800.0,0.0,800.0,
OI000003913,O00000947,M0001,2,1554.0,0.0,3108.0,
OI000003914,O00000947,M0031,1,1740.0,0.0,1740.0,
OI000003915,O00000948,M0112,1,610.0,0.0,610.0,
OI000003916,O00000948,M0042,1,1270.5,63.53,1206.97,
OI000003917,O00000948,M0027,1,790.0,0.0,790.0,
OI000003918,O00000948,M0020,4,1110.0,0.0,4440.0,Customer request
OI000003919,O00000948,M0037,1,1610.0,161.0,1449.0,
OI000003920,O00000949,M0001,1,1406.0,0.0,1406.0,
OI000003921,O00000949,M0107,2,360.0,0.0,720.0,
OI000003922,O00000949,M0129,1,1760.0,0.0,1760.0,
OI000003923,O00000949,M0048,2,1580.0,474.0,2686.0,Customer request
OI000003924,O00000949,M0189,2,1500.0,0.0,3000.0,
OI000003925,O00000950,M0041,1,1482.0,0.0,1482.0,
OI000003926,O00000950,M0001,1,1480.0,0.0,1480.0,
OI000003927,O00000950,M0026,2,450.0,0.0,900.0,Customer request
OI000003928,O00000950,M0019,2,630.0,0.0,1260.0,
OI000003929,O00000951,M0005,1,430.0,0.0,430.0,
OI000003930,O00000951,M0037,2,1529.5,0.0,3059.0,
OI000003931,O00000951,M0025,1,273.0,27.3,245.7,
OI000003932,O00000951,M0004,1,1710.0,0.0,1710.0,
OI000003933,O00000952,M0032,1,871.5,0.0,871.5,
OI000003934,O00000952,M0120,1,1740.0,0.0,1740.0,
OI000003935,O00000952,M0033,1,310.0,0.0,310.0,
OI000003936,O00000953,M0006,1,1879.5,0.0,1879.5,
OI000003937,O00000953,M0070,1,1630.0,0.0,1630.0,
OI000003938,O00000953,M0135,1,1463.0,0.0,1463.0,
OI000003939,O00000953,M0014,1,1710.0,0.0,1710.0,
OI000003940,O00000953,M0001,2,1480.0,0.0,2960.0,
OI000003941,O00000953,M0155,2,530.0,0.0,1060.0,
OI000003942,O00000953,M0069,1,1228.5,0.0,1228.5,
OI000003943,O00000954,M0196,2,1590.0,0.0,3180.0,Customer request
OI000003944,O00000955,M0073,1,399.0,0.0,399.0,
OI000003945,O00000955,M0002,1,520.0,0.0,520.0,
OI000003946,O00000955,M0022,1,1240.0,0.0,1240.0,
OI000003947,O00000955,M0001,1,1480.0,0.0,1480.0,
OI000003948,O00000955,M0013,1,1500.0,0.0,1500.0,
OI000003949,O00000956,M0101,2,550.0,0.0,1100.0,Customer request
OI000003950,O00000956,M0041,1,1560.0,0.0,1560.0,
OI000003951,O00000956,M0026,2,450.0,0.0,900.0,
OI000003952,O00000956,M0125,2,336.0,0.0,672.0,
OI000003953,O00000956,M0004,1,1800.0,0.0,1800.0,
OI000003954,O00000957,M0038,2,1320.0,396.0,2244.0,
OI000003955,O00000957,M0060,2,1239.0,0.0,2478.0,
OI000003956,O00000957,M0161,2,410.0,0.0,820.0,
OI000003957,O00000957,M0004,1,1800.0,180.0,1620.0,
OI000003958,O00000957,M0076,2,660.0,0.0,1320.0,
OI000003959,O00000957,M0001,3,1480.0,0.0,4440.0,
OI000003960,O00000958,M0043,1,1770.0,0.0,1770.0,
OI000003961,O00000958,M0060,2,1239.0,0.0,2478.0,
OI000003962,O00000958,M0122,5,493.5,0.0,2467.5,
OI000003963,O00000958,M0012,2,570.0,0.0,1140.0,
OI000003964,O00000959,M0073,1,420.0,0.0,420.0,
OI000003965,O00000959,M0002,1,520.0,0.0,520.0,
OI000003966,O00000959,M0006,1,1790.0,0.0,1790.0,
OI000003967,O00000959,M0097,1,320.0,0.0,320.0,
OI000003968,O00000959,M0145,1,1760.0,0.0,1760.0,
OI000003969,O00000959,M0001,1,1554.0,0.0,1554.0,
OI000003970,O00000959,M0004,1,1800.0,0.0,1800.0,
OI000003971,O00000960,M0005,1,430.0,0.0,430.0,
OI000003972,O00000960,M0035,2,920.0,276.0,1564.0,
OI000003973,O00000960,M0003,1,1050.0,0.0,1050.0,
OI000003974,O00000961,M0187,1,870.0,87.0,783.0,
OI000003975,O00000961,M0017,2,766.5,0.0,1533.0,Customer request
OI000003976,O00000961,M0003,2,997.5,0.0,1995.0,
OI000003977,O00000962,M0098,1,1230.0,0.0,1230.0,
OI000003978,O00000962,M0042,1,1210.0,0.0,1210.0,
OI000003979,O00000962,M0155,1,530.0,0.0,530.0,
OI000003980,O00000962,M0166,1,370.0,0.0,370.0,
OI000003981,O00000962,M0129,1,1848.0,0.0,1848.0,
OI000003982,O00000963,M0043,2,1858.5,0.0,3717.0,
OI000003983,O00000963,M0006,1,1790.0,89.5,1700.5,
OI000003984,O00000964,M0022,2,1178.0,0.0,2356.0,
OI000003985,O00000964,M0029,2,660.0,0.0,1320.0,
OI000003986,O00000964,M0187,3,870.0,0.0,2610.0,
OI000003987,O00000964,M0007,1,1344.0,0.0,1344.0,
OI000003988,O00000964,M0023,1,580.0,0.0,580.0,
OI000003989,O00000964,M0042,2,1270.5,0.0,2541.0,
OI000003990,O00000964,M0018,2,1260.0,0.0,2520.0,
OI000003991,O00000964,M0002,1,520.0,0.0,520.0,
OI000003992,O00000965,M0144,1,560.0,0.0,560.0,
OI000003993,O00000965,M0107,2,360.0,0.0,720.0,
OI000003994,O00000965,M0008,1,836.0,0.0,836.0,
OI000003995,O00000965,M0024,3,551.0,0.0,1653.0,
OI000003996,O00000965,M0085,2,1806.0,0.0,3612.0,
OI000003997,O00000965,M0186,1,1620.0,0.0,1620.0,
OI000003998,O00000966,M0004,2,1890.0,0.0,3780.0,
OI000003999,O00000967,M0058,1,1282.5,0.0,1282.5,
OI000004000,O00000967,M0113,1,798.0,0.0,798.0,
OI000004001,O00000968,M0001,2,1480.0,444.0,2516.0,
OI000004002,O00000968,M0111,1,266.0,0.0,266.0,
OI000004003,O00000968,M0103,1,1150.0,0.0,1150.0,
OI000004004,O00000969,M0160,1,1837.5,183.75,1653.75,
OI000004005,O00000969,M0002,1,520.0,0.0,520.0,
OI000004006,O00000970,M0002,1,494.0,0.0,494.0,
OI000004007,O00000970,M0034,1,1260.0,0.0,1260.0,
OI000004008,O00000970,M0136,1,740.0,0.0,740.0,
OI000004009,O00000970,M0137,3,1770.0,0.0,5310.0,
OI000004010,O00000970,M0074,3,756.0,0.0,2268.0,
OI000004011,O00000971,M0024,1,580.0,0.0,580.0,Customer request
OI000004012,O00000971,M0006,1,1790.0,0.0,1790.0,
OI000004013,O00000971,M0028,1,913.5,0.0,913.5,
OI000004014,O00000972,M0006,1,1790.0,179.0,1611.0,
OI000004015,O00000972,M0097,1,320.0,0.0,320.0,
OI000004016,O00000972,M0021,1,1312.5,0.0,1312.5,
OI000004017,O00000973,M0038,4,1386.0,0.0,5544.0,
OI000004018,O00000973,M0069,2,1170.0,0.0,2340.0,
OI000004019,O00000974,M0036,1,1879.5,0.0,1879.5,
OI000004020,O00000974,M0091,2,350.0,0.0,700.0,
OI000004021,O00000974,M0102,1,480.0,0.0,480.0,
OI000004022,O00000974,M0007,1,1216.0,0.0,1216.0,
OI000004023,O00000975,M0010,1,430.0,0.0,430.0,
OI000004024,O00000975,M0001,1,1480.0,0.0,1480.0,
OI000004025,O00000975,M0002,1,494.0,0.0,494.0,
OI000004026,O00000975,M0118,4,1375.5,0.0,5502.0,
OI000004027,O00000976,M0005,1,408.5,0.0,408.5,
OI000004028,O00000976,M0120,1,1740.0,0.0,1740.0,
OI000004029,O00000976,M0192,2,513.0,0.0,1026.0,
OI000004030,O00000976,M0007,1,1280.0,0.0,1280.0,
OI000004031,O00000977,M0026,1,472.5,0.0,472.5,
OI000004032,O00000977,M0038,1,1254.0,0.0,1254.0,
OI000004033,O00000977,M0169,1,1180.0,0.0,1180.0,
OI000004034,O00000978,M0004,1,1800.0,0.0,1800.0,
OI000004035,O00000978,M0121,2,1510.0,0.0,3020.0,
OI000004036,O00000978,M0177,2,200.0,0.0,400.0,Customer request
OI000004037,O00000978,M0041,1,1560.0,0.0,1560.0,
OI000004038,O00000979,M0003,2,1102.5,0.0,2205.0,
OI000004039,O00000979,M0013,4,1500.0,0.0,6000.0,
OI000004040,O00000979,M0178,1,260.0,0.0,260.0,
OI000004041,O00000979,M0004,2,1800.0,0.0,3600.0,
OI000004042,O00000979,M0030,1,270.0,0.0,270.0,
OI000004043,O00000979,M0004,1,1800.0,0.0,1800.0,
OI000004044,O00000980,M0150,1,300.0,0.0,300.0,
OI000004045,O00000980,M0048,1,1580.0,0.0,1580.0,
OI000004046,O00000980,M0160,3,1662.5,0.0,4987.5,
OI000004047,O00000981,M0171,1,1558.0,155.8,1402.2,
OI000004048,O00000981,M0030,1,270.0,0.0,270.0,
OI000004049,O00000982,M0166,1,351.5,0.0,351.5,
OI000004050,O00000982,M0001,1,1406.0,0.0,1406.0,
OI000004051,O00000982,M0005,1,408.5,0.0,408.5,
OI000004052,O00000982,M0084,1,1617.0,0.0,1617.0,
OI000004053,O00000983,M0036,1,1879.5,0.0,1879.5,
OI000004054,O00000983,M0195,1,230.0,0.0,230.0,
OI000004055,O00000983,M0101,1,550.0,0.0,550.0,
OI000004056,O00000983,M0065,1,850.0,85.0,765.0,
OI000004057,O00000983,M0154,1,1743.0,0.0,1743.0,
OI000004058,O00000983,M0013,1,1575.0,0.0,1575.0,
OI000004059,O00000983,M0004,1,1800.0,0.0,1800.0,
OI000004060,O00000983,M0039,2,1774.5,0.0,3549.0,
OI000004061,O00000984,M0007,1,1280.0,0.0,1280.0,Customer request
OI000004062,O00000984,M0006,1,1790.0,0.0,1790.0,
OI000004063,O00000984,M0011,2,1150.0,0.0,2300.0,
OI000004064,O00000985,M0068,3,874.0,0.0,2622.0,
OI000004065,O00000985,M0001,1,1480.0,0.0,1480.0,
OI000004066,O00000985,M0126,1,1520.0,0.0,1520.0,
OI000004067,O00000986,M0052,1,710.0,0.0,710.0,
OI000004068,O00000986,M0010,1,451.5,0.0,451.5,
OI000004069,O00000986,M0002,1,520.0,0.0,520.0,
OI000004070,O00000986,M0103,1,1150.0,0.0,1150.0,
OI000004071,O00000986,M0023,1,609.0,0.0,609.0,
OI000004072,O00000986,M0023,2,580.0,0.0,1160.0,
OI000004073,O00000987,M0027,1,790.0,0.0,790.0,
OI000004074,O00000987,M0020,1,1110.0,0.0,1110.0,
OI000004075,O00000987,M0034,2,1323.0,0.0,2646.0,
OI000004076,O00000987,M0056,1,237.5,0.0,237.5,
OI000004077,O00000987,M0022,2,1302.0,0.0,2604.0,
OI000004078,O00000987,M0185,1,1638.0,0.0,1638.0,
OI000004079,O00000987,M0018,1,1140.0,0.0,1140.0,
OI000004080,O00000988,M0005,1,430.0,0.0,430.0,
OI000004081,O00000988,M0189,1,1425.0,0.0,1425.0,
OI000004082,O00000988,M0010,3,430.0,0.0,1290.0,
OI000004083,O00000988,M0054,2,1064.0,0.0,2128.0,
OI000004084,O00000988,M0118,1,1310.0,0.0,1310.0,
OI000004085,O00000989,M0001,2,1480.0,148.0,2812.0,
OI000004086,O00000989,M0009,2,1660.0,0.0,3320.0,
OI000004087,O00000989,M0037,1,1610.0,0.0,1610.0,
OI000004088,O00000989,M0025,1,247.0,12.35,234.65,Customer request
OI000004089,O00000989,M0001,3,1480.0,0.0,4440.0,
OI000004090,O00000990,M0024,1,580.0,0.0,580.0,Customer request
OI000004091,O00000990,M0002,1,520.0,26.0,494.0,
OI000004092,O00000990,M0007,1,1344.0,0.0,1344.0,
OI000004093,O00000990,M0089,1,1207.5,120.75,1086.75,
OI000004094,O00000990,M0004,1,1800.0,0.0,1800.0,
OI000004095,O00000990,M0065,2,807.5,161.5,1453.5,
OI000004096,O00000991,M0185,1,1560.0,0.0,1560.0,
OI000004097,O00000991,M0007,1,1344.0,0.0,1344.0,
OI000004098,O00000991,M0008,1,880.0,0.0,880.0,
OI000004099,O00000992,M0175,1,710.0,0.0,710.0,
OI000004100,O00000992,M0065,1,807.5,0.0,807.5,
OI000004101,O00000992,M0096,3,730.0,0.0,2190.0,
OI000004102,O00000992,M0104,2,200.0,0.0,400.0,
OI000004103,O00000993,M0083,2,540.0,162.0,918.0,
OI000004104,O00000993,M0187,2,826.5,0.0,1653.0,
OI000004105,O00000993,M0009,2,1660.0,0.0,3320.0,
OI000004106,O00000994,M0034,1,1260.0,0.0,1260.0,
OI000004107,O00000994,M0065,1,850.0,0.0,850.0,
OI000004108,O00000994,M0076,1,660.0,0.0,660.0,
OI000004109,O00000994,M0005,2,451.5,0.0,903.0,
OI000004110,O00000994,M0137,2,1681.5,0.0,3363.0,
OI000004111,O00000994,M0112,1,610.0,0.0,610.0,
OI000004112,O00000994,M0008,1,880.0,0.0,880.0,
OI000004113,O00000994,M0039,2,1690.0,0.0,3380.0,
OI000004114,O00000994,M0010,1,430.0,0.0,430.0,
OI000004115,O00000995,M0015,2,1680.0,0.0,3360.0,
OI000004116,O00000995,M0037,3,1610.0,0.0,4830.0,
OI000004117,O00000995,M0038,1,1254.0,0.0,1254.0,
OI000004118,O00000995,M0037,1,1610.0,0.0,1610.0,
OI000004119,O00000995,M0039,1,1690.0,0.0,1690.0,
OI000004120,O00000996,M0058,1,1350.0,0.0,1350.0,
OI000004121,O00000996,M0001,1,1480.0,0.0,1480.0,
OI000004122,O00000997,M0003,1,1050.0,0.0,1050.0,
OI000004123,O00000997,M0027,1,829.5,0.0,829.5,
OI000004124,O00000997,M0077,1,1630.0,0.0,1630.0,
OI000004125,O00000997,M0033,1,310.0,0.0,310.0,
OI000004126,O00000998,M0056,1,250.0,0.0,250.0,
OI000004127,O00000998,M0184,1,1092.0,0.0,1092.0,
OI000004128,O00000998,M0083,2,540.0,0.0,1080.0,
OI000004129,O00000998,M0168,1,1624.5,0.0,1624.5,
OI000004130,O00000999,M0001,1,1480.0,0.0,1480.0,
OI000004131,O00001000,M0024,2,609.0,0.0,1218.0,
OI000004132,O00001000,M0014,1,1624.5,0.0,1624.5,Customer request
OI000004133,O00001000,M0076,1,693.0,0.0,693.0,
OI000004134,O00001001,M0163,1,1390.0,0.0,1390.0,
OI000004135,O00001001,M0001,2,1480.0,0.0,2960.0,
OI000004136,O00001001,M0001,2,1480.0,0.0,2960.0,
OI000004137,O00001001,M0067,2,1512.0,0.0,3024.0,
OI000004138,O00001002,M0014,1,1624.5,0.0,1624.5,
OI000004139,O00001002,M0005,2,430.0,0.0,860.0,
OI000004140,O00001002,M0175,3,710.0,0.0,2130.0,
OI000004141,O00001002,M0001,2,1480.0,0.0,2960.0,
OI000004142,O00001003,M0009,2,1660.0,0.0,3320.0,
OI000004143,O00001003,M0012,2,541.5,0.0,1083.0,
OI000004144,O00001003,M0101,2,550.0,0.0,1100.0,
OI000004145,O00001003,M0042,4,1210.0,0.0,4840.0,
OI000004146,O00001004,M0012,2,598.5,0.0,1197.0,
OI000004147,O00001004,M0004,1,1800.0,270.0,1530.0,
OI000004148,O00001005,M0006,1,1790.0,0.0,1790.0,
OI000004149,O00001005,M0001,1,1480.0,0.0,1480.0,
OI000004150,O00001005,M0121,2,1585.5,0.0,3171.0,
OI000004151,O00001005,M0002,1,494.0,49.4,444.6,
OI000004152,O00001005,M0116,1,420.0,42.0,378.0,
OI000004153,O00001005,M0003,1,997.5,99.75,897.75,
OI000004154,O00001005,M0151,1,590.0,0.0,590.0,
OI000004155,O00001006,M0068,1,920.0,0.0,920.0,
OI000004156,O00001006,M0014,1,1795.5,0.0,1795.5,
OI000004157,O00001006,M0018,1,1200.0,0.0,1200.0,Customer request
OI000004158,O00001006,M0009,1,1577.0,0.0,1577.0,
OI000004159,O00001006,M0005,1,408.5,0.0,408.5,
OI000004160,O00001006,M0154,1,1660.0,0.0,1660.0,
OI000004161,O00001007,M0004,1,1800.0,270.0,1530.0,
OI000004162,O00001007,M0004,2,1710.0,0.0,3420.0,
OI000004163,O00001007,M0015,1,1680.0,0.0,1680.0,
OI000004164,O00001008,M0192,1,567.0,0.0,567.0,
OI000004165,O00001008,M0026,2,450.0,0.0,900.0,
OI000004166,O00001008,M0014,1,1795.5,0.0,1795.5,
OI000004167,O00001008,M0200,5,1102.0,0.0,5510.0,
OI000004168,O00001008,M0086,1,1740.0,0.0,1740.0,
OI000004169,O00001009,M0170,1,855.0,128.25,726.75,
OI000004170,O00001009,M0007,1,1344.0,0.0,1344.0,
OI000004171,O00001010,M0091,3,332.5,0.0,997.5,
OI000004172,O00001010,M0144,2,560.0,0.0,1120.0,
OI000004173,O00001010,M0036,1,1700.5,0.0,1700.5,
OI000004174,O00001010,M0021,1,1312.5,0.0,1312.5,
OI000004175,O00001011,M0010,2,430.0,0.0,860.0,
OI000004176,O00001012,M0043,1,1770.0,0.0,1770.0,Customer request
OI000004177,O00001012,M0005,1,451.5,67.72,383.78,
OI000004178,O00001012,M0022,2,1240.0,0.0,2480.0,
OI000004179,O00001013,M0069,1,1170.0,0.0,1170.0,
OI000004180,O00001013,M0062,1,1060.5,0.0,1060.5,
OI000004181,O00001013,M0074,2,756.0,0.0,1512.0,
OI000004182,O00001014,M0047,1,1610.0,0.0,1610.0,
OI000004183,O00001014,M0001,1,1480.0,0.0,1480.0,
OI000004184,O00001015,M0001,1,1480.0,0.0,1480.0,
OI000004185,O00001015,M0046,1,1722.0,0.0,1722.0,
OI000004186,O00001015,M0181,4,280.0,0.0,1120.0,
OI000004187,O00001016,M0005,1,408.5,0.0,408.5,
OI000004188,O00001016,M0079,4,997.5,0.0,3990.0,
OI000004189,O00001016,M0022,2,1240.0,0.0,2480.0,
OI000004190,O00001016,M0003,5,997.5,0.0,4987.5,
OI000004191,O00001016,M0001,3,1480.0,0.0,4440.0,
OI000004192,O00001017,M0078,2,1260.0,0.0,2520.0,
OI000004193,O00001017,M0003,2,997.5,0.0,1995.0,
OI000004194,O00001017,M0010,2,408.5,0.0,817.0,
OI000004195,O00001017,M0019,3,598.5,179.55,1615.95,
OI000004196,O00001018,M0076,4,660.0,0.0,2640.0,
OI000004197,O00001018,M0017,3,693.5,0.0,2080.5,
OI000004198,O00001018,M0017,1,766.5,0.0,766.5,
OI000004199,O00001018,M0105,2,1375.5,0.0,2751.0,
OI000004200,O00001019,M0001,1,1480.0,0.0,1480.0,
OI000004201,O00001019,M0091,1,367.5,55.12,312.38,
OI000004202,O00001019,M0035,2,874.0,0.0,1748.0,Customer request
OI000004203,O00001019,M0038,2,1320.0,0.0,2640.0,
OI000004204,O00001019,M0014,2,1710.0,0.0,3420.0,
OI000004205,O00001019,M0002,2,520.0,0.0,1040.0,
OI000004206,O00001020,M0002,1,520.0,0.0,520.0,
OI000004207,O00001020,M0013,1,1425.0,0.0,1425.0,
OI000004208,O00001020,M0080,1,870.0,0.0,870.0,
OI000004209,O00001021,M0145,1,1760.0,0.0,1760.0,
OI000004210,O00001021,M0111,4,294.0,0.0,1176.0,
OI000004211,O00001021,M0106,2,940.0,0.0,1880.0,
OI000004212,O00001021,M0001,1,1480.0,0.0,1480.0,
OI000004213,O00001021,M0005,2,430.0,0.0,860.0,
OI000004214,O00001021,M0170,1,945.0,0.0,945.0,
OI000004215,O00001021,M0135,1,1540.0,0.0,1540.0,
OI000004216,O00001021,M0003,1,1102.5,0.0,1102.5,
OI000004217,O00001021,M0058,1,1350.0,0.0,1350.0,
OI000004218,O00001022,M0022,1,1302.0,0.0,1302.0,
OI000004219,O00001022,M0001,1,1554.0,0.0,1554.0,
OI000004220,O00001022,M0107,1,360.0,0.0,360.0,
OI000004221,O00001022,M0169,2,1239.0,0.0,2478.0,
OI000004222,O00001022,M0158,2,710.0,0.0,1420.0,
OI000004223,O00001022,M0017,3,730.0,0.0,2190.0,
OI000004224,O00001023,M0102,2,456.0,45.6,866.4,
OI000004225,O00001023,M0031,1,1827.0,0.0,1827.0,
OI000004226,O00001023,M0189,2,1500.0,0.0,3000.0,
OI000004227,O00001023,M0180,4,262.5,0.0,1050.0,
OI000004228,O00001024,M0097,2,336.0,33.6,638.4,
OI000004229,O00001024,M0027,1,790.0,39.5,750.5,
OI000004230,O00001024,M0149,2,920.0,0.0,1840.0,
OI000004231,O00001024,M0006,1,1790.0,0.0,1790.0,
OI000004232,O00001024,M0005,1,408.5,0.0,408.5,
OI000004233,O00001024,M0041,1,1638.0,163.8,1474.2,
OI000004234,O00001025,M0114,1,640.0,0.0,640.0,
OI000004235,O00001025,M0001,2,1480.0,0.0,2960.0,
OI000004236,O00001025,M0101,5,577.5,0.0,2887.5,
OI000004237,O00001025,M0173,1,1662.5,0.0,1662.5,
OI000004238,O00001025,M0039,1,1774.5,0.0,1774.5,
OI000004239,O00001025,M0005,1,408.5,40.85,367.65,
OI000004240,O00001025,M0057,1,500.0,50.0,450.0,
OI000004241,O00001026,M0005,1,451.5,0.0,451.5,
OI000004242,O00001026,M0018,1,1200.0,0.0,1200.0,
OI000004243,O00001026,M0074,2,756.0,0.0,1512.0,
OI000004244,O00001026,M0017,1,766.5,0.0,766.5,
OI000004245,O00001027,M0029,2,660.0,0.0,1320.0,
OI000004246,O00001027,M0039,2,1690.0,0.0,3380.0,
OI000004247,O00001027,M0013,1,1575.0,0.0,1575.0,
OI000004248,O00001027,M0001,1,1554.0,0.0,1554.0,
OI000004249,O00001028,M0033,1,310.0,0.0,310.0,
OI000004250,O00001028,M0030,2,256.5,0.0,513.0,Customer request
OI000004251,O00001029,M0022,2,1240.0,0.0,2480.0,
OI000004252,O00001029,M0004,1,1800.0,0.0,1800.0,
OI000004253,O00001029,M0001,1,1554.0,0.0,1554.0,
OI000004254,O00001030,M0117,1,1140.0,0.0,1140.0,
OI000004255,O00001030,M0037,1,1529.5,0.0,1529.5,
OI000004256,O00001030,M0189,2,1500.0,300.0,2700.0,
OI000004257,O00001030,M0188,2,290.0,0.0,580.0,
OI000004258,O00001031,M0046,4,1722.0,0.0,6888.0,
OI000004259,O00001031,M0030,1,270.0,0.0,270.0,
OI000004260,O00001031,M0004,1,1710.0,0.0,1710.0,
OI000004261,O00001031,M0017,3,730.0,0.0,2190.0,Customer request
OI000004262,O00001032,M0102,1,480.0,0.0,480.0,
OI000004263,O00001032,M0180,1,250.0,0.0,250.0,
OI000004264,O00001032,M0050,1,800.0,80.0,720.0,
OI000004265,O00001032,M0053,1,1681.5,0.0,1681.5,
OI000004266,O00001033,M0169,1,1121.0,0.0,1121.0,
OI000004267,O00001033,M0003,2,1102.5,0.0,2205.0,
OI000004268,O00001034,M0052,1,710.0,0.0,710.0,
OI000004269,O00001034,M0047,1,1690.5,253.58,1436.92,
OI000004270,O00001034,M0005,2,430.0,0.0,860.0,
OI000004271,O00001034,M0097,1,320.0,0.0,320.0,
OI000004272,O00001035,M0002,2,546.0,0.0,1092.0,
OI000004273,O00001035,M0001,1,1554.0,0.0,1554.0,
OI000004274,O00001035,M0029,1,693.0,0.0,693.0,
OI000004275,O00001036,M0010,1,451.5,0.0,451.5,
OI000004276,O00001036,M0023,4,580.0,0.0,2320.0,
OI000004277,O00001036,M0002,1,520.0,0.0,520.0,
OI000004278,O00001036,M0025,1,273.0,13.65,259.35,
OI000004279,O00001037,M0023,1,580.0,0.0,580.0,
OI000004280,O00001038,M0182,1,1732.5,0.0,1732.5,
OI000004281,O00001038,M0081,2,920.0,0.0,1840.0,
OI000004282,O00001038,M0158,1,710.0,0.0,710.0,
OI000004283,O00001038,M0100,1,1879.5,0.0,1879.5,
OI000004284,O00001038,M0102,1,504.0,0.0,504.0,
OI000004285,O00001039,M0133,1,1000.0,0.0,1000.0,
OI000004286,O00001039,M0007,3,1280.0,0.0,3840.0,
OI000004287,O00001040,M0022,1,1302.0,0.0,1302.0,
OI000004288,O00001040,M0137,1,1681.5,0.0,1681.5,
OI000004289,O00001040,M0001,1,1554.0,0.0,1554.0,
OI000004290,O00001040,M0001,1,1480.0,0.0,1480.0,
OI000004291,O00001041,M0061,1,836.0,125.4,710.6,
OI000004292,O00001041,M0153,5,1672.0,0.0,8360.0,
OI000004293,O00001041,M0105,1,1244.5,0.0,1244.5,
OI000004294,O00001042,M0106,3,940.0,0.0,2820.0,
OI000004295,O00001042,M0015,1,1764.0,0.0,1764.0,
OI000004296,O00001042,M0048,1,1501.0,0.0,1501.0,
OI000004297,O00001042,M0097,1,320.0,32.0,288.0,
OI000004298,O00001043,M0104,2,200.0,0.0,400.0,
OI000004299,O00001043,M0046,2,1558.0,0.0,3116.0,
OI000004300,O00001044,M0107,2,378.0,113.4,642.6,
OI000004301,O00001044,M0001,2,1406.0,0.0,2812.0,
OI000004302,O00001044,M0169,2,1180.0,0.0,2360.0,
OI000004303,O00001045,M0135,1,1540.0,0.0,1540.0,
OI000004304,O00001045,M0001,1,1406.0,0.0,1406.0,
OI000004305,O00001046,M0021,2,1312.5,0.0,2625.0,
OI000004306,O00001046,M0158,1,710.0,0.0,710.0,
OI000004307,O00001047,M0034,1,1197.0,179.55,1017.45,
OI000004308,O00001047,M0002,2,520.0,0.0,1040.0,
OI000004309,O00001047,M0182,4,1650.0,0.0,6600.0,
OI000004310,O00001047,M0015,3,1764.0,0.0,5292.0,
OI000004311,O00001048,M0034,1,1197.0,0.0,1197.0,
OI000004312,O00001048,M0057,1,500.0,0.0,500.0,
OI000004313,O00001049,M0119,4,240.0,0.0,960.0,
OI000004314,O00001049,M0136,1,740.0,0.0,740.0,
OI000004315,O00001049,M0062,1,1010.0,0.0,1010.0,
OI000004316,O00001049,M0172,1,1720.0,0.0,1720.0,
OI000004317,O00001049,M0006,1,1790.0,179.0,1611.0,
OI000004318,O00001049,M0151,1,590.0,0.0,590.0,
OI000004319,O00001049,M0004,1,1800.0,0.0,1800.0,
OI000004320,O00001050,M0146,1,250.0,0.0,250.0,
OI000004321,O00001050,M0006,2,1879.5,0.0,3759.0,
OI000004322,O00001050,M0080,1,870.0,0.0,870.0,Customer request
OI000004323,O00001050,M0113,3,798.0,0.0,2394.0,
OI000004324,O00001050,M0018,1,1260.0,0.0,1260.0,
OI000004325,O00001051,M0002,1,520.0,0.0,520.0,
OI000004326,O00001051,M0015,4,1680.0,0.0,6720.0,
OI000004327,O00001051,M0001,1,1480.0,0.0,1480.0,
OI000004328,O00001051,M0063,1,1210.0,60.5,1149.5,
OI000004329,O00001051,M0074,3,684.0,0.0,2052.0,
OI000004330,O00001051,M0008,2,924.0,0.0,1848.0,
OI000004331,O00001051,M0061,2,880.0,0.0,1760.0,
OI000004332,O00001052,M0001,1,1406.0,210.9,1195.1,
OI000004333,O00001052,M0001,1,1480.0,148.0,1332.0,
OI000004334,O00001052,M0020,1,1110.0,0.0,1110.0,
OI000004335,O00001052,M0029,2,660.0,0.0,1320.0,
OI000004336,O00001052,M0001,2,1480.0,0.0,2960.0,
OI000004337,O00001053,M0048,1,1580.0,0.0,1580.0,
OI000004338,O00001053,M0119,1,240.0,0.0,240.0,
OI000004339,O00001053,M0020,1,1165.5,174.82,990.68,
OI000004340,O00001053,M0089,3,1150.0,172.5,3277.5,
OI000004341,O00001053,M0003,1,1050.0,0.0,1050.0,
OI000004342,O00001053,M0036,2,1790.0,0.0,3580.0,
OI000004343,O00001053,M0103,2,1150.0,345.0,1955.0,
OI000004344,O00001053,M0069,2,1228.5,0.0,2457.0,
OI000004345,O00001054,M0099,4,570.0,0.0,2280.0,
OI000004346,O00001054,M0080,4,870.0,0.0,3480.0,
OI000004347,O00001054,M0002,1,520.0,0.0,520.0,
OI000004348,O00001055,M0002,1,520.0,0.0,520.0,
OI000004349,O00001055,M0187,2,870.0,174.0,1566.0,
OI000004350,O00001055,M0029,2,660.0,0.0,1320.0,
OI000004351,O00001056,M0084,2,1463.0,146.3,2779.7,
OI000004352,O00001056,M0069,1,1170.0,0.0,1170.0,Customer request
OI000004353,O00001056,M0001,1,1406.0,0.0,1406.0,
OI000004354,O00001056,M0031,1,1740.0,0.0,1740.0,
OI000004355,O00001056,M0035,1,920.0,92.0,828.0,
OI000004356,O00001056,M0110,1,1732.5,0.0,1732.5,
OI000004357,O00001057,M0179,2,1440.0,0.0,2880.0,
OI000004358,O00001057,M0009,1,1577.0,0.0,1577.0,
OI000004359,O00001057,M0001,1,1554.0,0.0,1554.0,
OI000004360,O00001057,M0028,2,826.5,0.0,1653.0,
OI000004361,O00001058,M0001,3,1480.0,0.0,4440.0,
OI000004362,O00001058,M0017,2,766.5,0.0,1533.0,
OI000004363,O00001058,M0008,1,880.0,0.0,880.0,
OI000004364,O00001059,M0007,1,1344.0,0.0,1344.0,
OI000004365,O00001059,M0001,2,1480.0,0.0,2960.0,
OI000004366,O00001059,M0007,2,1280.0,0.0,2560.0,
OI000004367,O00001059,M0012,1,570.0,28.5,541.5,
OI000004368,O00001060,M0154,1,1660.0,0.0,1660.0,
OI000004369,O00001060,M0002,1,520.0,0.0,520.0,
OI000004370,O00001060,M0095,2,230.0,0.0,460.0,
OI000004371,O00001060,M0082,1,590.0,88.5,501.5,
OI000004372,O00001061,M0012,2,598.5,0.0,1197.0,
OI000004373,O00001062,M0152,1,588.0,0.0,588.0,
OI000004374,O00001062,M0062,1,1060.5,0.0,1060.5,
OI000004375,O00001062,M0002,1,520.0,0.0,520.0,
OI000004376,O00001062,M0005,1,451.5,0.0,451.5,
OI000004377,O00001062,M0019,1,598.5,0.0,598.5,
OI000004378,O00001062,M0182,2,1567.5,0.0,3135.0,
OI000004379,O00001062,M0008,1,924.0,0.0,924.0,
OI000004380,O00001062,M0022,2,1240.0,0.0,2480.0,
OI000004381,O00001062,M0042,1,1210.0,0.0,1210.0,
OI000004382,O00001062,M0014,1,1710.0,256.5,1453.5,
OI000004383,O00001063,M0075,2,1710.0,0.0,3420.0,
OI000004384,O00001063,M0064,2,420.0,0.0,840.0,Customer request
OI000004385,O00001063,M0001,1,1480.0,0.0,1480.0,Customer request
OI000004386,O00001063,M0022,2,1240.0,0.0,2480.0,
OI000004387,O00001064,M0100,2,1879.5,0.0,3759.0,
OI000004388,O00001064,M0059,1,660.0,66.0,594.0,
OI000004389,O00001064,M0026,1,450.0,0.0,450.0,
OI000004390,O00001064,M0083,1,567.0,0.0,567.0,Customer request
OI000004391,O00001065,M0066,1,551.0,0.0,551.0,
OI000004392,O00001065,M0121,1,1434.5,0.0,1434.5,
OI000004393,O00001066,M0001,1,1480.0,0.0,1480.0,
OI000004394,O00001066,M0037,1,1610.0,0.0,1610.0,
OI000004395,O00001066,M0064,1,441.0,0.0,441.0,
OI000004396,O00001066,M0068,1,920.0,0.0,920.0,
OI000004397,O00001066,M0159,3,1040.0,0.0,3120.0,
OI000004398,O00001066,M0020,3,1054.5,0.0,3163.5,
OI000004399,O00001066,M0105,2,1310.0,0.0,2620.0,
OI000004400,O00001067,M0102,2,456.0,0.0,912.0,
OI000004401,O00001067,M0008,1,880.0,0.0,880.0,
OI000004402,O00001067,M0008,1,924.0,0.0,924.0,
OI000004403,O00001067,M0169,2,1180.0,0.0,2360.0,
OI000004404,O00001067,M0012,1,570.0,0.0,570.0,
OI000004405,O00001068,M0020,2,1110.0,0.0,2220.0,
OI000004406,O00001068,M0051,1,750.0,0.0,750.0,
OI000004407,O00001068,M0011,1,1150.0,0.0,1150.0,
OI000004408,O00001068,M0064,2,420.0,0.0,840.0,
OI000004409,O00001068,M0009,1,1577.0,0.0,1577.0,
OI000004410,O00001068,M0036,1,1879.5,0.0,1879.5,
OI000004411,O00001068,M0042,1,1270.5,63.53,1206.97,
OI000004412,O00001069,M0107,1,378.0,0.0,378.0,
OI000004413,O00001069,M0131,1,940.5,0.0,940.5,
OI000004414,O00001069,M0069,1,1170.0,0.0,1170.0,Customer request
OI000004415,O00001069,M0008,2,924.0,0.0,1848.0,
OI000004416,O00001069,M0026,1,472.5,47.25,425.25,
OI000004417,O00001069,M0042,1,1210.0,0.0,1210.0,
OI000004418,O00001069,M0010,1,451.5,22.58,428.92,
OI000004419,O00001070,M0168,2,1795.5,0.0,3591.0,
OI000004420,O00001070,M0002,2,520.0,52.0,988.0,
OI000004421,O00001070,M0120,1,1827.0,0.0,1827.0,
OI000004422,O00001070,M0022,2,1302.0,0.0,2604.0,
OI000004423,O00001070,M0171,2,1558.0,0.0,3116.0,
OI000004424,O00001071,M0037,1,1610.0,0.0,1610.0,
OI000004425,O00001072,M0083,2,513.0,0.0,1026.0,
OI000004426,O00001072,M0085,1,1806.0,0.0,1806.0,Customer request
OI000004427,O00001072,M0074,1,720.0,0.0,720.0,Customer request
OI000004428,O00001072,M0001,1,1480.0,0.0,1480.0,
OI000004429,O00001073,M0055,1,845.5,0.0,845.5,
OI000004430,O00001073,M0146,3,250.0,0.0,750.0,
OI000004431,O00001073,M0124,1,1029.0,0.0,1029.0,
OI000004432,O00001073,M0155,1,556.5,0.0,556.5,
OI000004433,O00001073,M0024,1,580.0,0.0,580.0,
OI000004434,O00001073,M0025,1,260.0,0.0,260.0,
OI000004435,O00001073,M0110,1,1732.5,0.0,1732.5,
OI000004436,O00001073,M0010,2,430.0,0.0,860.0,
OI000004437,O00001074,M0094,3,630.0,283.5,1606.5,
OI000004438,O00001074,M0032,1,830.0,0.0,830.0,
OI000004439,O00001074,M0008,1,880.0,88.0,792.0,
OI000004440,O00001074,M0060,1,1239.0,0.0,1239.0,Customer request
OI000004441,O00001074,M0010,2,451.5,0.0,903.0,
OI000004442,O00001075,M0067,1,1440.0,0.0,1440.0,
OI000004443,O00001075,M0043,1,1681.5,0.0,1681.5,
OI000004444,O00001075,M0081,1,966.0,0.0,966.0,
OI000004445,O00001075,M0049,3,1450.0,0.0,4350.0,
OI000004446,O00001075,M0092,1,890.0,0.0,890.0,
OI000004447,O00001076,M0198,1,680.0,0.0,680.0,
OI000004448,O00001076,M0027,4,790.0,0.0,3160.0,
OI000004449,O00001076,M0049,2,1377.5,0.0,2755.0,Customer request
OI000004450,O00001076,M0002,1,520.0,0.0,520.0,
OI000004451,O00001077,M0173,1,1662.5,83.12,1579.38,
OI000004452,O00001077,M0049,3,1377.5,0.0,4132.5,
OI000004453,O00001077,M0002,2,546.0,0.0,1092.0,
OI000004454,O00001078,M0019,1,630.0,0.0,630.0,
OI000004455,O00001078,M0002,2,494.0,49.4,938.6,
OI000004456,O00001079,M0031,1,1740.0,0.0,1740.0,
OI000004457,O00001079,M0009,2,1660.0,0.0,3320.0,
OI000004458,O00001079,M0013,3,1575.0,0.0,4725.0,Customer request
OI000004459,O00001079,M0001,1,1480.0,0.0,1480.0,
OI000004460,O00001080,M0094,1,598.5,0.0,598.5,
OI000004461,O00001080,M0123,2,740.0,0.0,1480.0,
OI000004462,O00001080,M0003,1,1050.0,0.0,1050.0,
OI000004463,O00001081,M0090,1,1312.5,0.0,1312.5,
OI000004464,O00001081,M0003,1,1050.0,52.5,997.5,
OI000004465,O00001081,M0002,1,546.0,0.0,546.0,
OI000004466,O00001081,M0002,1,520.0,0.0,520.0,
OI000004467,O00001081,M0001,1,1480.0,0.0,1480.0,
OI000004468,O00001081,M0016,1,1230.0,0.0,1230.0,
OI000004469,O00001082,M0175,1,745.5,0.0,745.5,
OI000004470,O00001082,M0148,1,1121.0,56.05,1064.95,
OI000004471,O00001082,M0012,2,570.0,0.0,1140.0,
OI000004472,O00001082,M0105,2,1310.0,0.0,2620.0,
OI000004473,O00001082,M0116,2,399.0,0.0,798.0,
OI000004474,O00001082,M0003,1,997.5,0.0,997.5,
OI000004475,O00001082,M0006,2,1790.0,0.0,3580.0,
OI000004476,O00001083,M0072,2,1340.0,0.0,2680.0,
OI000004477,O00001083,M0008,1,880.0,88.0,792.0,
OI000004478,O00001083,M0167,2,532.0,0.0,1064.0,
OI000004479,O00001083,M0006,3,1790.0,0.0,5370.0,
OI000004480,O00001083,M0106,2,893.0,0.0,1786.0,
OI000004481,O00001083,M0092,4,890.0,0.0,3560.0,
OI000004482,O00001084,M0032,1,830.0,0.0,830.0,
OI000004483,O00001084,M0008,1,880.0,0.0,880.0,
OI000004484,O00001084,M0001,3,1480.0,0.0,4440.0,
OI000004485,O00001084,M0118,1,1310.0,0.0,1310.0,
OI000004486,O00001085,M0016,1,1168.5,0.0,1168.5,
OI000004487,O00001085,M0013,1,1500.0,225.0,1275.0,
OI000004488,O00001085,M0001,1,1480.0,74.0,1406.0,
OI000004489,O00001085,M0003,1,1102.5,55.12,1047.38,
OI000004490,O00001085,M0016,1,1168.5,175.28,993.22,
OI000004491,O00001086,M0072,1,1340.0,0.0,1340.0,
OI000004492,O00001086,M0005,1,430.0,0.0,430.0,
OI000004493,O00001086,M0004,1,1890.0,0.0,1890.0,
OI000004494,O00001086,M0008,2,924.0,0.0,1848.0,
OI000004495,O00001087,M0009,2,1743.0,0.0,3486.0,
OI000004496,O00001087,M0020,2,1110.0,222.0,1998.0,
OI000004497,O00001088,M0015,1,1680.0,0.0,1680.0,
OI000004498,O00001088,M0001,1,1554.0,0.0,1554.0,
OI000004499,O00001088,M0054,1,1064.0,0.0,1064.0,
OI000004500,O00001088,M0003,1,1050.0,0.0,1050.0,
OI000004501,O00001089,M0134,1,730.0,0.0,730.0,
OI000004502,O00001089,M0130,1,1070.0,0.0,1070.0,
OI000004503,O00001089,M0001,1,1554.0,0.0,1554.0,
OI000004504,O00001090,M0020,1,1110.0,0.0,1110.0,
OI000004505,O00001091,M0028,1,870.0,0.0,870.0,
OI000004506,O00001091,M0198,1,680.0,0.0,680.0,
OI000004507,O00001091,M0007,3,1280.0,576.0,3264.0,
OI000004508,O00001091,M0058,3,1350.0,0.0,4050.0,
OI000004509,O00001091,M0025,2,247.0,0.0,494.0,Customer request
OI000004510,O00001092,M0096,1,766.5,0.0,766.5,
OI000004511,O00001092,M0007,4,1280.0,0.0,5120.0,
OI000004512,O00001092,M0069,1,1170.0,0.0,1170.0,
OI000004513,O00001092,M0003,1,997.5,0.0,997.5,
OI000004514,O00001092,M0001,1,1480.0,0.0,1480.0,
OI000004515,O00001092,M0001,1,1406.0,0.0,1406.0,
OI000004516,O00001093,M0030,2,270.0,0.0,540.0,
OI000004517,O00001093,M0096,1,766.5,0.0,766.5,
OI000004518,O00001093,M0045,1,1026.0,0.0,1026.0,
OI000004519,O00001093,M0001,3,1480.0,0.0,4440.0,
OI000004520,O00001094,M0040,5,408.5,0.0,2042.5,
OI000004521,O00001094,M0002,1,520.0,0.0,520.0,
OI000004522,O00001094,M0181,1,266.0,0.0,266.0,
OI000004523,O00001095,M0014,1,1710.0,0.0,1710.0,
OI000004524,O00001095,M0032,2,830.0,0.0,1660.0,
OI000004525,O00001095,M0013,1,1575.0,0.0,1575.0,
OI000004526,O00001095,M0027,1,790.0,0.0,790.0,
OI000004527,O00001095,M0177,2,200.0,0.0,400.0,
OI000004528,O00001096,M0008,1,880.0,0.0,880.0,
OI000004529,O00001096,M0080,3,870.0,0.0,2610.0,
OI000004530,O00001096,M0091,2,350.0,0.0,700.0,
OI000004531,O00001097,M0004,1,1800.0,0.0,1800.0,
OI000004532,O00001098,M0083,2,540.0,54.0,1026.0,
OI000004533,O00001098,M0061,1,880.0,0.0,880.0,
OI000004534,O00001098,M0010,1,430.0,0.0,430.0,
OI000004535,O00001099,M0035,1,874.0,0.0,874.0,
OI000004536,O00001099,M0048,1,1580.0,0.0,1580.0,
OI000004537,O00001099,M0121,1,1510.0,0.0,1510.0,
OI000004538,O00001099,M0002,1,520.0,0.0,520.0,
OI000004539,O00001099,M0185,2,1560.0,0.0,3120.0,
OI000004540,O00001100,M0096,1,693.5,0.0,693.5,
OI000004541,O00001100,M0037,2,1529.5,0.0,3059.0,
OI000004542,O00001100,M0098,1,1230.0,0.0,1230.0,
OI000004543,O00001100,M0084,1,1463.0,0.0,1463.0,Customer request
OI000004544,O00001100,M0026,1,450.0,0.0,450.0,
OI000004545,O00001101,M0013,1,1500.0,0.0,1500.0,Customer request
OI000004546,O00001101,M0194,1,1206.5,0.0,1206.5,
OI000004547,O00001101,M0141,1,1350.0,0.0,1350.0,
OI000004548,O00001101,M0174,3,484.5,0.0,1453.5,
OI000004549,O00001101,M0001,1,1480.0,0.0,1480.0,
OI000004550,O00001101,M0112,1,610.0,0.0,610.0,
OI000004551,O00001102,M0144,2,532.0,0.0,1064.0,
OI000004552,O00001102,M0028,1,870.0,0.0,870.0,
OI000004553,O00001103,M0144,1,560.0,0.0,560.0,
OI000004554,O00001103,M0002,2,520.0,52.0,988.0,
OI000004555,O00001103,M0001,1,1480.0,0.0,1480.0,
OI000004556,O00001103,M0010,2,451.5,0.0,903.0,
OI000004557,O00001104,M0001,2,1480.0,0.0,2960.0,
OI000004558,O00001104,M0070,1,1630.0,163.0,1467.0,
OI000004559,O00001105,M0161,2,389.5,0.0,779.0,
OI000004560,O00001105,M0010,1,408.5,0.0,408.5,
OI000004561,O00001105,M0063,2,1210.0,0.0,2420.0,
OI000004562,O00001106,M0027,1,790.0,0.0,790.0,
OI000004563,O00001106,M0007,2,1344.0,0.0,2688.0,
OI000004564,O00001106,M0157,1,1387.0,0.0,1387.0,
OI000004565,O00001106,M0177,1,200.0,0.0,200.0,
OI000004566,O00001107,M0003,1,1050.0,0.0,1050.0,Customer request
OI000004567,O00001107,M0095,2,218.5,0.0,437.0,
OI000004568,O00001107,M0004,1,1800.0,270.0,1530.0,
OI000004569,O00001107,M0030,3,270.0,81.0,729.0,
OI000004570,O00001108,M0015,1,1680.0,0.0,1680.0,
OI000004571,O00001108,M0007,1,1344.0,134.4,1209.6,
OI000004572,O00001108,M0068,1,874.0,0.0,874.0,
OI000004573,O00001108,M0129,1,1760.0,0.0,1760.0,
OI000004574,O00001108,M0100,1,1790.0,0.0,1790.0,
OI000004575,O00001109,M0081,1,966.0,0.0,966.0,
OI000004576,O00001109,M0001,4,1480.0,0.0,5920.0,
OI000004577,O00001109,M0002,1,520.0,0.0,520.0,
OI000004578,O00001109,M0026,2,450.0,0.0,900.0,
OI000004579,O00001110,M0041,1,1638.0,0.0,1638.0,
OI000004580,O00001110,M0081,1,920.0,0.0,920.0,
OI000004581,O00001110,M0014,1,1624.5,0.0,1624.5,
OI000004582,O00001110,M0001,1,1480.0,0.0,1480.0,
OI000004583,O00001111,M0001,1,1554.0,0.0,1554.0,
OI000004584,O00001111,M0128,2,1070.0,0.0,2140.0,
OI000004585,O00001111,M0003,1,1050.0,0.0,1050.0,
OI000004586,O00001112,M0166,1,370.0,0.0,370.0,Customer request
OI000004587,O00001112,M0013,2,1500.0,0.0,3000.0,Customer request
OI000004588,O00001113,M0046,1,1558.0,0.0,1558.0,
OI000004589,O00001113,M0004,3,1710.0,0.0,5130.0,
OI000004590,O00001113,M0025,1,260.0,0.0,260.0,
OI000004591,O00001114,M0137,2,1770.0,0.0,3540.0,
OI000004592,O00001114,M0191,1,1207.5,120.75,1086.75,
OI000004593,O00001115,M0095,2,218.5,0.0,437.0,
OI000004594,O00001115,M0094,1,598.5,0.0,598.5,
OI000004595,O00001115,M0142,1,730.0,0.0,730.0,
OI000004596,O00001115,M0007,1,1344.0,0.0,1344.0,
OI000004597,O00001115,M0085,1,1720.0,0.0,1720.0,
OI000004598,O00001115,M0041,1,1482.0,74.1,1407.9,
OI000004599,O00001116,M0008,2,924.0,0.0,1848.0,
OI000004600,O00001116,M0001,2,1480.0,0.0,2960.0,
OI000004601,O00001116,M0005,1,408.5,0.0,408.5,
OI000004602,O00001116,M0061,1,836.0,83.6,752.4,
OI000004603,O00001116,M0044,2,378.0,0.0,756.0,
OI000004604,O00001116,M0001,2,1406.0,0.0,2812.0,
OI000004605,O00001117,M0042,1,1210.0,0.0,1210.0,
OI000004606,O00001117,M0018,2,1140.0,0.0,2280.0,
OI000004607,O00001117,M0001,1,1480.0,0.0,1480.0,
OI000004608,O00001117,M0153,5,1760.0,0.0,8800.0,Customer request
OI000004609,O00001117,M0008,2,924.0,0.0,1848.0,
OI000004610,O00001117,M0040,2,451.5,0.0,903.0,
OI000004611,O00001117,M0047,2,1529.5,0.0,3059.0,
OI000004612,O00001118,M0031,1,1740.0,0.0,1740.0,
OI000004613,O00001118,M0007,1,1344.0,0.0,1344.0,
OI000004614,O00001118,M0020,1,1110.0,0.0,1110.0,
OI000004615,O00001118,M0010,1,430.0,0.0,430.0,
OI000004616,O00001118,M0022,1,1240.0,0.0,1240.0,
OI000004617,O00001119,M0002,2,520.0,0.0,1040.0,
OI000004618,O00001119,M0004,1,1800.0,0.0,1800.0,
OI000004619,O00001119,M0003,1,997.5,0.0,997.5,
OI000004620,O00001119,M0049,1,1522.5,228.38,1294.12,
OI000004621,O00001119,M0063,1,1149.5,0.0,1149.5,
OI000004622,O00001119,M0155,1,530.0,0.0,530.0,
OI000004623,O00001119,M0008,2,880.0,0.0,1760.0,
OI000004624,O00001119,M0018,1,1260.0,126.0,1134.0,
OI000004625,O00001119,M0055,1,890.0,0.0,890.0,
OI000004626,O00001120,M0185,1,1560.0,0.0,1560.0,
OI000004627,O00001120,M0018,1,1260.0,0.0,1260.0,
OI000004628,O00001120,M0009,1,1660.0,0.0,1660.0,
OI000004629,O00001120,M0017,1,730.0,0.0,730.0,Customer request
OI000004630,O00001120,M0011,1,1150.0,0.0,1150.0,
OI000004631,O00001121,M0002,2,520.0,0.0,1040.0,
OI000004632,O00001121,M0014,3,1795.5,807.98,4578.52,
OI000004633,O00001121,M0047,1,1610.0,0.0,1610.0,
OI000004634,O00001121,M0004,1,1710.0,0.0,1710.0,
OI000004635,O00001121,M0120,2,1653.0,0.0,3306.0,
OI000004636,O00001121,M0085,1,1806.0,0.0,1806.0,
OI000004637,O00001122,M0041,1,1482.0,0.0,1482.0,
OI000004638,O00001122,M0086,1,1740.0,261.0,1479.0,
OI000004639,O00001122,M0011,1,1150.0,0.0,1150.0,
OI000004640,O00001122,M0005,1,430.0,0.0,430.0,
OI000004641,O00001123,M0123,3,777.0,0.0,2331.0,
OI000004642,O00001124,M0114,1,640.0,0.0,640.0,
OI000004643,O00001124,M0085,1,1720.0,0.0,1720.0,
OI000004644,O00001124,M0008,1,880.0,0.0,880.0,
OI000004645,O00001125,M0013,1,1500.0,0.0,1500.0,
OI000004646,O00001125,M0017,2,766.5,0.0,1533.0,
OI000004647,O00001125,M0004,1,1800.0,0.0,1800.0,
OI000004648,O00001125,M0093,1,930.0,0.0,930.0,Customer request
OI000004649,O00001126,M0004,1,1890.0,0.0,1890.0,
OI000004650,O00001126,M0006,3,1879.5,0.0,5638.5,
OI000004651,O00001126,M0001,3,1554.0,0.0,4662.0,
OI000004652,O00001126,M0064,1,441.0,0.0,441.0,
OI000004653,O00001127,M0162,1,346.5,0.0,346.5,
OI000004654,O00001127,M0029,2,627.0,125.4,1128.6,
OI000004655,O00001127,M0147,1,1040.0,0.0,1040.0,
OI000004656,O00001127,M0123,1,740.0,0.0,740.0,
OI000004657,O00001128,M0105,1,1375.5,0.0,1375.5,
OI000004658,O00001128,M0004,5,1800.0,0.0,9000.0,Customer request
OI000004659,O00001128,M0016,1,1230.0,0.0,1230.0,
OI000004660,O00001128,M0065,1,892.5,0.0,892.5,
OI000004661,O00001128,M0014,1,1624.5,0.0,1624.5,
OI000004662,O00001129,M0077,2,1630.0,0.0,3260.0,
OI000004663,O00001129,M0009,1,1577.0,0.0,1577.0,
OI000004664,O00001130,M0018,1,1200.0,0.0,1200.0,
OI000004665,O00001130,M0084,1,1540.0,0.0,1540.0,
OI000004666,O00001130,M0002,3,546.0,0.0,1638.0,
OI000004667,O00001130,M0102,1,480.0,0.0,480.0,
OI000004668,O00001130,M0078,3,1323.0,0.0,3969.0,
OI000004669,O00001131,M0024,1,609.0,0.0,609.0,
OI000004670,O00001131,M0023,3,580.0,0.0,1740.0,
OI000004671,O00001131,M0151,1,590.0,0.0,590.0,
OI000004672,O00001131,M0079,1,997.5,0.0,997.5,
OI000004673,O00001131,M0054,1,1064.0,53.2,1010.8,
OI000004674,O00001132,M0132,1,1681.5,0.0,1681.5,
OI000004675,O00001132,M0012,3,570.0,0.0,1710.0,
OI000004676,O00001133,M0009,2,1660.0,0.0,3320.0,
OI000004677,O00001133,M0005,1,430.0,0.0,430.0,
OI000004678,O00001133,M0035,1,966.0,0.0,966.0,
OI000004679,O00001133,M0194,1,1333.5,133.35,1200.15,
OI000004680,O00001133,M0162,2,330.0,0.0,660.0,Customer request
OI000004681,O00001133,M0025,2,260.0,0.0,520.0,
OI000004682,O00001133,M0002,1,546.0,81.9,464.1,
OI000004683,O00001134,M0137,2,1770.0,0.0,3540.0,
OI000004684,O00001134,M0159,1,1040.0,0.0,1040.0,
OI000004685,O00001134,M0004,1,1800.0,0.0,1800.0,
OI000004686,O00001134,M0141,2,1350.0,0.0,2700.0,
OI000004687,O00001135,M0024,2,580.0,0.0,1160.0,
OI000004688,O00001135,M0001,1,1480.0,0.0,1480.0,
OI000004689,O00001136,M0169,3,1180.0,0.0,3540.0,
OI000004690,O00001136,M0001,2,1480.0,0.0,2960.0,
OI000004691,O00001136,M0001,2,1554.0,0.0,3108.0,
OI000004692,O00001136,M0180,1,262.5,0.0,262.5,
OI000004693,O00001136,M0005,1,408.5,0.0,408.5,
OI000004694,O00001136,M0041,1,1560.0,0.0,1560.0,
OI000004695,O00001136,M0169,1,1180.0,0.0,1180.0,
OI000004696,O00001137,M0168,2,1624.5,0.0,3249.0,
OI000004697,O00001138,M0004,3,1800.0,0.0,5400.0,
OI000004698,O00001138,M0034,1,1323.0,0.0,1323.0,
OI000004699,O00001138,M0001,1,1480.0,0.0,1480.0,
OI000004700,O00001139,M0002,1,520.0,0.0,520.0,
OI000004701,O00001139,M0172,1,1634.0,0.0,1634.0,
OI000004702,O00001139,M0020,2,1110.0,0.0,2220.0,
OI000004703,O00001139,M0003,2,1050.0,0.0,2100.0,
OI000004704,O00001139,M0057,2,525.0,0.0,1050.0,
OI000004705,O00001139,M0004,1,1890.0,0.0,1890.0,
OI000004706,O00001140,M0189,1,1575.0,0.0,1575.0,
OI000004707,O00001140,M0066,1,580.0,0.0,580.0,
OI000004708,O00001140,M0016,3,1230.0,0.0,3690.0,
OI000004709,O00001140,M0017,1,730.0,0.0,730.0,
OI000004710,O00001140,M0156,1,1344.0,67.2,1276.8,
OI000004711,O00001141,M0146,1,250.0,0.0,250.0,
OI000004712,O00001141,M0173,2,1750.0,350.0,3150.0,
OI000004713,O00001141,M0025,4,273.0,0.0,1092.0,
OI000004714,O00001141,M0127,1,770.0,0.0,770.0,
OI000004715,O00001142,M0029,1,627.0,0.0,627.0,
OI000004716,O00001142,M0057,1,525.0,0.0,525.0,
OI000004717,O00001142,M0033,1,325.5,48.82,276.68,
OI000004718,O00001142,M0051,3,712.5,0.0,2137.5,
OI000004719,O00001143,M0033,1,294.5,0.0,294.5,
OI000004720,O00001143,M0003,1,1050.0,0.0,1050.0,
OI000004721,O00001143,M0002,1,494.0,0.0,494.0,
OI000004722,O00001144,M0168,2,1710.0,0.0,3420.0,
OI000004723,O00001144,M0033,4,294.5,0.0,1178.0,Customer request
OI000004724,O00001145,M0169,1,1180.0,0.0,1180.0,
OI000004725,O00001145,M0070,1,1630.0,0.0,1630.0,
OI000004726,O00001145,M0002,2,520.0,0.0,1040.0,
OI000004727,O00001146,M0005,1,408.5,0.0,408.5,
OI000004728,O00001146,M0095,2,230.0,0.0,460.0,
OI000004729,O00001146,M0004,1,1890.0,0.0,1890.0,
OI000004730,O00001146,M0001,1,1406.0,0.0,1406.0,
OI000004731,O00001146,M0002,1,520.0,0.0,520.0,
OI000004732,O00001147,M0028,1,826.5,0.0,826.5,
OI000004733,O00001147,M0004,1,1800.0,0.0,1800.0,
OI000004734,O00001147,M0001,2,1554.0,0.0,3108.0,
OI000004735,O00001147,M0087,1,1680.0,0.0,1680.0,
OI000004736,O00001148,M0185,1,1482.0,222.3,1259.7,
OI000004737,O00001148,M0188,1,304.5,15.23,289.27,
OI000004738,O00001148,M0148,1,1180.0,0.0,1180.0,
OI000004739,O00001148,M0001,1,1554.0,0.0,1554.0,
OI000004740,O00001148,M0007,1,1280.0,0.0,1280.0,
OI000004741,O00001149,M0003,1,1102.5,0.0,1102.5,
OI000004742,O00001149,M0059,2,660.0,0.0,1320.0,
OI000004743,O00001149,M0126,2,1520.0,304.0,2736.0,
OI000004744,O00001149,M0044,2,360.0,0.0,720.0,
OI000004745,O00001150,M0014,1,1710.0,0.0,1710.0,
OI000004746,O00001150,M0154,1,1660.0,0.0,1660.0,
OI000004747,O00001150,M0032,1,788.5,0.0,788.5,
OI000004748,O00001150,M0004,1,1710.0,0.0,1710.0,
OI000004749,O00001150,M0037,4,1690.5,0.0,6762.0,
OI000004750,O00001150,M0001,2,1480.0,0.0,2960.0,
OI000004751,O00001151,M0001,1,1480.0,0.0,1480.0,
OI000004752,O00001151,M0056,1,237.5,0.0,237.5,
OI000004753,O00001151,M0081,3,920.0,0.0,2760.0,
OI000004754,O00001151,M0003,1,1050.0,0.0,1050.0,
OI000004755,O00001152,M0037,1,1690.5,0.0,1690.5,
OI000004756,O00001152,M0097,2,320.0,0.0,640.0,
OI000004757,O00001152,M0140,2,1590.0,0.0,3180.0,
OI000004758,O00001152,M0028,1,870.0,0.0,870.0,
OI000004759,O00001153,M0002,1,494.0,0.0,494.0,
OI000004760,O00001153,M0001,2,1480.0,0.0,2960.0,
OI000004761,O00001154,M0129,3,1760.0,0.0,5280.0,
OI000004762,O00001154,M0001,2,1480.0,444.0,2516.0,
OI000004763,O00001154,M0113,1,840.0,0.0,840.0,
OI000004764,O00001155,M0023,2,551.0,165.3,936.7,
OI000004765,O00001155,M0023,2,580.0,0.0,1160.0,
OI000004766,O00001156,M0034,2,1197.0,0.0,2394.0,
OI000004767,O00001156,M0003,3,1102.5,0.0,3307.5,
OI000004768,O00001156,M0087,1,1764.0,0.0,1764.0,
OI000004769,O00001156,M0010,1,430.0,0.0,430.0,
OI000004770,O00001157,M0049,1,1377.5,0.0,1377.5,
OI000004771,O00001157,M0001,2,1480.0,444.0,2516.0,
OI000004772,O00001157,M0009,3,1743.0,0.0,5229.0,
OI000004773,O00001158,M0001,1,1480.0,0.0,1480.0,
OI000004774,O00001158,M0011,1,1207.5,0.0,1207.5,
OI000004775,O00001158,M0003,2,1102.5,0.0,2205.0,
OI000004776,O00001159,M0001,5,1554.0,0.0,7770.0,
OI000004777,O00001159,M0126,3,1596.0,0.0,4788.0,
OI000004778,O00001159,M0015,1,1596.0,0.0,1596.0,
OI000004779,O00001159,M0116,5,420.0,0.0,2100.0,
OI000004780,O00001159,M0145,2,1672.0,0.0,3344.0,
OI000004781,O00001159,M0032,2,830.0,0.0,1660.0,
OI000004782,O00001160,M0043,1,1770.0,88.5,1681.5,
OI000004783,O00001160,M0060,1,1180.0,0.0,1180.0,
OI000004784,O00001160,M0060,1,1180.0,0.0,1180.0,
OI000004785,O00001161,M0036,2,1700.5,0.0,3401.0,
OI000004786,O00001161,M0048,1,1580.0,0.0,1580.0,
OI000004787,O00001161,M0023,2,551.0,0.0,1102.0,
OI000004788,O00001161,M0156,2,1280.0,0.0,2560.0,
OI000004789,O00001161,M0081,2,920.0,0.0,1840.0,
OI000004790,O00001161,M0011,1,1150.0,0.0,1150.0,
OI000004791,O00001161,M0013,1,1425.0,142.5,1282.5,
OI000004792,O00001161,M0025,2,260.0,0.0,520.0,
OI000004793,O00001161,M0001,2,1480.0,0.0,2960.0,
OI000004794,O00001161,M0196,1,1590.0,0.0,1590.0,
OI000004795,O00001162,M0027,1,790.0,0.0,790.0,
OI000004796,O00001162,M0098,2,1168.5,0.0,2337.0,Customer request
OI000004797,O00001162,M0003,1,1050.0,0.0,1050.0,
OI000004798,O00001162,M0052,1,710.0,0.0,710.0,
OI000004799,O00001162,M0017,1,730.0,0.0,730.0,
OI000004800,O00001162,M0144,1,560.0,0.0,560.0,
OI000004801,O00001162,M0164,1,1333.5,0.0,1333.5,
OI000004802,O00001163,M0055,1,845.5,0.0,845.5,
OI000004803,O00001163,M0001,1,1480.0,0.0,1480.0,
OI000004804,O00001164,M0027,1,750.5,75.05,675.45,
OI000004805,O00001164,M0001,1,1554.0,0.0,1554.0,
OI000004806,O00001164,M0034,1,1260.0,0.0,1260.0,
OI000004807,O00001164,M0032,2,871.5,261.45,1481.55,
OI000004808,O00001165,M0021,1,1250.0,0.0,1250.0,
OI000004809,O00001165,M0013,2,1425.0,0.0,2850.0,
OI000004810,O00001165,M0045,1,1080.0,0.0,1080.0,
OI000004811,O00001165,M0004,1,1800.0,0.0,1800.0,
OI000004812,O00001166,M0001,1,1480.0,0.0,1480.0,
OI000004813,O00001167,M0102,1,504.0,0.0,504.0,
OI000004814,O00001167,M0102,4,480.0,0.0,1920.0,
OI000004815,O00001167,M0045,3,1134.0,0.0,3402.0,
OI000004816,O00001168,M0118,2,1310.0,0.0,2620.0,
OI000004817,O00001168,M0034,1,1260.0,189.0,1071.0,
OI000004818,O00001169,M0001,1,1406.0,0.0,1406.0,
OI000004819,O00001169,M0003,3,1050.0,0.0,3150.0,
OI000004820,O00001169,M0026,1,450.0,0.0,450.0,
OI000004821,O00001170,M0132,1,1770.0,0.0,1770.0,
OI000004822,O00001170,M0006,1,1790.0,0.0,1790.0,
OI000004823,O00001170,M0001,1,1480.0,0.0,1480.0,
OI000004824,O00001170,M0020,2,1165.5,0.0,2331.0,
OI000004825,O00001170,M0001,1,1406.0,0.0,1406.0,
OI000004826,O00001171,M0040,3,430.0,0.0,1290.0,
OI000004827,O00001171,M0001,1,1554.0,0.0,1554.0,
OI000004828,O00001172,M0001,1,1480.0,222.0,1258.0,
OI000004829,O00001172,M0170,1,855.0,42.75,812.25,Customer request
OI000004830,O00001172,M0065,1,850.0,0.0,850.0,
OI000004831,O00001172,M0002,4,520.0,0.0,2080.0,
OI000004832,O00001173,M0041,1,1560.0,0.0,1560.0,Customer request
OI000004833,O00001173,M0008,1,880.0,0.0,880.0,Customer request
OI000004834,O00001173,M0093,1,883.5,0.0,883.5,
OI000004835,O00001173,M0112,1,640.5,0.0,640.5,
OI000004836,O00001173,M0033,1,294.5,0.0,294.5,
OI000004837,O00001174,M0020,1,1110.0,55.5,1054.5,
OI000004838,O00001174,M0011,3,1150.0,0.0,3450.0,
OI000004839,O00001174,M0001,1,1406.0,0.0,1406.0,
OI000004840,O00001175,M0042,1,1270.5,0.0,1270.5,
OI000004841,O00001175,M0033,1,294.5,0.0,294.5,
OI000004842,O00001175,M0005,3,430.0,0.0,1290.0,
OI000004843,O00001176,M0037,5,1690.5,0.0,8452.5,
OI000004844,O00001176,M0027,1,790.0,0.0,790.0,
OI000004845,O00001176,M0008,2,880.0,0.0,1760.0,
OI000004846,O00001176,M0087,1,1680.0,84.0,1596.0,
OI000004847,O00001176,M0007,2,1280.0,128.0,2432.0,
OI000004848,O00001176,M0025,1,260.0,0.0,260.0,
OI000004849,O00001177,M0037,1,1610.0,0.0,1610.0,
OI000004850,O00001178,M0111,1,280.0,14.0,266.0,
OI000004851,O00001178,M0021,2,1250.0,0.0,2500.0,
OI000004852,O00001178,M0005,1,430.0,0.0,430.0,
OI000004853,O00001178,M0001,4,1406.0,0.0,5624.0,
OI000004854,O00001178,M0007,1,1280.0,0.0,1280.0,Customer request
OI000004855,O00001179,M0090,3,1250.0,0.0,3750.0,
OI000004856,O00001179,M0115,1,1197.0,0.0,1197.0,Customer request
OI000004857,O00001179,M0050,2,840.0,0.0,1680.0,
OI000004858,O00001180,M0172,1,1720.0,0.0,1720.0,Customer request
OI000004859,O00001180,M0035,1,966.0,0.0,966.0,
OI000004860,O00001180,M0028,1,870.0,0.0,870.0,
OI000004861,O00001180,M0119,2,228.0,0.0,456.0,
OI000004862,O00001180,M0004,1,1800.0,0.0,1800.0,
OI000004863,O00001181,M0001,1,1406.0,0.0,1406.0,
OI000004864,O00001181,M0140,2,1669.5,0.0,3339.0,
OI000004865,O00001181,M0037,1,1610.0,0.0,1610.0,
OI000004866,O00001181,M0088,1,1197.0,59.85,1137.15,
OI000004867,O00001182,M0056,1,250.0,0.0,250.0,
OI000004868,O00001182,M0065,1,892.5,133.88,758.62,
OI000004869,O00001182,M0047,1,1610.0,0.0,1610.0,
OI000004870,O00001182,M0082,1,619.5,0.0,619.5,
OI000004871,O00001183,M0002,1,520.0,0.0,520.0,Customer request
OI000004872,O00001183,M0007,2,1280.0,0.0,2560.0,
OI000004873,O00001183,M0028,2,870.0,0.0,1740.0,
OI000004874,O00001183,M0079,2,1050.0,315.0,1785.0,
OI000004875,O00001184,M0011,1,1150.0,0.0,1150.0,Customer request
OI000004876,O00001184,M0109,1,1349.0,0.0,1349.0,
OI000004877,O00001185,M0001,1,1480.0,222.0,1258.0,
OI000004878,O00001185,M0103,2,1150.0,0.0,2300.0,
OI000004879,O00001185,M0074,1,720.0,0.0,720.0,
OI000004880,O00001185,M0001,1,1480.0,0.0,1480.0,
OI000004881,O00001185,M0001,1,1554.0,0.0,1554.0,
OI000004882,O00001186,M0122,3,470.0,0.0,1410.0,
OI000004883,O00001186,M0003,1,1050.0,0.0,1050.0,
OI000004884,O00001186,M0007,4,1344.0,0.0,5376.0,
OI000004885,O00001187,M0147,1,988.0,0.0,988.0,
OI000004886,O00001187,M0013,2,1575.0,0.0,3150.0,
OI000004887,O00001188,M0036,5,1790.0,0.0,8950.0,
OI000004888,O00001188,M0001,3,1480.0,0.0,4440.0,
OI000004889,O00001188,M0043,1,1681.5,0.0,1681.5,
OI000004890,O00001188,M0078,1,1260.0,0.0,1260.0,
OI000004891,O00001189,M0043,1,1858.5,0.0,1858.5,
OI000004892,O00001189,M0110,2,1650.0,0.0,3300.0,
OI000004893,O00001189,M0098,1,1230.0,0.0,1230.0,
OI000004894,O00001190,M0028,3,913.5,0.0,2740.5,
OI000004895,O00001190,M0060,2,1180.0,0.0,2360.0,
OI000004896,O00001190,M0009,1,1577.0,0.0,1577.0,
OI000004897,O00001190,M0015,5,1764.0,0.0,8820.0,
OI000004898,O00001190,M0054,5,1176.0,0.0,5880.0,
OI000004899,O00001190,M0064,1,420.0,0.0,420.0,
OI000004900,O00001191,M0002,2,520.0,0.0,1040.0,Customer request
OI000004901,O00001191,M0114,1,640.0,0.0,640.0,
OI000004902,O00001191,M0058,1,1350.0,0.0,1350.0,
OI000004903,O00001191,M0012,2,570.0,0.0,1140.0,
OI000004904,O00001191,M0006,1,1790.0,0.0,1790.0,
OI000004905,O00001191,M0050,1,840.0,0.0,840.0,
OI000004906,O00001192,M0073,2,399.0,0.0,798.0,
OI000004907,O00001192,M0162,1,330.0,0.0,330.0,
OI000004908,O00001192,M0004,1,1800.0,0.0,1800.0,
OI000004909,O00001192,M0032,1,788.5,0.0,788.5,
OI000004910,O00001192,M0176,1,1780.0,0.0,1780.0,
OI000004911,O00001192,M0153,2,1848.0,0.0,3696.0,
OI000004912,O00001193,M0028,1,870.0,43.5,826.5,
OI000004913,O00001193,M0040,2,430.0,0.0,860.0,
OI000004914,O00001193,M0156,1,1280.0,0.0,1280.0,Customer request
OI000004915,O00001193,M0001,1,1480.0,0.0,1480.0,
OI000004916,O00001193,M0187,1,826.5,82.65,743.85,
OI000004917,O00001193,M0187,1,870.0,0.0,870.0,Customer request
OI000004918,O00001193,M0170,2,900.0,0.0,1800.0,
OI000004919,O00001194,M0181,1,294.0,0.0,294.0,
OI000004920,O00001194,M0010,1,430.0,0.0,430.0,
OI000004921,O00001194,M0001,1,1554.0,0.0,1554.0,
OI000004922,O00001194,M0009,1,1660.0,0.0,1660.0,
OI000004923,O00001194,M0014,2,1795.5,0.0,3591.0,
OI000004924,O00001194,M0014,1,1624.5,0.0,1624.5,
OI000004925,O00001195,M0069,1,1170.0,0.0,1170.0,
OI000004926,O00001195,M0132,3,1681.5,0.0,5044.5,
OI000004927,O00001195,M0006,1,1790.0,0.0,1790.0,
OI000004928,O00001196,M0024,2,609.0,0.0,1218.0,
OI000004929,O00001196,M0017,1,730.0,36.5,693.5,
OI000004930,O00001196,M0094,1,630.0,0.0,630.0,
OI000004931,O00001196,M0011,2,1150.0,0.0,2300.0,
OI000004932,O00001196,M0001,2,1480.0,0.0,2960.0,
OI000004933,O00001196,M0013,1,1575.0,0.0,1575.0,Customer request
OI000004934,O00001197,M0014,1,1624.5,0.0,1624.5,
OI000004935,O00001198,M0115,1,1083.0,162.45,920.55,
OI000004936,O00001198,M0039,1,1690.0,0.0,1690.0,
OI000004937,O00001198,M0035,1,874.0,87.4,786.6,
OI000004938,O00001198,M0049,2,1450.0,0.0,2900.0,
OI000004939,O00001198,M0042,1,1210.0,60.5,1149.5,
OI000004940,O00001199,M0069,1,1228.5,0.0,1228.5,
OI000004941,O00001199,M0150,2,285.0,0.0,570.0,
OI000004942,O00001199,M0138,2,700.0,70.0,1330.0,
OI000004943,O00001200,M0031,1,1827.0,0.0,1827.0,
OI000004944,O00001200,M0125,2,320.0,0.0,640.0,
OI000004945,O00001201,M0132,4,1681.5,0.0,6726.0,Customer request
OI000004946,O00001201,M0103,1,1150.0,0.0,1150.0,
OI000004947,O00001201,M0001,1,1480.0,0.0,1480.0,
OI000004948,O00001201,M0064,1,420.0,0.0,420.0,
OI000004949,O00001202,M0011,1,1207.5,0.0,1207.5,
OI000004950,O00001202,M0136,1,777.0,0.0,777.0,
OI000004951,O00001202,M0009,2,1660.0,0.0,3320.0,
OI000004952,O00001203,M0157,1,1460.0,0.0,1460.0,
OI000004953,O00001203,M0053,1,1858.5,0.0,1858.5,
OI000004954,O00001203,M0060,2,1180.0,236.0,2124.0,
OI000004955,O00001203,M0143,1,760.0,0.0,760.0,
OI000004956,O00001203,M0192,2,567.0,0.0,1134.0,
OI000004957,O00001204,M0011,1,1150.0,0.0,1150.0,
OI000004958,O00001204,M0002,2,520.0,0.0,1040.0,
OI000004959,O00001204,M0081,4,920.0,0.0,3680.0,
OI000004960,O00001204,M0001,1,1480.0,0.0,1480.0,
OI000004961,O00001204,M0037,1,1610.0,0.0,1610.0,
OI000004962,O00001205,M0014,5,1795.5,0.0,8977.5,
OI000004963,O00001205,M0018,1,1260.0,0.0,1260.0,
OI000004964,O00001205,M0006,1,1879.5,0.0,1879.5,
OI000004965,O00001205,M0074,1,720.0,0.0,720.0,
OI000004966,O00001206,M0044,1,360.0,36.0,324.0,
OI000004967,O00001206,M0174,1,535.5,0.0,535.5,
OI000004968,O00001207,M0014,1,1795.5,0.0,1795.5,
OI000004969,O00001207,M0018,5,1200.0,0.0,6000.0,
OI000004970,O00001207,M0004,2,1710.0,0.0,3420.0,
OI000004971,O00001207,M0052,1,710.0,0.0,710.0,Customer request
OI000004972,O00001207,M0002,1,520.0,0.0,520.0,
OI000004973,O00001208,M0183,1,661.5,0.0,661.5,
OI000004974,O00001208,M0153,1,1848.0,0.0,1848.0,
OI000004975,O00001209,M0074,3,756.0,0.0,2268.0,
OI000004976,O00001209,M0011,5,1092.5,0.0,5462.5,
OI000004977,O00001209,M0015,3,1680.0,252.0,4788.0,
OI000004978,O00001209,M0002,1,546.0,0.0,546.0,
OI000004979,O00001210,M0007,1,1280.0,0.0,1280.0,
OI000004980,O00001210,M0014,1,1710.0,0.0,1710.0,
OI000004981,O00001210,M0024,1,580.0,29.0,551.0,
OI000004982,O00001210,M0026,1,427.5,0.0,427.5,
OI000004983,O00001210,M0142,1,730.0,0.0,730.0,
OI000004984,O00001211,M0024,1,580.0,0.0,580.0,
OI000004985,O00001211,M0177,1,190.0,0.0,190.0,
OI000004986,O00001211,M0002,1,520.0,0.0,520.0,Customer request
OI000004987,O00001211,M0005,1,430.0,0.0,430.0,
OI000004988,O00001211,M0017,1,766.5,0.0,766.5,
OI000004989,O00001211,M0143,1,800.0,40.0,760.0,
OI000004990,O00001212,M0002,2,546.0,0.0,1092.0,
OI000004991,O00001212,M0014,1,1710.0,0.0,1710.0,
OI000004992,O00001212,M0002,2,546.0,0.0,1092.0,
OI000004993,O00001212,M0098,3,1230.0,184.5,3505.5,
OI000004994,O00001212,M0009,3,1743.0,0.0,5229.0,
OI000004995,O00001212,M0023,1,580.0,0.0,580.0,
OI000004996,O00001213,M0113,2,882.0,0.0,1764.0,
OI000004997,O00001213,M0004,1,1890.0,0.0,1890.0,
OI000004998,O00001213,M0172,1,1806.0,0.0,1806.0,
OI000004999,O00001214,M0018,1,1200.0,0.0,1200.0,
OI000005000,O00001214,M0012,1,598.5,0.0,598.5,
OI000005001,O00001215,M0005,2,430.0,0.0,860.0,
OI000005002,O00001215,M0027,3,790.0,0.0,2370.0,
OI000005003,O00001215,M0190,1,380.0,0.0,380.0,
OI000005004,O00001215,M0030,1,256.5,25.65,230.85,
OI000005005,O00001215,M0025,1,273.0,27.3,245.7,Customer request
OI000005006,O00001216,M0001,2,1554.0,0.0,3108.0,
OI000005007,O00001216,M0009,1,1660.0,166.0,1494.0,
OI000005008,O00001216,M0006,1,1700.5,0.0,1700.5,
OI000005009,O00001216,M0001,1,1406.0,0.0,1406.0,
OI000005010,O00001217,M0024,1,609.0,0.0,609.0,
OI000005011,O00001218,M0003,1,1102.5,0.0,1102.5,
OI000005012,O00001218,M0032,5,871.5,0.0,4357.5,
OI000005013,O00001218,M0025,1,247.0,0.0,247.0,
OI000005014,O00001219,M0006,1,1790.0,0.0,1790.0,
OI000005015,O00001219,M0106,1,940.0,0.0,940.0,
OI000005016,O00001220,M0161,2,410.0,0.0,820.0,
OI000005017,O00001220,M0003,2,1102.5,0.0,2205.0,
OI000005018,O00001220,M0002,1,494.0,0.0,494.0,
OI000005019,O00001220,M0014,2,1710.0,0.0,3420.0,
OI000005020,O00001220,M0052,1,674.5,0.0,674.5,
OI000005021,O00001221,M0057,2,525.0,0.0,1050.0,
OI000005022,O00001221,M0055,1,890.0,0.0,890.0,Customer request
OI000005023,O00001221,M0045,1,1026.0,0.0,1026.0,
OI000005024,O00001221,M0017,2,730.0,0.0,1460.0,
OI000005025,O00001221,M0100,1,1790.0,0.0,1790.0,
OI000005026,O00001221,M0175,1,710.0,0.0,710.0,
OI000005027,O00001222,M0047,1,1529.5,0.0,1529.5,
OI000005028,O00001222,M0006,2,1879.5,0.0,3759.0,
OI000005029,O00001222,M0042,1,1270.5,0.0,1270.5,
OI000005030,O00001223,M0091,1,350.0,35.0,315.0,
OI000005031,O00001223,M0118,1,1375.5,0.0,1375.5,
OI000005032,O00001223,M0080,3,870.0,0.0,2610.0,
OI000005033,O00001223,M0144,1,560.0,0.0,560.0,
OI000005034,O00001224,M0174,1,510.0,0.0,510.0,
OI000005035,O00001224,M0030,4,270.0,0.0,1080.0,
OI000005036,O00001224,M0038,1,1386.0,0.0,1386.0,
OI000005037,O00001224,M0013,1,1425.0,142.5,1282.5,
OI000005038,O00001225,M0063,1,1270.5,63.53,1206.97,
OI000005039,O00001225,M0049,2,1377.5,0.0,2755.0,
OI000005040,O00001225,M0004,1,1890.0,0.0,1890.0,Customer request
OI000005041,O00001225,M0073,1,399.0,0.0,399.0,
OI000005042,O00001226,M0109,1,1349.0,0.0,1349.0,
OI000005043,O00001226,M0004,1,1800.0,0.0,1800.0,
OI000005044,O00001227,M0004,1,1800.0,0.0,1800.0,
OI000005045,O00001227,M0058,1,1350.0,0.0,1350.0,
OI000005046,O00001227,M0002,1,546.0,0.0,546.0,
OI000005047,O00001228,M0110,2,1650.0,0.0,3300.0,
OI000005048,O00001228,M0059,1,660.0,0.0,660.0,
OI000005049,O00001228,M0001,1,1480.0,0.0,1480.0,Customer request
OI000005050,O00001228,M0096,1,730.0,0.0,730.0,
OI000005051,O00001228,M0033,2,310.0,0.0,620.0,
OI000005052,O00001228,M0031,1,1740.0,0.0,1740.0,
OI000005053,O00001228,M0011,1,1150.0,0.0,1150.0,
OI000005054,O00001228,M0009,1,1743.0,0.0,1743.0,
OI000005055,O00001229,M0032,2,830.0,0.0,1660.0,
OI000005056,O00001229,M0001,1,1480.0,0.0,1480.0,
OI000005057,O00001230,M0105,1,1310.0,0.0,1310.0,
OI000005058,O00001230,M0101,4,550.0,0.0,2200.0,
OI000005059,O00001230,M0085,1,1720.0,0.0,1720.0,
OI000005060,O00001230,M0050,1,800.0,0.0,800.0,
OI000005061,O00001230,M0010,1,430.0,43.0,387.0,
OI000005062,O00001230,M0063,1,1210.0,0.0,1210.0,
OI000005063,O00001231,M0003,1,997.5,49.88,947.62,
OI000005064,O00001231,M0008,2,924.0,0.0,1848.0,Customer request
OI000005065,O00001231,M0001,1,1480.0,0.0,1480.0,
OI000005066,O00001231,M0130,1,1016.5,152.48,864.02,
OI000005067,O00001232,M0118,1,1375.5,0.0,1375.5,
OI000005068,O00001232,M0025,2,260.0,0.0,520.0,
OI000005069,O00001232,M0023,1,551.0,0.0,551.0,
OI000005070,O00001232,M0161,1,430.5,0.0,430.5,
OI000005071,O00001233,M0068,1,966.0,0.0,966.0,
OI000005072,O00001233,M0077,1,1548.5,0.0,1548.5,
OI000005073,O00001233,M0015,1,1680.0,0.0,1680.0,
OI000005074,O00001233,M0010,3,430.0,0.0,1290.0,
OI000005075,O00001234,M0002,1,520.0,0.0,520.0,
OI000005076,O00001234,M0001,1,1554.0,0.0,1554.0,
OI000005077,O00001234,M0151,3,590.0,0.0,1770.0,
OI000005078,O00001235,M0151,2,590.0,0.0,1180.0,
OI000005079,O00001235,M0006,1,1879.5,0.0,1879.5,
OI000005080,O00001235,M0001,1,1480.0,0.0,1480.0,
OI000005081,O00001235,M0014,3,1710.0,0.0,5130.0,
OI000005082,O00001235,M0174,1,510.0,0.0,510.0,
OI000005083,O00001235,M0011,1,1207.5,0.0,1207.5,Customer request
OI000005084,O00001236,M0133,1,1000.0,50.0,950.0,
OI000005085,O00001236,M0113,1,840.0,126.0,714.0,
OI000005086,O00001236,M0170,1,900.0,0.0,900.0,
OI000005087,O00001236,M0031,1,1827.0,0.0,1827.0,
OI000005088,O00001237,M0159,1,1092.0,0.0,1092.0,
OI000005089,O00001237,M0087,4,1596.0,0.0,6384.0,
OI000005090,O00001237,M0134,1,730.0,0.0,730.0,
OI000005091,O00001237,M0084,3,1540.0,0.0,4620.0,
OI000005092,O00001237,M0026,1,472.5,0.0,472.5,
OI000005093,O00001237,M0157,1,1387.0,0.0,1387.0,
OI000005094,O00001238,M0107,1,342.0,0.0,342.0,
OI000005095,O00001238,M0059,1,693.0,0.0,693.0,
OI000005096,O00001238,M0029,3,660.0,0.0,1980.0,
OI000005097,O00001239,M0002,1,520.0,0.0,520.0,
OI000005098,O00001240,M0113,1,840.0,0.0,840.0,
OI000005099,O00001240,M0020,3,1110.0,0.0,3330.0,Customer request
OI000005100,O00001240,M0015,1,1680.0,0.0,1680.0,
OI000005101,O00001241,M0006,1,1700.5,0.0,1700.5,Customer request
OI000005102,O00001241,M0038,1,1320.0,0.0,1320.0,
OI000005103,O00001241,M0118,1,1244.5,62.22,1182.28,
OI000005104,O00001241,M0009,1,1660.0,0.0,1660.0,
OI000005105,O00001242,M0158,2,674.5,0.0,1349.0,
OI000005106,O00001242,M0018,1,1200.0,0.0,1200.0,
OI000005107,O00001242,M0183,1,661.5,0.0,661.5,
OI000005108,O00001242,M0068,1,920.0,0.0,920.0,
OI000005109,O00001242,M0015,1,1680.0,0.0,1680.0,
OI000005110,O00001243,M0191,1,1150.0,0.0,1150.0,Customer request
OI000005111,O00001243,M0048,1,1501.0,0.0,1501.0,
OI000005112,O00001243,M0096,4,730.0,0.0,2920.0,
OI000005113,O00001243,M0025,3,260.0,0.0,780.0,
OI000005114,O00001243,M0002,1,520.0,0.0,520.0,
OI000005115,O00001244,M0180,2,262.5,0.0,525.0,
OI000005116,O00001244,M0012,1,598.5,0.0,598.5,
OI000005117,O00001245,M0157,1,1460.0,0.0,1460.0,
OI000005118,O00001245,M0152,1,560.0,0.0,560.0,
OI000005119,O00001245,M0002,3,520.0,0.0,1560.0,Customer request
OI000005120,O00001245,M0002,2,520.0,104.0,936.0,
OI000005121,O00001246,M0052,1,745.5,0.0,745.5,
OI000005122,O00001246,M0001,4,1554.0,0.0,6216.0,
OI000005123,O00001246,M0021,1,1250.0,0.0,1250.0,
OI000005124,O00001246,M0036,2,1879.5,0.0,3759.0,
OI000005125,O00001247,M0005,1,408.5,0.0,408.5,
OI000005126,O00001248,M0096,4,766.5,306.6,2759.4,
OI000005127,O00001248,M0022,1,1240.0,0.0,1240.0,
OI000005128,O00001248,M0021,1,1250.0,0.0,1250.0,
OI000005129,O00001248,M0006,1,1879.5,0.0,1879.5,
OI000005130,O00001248,M0143,1,800.0,0.0,800.0,
OI000005131,O00001249,M0001,1,1480.0,148.0,1332.0,
OI000005132,O00001249,M0001,1,1406.0,0.0,1406.0,
OI000005133,O00001249,M0198,2,680.0,0.0,1360.0,
OI000005134,O00001250,M0001,2,1406.0,0.0,2812.0,
OI000005135,O00001250,M0003,1,997.5,0.0,997.5,
OI000005136,O00001250,M0141,1,1350.0,0.0,1350.0,
OI000005137,O00001251,M0053,1,1770.0,0.0,1770.0,
OI000005138,O00001251,M0055,2,890.0,0.0,1780.0,
OI000005139,O00001251,M0028,3,870.0,0.0,2610.0,
OI000005140,O00001252,M0003,1,1102.5,0.0,1102.5,
OI000005141,O00001252,M0015,2,1680.0,0.0,3360.0,
OI000005142,O00001252,M0080,3,870.0,0.0,2610.0,
OI000005143,O00001252,M0029,2,660.0,0.0,1320.0,
OI000005144,O00001253,M0083,1,513.0,0.0,513.0,
OI000005145,O00001253,M0001,1,1554.0,233.1,1320.9,
OI000005146,O00001253,M0063,1,1210.0,0.0,1210.0,
OI000005147,O00001253,M0048,1,1580.0,0.0,1580.0,
OI000005148,O00001254,M0186,3,1701.0,0.0,5103.0,
OI000005149,O00001254,M0152,2,560.0,0.0,1120.0,
OI000005150,O00001254,M0050,1,760.0,0.0,760.0,
OI000005151,O00001254,M0045,2,1080.0,0.0,2160.0,
OI000005152,O00001254,M0002,1,494.0,0.0,494.0,
OI000005153,O00001255,M0168,1,1710.0,0.0,1710.0,
OI000005154,O00001255,M0076,1,660.0,0.0,660.0,
OI000005155,O00001255,M0032,1,830.0,0.0,830.0,
OI000005156,O00001255,M0129,5,1760.0,0.0,8800.0,
OI000005157,O00001255,M0083,2,540.0,0.0,1080.0,
OI000005158,O00001256,M0042,1,1210.0,0.0,1210.0,
OI000005159,O00001256,M0038,2,1320.0,0.0,2640.0,
OI000005160,O00001257,M0161,4,410.0,0.0,1640.0,
OI000005161,O00001257,M0106,1,940.0,0.0,940.0,
OI000005162,O00001257,M0019,1,661.5,66.15,595.35,
OI000005163,O00001257,M0056,2,250.0,0.0,500.0,
OI000005164,O00001258,M0005,1,430.0,0.0,430.0,
OI000005165,O00001258,M0164,1,1270.0,0.0,1270.0,
OI000005166,O00001258,M0073,4,399.0,0.0,1596.0,
OI000005167,O00001258,M0178,1,273.0,40.95,232.05,
OI000005168,O00001259,M0010,1,430.0,64.5,365.5,
OI000005169,O00001259,M0011,2,1150.0,0.0,2300.0,
OI000005170,O00001259,M0119,1,252.0,12.6,239.4,
OI000005171,O00001260,M0008,1,880.0,0.0,880.0,
OI000005172,O00001261,M0015,1,1764.0,0.0,1764.0,
OI000005173,O00001261,M0141,1,1350.0,0.0,1350.0,
OI000005174,O00001261,M0034,1,1323.0,0.0,1323.0,Customer request
OI000005175,O00001261,M0010,1,430.0,0.0,430.0,Customer request
OI000005176,O00001262,M0020,2,1110.0,0.0,2220.0,
OI000005177,O00001262,M0078,3,1197.0,0.0,3591.0,
OI000005178,O00001262,M0003,1,1050.0,105.0,945.0,
OI000005179,O00001263,M0179,2,1440.0,0.0,2880.0,
OI000005180,O00001263,M0030,1,270.0,0.0,270.0,
OI000005181,O00001263,M0094,1,598.5,0.0,598.5,
OI000005182,O00001263,M0075,1,1795.5,89.78,1705.72,
OI000005183,O00001264,M0069,2,1228.5,0.0,2457.0,
OI000005184,O00001265,M0021,1,1250.0,0.0,1250.0,
OI000005185,O00001265,M0001,3,1406.0,0.0,4218.0,
OI000005186,O00001265,M0087,1,1680.0,0.0,1680.0,
OI000005187,O00001266,M0175,3,710.0,0.0,2130.0,Customer request
OI000005188,O00001266,M0032,1,871.5,0.0,871.5,
OI000005189,O00001266,M0175,1,710.0,0.0,710.0,
OI000005190,O00001266,M0037,1,1610.0,161.0,1449.0,
OI000005191,O00001266,M0004,2,1800.0,0.0,3600.0,
OI000005192,O00001267,M0007,1,1344.0,0.0,1344.0,
OI000005193,O00001267,M0133,2,1000.0,0.0,2000.0,
OI000005194,O00001267,M0054,1,1120.0,0.0,1120.0,
OI000005195,O00001268,M0020,3,1110.0,0.0,3330.0,
OI000005196,O00001268,M0107,1,342.0,0.0,342.0,
OI000005197,O00001268,M0059,1,660.0,66.0,594.0,
OI000005198,O00001268,M0136,2,740.0,0.0,1480.0,
OI000005199,O00001268,M0184,1,1040.0,104.0,936.0,
OI000005200,O00001268,M0061,1,880.0,0.0,880.0,
OI000005201,O00001268,M0184,1,1040.0,156.0,884.0,
OI000005202,O00001268,M0027,1,790.0,0.0,790.0,
OI000005203,O00001269,M0122,2,470.0,47.0,893.0,
OI000005204,O00001269,M0151,1,590.0,0.0,590.0,
OI000005205,O00001269,M0001,1,1480.0,0.0,1480.0,
OI000005206,O00001269,M0133,1,1050.0,0.0,1050.0,
OI000005207,O00001270,M0020,2,1110.0,0.0,2220.0,
OI000005208,O00001270,M0019,1,630.0,63.0,567.0,
OI000005209,O00001271,M0100,1,1879.5,0.0,1879.5,
OI000005210,O00001271,M0007,1,1280.0,0.0,1280.0,
OI000005211,O00001271,M0001,2,1406.0,0.0,2812.0,
OI000005212,O00001271,M0008,1,880.0,0.0,880.0,
OI000005213,O00001271,M0061,1,924.0,0.0,924.0,
OI000005214,O00001272,M0175,1,710.0,0.0,710.0,
OI000005215,O00001272,M0018,2,1260.0,0.0,2520.0,
OI000005216,O00001272,M0106,2,940.0,0.0,1880.0,
OI000005217,O00001273,M0005,2,430.0,0.0,860.0,
OI000005218,O00001273,M0127,1,731.5,0.0,731.5,
OI000005219,O00001273,M0095,2,230.0,0.0,460.0,
OI000005220,O00001273,M0024,2,580.0,0.0,1160.0,
OI000005221,O00001273,M0146,3,237.5,0.0,712.5,
OI000005222,O00001274,M0001,2,1480.0,0.0,2960.0,
OI000005223,O00001274,M0102,1,480.0,0.0,480.0,
OI000005224,O00001274,M0001,1,1480.0,0.0,1480.0,
OI000005225,O00001274,M0133,1,950.0,0.0,950.0,
OI000005226,O00001274,M0004,1,1800.0,0.0,1800.0,
OI000005227,O00001275,M0001,1,1480.0,148.0,1332.0,
OI000005228,O00001275,M0011,1,1150.0,0.0,1150.0,
OI000005229,O00001275,M0004,2,1890.0,0.0,3780.0,
OI000005230,O00001275,M0062,1,1060.5,0.0,1060.5,
OI000005231,O00001276,M0027,1,790.0,0.0,790.0,
OI000005232,O00001276,M0003,1,1050.0,0.0,1050.0,
OI000005233,O00001277,M0156,3,1280.0,0.0,3840.0,
OI000005234,O00001277,M0016,5,1230.0,0.0,6150.0,
OI000005235,O00001277,M0009,1,1743.0,0.0,1743.0,
OI000005236,O00001278,M0074,1,720.0,0.0,720.0,
OI000005237,O00001278,M0018,1,1260.0,0.0,1260.0,
OI000005238,O00001278,M0003,3,1050.0,0.0,3150.0,Customer request
OI000005239,O00001278,M0046,1,1640.0,0.0,1640.0,
OI000005240,O00001279,M0001,1,1554.0,0.0,1554.0,
OI000005241,O00001279,M0056,1,250.0,0.0,250.0,
OI000005242,O00001279,M0134,3,730.0,0.0,2190.0,
OI000005243,O00001279,M0008,2,880.0,0.0,1760.0,
OI000005244,O00001279,M0127,3,731.5,0.0,2194.5,
OI000005245,O00001279,M0007,1,1280.0,0.0,1280.0,
OI000005246,O00001280,M0005,1,408.5,0.0,408.5,
OI000005247,O00001280,M0079,1,1050.0,52.5,997.5,
OI000005248,O00001280,M0001,1,1406.0,0.0,1406.0,
OI000005249,O00001280,M0001,1,1480.0,0.0,1480.0,
OI000005250,O00001281,M0025,3,260.0,0.0,780.0,
OI000005251,O00001281,M0001,2,1480.0,0.0,2960.0,
OI000005252,O00001281,M0031,1,1653.0,0.0,1653.0,
OI000005253,O00001282,M0061,1,880.0,0.0,880.0,
OI000005254,O00001282,M0006,1,1790.0,0.0,1790.0,
OI000005255,O00001283,M0148,2,1180.0,0.0,2360.0,
OI000005256,O00001283,M0005,1,408.5,61.28,347.22,
OI000005257,O00001283,M0007,3,1344.0,0.0,4032.0,
OI000005258,O00001283,M0155,1,530.0,53.0,477.0,
OI000005259,O00001284,M0071,1,661.5,0.0,661.5,
OI000005260,O00001285,M0036,1,1700.5,0.0,1700.5,
OI000005261,O00001285,M0012,1,570.0,0.0,570.0,Customer request
OI000005262,O00001285,M0096,1,766.5,0.0,766.5,
OI000005263,O00001286,M0047,3,1610.0,0.0,4830.0,
OI000005264,O00001286,M0013,1,1500.0,0.0,1500.0,
OI000005265,O00001286,M0117,3,1140.0,171.0,3249.0,
OI000005266,O00001286,M0105,1,1310.0,0.0,1310.0,
OI000005267,O00001286,M0168,1,1624.5,0.0,1624.5,
OI000005268,O00001287,M0198,1,680.0,0.0,680.0,
OI000005269,O00001287,M0001,3,1554.0,0.0,4662.0,
OI000005270,O00001287,M0012,1,570.0,0.0,570.0,
OI000005271,O00001288,M0005,1,430.0,0.0,430.0,Customer request
OI000005272,O00001288,M0005,2,451.5,45.15,857.85,
OI000005273,O00001288,M0133,2,1050.0,0.0,2100.0,
OI000005274,O00001288,M0186,1,1620.0,0.0,1620.0,
OI000005275,O00001288,M0168,3,1710.0,0.0,5130.0,
OI000005276,O00001289,M0073,2,441.0,132.3,749.7,
OI000005277,O00001289,M0041,1,1560.0,156.0,1404.0,
OI000005278,O00001289,M0058,2,1350.0,0.0,2700.0,
OI000005279,O00001289,M0129,1,1672.0,0.0,1672.0,
OI000005280,O00001289,M0001,1,1480.0,0.0,1480.0,
OI000005281,O00001290,M0022,2,1240.0,0.0,2480.0,
OI000005282,O00001290,M0033,2,310.0,0.0,620.0,
OI000005283,O00001290,M0160,1,1750.0,0.0,1750.0,
OI000005284,O00001290,M0004,1,1890.0,0.0,1890.0,
OI000005285,O00001291,M0088,1,1140.0,0.0,1140.0,
OI000005286,O00001291,M0160,1,1662.5,166.25,1496.25,
OI000005287,O00001291,M0094,1,630.0,94.5,535.5,Customer request
OI000005288,O00001292,M0001,1,1480.0,0.0,1480.0,
OI000005289,O00001292,M0063,1,1210.0,60.5,1149.5,
OI000005290,O00001292,M0005,2,430.0,0.0,860.0,
OI000005291,O00001292,M0051,1,712.5,0.0,712.5,
OI000005292,O00001292,M0044,4,360.0,0.0,1440.0,
OI000005293,O00001293,M0177,3,210.0,0.0,630.0,
OI000005294,O00001293,M0004,1,1890.0,0.0,1890.0,
OI000005295,O00001293,M0001,2,1480.0,0.0,2960.0,
OI000005296,O00001293,M0052,1,674.5,0.0,674.5,
OI000005297,O00001293,M0013,1,1575.0,0.0,1575.0,
OI000005298,O00001293,M0090,1,1312.5,0.0,1312.5,
OI000005299,O00001293,M0197,1,346.5,0.0,346.5,
OI000005300,O00001294,M0019,1,630.0,0.0,630.0,
OI000005301,O00001294,M0003,2,1050.0,0.0,2100.0,
OI000005302,O00001294,M0041,1,1560.0,0.0,1560.0,Customer request
OI000005303,O00001294,M0014,1,1710.0,0.0,1710.0,
OI000005304,O00001294,M0105,1,1310.0,0.0,1310.0,
OI000005305,O00001295,M0037,1,1690.5,0.0,1690.5,
OI000005306,O00001295,M0152,3,560.0,84.0,1596.0,
OI000005307,O00001295,M0121,2,1510.0,0.0,3020.0,
OI000005308,O00001295,M0155,1,556.5,0.0,556.5,
OI000005309,O00001295,M0010,1,451.5,0.0,451.5,
OI000005310,O00001295,M0150,1,315.0,0.0,315.0,
OI000005311,O00001296,M0133,1,1000.0,150.0,850.0,
OI000005312,O00001296,M0056,1,237.5,0.0,237.5,
OI000005313,O00001296,M0153,1,1672.0,0.0,1672.0,
OI000005314,O00001297,M0001,1,1480.0,0.0,1480.0,Customer request
OI000005315,O00001297,M0102,4,456.0,0.0,1824.0,
OI000005316,O00001297,M0003,1,1102.5,0.0,1102.5,
OI000005317,O00001298,M0013,1,1500.0,0.0,1500.0,
OI000005318,O00001298,M0083,1,540.0,0.0,540.0,
OI000005319,O00001298,M0005,1,451.5,0.0,451.5,
OI000005320,O00001299,M0006,2,1790.0,0.0,3580.0,
OI000005321,O00001299,M0005,1,430.0,0.0,430.0,Customer request
OI000005322,O00001299,M0025,1,273.0,0.0,273.0,
OI000005323,O00001299,M0002,4,546.0,0.0,2184.0,
OI000005324,O00001299,M0142,1,730.0,109.5,620.5,
OI000005325,O00001300,M0083,2,540.0,0.0,1080.0,
OI000005326,O00001300,M0034,1,1197.0,179.55,1017.45,
OI000005327,O00001300,M0002,1,494.0,0.0,494.0,
OI000005328,O00001300,M0002,1,520.0,0.0,520.0,
OI000005329,O00001301,M0002,1,520.0,26.0,494.0,
OI000005330,O00001301,M0001,1,1554.0,0.0,1554.0,
OI000005331,O00001301,M0065,1,850.0,0.0,850.0,
OI000005332,O00001301,M0033,1,310.0,0.0,310.0,Customer request
OI000005333,O00001302,M0017,1,730.0,0.0,730.0,
OI000005334,O00001302,M0014,1,1624.5,0.0,1624.5,
OI000005335,O00001302,M0026,1,450.0,0.0,450.0,
OI000005336,O00001303,M0028,1,870.0,0.0,870.0,
OI000005337,O00001303,M0003,4,1050.0,0.0,4200.0,
OI000005338,O00001304,M0037,1,1690.5,0.0,1690.5,Customer request
OI000005339,O00001305,M0001,1,1554.0,0.0,1554.0,
OI000005340,O00001305,M0167,2,588.0,0.0,1176.0,
OI000005341,O00001305,M0078,1,1260.0,63.0,1197.0,
OI000005342,O00001305,M0001,1,1554.0,0.0,1554.0,
OI000005343,O00001305,M0009,1,1660.0,249.0,1411.0,
OI000005344,O00001305,M0191,2,1150.0,0.0,2300.0,
OI000005345,O00001306,M0001,2,1480.0,0.0,2960.0,
OI000005346,O00001306,M0003,2,997.5,0.0,1995.0,
OI000005347,O00001306,M0028,1,870.0,0.0,870.0,
OI000005348,O00001306,M0014,1,1624.5,0.0,1624.5,
OI000005349,O00001307,M0192,1,540.0,0.0,540.0,
OI000005350,O00001307,M0038,1,1320.0,0.0,1320.0,
OI000005351,O00001308,M0168,2,1710.0,0.0,3420.0,
OI000005352,O00001308,M0016,1,1230.0,0.0,1230.0,
OI000005353,O00001309,M0008,1,880.0,88.0,792.0,
OI000005354,O00001309,M0009,1,1660.0,0.0,1660.0,Customer request
OI000005355,O00001309,M0058,1,1282.5,0.0,1282.5,
OI000005356,O00001309,M0051,1,750.0,0.0,750.0,
OI000005357,O00001310,M0041,1,1560.0,234.0,1326.0,
OI000005358,O00001310,M0004,1,1800.0,0.0,1800.0,
OI000005359,O00001310,M0008,1,924.0,0.0,924.0,
OI000005360,O00001310,M0009,1,1660.0,0.0,1660.0,
OI000005361,O00001310,M0133,2,1000.0,0.0,2000.0,
OI000005362,O00001310,M0113,1,882.0,0.0,882.0,
OI000005363,O00001310,M0005,1,430.0,0.0,430.0,
OI000005364,O00001311,M0003,1,997.5,0.0,997.5,
OI000005365,O00001311,M0002,1,546.0,0.0,546.0,
OI000005366,O00001311,M0001,3,1554.0,0.0,4662.0,
OI000005367,O00001311,M0192,2,540.0,0.0,1080.0,
OI000005368,O00001311,M0111,2,280.0,0.0,560.0,
OI000005369,O00001312,M0001,1,1480.0,0.0,1480.0,
OI000005370,O00001312,M0001,2,1406.0,0.0,2812.0,
OI000005371,O00001312,M0072,2,1273.0,0.0,2546.0,
OI000005372,O00001312,M0011,1,1150.0,0.0,1150.0,
OI000005373,O00001313,M0002,3,520.0,0.0,1560.0,
OI000005374,O00001313,M0026,2,427.5,0.0,855.0,
OI000005375,O00001313,M0001,1,1480.0,0.0,1480.0,
OI000005376,O00001313,M0021,2,1250.0,0.0,2500.0,
OI000005377,O00001313,M0007,1,1344.0,0.0,1344.0,
OI000005378,O00001313,M0008,1,880.0,0.0,880.0,
OI000005379,O00001314,M0009,2,1660.0,0.0,3320.0,
OI000005380,O00001314,M0011,2,1150.0,0.0,2300.0,
OI000005381,O00001314,M0001,2,1480.0,0.0,2960.0,
OI000005382,O00001314,M0044,2,378.0,0.0,756.0,
OI000005383,O00001315,M0039,1,1774.5,0.0,1774.5,
OI000005384,O00001316,M0061,1,880.0,0.0,880.0,
OI000005385,O00001316,M0003,1,1050.0,0.0,1050.0,
OI000005386,O00001316,M0198,3,680.0,0.0,2040.0,
OI000005387,O00001316,M0003,1,1102.5,165.38,937.12,
OI000005388,O00001316,M0111,1,280.0,28.0,252.0,
OI000005389,O00001317,M0006,2,1790.0,0.0,3580.0,
OI000005390,O00001317,M0023,2,580.0,0.0,1160.0,
OI000005391,O00001317,M0012,1,570.0,0.0,570.0,
OI000005392,O00001317,M0011,1,1150.0,0.0,1150.0,
OI000005393,O00001317,M0030,1,270.0,0.0,270.0,
OI000005394,O00001317,M0007,2,1216.0,0.0,2432.0,
OI000005395,O00001317,M0039,3,1774.5,0.0,5323.5,
OI000005396,O00001317,M0007,2,1280.0,0.0,2560.0,
OI000005397,O00001318,M0185,2,1482.0,0.0,2964.0,
OI000005398,O00001318,M0007,1,1280.0,0.0,1280.0,
OI000005399,O00001319,M0094,1,630.0,0.0,630.0,Customer request
OI000005400,O00001320,M0027,2,790.0,0.0,1580.0,
OI000005401,O00001320,M0001,1,1480.0,0.0,1480.0,
OI000005402,O00001320,M0003,1,997.5,0.0,997.5,
OI000005403,O00001320,M0162,2,330.0,0.0,660.0,
OI000005404,O00001321,M0114,2,640.0,0.0,1280.0,
OI000005405,O00001321,M0003,1,997.5,0.0,997.5,
OI000005406,O00001322,M0001,4,1406.0,0.0,5624.0,
OI000005407,O00001322,M0003,1,1050.0,0.0,1050.0,
OI000005408,O00001322,M0046,1,1640.0,0.0,1640.0,
OI000005409,O00001322,M0057,2,500.0,0.0,1000.0,
OI000005410,O00001323,M0017,1,730.0,109.5,620.5,
OI000005411,O00001324,M0009,1,1660.0,0.0,1660.0,
OI000005412,O00001324,M0005,2,451.5,0.0,903.0,
OI000005413,O00001324,M0023,1,580.0,0.0,580.0,
OI000005414,O00001324,M0001,1,1480.0,0.0,1480.0,
OI000005415,O00001324,M0001,1,1480.0,0.0,1480.0,
OI000005416,O00001325,M0106,2,940.0,0.0,1880.0,
OI000005417,O00001325,M0036,2,1790.0,358.0,3222.0,
OI000005418,O00001325,M0100,1,1790.0,0.0,1790.0,
OI000005419,O00001326,M0002,2,494.0,0.0,988.0,
OI000005420,O00001326,M0113,1,840.0,0.0,840.0,
OI000005421,O00001326,M0159,2,1040.0,0.0,2080.0,
OI000005422,O00001327,M0037,1,1529.5,0.0,1529.5,
OI000005423,O00001327,M0002,2,494.0,0.0,988.0,
OI000005424,O00001327,M0002,1,546.0,0.0,546.0,
OI000005425,O00001328,M0005,2,430.0,0.0,860.0,
OI000005426,O00001328,M0004,3,1710.0,0.0,5130.0,
OI000005427,O00001328,M0170,2,900.0,0.0,1800.0,
OI000005428,O00001328,M0107,1,342.0,0.0,342.0,
OI000005429,O00001328,M0011,4,1150.0,0.0,4600.0,
OI000005430,O00001329,M0113,1,840.0,0.0,840.0,
OI000005431,O00001329,M0097,1,320.0,0.0,320.0,
OI000005432,O00001329,M0014,1,1710.0,0.0,1710.0,
OI000005433,O00001329,M0001,1,1480.0,0.0,1480.0,Customer request
OI000005434,O00001329,M0001,1,1480.0,0.0,1480.0,
OI000005435,O00001330,M0012,1,570.0,0.0,570.0,
OI000005436,O00001330,M0001,1,1480.0,0.0,1480.0,
OI000005437,O00001331,M0002,1,494.0,0.0,494.0,
OI000005438,O00001331,M0007,3,1344.0,0.0,4032.0,Customer request
OI000005439,O00001331,M0004,1,1800.0,0.0,1800.0,
OI000005440,O00001331,M0003,1,1050.0,0.0,1050.0,
OI000005441,O00001331,M0008,1,880.0,0.0,880.0,
OI000005442,O00001331,M0085,5,1720.0,0.0,8600.0,
OI000005443,O00001332,M0024,2,580.0,0.0,1160.0,
OI000005444,O00001332,M0064,1,399.0,0.0,399.0,
OI000005445,O00001332,M0162,1,346.5,0.0,346.5,
OI000005446,O00001332,M0001,1,1480.0,0.0,1480.0,
OI000005447,O00001332,M0174,2,535.5,0.0,1071.0,
OI000005448,O00001333,M0009,3,1660.0,0.0,4980.0,
OI000005449,O00001333,M0009,1,1660.0,0.0,1660.0,
OI000005450,O00001334,M0056,1,250.0,12.5,237.5,
OI000005451,O00001334,M0015,1,1680.0,0.0,1680.0,Customer request
OI000005452,O00001334,M0002,3,520.0,0.0,1560.0,
OI000005453,O00001335,M0078,1,1260.0,0.0,1260.0,
OI000005454,O00001335,M0004,2,1800.0,0.0,3600.0,
OI000005455,O00001335,M0163,1,1390.0,0.0,1390.0,
OI000005456,O00001335,M0194,2,1270.0,127.0,2413.0,
OI000005457,O00001336,M0004,1,1890.0,0.0,1890.0,
OI000005458,O00001336,M0091,1,350.0,0.0,350.0,
OI000005459,O00001336,M0196,1,1590.0,0.0,1590.0,
OI000005460,O00001336,M0176,1,1691.0,0.0,1691.0,
OI000005461,O00001337,M0043,1,1681.5,0.0,1681.5,
OI000005462,O00001337,M0011,1,1150.0,0.0,1150.0,
OI000005463,O00001337,M0001,1,1480.0,0.0,1480.0,
OI000005464,O00001337,M0148,2,1180.0,0.0,2360.0,
OI000005465,O00001337,M0001,2,1554.0,155.4,2952.6,
OI000005466,O00001338,M0045,1,1026.0,0.0,1026.0,
OI000005467,O00001338,M0004,2,1800.0,0.0,3600.0,
OI000005468,O00001338,M0007,1,1280.0,192.0,1088.0,Customer request
OI000005469,O00001339,M0001,1,1480.0,74.0,1406.0,
OI000005470,O00001339,M0001,1,1480.0,0.0,1480.0,
OI000005471,O00001339,M0014,1,1710.0,0.0,1710.0,
OI000005472,O00001339,M0138,1,700.0,0.0,700.0,
OI000005473,O00001339,M0043,2,1858.5,185.85,3531.15,
OI000005474,O00001340,M0038,-1,1254.0,0.0,1254.0,
OI000005475,O00001340,M0054,1,1064.0,106.4,957.6,
OI000005476,O00001341,M0037,1,1690.5,0.0,1690.5,
OI000005477,O00001341,M0010,1,430.0,0.0,430.0,
OI000005478,O00001341,M0139,4,1770.0,0.0,7080.0,
OI000005479,O00001341,M0028,1,870.0,0.0,870.0,
OI000005480,O00001342,M0090,1,1312.5,0.0,1312.5,
OI000005481,O00001342,M0154,5,1660.0,415.0,7885.0,
OI000005482,O00001342,M0001,1,1480.0,0.0,1480.0,Customer request
OI000005483,O00001342,M0028,1,826.5,0.0,826.5,
OI000005484,O00001342,M0051,2,787.5,0.0,1575.0,
OI000005485,O00001342,M0032,1,830.0,0.0,830.0,
OI000005486,O00001342,M0149,5,966.0,483.0,4347.0,
OI000005487,O00001342,M0168,2,1710.0,0.0,3420.0,
OI000005488,O00001342,M0003,5,1050.0,0.0,5250.0,
OI000005489,O00001343,M0010,3,430.0,64.5,1225.5,
OI000005490,O00001343,M0008,1,880.0,0.0,880.0,
OI000005491,O00001343,M0031,2,1740.0,0.0,3480.0,
OI000005492,O00001343,M0017,1,693.5,0.0,693.5,
OI000005493,O00001343,M0015,1,1764.0,88.2,1675.8,
OI000005494,O00001344,M0037,1,1529.5,0.0,1529.5,
OI000005495,O00001345,M0030,1,270.0,0.0,270.0,
OI000005496,O00001345,M0027,2,829.5,0.0,1659.0,
OI000005497,O00001345,M0002,1,546.0,0.0,546.0,Customer request
OI000005498,O00001345,M0038,2,1320.0,0.0,2640.0,
OI000005499,O00001346,M0001,2,1480.0,296.0,2664.0,
OI000005500,O00001346,M0053,2,1770.0,0.0,3540.0,
OI000005501,O00001346,M0055,1,934.5,0.0,934.5,
OI000005502,O00001346,M0008,2,836.0,0.0,1672.0,
OI000005503,O00001347,M0003,2,1050.0,0.0,2100.0,
OI000005504,O00001347,M0106,1,940.0,47.0,893.0,
OI000005505,O00001347,M0096,2,693.5,0.0,1387.0,
OI000005506,O00001347,M0171,1,1640.0,0.0,1640.0,
OI000005507,O00001347,M0024,2,609.0,0.0,1218.0,
OI000005508,O00001348,M0011,1,1150.0,0.0,1150.0,
OI000005509,O00001348,M0010,2,408.5,81.7,735.3,
OI000005510,O00001348,M0004,1,1710.0,0.0,1710.0,
OI000005511,O00001348,M0014,2,1624.5,0.0,3249.0,
OI000005512,O00001348,M0003,1,1050.0,0.0,1050.0,
OI000005513,O00001349,M0136,1,777.0,0.0,777.0,
OI000005514,O00001349,M0014,1,1710.0,0.0,1710.0,
OI000005515,O00001350,M0039,3,1690.0,0.0,5070.0,
OI000005516,O00001350,M0001,1,1480.0,0.0,1480.0,
OI000005517,O00001350,M0009,1,1660.0,0.0,1660.0,
OI000005518,O00001350,M0006,1,1879.5,0.0,1879.5,
OI000005519,O00001351,M0142,1,766.5,0.0,766.5,
OI000005520,O00001351,M0004,1,1800.0,0.0,1800.0,
OI000005521,O00001351,M0105,3,1310.0,0.0,3930.0,
OI000005522,O00001351,M0009,1,1660.0,0.0,1660.0,
OI000005523,O00001351,M0005,3,430.0,0.0,1290.0,
OI000005524,O00001351,M0001,1,1406.0,0.0,1406.0,Customer request
OI000005525,O00001351,M0010,1,451.5,0.0,451.5,
OI000005526,O00001352,M0001,2,1480.0,444.0,2516.0,
OI000005527,O00001352,M0015,1,1680.0,0.0,1680.0,
OI000005528,O00001353,M0001,1,1480.0,0.0,1480.0,Customer request
OI000005529,O00001353,M0001,1,1480.0,0.0,1480.0,
OI000005530,O00001353,M0014,1,1795.5,0.0,1795.5,
OI000005531,O00001354,M0024,1,609.0,0.0,609.0,
OI000005532,O00001354,M0013,1,1575.0,0.0,1575.0,
OI000005533,O00001354,M0001,1,1406.0,0.0,1406.0,
OI000005534,O00001354,M0004,3,1800.0,0.0,5400.0,
OI000005535,O00001354,M0167,2,588.0,0.0,1176.0,
OI000005536,O00001355,M0044,1,342.0,0.0,342.0,
OI000005537,O00001356,M0128,2,1016.5,0.0,2033.0,
OI000005538,O00001356,M0001,1,1406.0,0.0,1406.0,
OI000005539,O00001356,M0001,1,1554.0,0.0,1554.0,
OI000005540,O00001356,M0100,3,1879.5,0.0,5638.5,
OI000005541,O00001357,M0017,2,730.0,0.0,1460.0,
OI000005542,O00001357,M0016,1,1230.0,61.5,1168.5,
OI000005543,O00001357,M0007,1,1280.0,64.0,1216.0,
OI000005544,O00001357,M0003,2,1050.0,0.0,2100.0,Customer request
OI000005545,O00001357,M0118,1,1375.5,0.0,1375.5,
OI000005546,O00001358,M0001,1,1480.0,0.0,1480.0,
OI000005547,O00001358,M0031,1,1740.0,0.0,1740.0,
OI000005548,O00001358,M0015,4,1764.0,0.0,7056.0,
OI000005549,O00001358,M0009,2,1660.0,0.0,3320.0,
OI000005550,O00001358,M0093,2,930.0,0.0,1860.0,
OI000005551,O00001358,M0139,1,1770.0,0.0,1770.0,
OI000005552,O00001358,M0005,1,430.0,0.0,430.0,
OI000005553,O00001359,M0001,1,1480.0,0.0,1480.0,
OI000005554,O00001359,M0016,2,1291.5,0.0,2583.0,
OI000005555,O00001359,M0023,1,580.0,0.0,580.0,
OI000005556,O00001360,M0001,1,1406.0,140.6,1265.4,
OI000005557,O00001360,M0027,1,790.0,0.0,790.0,
OI000005558,O00001360,M0174,1,510.0,0.0,510.0,
OI000005559,O00001360,M0017,1,730.0,36.5,693.5,
OI000005560,O00001360,M0148,1,1180.0,0.0,1180.0,
OI000005561,O00001360,M0126,1,1520.0,0.0,1520.0,Customer request
OI000005562,O00001360,M0023,1,609.0,91.35,517.65,
OI000005563,O00001361,M0076,1,660.0,0.0,660.0,
OI000005564,O00001361,M0005,1,430.0,0.0,430.0,
OI000005565,O00001361,M0003,1,1102.5,0.0,1102.5,
OI000005566,O00001361,M0001,1,1480.0,0.0,1480.0,
OI000005567,O00001361,M0001,3,1406.0,0.0,4218.0,
OI000005568,O00001361,M0056,1,262.5,0.0,262.5,
OI000005569,O00001362,M0142,1,693.5,0.0,693.5,
OI000005570,O00001362,M0188,1,290.0,14.5,275.5,Customer request
OI000005571,O00001362,M0029,2,660.0,0.0,1320.0,
OI000005572,O00001362,M0003,2,1102.5,0.0,2205.0,
OI000005573,O00001362,M0001,3,1406.0,0.0,4218.0,
OI000005574,O00001362,M0192,1,513.0,0.0,513.0,
OI000005575,O00001363,M0113,2,840.0,0.0,1680.0,
OI000005576,O00001363,M0035,1,966.0,0.0,966.0,
OI000005577,O00001363,M0007,1,1280.0,0.0,1280.0,
OI000005578,O00001363,M0034,3,1197.0,0.0,3591.0,
OI000005579,O00001363,M0122,1,493.5,0.0,493.5,
OI000005580,O00001364,M0041,1,1560.0,0.0,1560.0,
OI000005581,O00001364,M0198,3,714.0,0.0,2142.0,
OI000005582,O00001364,M0002,3,520.0,78.0,1482.0,
OI000005583,O00001365,M0191,1,1092.5,0.0,1092.5,
OI000005584,O00001365,M0046,1,1640.0,0.0,1640.0,
OI000005585,O00001365,M0043,1,1770.0,88.5,1681.5,
OI000005586,O00001366,M0015,1,1680.0,0.0,1680.0,
OI000005587,O00001366,M0001,2,1480.0,0.0,2960.0,
OI000005588,O00001366,M0093,2,930.0,0.0,1860.0,
OI000005589,O00001366,M0009,3,1660.0,0.0,4980.0,
OI000005590,O00001366,M0014,2,1624.5,0.0,3249.0,
OI000005591,O00001367,M0037,2,1529.5,0.0,3059.0,
OI000005592,O00001367,M0001,2,1480.0,0.0,2960.0,
OI000005593,O00001367,M0001,2,1480.0,0.0,2960.0,
OI000005594,O00001367,M0002,1,520.0,0.0,520.0,
OI000005595,O00001368,M0085,1,1720.0,0.0,1720.0,
OI000005596,O00001368,M0004,1,1800.0,180.0,1620.0,
OI000005597,O00001368,M0034,1,1260.0,0.0,1260.0,
OI000005598,O00001369,M0004,1,1800.0,0.0,1800.0,
OI000005599,O00001370,M0009,3,1660.0,249.0,4731.0,
OI000005600,O00001370,M0001,4,1406.0,0.0,5624.0,
OI000005601,O00001370,M0015,1,1596.0,0.0,1596.0,
OI000005602,O00001371,M0003,2,997.5,199.5,1795.5,Customer request
OI000005603,O00001371,M0041,4,1560.0,0.0,6240.0,
OI000005604,O00001371,M0121,1,1510.0,0.0,1510.0,
OI000005605,O00001372,M0139,2,1858.5,557.55,3159.45,
OI000005606,O00001372,M0165,1,540.0,0.0,540.0,
OI000005607,O00001372,M0002,1,546.0,0.0,546.0,
OI000005608,O00001372,M0034,3,1260.0,567.0,3213.0,
OI000005609,O00001373,M0002,1,520.0,0.0,520.0,
OI000005610,O00001373,M0011,1,1150.0,0.0,1150.0,Customer request
OI000005611,O00001373,M0006,1,1879.5,0.0,1879.5,
OI000005612,O00001373,M0001,3,1480.0,0.0,4440.0,
OI000005613,O00001373,M0164,1,1333.5,0.0,1333.5,
OI000005614,O00001373,M0100,3,1700.5,0.0,5101.5,
OI000005615,O00001373,M0035,1,920.0,0.0,920.0,Customer request
OI000005616,O00001373,M0014,1,1624.5,0.0,1624.5,
OI000005617,O00001374,M0020,1,1110.0,0.0,1110.0,
OI000005618,O00001374,M0005,5,430.0,0.0,2150.0,
OI000005619,O00001375,M0183,1,630.0,0.0,630.0,
OI000005620,O00001375,M0009,3,1577.0,0.0,4731.0,
OI000005621,O00001376,M0001,1,1554.0,0.0,1554.0,
OI000005622,O00001376,M0043,1,1681.5,0.0,1681.5,
OI000005623,O00001377,M0089,1,1150.0,0.0,1150.0,Customer request
OI000005624,O00001377,M0184,1,988.0,0.0,988.0,
OI000005625,O00001378,M0054,3,1120.0,0.0,3360.0,
OI000005626,O00001378,M0004,2,1710.0,0.0,3420.0,
OI000005627,O00001378,M0018,1,1260.0,0.0,1260.0,
OI000005628,O00001379,M0011,1,1150.0,0.0,1150.0,
OI000005629,O00001379,M0001,2,1406.0,421.8,2390.2,
OI000005630,O00001380,M0018,1,1200.0,0.0,1200.0,Customer request
OI000005631,O00001380,M0107,3,378.0,0.0,1134.0,
OI000005632,O00001380,M0019,1,630.0,0.0,630.0,
OI000005633,O00001380,M0127,1,808.5,0.0,808.5,
OI000005634,O00001380,M0087,1,1680.0,0.0,1680.0,
OI000005635,O00001380,M0080,2,870.0,0.0,1740.0,
OI000005636,O00001380,M0017,2,730.0,0.0,1460.0,
OI000005637,O00001381,M0001,1,1480.0,0.0,1480.0,
OI000005638,O00001381,M0140,1,1669.5,0.0,1669.5,
OI000005639,O00001382,M0058,2,1350.0,0.0,2700.0,
OI000005640,O00001382,M0002,1,520.0,0.0,520.0,
OI000005641,O00001382,M0002,2,494.0,0.0,988.0,
OI000005642,O00001382,M0053,1,1770.0,0.0,1770.0,
OI000005643,O00001382,M0021,2,1187.5,0.0,2375.0,Customer request
OI000005644,O00001382,M0005,4,430.0,0.0,1720.0,
OI000005645,O00001382,M0007,4,1280.0,256.0,4864.0,
OI000005646,O00001383,M0017,1,730.0,0.0,730.0,
OI000005647,O00001383,M0090,1,1250.0,0.0,1250.0,
OI000005648,O00001383,M0005,1,430.0,0.0,430.0,
OI000005649,O00001383,M0075,1,1710.0,0.0,1710.0,
OI000005650,O00001383,M0004,1,1800.0,0.0,1800.0,
OI000005651,O00001383,M0094,1,630.0,0.0,630.0,
OI000005652,O00001383,M0148,1,1239.0,0.0,1239.0,
OI000005653,O00001384,M0024,1,580.0,58.0,522.0,
OI000005654,O00001384,M0059,2,693.0,0.0,1386.0,
OI000005655,O00001384,M0008,2,880.0,0.0,1760.0,
OI000005656,O00001384,M0162,1,330.0,0.0,330.0,
OI000005657,O00001384,M0022,3,1240.0,0.0,3720.0,
OI000005658,O00001384,M0031,1,1740.0,0.0,1740.0,
OI000005659,O00001385,M0008,1,880.0,0.0,880.0,
OI000005660,O00001385,M0005,5,430.0,0.0,2150.0,Customer request
OI000005661,O00001385,M0006,1,1879.5,0.0,1879.5,
OI000005662,O00001385,M0028,1,826.5,0.0,826.5,
OI000005663,O00001385,M0003,3,997.5,0.0,2992.5,
OI000005664,O00001386,M0017,1,730.0,0.0,730.0,
OI000005665,O00001386,M0017,3,766.5,0.0,2299.5,
OI000005666,O00001386,M0022,1,1240.0,0.0,1240.0,
OI000005667,O00001386,M0021,1,1187.5,0.0,1187.5,
OI000005668,O00001386,M0009,1,1743.0,0.0,1743.0,Customer request
OI000005669,O00001386,M0015,1,1764.0,0.0,1764.0,
OI000005670,O00001386,M0149,1,920.0,0.0,920.0,
OI000005671,O00001386,M0001,1,1406.0,0.0,1406.0,Customer request
OI000005672,O00001387,M0002,2,520.0,0.0,1040.0,
OI000005673,O00001387,M0162,2,346.5,0.0,693.0,
OI000005674,O00001387,M0008,1,836.0,0.0,836.0,
OI000005675,O00001388,M0010,1,430.0,0.0,430.0,
OI000005676,O00001388,M0013,1,1500.0,0.0,1500.0,
OI000005677,O00001388,M0002,1,546.0,0.0,546.0,
OI000005678,O00001388,M0096,1,730.0,0.0,730.0,
OI000005679,O00001388,M0004,1,1800.0,0.0,1800.0,
OI000005680,O00001389,M0075,1,1624.5,0.0,1624.5,
OI000005681,O00001389,M0006,1,1790.0,0.0,1790.0,
OI000005682,O00001389,M0069,2,1170.0,0.0,2340.0,
OI000005683,O00001389,M0185,1,1560.0,0.0,1560.0,
OI000005684,O00001389,M0033,2,310.0,93.0,527.0,
OI000005685,O00001390,M0012,1,541.5,0.0,541.5,
OI000005686,O00001390,M0017,1,693.5,0.0,693.5,
OI000005687,O00001390,M0017,1,766.5,0.0,766.5,
OI000005688,O00001391,M0002,1,520.0,0.0,520.0,
OI000005689,O00001391,M0114,2,640.0,0.0,1280.0,
OI000005690,O00001391,M0017,1,693.5,0.0,693.5,
OI000005691,O00001392,M0080,1,870.0,0.0,870.0,
OI000005692,O00001392,M0008,2,880.0,0.0,1760.0,
OI000005693,O00001393,M0015,1,1680.0,0.0,1680.0,
OI000005694,O00001393,M0142,1,730.0,0.0,730.0,
OI000005695,O00001393,M0021,1,1187.5,0.0,1187.5,
OI000005696,O00001393,M0014,4,1624.5,0.0,6498.0,
OI000005697,O00001393,M0011,1,1150.0,0.0,1150.0,
OI000005698,O00001393,M0145,2,1760.0,0.0,3520.0,
OI000005699,O00001394,M0021,1,1250.0,0.0,1250.0,
OI000005700,O00001394,M0138,1,735.0,0.0,735.0,
OI000005701,O00001394,M0010,1,430.0,0.0,430.0,
OI000005702,O00001394,M0188,1,290.0,43.5,246.5,
OI000005703,O00001394,M0032,1,830.0,124.5,705.5,Customer request
OI000005704,O00001395,M0004,1,1800.0,0.0,1800.0,
OI000005705,O00001395,M0021,1,1250.0,0.0,1250.0,
OI000005706,O00001395,M0069,2,1170.0,0.0,2340.0,
OI000005707,O00001396,M0143,1,800.0,0.0,800.0,
OI000005708,O00001396,M0003,3,1102.5,0.0,3307.5,
OI000005709,O00001396,M0041,1,1482.0,0.0,1482.0,Customer request
OI000005710,O00001396,M0037,1,1610.0,0.0,1610.0,Customer request
OI000005711,O00001396,M0012,1,570.0,0.0,570.0,Customer request
OI000005712,O00001397,M0020,2,1110.0,0.0,2220.0,
OI000005713,O00001397,M0010,1,430.0,0.0,430.0,
OI000005714,O00001397,M0010,1,430.0,0.0,430.0,
OI000005715,O00001397,M0037,2,1690.5,0.0,3381.0,
OI000005716,O00001397,M0001,1,1480.0,0.0,1480.0,
OI000005717,O00001398,M0029,1,627.0,0.0,627.0,
OI000005718,O00001398,M0012,2,570.0,0.0,1140.0,
OI000005719,O00001399,M0026,1,427.5,42.75,384.75,
OI000005720,O00001399,M0186,1,1620.0,0.0,1620.0,
OI000005721,O00001399,M0087,2,1680.0,0.0,3360.0,
OI000005722,O00001399,M0131,1,1039.5,0.0,1039.5,
OI000005723,O00001400,M0016,1,1168.5,116.85,1051.65,
OI000005724,O00001400,M0076,1,660.0,0.0,660.0,
OI000005725,O00001400,M0026,1,427.5,0.0,427.5,
OI000005726,O00001400,M0049,2,1377.5,0.0,2755.0,
OI000005727,O00001400,M0023,1,551.0,0.0,551.0,
OI000005728,O00001401,M0003,2,997.5,199.5,1795.5,
OI000005729,O00001401,M0172,2,1720.0,0.0,3440.0,
OI000005730,O00001401,M0076,3,693.0,0.0,2079.0,
OI000005731,O00001401,M0050,1,800.0,40.0,760.0,
OI000005732,O00001401,M0042,1,1210.0,0.0,1210.0,
OI000005733,O00001402,M0081,1,920.0,0.0,920.0,
OI000005734,O00001402,M0037,1,1610.0,0.0,1610.0,
OI000005735,O00001402,M0006,2,1790.0,0.0,3580.0,
OI000005736,O00001402,M0001,1,1480.0,0.0,1480.0,
OI000005737,O00001403,M0017,1,766.5,0.0,766.5,
OI000005738,O00001403,M0042,2,1210.0,363.0,2057.0,
OI000005739,O00001403,M0016,1,1230.0,0.0,1230.0,
OI000005740,O00001404,M0037,1,1690.5,169.05,1521.45,
OI000005741,O00001404,M0065,2,850.0,0.0,1700.0,
OI000005742,O00001404,M0110,1,1732.5,0.0,1732.5,
OI000005743,O00001404,M0010,2,451.5,0.0,903.0,
OI000005744,O00001404,M0057,1,500.0,0.0,500.0,
OI000005745,O00001404,M0145,4,1672.0,0.0,6688.0,
OI000005746,O00001404,M0003,1,1050.0,0.0,1050.0,
OI000005747,O00001405,M0072,2,1407.0,0.0,2814.0,
OI000005748,O00001405,M0155,1,556.5,0.0,556.5,
OI000005749,O00001405,M0067,2,1440.0,0.0,2880.0,Customer request
OI000005750,O00001405,M0002,1,494.0,0.0,494.0,
OI000005751,O00001405,M0009,1,1660.0,0.0,1660.0,
OI000005752,O00001406,M0004,1,1710.0,0.0,1710.0,
OI000005753,O00001406,M0154,1,1660.0,0.0,1660.0,
OI000005754,O00001406,M0196,1,1590.0,0.0,1590.0,
OI000005755,O00001406,M0022,3,1240.0,0.0,3720.0,
OI000005756,O00001407,M0147,2,1040.0,0.0,2080.0,Customer request
OI000005757,O00001407,M0003,1,997.5,99.75,897.75,
OI000005758,O00001407,M0001,1,1406.0,0.0,1406.0,
OI000005759,O00001407,M0043,1,1770.0,0.0,1770.0,Customer request
OI000005760,O00001407,M0193,1,550.0,0.0,550.0,
OI000005761,O00001408,M0042,2,1270.5,0.0,2541.0,
OI000005762,O00001409,M0189,1,1500.0,0.0,1500.0,
OI000005763,O00001409,M0025,2,260.0,0.0,520.0,
OI000005764,O00001410,M0017,1,693.5,0.0,693.5,
OI000005765,O00001410,M0163,2,1459.5,0.0,2919.0,
OI000005766,O00001410,M0001,3,1480.0,0.0,4440.0,
OI000005767,O00001410,M0012,1,570.0,0.0,570.0,
OI000005768,O00001410,M0024,1,580.0,0.0,580.0,
OI000005769,O00001410,M0002,1,546.0,0.0,546.0,
OI000005770,O00001410,M0034,1,1260.0,0.0,1260.0,
OI000005771,O00001410,M0016,1,1230.0,0.0,1230.0,
OI000005772,O00001410,M0023,1,580.0,87.0,493.0,
OI000005773,O00001411,M0071,2,630.0,0.0,1260.0,
OI000005774,O00001411,M0001,1,1480.0,0.0,1480.0,
OI000005775,O00001412,M0179,1,1440.0,0.0,1440.0,
OI000005776,O00001412,M0035,1,920.0,0.0,920.0,
OI000005777,O00001412,M0122,1,446.5,0.0,446.5,
OI000005778,O00001413,M0011,1,1207.5,0.0,1207.5,
OI000005779,O00001413,M0011,1,1207.5,0.0,1207.5,
OI000005780,O00001414,M0150,1,285.0,0.0,285.0,
OI000005781,O00001414,M0002,1,520.0,0.0,520.0,
OI000005782,O00001414,M0002,1,546.0,27.3,518.7,
OI000005783,O00001415,M0074,1,756.0,0.0,756.0,
OI000005784,O00001415,M0027,1,829.5,0.0,829.5,
OI000005785,O00001415,M0079,3,1050.0,0.0,3150.0,
OI000005786,O00001416,M0022,1,1240.0,0.0,1240.0,
OI000005787,O00001416,M0005,2,451.5,0.0,903.0,
OI000005788,O00001417,M0079,1,1050.0,0.0,1050.0,
OI000005789,O00001417,M0001,1,1480.0,0.0,1480.0,Customer request
OI000005790,O00001417,M0024,1,580.0,0.0,580.0,
OI000005791,O00001418,M0026,1,450.0,45.0,405.0,Customer request
OI000005792,O00001418,M0001,2,1480.0,0.0,2960.0,
OI000005793,O00001418,M0007,1,1280.0,0.0,1280.0,
OI000005794,O00001418,M0008,1,880.0,0.0,880.0,
OI000005795,O00001418,M0145,1,1672.0,0.0,1672.0,
OI000005796,O00001419,M0033,1,294.5,0.0,294.5,
OI000005797,O00001419,M0066,1,609.0,0.0,609.0,
OI000005798,O00001419,M0001,2,1480.0,0.0,2960.0,Customer request
OI000005799,O00001419,M0002,3,520.0,0.0,1560.0,
OI000005800,O00001419,M0042,1,1149.5,0.0,1149.5,
OI000005801,O00001420,M0120,2,1740.0,174.0,3306.0,
OI000005802,O00001420,M0001,5,1480.0,1110.0,6290.0,
OI000005803,O00001420,M0191,1,1150.0,0.0,1150.0,
OI000005804,O00001420,M0142,1,766.5,0.0,766.5,
OI000005805,O00001420,M0136,2,740.0,74.0,1406.0,
OI000005806,O00001420,M0001,1,1480.0,0.0,1480.0,
OI000005807,O00001420,M0019,1,630.0,0.0,630.0,
OI000005808,O00001421,M0105,1,1375.5,206.32,1169.18,
OI000005809,O00001422,M0092,2,845.5,0.0,1691.0,
OI000005810,O00001422,M0014,1,1795.5,179.55,1615.95,
OI000005811,O00001422,M0138,1,700.0,35.0,665.0,
OI000005812,O00001423,M0058,2,1350.0,0.0,2700.0,
OI000005813,O00001423,M0197,1,330.0,0.0,330.0,
OI000005814,O00001423,M0013,5,1500.0,0.0,7500.0,
OI000005815,O00001423,M0060,2,1180.0,0.0,2360.0,
OI000005816,O00001423,M0021,2,1250.0,0.0,2500.0,
OI000005817,O00001423,M0061,1,880.0,0.0,880.0,
OI000005818,O00001424,M0008,4,880.0,0.0,3520.0,
OI000005819,O00001424,M0017,1,730.0,0.0,730.0,
OI000005820,O00001424,M0164,1,1270.0,190.5,1079.5,
OI000005821,O00001424,M0009,3,1660.0,0.0,4980.0,
OI000005822,O00001425,M0054,1,1120.0,0.0,1120.0,
OI000005823,O00001426,M0157,1,1460.0,0.0,1460.0,
OI000005824,O00001426,M0029,1,660.0,0.0,660.0,
OI000005825,O00001426,M0073,2,420.0,0.0,840.0,
OI000005826,O00001426,M0089,1,1207.5,0.0,1207.5,
OI000005827,O00001426,M0039,2,1690.0,0.0,3380.0,
OI000005828,O00001426,M0017,1,730.0,0.0,730.0,
OI000005829,O00001427,M0110,1,1567.5,0.0,1567.5,
OI000005830,O00001427,M0041,1,1482.0,0.0,1482.0,
OI000005831,O00001427,M0002,1,494.0,0.0,494.0,
OI000005832,O00001428,M0137,1,1770.0,0.0,1770.0,
OI000005833,O00001428,M0010,1,430.0,0.0,430.0,
OI000005834,O00001429,M0031,1,1827.0,0.0,1827.0,Customer request
OI000005835,O00001429,M0005,3,430.0,0.0,1290.0,
OI000005836,O00001430,M0030,2,270.0,0.0,540.0,Customer request
OI000005837,O00001430,M0003,1,1102.5,0.0,1102.5,
OI000005838,O00001430,M0043,2,1770.0,0.0,3540.0,
OI000005839,O00001431,M0035,1,966.0,0.0,966.0,
OI000005840,O00001431,M0114,2,672.0,0.0,1344.0,
OI000005841,O00001431,M0042,1,1210.0,0.0,1210.0,
OI000005842,O00001432,M0020,1,1165.5,0.0,1165.5,
OI000005843,O00001432,M0027,5,750.5,0.0,3752.5,Customer request
OI000005844,O00001432,M0051,1,712.5,35.62,676.88,
OI000005845,O00001432,M0122,3,493.5,0.0,1480.5,
OI000005846,O00001433,M0001,2,1480.0,148.0,2812.0,
OI000005847,O00001433,M0161,1,410.0,0.0,410.0,
OI000005848,O00001433,M0002,1,520.0,0.0,520.0,
OI000005849,O00001433,M0014,1,1710.0,0.0,1710.0,
OI000005850,O00001433,M0013,1,1500.0,75.0,1425.0,
OI000005851,O00001433,M0037,1,1610.0,0.0,1610.0,
OI000005852,O00001433,M0014,3,1710.0,0.0,5130.0,
OI000005853,O00001433,M0006,1,1790.0,0.0,1790.0,
OI000005854,O00001434,M0007,5,1216.0,608.0,5472.0,
OI000005855,O00001434,M0192,1,540.0,27.0,513.0,
OI000005856,O00001434,M0121,1,1510.0,0.0,1510.0,
OI000005857,O00001434,M0109,4,1349.0,0.0,5396.0,
OI000005858,O00001434,M0021,1,1250.0,0.0,1250.0,
OI000005859,O00001434,M0166,1,388.5,0.0,388.5,
OI000005860,O00001434,M0001,1,1480.0,222.0,1258.0,
OI000005861,O00001434,M0002,1,520.0,0.0,520.0,
OI000005862,O00001435,M0007,1,1216.0,0.0,1216.0,
OI000005863,O00001435,M0059,1,627.0,0.0,627.0,
OI000005864,O00001435,M0004,1,1800.0,0.0,1800.0,
OI000005865,O00001436,M0013,2,1500.0,0.0,3000.0,
OI000005866,O00001436,M0004,1,1890.0,0.0,1890.0,
OI000005867,O00001437,M0107,2,342.0,0.0,684.0,
OI000005868,O00001437,M0153,1,1672.0,0.0,1672.0,
OI000005869,O00001437,M0127,2,770.0,0.0,1540.0,
OI000005870,O00001437,M0001,2,1480.0,0.0,2960.0,
OI000005871,O00001437,M0011,2,1207.5,0.0,2415.0,
OI000005872,O00001437,M0058,3,1350.0,0.0,4050.0,
OI000005873,O00001438,M0001,3,1480.0,0.0,4440.0,Customer request
OI000005874,O00001438,M0088,2,1140.0,0.0,2280.0,
OI000005875,O00001438,M0134,2,766.5,0.0,1533.0,
OI000005876,O00001438,M0001,2,1480.0,0.0,2960.0,
OI000005877,O00001438,M0022,1,1302.0,0.0,1302.0,
OI000005878,O00001438,M0010,2,430.0,0.0,860.0,
OI000005879,O00001439,M0171,1,1640.0,0.0,1640.0,Customer request
OI000005880,O00001439,M0012,2,598.5,0.0,1197.0,
OI000005881,O00001439,M0046,2,1640.0,0.0,3280.0,Customer request
OI000005882,O00001439,M0001,1,1480.0,0.0,1480.0,
OI000005883,O00001440,M0121,1,1434.5,0.0,1434.5,
OI000005884,O00001440,M0001,2,1554.0,0.0,3108.0,
OI000005885,O00001440,M0043,1,1770.0,0.0,1770.0,
OI000005886,O00001440,M0087,1,1680.0,0.0,1680.0,
OI000005887,O00001440,M0018,3,1200.0,0.0,3600.0,Customer request
OI000005888,O00001440,M0001,1,1480.0,222.0,1258.0,
OI000005889,O00001440,M0149,2,966.0,289.8,1642.2,
OI000005890,O00001440,M0015,1,1680.0,0.0,1680.0,
OI000005891,O00001441,M0027,1,790.0,0.0,790.0,
OI000005892,O00001441,M0112,3,610.0,0.0,1830.0,
OI000005893,O00001441,M0064,3,441.0,0.0,1323.0,
OI000005894,O00001441,M0012,1,598.5,0.0,598.5,
OI000005895,O00001441,M0038,1,1320.0,0.0,1320.0,
OI000005896,O00001441,M0002,1,520.0,0.0,520.0,
OI000005897,O00001442,M0029,1,693.0,0.0,693.0,
OI000005898,O00001442,M0022,2,1302.0,0.0,2604.0,
OI000005899,O00001443,M0093,1,930.0,93.0,837.0,
OI000005900,O00001443,M0107,1,360.0,0.0,360.0,
OI000005901,O00001443,M0136,2,703.0,0.0,1406.0,
OI000005902,O00001443,M0129,1,1760.0,0.0,1760.0,
OI000005903,O00001443,M0200,1,1218.0,0.0,1218.0,
OI000005904,O00001443,M0076,1,693.0,0.0,693.0,Customer request
OI000005905,O00001443,M0054,1,1176.0,0.0,1176.0,
OI000005906,O00001444,M0003,2,1050.0,0.0,2100.0,
OI000005907,O00001444,M0027,1,750.5,0.0,750.5,
OI000005908,O00001444,M0022,1,1240.0,0.0,1240.0,
OI000005909,O00001445,M0085,1,1720.0,0.0,1720.0,
OI000005910,O00001445,M0009,1,1660.0,0.0,1660.0,
OI000005911,O00001445,M0135,1,1617.0,0.0,1617.0,Customer request
OI000005912,O00001445,M0006,1,1700.5,0.0,1700.5,
OI000005913,O00001445,M0029,2,627.0,0.0,1254.0,Customer request
OI000005914,O00001446,M0170,1,855.0,0.0,855.0,
OI000005915,O00001446,M0013,2,1500.0,0.0,3000.0,
OI000005916,O00001446,M0083,2,540.0,0.0,1080.0,
OI000005917,O00001446,M0013,2,1575.0,0.0,3150.0,
OI000005918,O00001447,M0034,4,1260.0,0.0,5040.0,
OI000005919,O00001447,M0098,1,1230.0,0.0,1230.0,
OI000005920,O00001447,M0112,1,610.0,0.0,610.0,
OI000005921,O00001448,M0123,1,740.0,0.0,740.0,
OI000005922,O00001448,M0002,4,546.0,0.0,2184.0,
OI000005923,O00001448,M0128,1,1070.0,0.0,1070.0,
OI000005924,O00001448,M0003,1,1102.5,0.0,1102.5,
OI000005925,O00001449,M0008,1,880.0,0.0,880.0,
OI000005926,O00001449,M0184,1,1040.0,0.0,1040.0,
OI000005927,O00001449,M0003,1,1050.0,0.0,1050.0,
OI000005928,O00001450,M0007,5,1280.0,0.0,6400.0,
OI000005929,O00001450,M0013,2,1500.0,0.0,3000.0,
OI000005930,O00001450,M0109,2,1491.0,0.0,2982.0,
OI000005931,O00001450,M0012,1,570.0,28.5,541.5,
OI000005932,O00001451,M0117,2,1140.0,0.0,2280.0,
OI000005933,O00001451,M0005,1,430.0,0.0,430.0,
OI000005934,O00001452,M0050,2,840.0,84.0,1596.0,
OI000005935,O00001452,M0178,2,260.0,0.0,520.0,
OI000005936,O00001453,M0001,2,1406.0,0.0,3811.0,
OI000005937,O00001454,M0152,1,560.0,0.0,560.0,
OI000005938,O00001454,M0004,1,1800.0,0.0,1800.0,
OI000005939,O00001454,M0046,3,1722.0,0.0,5166.0,Customer request
OI000005940,O00001455,M0001,1,1480.0,0.0,1480.0,
OI000005941,O00001455,M0044,2,342.0,0.0,684.0,
OI000005942,O00001456,M0053,1,1770.0,0.0,1770.0,
OI000005943,O00001456,M0110,2,1567.5,0.0,3135.0,Customer request
OI000005944,O00001456,M0020,1,1054.5,0.0,1054.5,
OI000005945,O00001457,M0156,2,1280.0,0.0,2560.0,
OI000005946,O00001457,M0016,1,1168.5,0.0,1168.5,
OI000005947,O00001457,M0002,2,520.0,0.0,1040.0,
OI000005948,O00001457,M0017,1,730.0,0.0,730.0,
OI000005949,O00001458,M0011,1,1150.0,0.0,1150.0,
OI000005950,O00001458,M0024,1,609.0,0.0,609.0,
OI000005951,O00001458,M0005,1,430.0,0.0,430.0,
OI000005952,O00001458,M0016,1,1230.0,0.0,1230.0,
OI000005953,O00001458,M0142,1,766.5,0.0,766.5,
OI000005954,O00001458,M0062,2,959.5,0.0,1919.0,
OI000005955,O00001459,M0005,1,451.5,0.0,451.5,
OI000005956,O00001459,M0001,3,1480.0,222.0,4218.0,
OI000005957,O00001459,M0006,1,1790.0,0.0,1790.0,
OI000005958,O00001459,M0020,1,1110.0,0.0,1110.0,
OI000005959,O00001459,M0015,2,1680.0,0.0,3360.0,
OI000005960,O00001460,M0126,2,1444.0,0.0,2888.0,
OI000005961,O00001461,M0047,1,1690.5,0.0,1690.5,
OI000005962,O00001461,M0123,1,740.0,0.0,740.0,
OI000005963,O00001461,M0200,1,1160.0,0.0,1160.0,
OI000005964,O00001461,M0010,1,430.0,0.0,430.0,
OI000005965,O00001461,M0028,1,870.0,0.0,870.0,
OI000005966,O00001462,M0076,1,693.0,0.0,693.0,Customer request
OI000005967,O00001462,M0033,1,310.0,0.0,310.0,
OI000005968,O00001462,M0012,3,570.0,0.0,1710.0,Customer request
OI000005969,O00001462,M0113,2,798.0,0.0,1596.0,
OI000005970,O00001463,M0145,2,1848.0,0.0,3696.0,Customer request
OI000005971,O00001463,M0009,3,1660.0,0.0,4980.0,
OI000005972,O00001463,M0009,2,1660.0,0.0,3320.0,
OI000005973,O00001463,M0043,1,1858.5,0.0,1858.5,
OI000005974,O00001464,M0113,2,840.0,252.0,1428.0,
OI000005975,O00001464,M0035,2,920.0,0.0,1840.0,
OI000005976,O00001464,M0001,1,1480.0,0.0,1480.0,
OI000005977,O00001465,M0010,1,451.5,0.0,451.5,
OI000005978,O00001465,M0032,1,788.5,0.0,788.5,
OI000005979,O00001465,M0085,1,1806.0,0.0,1806.0,
OI000005980,O00001465,M0098,1,1230.0,0.0,1230.0,
OI000005981,O00001465,M0090,1,1312.5,0.0,1312.5,
OI000005982,O00001466,M0002,1,546.0,0.0,546.0,
OI000005983,O00001466,M0053,1,1681.5,0.0,1681.5,
OI000005984,O00001466,M0022,2,1240.0,0.0,2480.0,
OI000005985,O00001466,M0011,2,1207.5,0.0,2415.0,
OI000005986,O00001466,M0117,1,1197.0,0.0,1197.0,
OI000005987,O00001466,M0015,1,1596.0,159.6,1436.4,
OI000005988,O00001466,M0004,1,1800.0,0.0,1800.0,
OI000005989,O00001466,M0073,1,420.0,0.0,420.0,
OI000005990,O00001466,M0003,1,1050.0,0.0,1050.0,
OI000005991,O00001467,M0010,1,430.0,0.0,430.0,
OI000005992,O00001467,M0024,4,580.0,0.0,2320.0,
OI000005993,O00001467,M0003,1,1050.0,0.0,1050.0,
OI000005994,O00001467,M0009,1,1660.0,0.0,1660.0,
OI000005995,O00001467,M0059,1,660.0,0.0,660.0,
OI000005996,O00001468,M0041,1,1482.0,0.0,1482.0,
OI000005997,O00001468,M0124,2,980.0,0.0,1960.0,
OI000005998,O00001469,M0003,1,1102.5,0.0,1102.5,
OI000005999,O00001469,M0132,2,1770.0,0.0,3540.0,Customer request
OI000006000,O00001469,M0001,1,1480.0,0.0,1480.0,
OI000006001,O00001470,M0087,2,1764.0,0.0,3528.0,
OI000006002,O00001470,M0005,1,408.5,0.0,408.5,
OI000006003,O00001470,M0150,1,300.0,0.0,300.0,
OI000006004,O00001470,M0001,1,1554.0,0.0,1554.0,
OI000006005,O00001470,M0046,1,1640.0,0.0,1640.0,
OI000006006,O00001471,M0001,1,1480.0,0.0,1480.0,
OI000006007,O00001471,M0085,1,1806.0,0.0,1806.0,
OI000006008,O00001471,M0001,1,1480.0,0.0,1480.0,
OI000006009,O00001471,M0082,1,590.0,0.0,590.0,
OI000006010,O00001471,M0110,1,1650.0,0.0,1650.0,
OI000006011,O00001472,M0146,1,250.0,0.0,250.0,
OI000006012,O00001472,M0015,1,1764.0,176.4,1587.6,
OI000006013,O00001472,M0039,2,1605.5,0.0,3211.0,
OI000006014,O00001473,M0084,1,1540.0,0.0,1540.0,
OI000006015,O00001473,M0115,2,1140.0,228.0,2052.0,
OI000006016,O00001473,M0101,2,522.5,0.0,1045.0,Customer request
OI000006017,O00001474,M0125,1,320.0,0.0,320.0,
OI000006018,O00001474,M0147,1,1040.0,0.0,1040.0,
OI000006019,O00001474,M0061,1,836.0,0.0,836.0,
OI000006020,O00001474,M0004,3,1800.0,0.0,5400.0,
OI000006021,O00001475,M0120,3,1740.0,0.0,5220.0,
OI000006022,O00001476,M0026,2,450.0,0.0,900.0,
OI000006023,O00001476,M0001,1,1480.0,222.0,1258.0,
OI000006024,O00001476,M0055,2,890.0,0.0,1780.0,
OI000006025,O00001476,M0082,3,619.5,0.0,1858.5,
OI000006026,O00001477,M0026,3,450.0,202.5,1147.5,
OI000006027,O00001477,M0033,3,294.5,0.0,883.5,
OI000006028,O00001478,M0040,2,408.5,0.0,817.0,
OI000006029,O00001478,M0007,1,1344.0,0.0,1344.0,
OI000006030,O00001478,M0016,1,1230.0,0.0,1230.0,
OI000006031,O00001478,M0109,1,1491.0,0.0,1491.0,
OI000006032,O00001479,M0001,2,1480.0,0.0,2960.0,
OI000006033,O00001479,M0041,1,1560.0,0.0,1560.0,
OI000006034,O00001480,M0001,1,1406.0,0.0,1406.0,
OI000006035,O00001480,M0005,1,430.0,0.0,430.0,
OI000006036,O00001480,M0016,1,1291.5,129.15,1162.35,
OI000006037,O00001480,M0004,1,1890.0,0.0,1890.0,
OI000006038,O00001480,M0126,1,1596.0,0.0,1596.0,
OI000006039,O00001481,M0135,1,1540.0,0.0,1540.0,
OI000006040,O00001482,M0003,1,1102.5,0.0,1102.5,Customer request
OI000006041,O00001482,M0145,3,1760.0,0.0,5280.0,
OI000006042,O00001483,M0006,3,1790.0,0.0,5370.0,
OI000006043,O00001483,M0001,1,1480.0,0.0,1480.0,
OI000006044,O00001483,M0085,1,1720.0,0.0,1720.0,
OI000006045,O00001483,M0034,5,1197.0,0.0,5985.0,
OI000006046,O00001484,M0031,1,1740.0,0.0,1740.0,
OI000006047,O00001484,M0001,2,1480.0,0.0,2960.0,Customer request
OI000006048,O00001484,M0188,1,290.0,0.0,290.0,
OI000006049,O00001484,M0119,3,228.0,0.0,684.0,
OI000006050,O00001485,M0182,1,1567.5,0.0,1567.5,
OI000006051,O00001485,M0007,1,1280.0,0.0,1280.0,
OI000006052,O00001486,M0050,2,800.0,0.0,1600.0,
OI000006053,O00001486,M0088,1,1140.0,0.0,1140.0,
OI000006054,O00001486,M0108,1,430.0,0.0,430.0,
OI000006055,O00001486,M0100,1,1790.0,0.0,1790.0,
OI000006056,O00001486,M0044,1,360.0,0.0,360.0,
OI000006057,O00001486,M0001,1,1480.0,0.0,1480.0,
OI000006058,O00001487,M0197,2,313.5,0.0,627.0,
OI000006059,O00001487,M0002,1,546.0,0.0,546.0,
OI000006060,O00001487,M0004,1,1800.0,0.0,1800.0,
OI000006061,O00001487,M0116,1,420.0,0.0,420.0,
OI000006062,O00001488,M0002,2,520.0,0.0,1040.0,
OI000006063,O00001488,M0005,1,430.0,0.0,430.0,
OI000006064,O00001488,M0001,2,1554.0,0.0,3108.0,
OI000006065,O00001489,M0003,1,1050.0,105.0,945.0,
OI000006066,O00001489,M0063,4,1210.0,0.0,4840.0,
OI000006067,O00001490,M0015,1,1764.0,0.0,1764.0,
OI000006068,O00001490,M0003,1,1050.0,0.0,1050.0,
OI000006069,O00001490,M0008,2,836.0,167.2,1504.8,
OI000006070,O00001490,M0091,1,350.0,0.0,350.0,
OI000006071,O00001490,M0041,3,1482.0,0.0,4446.0,
OI000006072,O00001490,M0028,4,870.0,0.0,3480.0,
OI000006073,O00001491,M0001,2,1554.0,0.0,3108.0,Customer request
OI000006074,O00001491,M0033,2,294.5,88.35,500.65,
OI000006075,O00001491,M0029,1,660.0,0.0,660.0,Customer request
OI000006076,O00001491,M0024,1,551.0,0.0,551.0,
OI000006077,O00001492,M0030,1,283.5,0.0,283.5,
OI000006078,O00001492,M0001,1,1480.0,0.0,1480.0,
OI000006079,O00001492,M0164,1,1270.0,0.0,1270.0,
OI000006080,O00001493,M0011,2,1092.5,327.75,1857.25,
OI000006081,O00001493,M0062,1,1060.5,0.0,1060.5,
OI000006082,O00001493,M0015,1,1680.0,252.0,1428.0,
OI000006083,O00001494,M0012,1,570.0,0.0,570.0,
OI000006084,O00001494,M0082,1,590.0,0.0,590.0,
OI000006085,O00001494,M0021,1,1187.5,0.0,1187.5,
OI000006086,O00001495,M0053,1,1770.0,0.0,1770.0,Customer request
OI000006087,O00001495,M0009,2,1743.0,0.0,3486.0,
OI000006088,O00001495,M0008,1,924.0,0.0,924.0,
OI000006089,O00001495,M0005,1,430.0,0.0,430.0,
OI000006090,O00001496,M0010,1,430.0,0.0,430.0,
OI000006091,O00001496,M0001,2,1480.0,0.0,2960.0,
OI000006092,O00001496,M0001,1,1480.0,0.0,1480.0,
OI000006093,O00001496,M0128,2,1070.0,107.0,2033.0,
OI000006094,O00001496,M0009,1,1660.0,0.0,1660.0,
OI000006095,O00001497,M0038,1,1320.0,66.0,1254.0,
OI000006096,O00001497,M0031,1,1740.0,0.0,1740.0,
OI000006097,O00001498,M0057,1,525.0,0.0,525.0,
OI000006098,O00001498,M0061,2,880.0,0.0,1760.0,
OI000006099,O00001498,M0015,1,1596.0,0.0,1596.0,
OI000006100,O00001499,M0003,2,997.5,0.0,1995.0,
OI000006101,O00001499,M0004,1,1800.0,0.0,1800.0,
OI000006102,O00001499,M0015,1,1680.0,0.0,1680.0,
OI000006103,O00001500,M0042,2,1210.0,0.0,2420.0,
OI000006104,O00001500,M0053,3,1770.0,0.0,5310.0,
OI000006105,O00001500,M0164,2,1270.0,0.0,2540.0,
OI000006106,O00001500,M0011,1,1207.5,0.0,1207.5,
OI000006107,O00001500,M0002,5,520.0,0.0,2600.0,
OI000006108,O00001501,M0038,4,1320.0,0.0,5280.0,
OI000006109,O00001501,M0001,2,1480.0,0.0,2960.0,
OI000006110,O00001502,M0004,1,1800.0,0.0,1800.0,
OI000006111,O00001502,M0041,1,1638.0,0.0,1638.0,
OI000006112,O00001502,M0160,1,1750.0,0.0,1750.0,
OI000006113,O00001502,M0005,1,430.0,0.0,430.0,
OI000006114,O00001502,M0015,3,1596.0,0.0,4788.0,
OI000006115,O00001502,M0024,1,580.0,0.0,580.0,
OI000006116,O00001503,M0175,1,674.5,0.0,674.5,
OI000006117,O00001503,M0085,1,1634.0,81.7,1552.3,
OI000006118,O00001504,M0013,2,1500.0,0.0,3000.0,
OI000006119,O00001504,M0008,1,880.0,0.0,880.0,
OI000006120,O00001504,M0034,2,1260.0,0.0,2520.0,
OI000006121,O00001504,M0017,2,730.0,0.0,1460.0,
OI000006122,O00001504,M0053,2,1770.0,0.0,3540.0,
OI000006123,O00001505,M0037,2,1610.0,483.0,2737.0,
OI000006124,O00001505,M0001,1,1480.0,0.0,1480.0,
OI000006125,O00001505,M0001,1,1406.0,0.0,1406.0,
OI000006126,O00001505,M0003,1,997.5,0.0,997.5,
OI000006127,O00001506,M0061,2,924.0,0.0,1848.0,
OI000006128,O00001506,M0188,1,290.0,0.0,290.0,
OI000006129,O00001506,M0025,1,260.0,26.0,234.0,
OI000006130,O00001506,M0003,2,1050.0,210.0,1890.0,
OI000006131,O00001506,M0052,1,710.0,106.5,603.5,
OI000006132,O00001506,M0055,1,890.0,0.0,890.0,
OI000006133,O00001507,M0091,1,367.5,0.0,367.5,
OI000006134,O00001507,M0077,2,1630.0,0.0,3260.0,
OI000006135,O00001507,M0071,1,630.0,0.0,630.0,
OI000006136,O00001507,M0082,1,590.0,0.0,590.0,
OI000006137,O00001507,M0114,1,640.0,0.0,640.0,
OI000006138,O00001508,M0146,1,250.0,0.0,250.0,
OI000006139,O00001508,M0001,1,1406.0,210.9,1195.1,
OI000006140,O00001509,M0065,1,807.5,40.38,767.12,Customer request
OI000006141,O00001509,M0168,3,1795.5,0.0,5386.5,
OI000006142,O00001509,M0092,5,845.5,0.0,4227.5,
OI000006143,O00001510,M0002,2,520.0,0.0,1040.0,
OI000006144,O00001510,M0085,2,1806.0,0.0,3612.0,
OI000006145,O00001510,M0007,1,1216.0,0.0,1216.0,
OI000006146,O00001510,M0004,1,1710.0,85.5,1624.5,
OI000006147,O00001510,M0005,1,430.0,0.0,430.0,
OI000006148,O00001510,M0185,1,1560.0,0.0,1560.0,
OI000006149,O00001511,M0063,1,1270.5,0.0,1270.5,
OI000006150,O00001511,M0188,1,275.5,0.0,275.5,
OI000006151,O00001512,M0125,3,320.0,0.0,960.0,
OI000006152,O00001512,M0160,3,1662.5,0.0,4987.5,
OI000006153,O00001513,M0041,2,1560.0,0.0,3120.0,
OI000006154,O00001513,M0014,1,1710.0,0.0,1710.0,
OI000006155,O00001513,M0086,1,1827.0,182.7,1644.3,
OI000006156,O00001513,M0001,1,1554.0,0.0,1554.0,
OI000006157,O00001513,M0060,4,1180.0,0.0,4720.0,
OI000006158,O00001513,M0176,2,1780.0,0.0,3560.0,
OI000006159,O00001514,M0125,1,304.0,45.6,258.4,
OI000006160,O00001514,M0004,2,1890.0,0.0,3780.0,
OI000006161,O00001514,M0003,2,997.5,0.0,1995.0,
OI000006162,O00001514,M0117,1,1140.0,0.0,1140.0,
OI000006163,O00001514,M0001,1,1554.0,233.1,1320.9,
OI000006164,O00001515,M0198,1,680.0,68.0,612.0,
OI000006165,O00001515,M0027,1,750.5,0.0,750.5,
OI000006166,O00001516,M0162,1,330.0,0.0,330.0,
OI000006167,O00001516,M0111,1,280.0,0.0,280.0,
OI000006168,O00001516,M0074,3,720.0,0.0,2160.0,
OI000006169,O00001516,M0005,1,451.5,0.0,451.5,
OI000006170,O00001516,M0002,1,520.0,0.0,520.0,
OI000006171,O00001516,M0063,1,1210.0,0.0,1210.0,
OI000006172,O00001517,M0004,1,1710.0,0.0,1710.0,
OI000006173,O00001517,M0118,1,1244.5,0.0,1244.5,
OI000006174,O00001517,M0001,1,1406.0,0.0,1406.0,
OI000006175,O00001517,M0035,1,874.0,0.0,874.0,
OI000006176,O00001517,M0021,1,1312.5,0.0,1312.5,
OI000006177,O00001518,M0160,1,1662.5,0.0,1662.5,
OI000006178,O00001518,M0148,2,1239.0,371.7,2106.3,Customer request
OI000006179,O00001518,M0080,1,913.5,0.0,913.5,
OI000006180,O00001519,M0091,1,350.0,52.5,297.5,
OI000006181,O00001519,M0076,1,693.0,69.3,623.7,
OI000006182,O00001519,M0067,2,1368.0,0.0,2736.0,
OI000006183,O00001519,M0199,1,440.0,22.0,418.0,
OI000006184,O00001519,M0085,1,1720.0,0.0,1720.0,
OI000006185,O00001519,M0171,2,1722.0,0.0,3444.0,
OI000006186,O00001520,M0023,2,580.0,0.0,1160.0,
OI000006187,O00001520,M0199,1,462.0,23.1,438.9,
OI000006188,O00001520,M0053,1,1858.5,0.0,1858.5,
OI000006189,O00001521,M0151,1,590.0,0.0,590.0,
OI000006190,O00001521,M0002,1,520.0,0.0,520.0,
OI000006191,O00001521,M0052,1,710.0,0.0,710.0,
OI000006192,O00001522,M0196,1,1590.0,0.0,1590.0,
OI000006193,O00001522,M0001,2,1406.0,0.0,2812.0,
OI000006194,O00001522,M0171,1,1722.0,0.0,1722.0,
OI000006195,O00001522,M0003,1,1050.0,105.0,945.0,
OI000006196,O00001522,M0198,3,680.0,0.0,2040.0,
OI000006197,O00001523,M0009,2,1660.0,0.0,3320.0,
OI000006198,O00001523,M0104,1,200.0,0.0,200.0,Customer request
OI000006199,O00001523,M0001,1,1480.0,148.0,1332.0,
OI000006200,O00001523,M0009,1,1660.0,0.0,1660.0,
OI000006201,O00001523,M0050,2,800.0,0.0,1600.0,
OI000006202,O00001524,M0006,1,1790.0,0.0,1790.0,
OI000006203,O00001524,M0093,2,930.0,0.0,1860.0,
OI000006204,O00001524,M0068,2,920.0,0.0,1840.0,
OI000006205,O00001524,M0195,1,230.0,0.0,230.0,
OI000006206,O00001525,M0046,1,1640.0,0.0,1640.0,
OI000006207,O00001525,M0096,1,730.0,0.0,730.0,
OI000006208,O00001525,M0001,2,1480.0,0.0,2960.0,
OI000006209,O00001525,M0001,1,1480.0,0.0,1480.0,
OI000006210,O00001525,M0046,1,1722.0,0.0,1722.0,
OI000006211,O00001525,M0192,1,513.0,51.3,461.7,Customer request
OI000006212,O00001525,M0008,1,880.0,0.0,880.0,Customer request
OI000006213,O00001526,M0001,2,1480.0,0.0,2960.0,
OI000006214,O00001526,M0013,2,1500.0,0.0,3000.0,
OI000006215,O00001526,M0086,1,1827.0,0.0,1827.0,
OI000006216,O00001526,M0108,1,430.0,0.0,430.0,Customer request
OI000006217,O00001526,M0100,1,1700.5,0.0,1700.5,Customer request
OI000006218,O00001527,M0002,1,520.0,0.0,520.0,
OI000006219,O00001527,M0096,1,730.0,0.0,730.0,
OI000006220,O00001528,M0002,2,520.0,0.0,1040.0,
OI000006221,O00001528,M0193,1,522.5,0.0,522.5,
OI000006222,O00001529,M0016,1,1291.5,0.0,1291.5,
OI000006223,O00001529,M0072,1,1340.0,0.0,1340.0,
OI000006224,O00001529,M0029,1,660.0,0.0,660.0,
OI000006225,O00001529,M0007,1,1216.0,0.0,1216.0,
OI000006226,O00001529,M0052,1,674.5,0.0,674.5,
OI000006227,O00001530,M0001,1,1480.0,0.0,1480.0,
OI000006228,O00001530,M0032,1,788.5,0.0,788.5,
OI000006229,O00001530,M0001,4,1480.0,0.0,5920.0,
OI000006230,O00001530,M0043,1,1770.0,0.0,1770.0,
OI000006231,O00001530,M0025,2,260.0,0.0,520.0,
OI000006232,O00001530,M0146,1,250.0,0.0,250.0,
OI000006233,O00001531,M0182,2,1650.0,0.0,3300.0,
OI000006234,O00001531,M0061,2,880.0,0.0,1760.0,Customer request
OI000006235,O00001531,M0004,1,1800.0,0.0,1800.0,
OI000006236,O00001531,M0035,2,920.0,0.0,1840.0,
OI000006237,O00001532,M0001,2,1406.0,281.2,2530.8,
OI000006238,O00001532,M0095,2,230.0,0.0,460.0,
OI000006239,O00001532,M0001,1,1480.0,0.0,1480.0,
OI000006240,O00001532,M0110,2,1567.5,0.0,3135.0,
OI000006241,O00001532,M0008,1,880.0,0.0,880.0,
OI000006242,O00001532,M0007,1,1280.0,0.0,1280.0,
OI000006243,O00001532,M0002,1,520.0,0.0,520.0,
OI000006244,O00001532,M0070,2,1711.5,0.0,3423.0,
OI000006245,O00001533,M0015,2,1680.0,0.0,3360.0,
OI000006246,O00001533,M0002,1,520.0,26.0,494.0,
OI000006247,O00001533,M0012,1,570.0,0.0,570.0,
OI000006248,O00001534,M0159,1,1040.0,0.0,1040.0,
OI000006249,O00001534,M0001,2,1480.0,0.0,2960.0,
OI000006250,O00001534,M0066,2,580.0,0.0,1160.0,
OI000006251,O00001535,M0032,1,830.0,124.5,705.5,
OI000006252,O00001535,M0049,1,1522.5,228.38,1294.12,
OI000006253,O00001535,M0018,1,1200.0,0.0,1200.0,
OI000006254,O00001535,M0029,2,693.0,0.0,1386.0,
OI000006255,O00001535,M0093,1,883.5,0.0,883.5,
OI000006256,O00001535,M0029,1,660.0,33.0,627.0,
OI000006257,O00001535,M0016,5,1230.0,0.0,6150.0,
OI000006258,O00001535,M0009,1,1660.0,0.0,1660.0,
OI000006259,O00001536,M0025,2,260.0,0.0,520.0,
OI000006260,O00001536,M0045,3,1080.0,0.0,3240.0,
OI000006261,O00001536,M0016,1,1291.5,0.0,1291.5,
OI000006262,O00001537,M0149,2,920.0,276.0,1564.0,
OI000006263,O00001537,M0198,1,680.0,68.0,612.0,
OI000006264,O00001537,M0005,1,430.0,0.0,430.0,
OI000006265,O00001538,M0060,1,1121.0,0.0,1121.0,
OI000006266,O00001538,M0005,1,430.0,0.0,430.0,
OI000006267,O00001538,M0038,2,1320.0,0.0,2640.0,
OI000006268,O00001539,M0018,1,1260.0,0.0,1260.0,
OI000006269,O00001539,M0007,1,1344.0,0.0,1344.0,
OI000006270,O00001539,M0013,1,1425.0,0.0,1425.0,
OI000006271,O00001539,M0002,2,520.0,156.0,884.0,
OI000006272,O00001540,M0002,2,494.0,0.0,988.0,Customer request
OI000006273,O00001540,M0025,1,247.0,0.0,247.0,
OI000006274,O00001540,M0113,1,840.0,0.0,840.0,
OI000006275,O00001541,M0070,1,1711.5,0.0,1711.5,
OI000006276,O00001541,M0049,1,1522.5,76.12,1446.38,
OI000006277,O00001541,M0021,2,1312.5,131.25,2493.75,
OI000006278,O00001542,M0027,2,829.5,248.85,1410.15,
OI000006279,O00001542,M0001,1,1554.0,0.0,1554.0,
OI000006280,O00001542,M0168,1,1624.5,0.0,1624.5,
OI000006281,O00001542,M0011,1,1150.0,0.0,1150.0,
OI000006282,O00001543,M0155,1,530.0,0.0,530.0,
OI000006283,O00001543,M0079,2,1050.0,0.0,2100.0,
OI000006284,O00001543,M0042,2,1149.5,0.0,2299.0,
OI000006285,O00001544,M0024,3,580.0,0.0,1740.0,
OI000006286,O00001544,M0012,3,541.5,162.45,1462.05,
OI000006287,O00001544,M0058,1,1350.0,0.0,1350.0,
OI000006288,O00001545,M0184,1,1040.0,0.0,1040.0,
OI000006289,O00001545,M0108,2,408.5,0.0,817.0,
OI000006290,O00001545,M0018,2,1140.0,114.0,2166.0,
OI000006291,O00001545,M0029,1,660.0,0.0,660.0,
OI000006292,O00001545,M0027,5,829.5,0.0,4147.5,
OI000006293,O00001546,M0008,1,880.0,0.0,880.0,
OI000006294,O00001546,M0125,1,320.0,0.0,320.0,
OI000006295,O00001546,M0072,1,1340.0,0.0,1340.0,
OI000006296,O00001547,M0049,1,1450.0,0.0,1450.0,
OI000006297,O00001547,M0022,1,1302.0,0.0,1302.0,
OI000006298,O00001547,M0007,1,1280.0,0.0,1280.0,
OI000006299,O00001547,M0059,2,693.0,69.3,1316.7,
OI000006300,O00001547,M0006,1,1790.0,0.0,1790.0,
OI000006301,O00001547,M0001,2,1480.0,0.0,2960.0,
OI000006302,O00001547,M0001,2,1554.0,0.0,3108.0,
OI000006303,O00001548,M0073,1,441.0,0.0,441.0,Customer request
OI000006304,O00001548,M0016,1,1230.0,0.0,1230.0,
OI000006305,O00001548,M0005,3,430.0,0.0,1290.0,
OI000006306,O00001548,M0007,2,1280.0,0.0,2560.0,
OI000006307,O00001548,M0031,2,1827.0,0.0,3654.0,
OI000006308,O00001548,M0151,1,-100.0,59.0,531.0,
OI000006309,O00001548,M0008,1,880.0,44.0,836.0,
OI000006310,O00001549,M0062,3,1010.0,0.0,3030.0,
OI000006311,O00001549,M0116,1,399.0,0.0,399.0,
OI000006312,O00001550,M0030,1,270.0,0.0,270.0,
OI000006313,O00001550,M0001,2,1480.0,0.0,2960.0,
OI000006314,O00001551,M0105,2,1244.5,124.45,2364.55,
OI000006315,O00001551,M0139,1,1770.0,0.0,1770.0,
OI000006316,O00001551,M0001,3,1406.0,0.0,4218.0,Customer request
OI000006317,O00001551,M0002,1,520.0,0.0,520.0,
OI000006318,O00001551,M0002,2,546.0,0.0,1092.0,
OI000006319,O00001551,M0006,1,1790.0,0.0,1790.0,
OI000006320,O00001551,M0031,1,1740.0,0.0,1740.0,
OI000006321,O00001552,M0001,3,1406.0,0.0,4218.0,
OI000006322,O00001552,M0004,2,1800.0,180.0,3420.0,
OI000006323,O00001552,M0019,1,630.0,0.0,630.0,
OI000006324,O00001552,M0057,1,475.0,0.0,475.0,
OI000006325,O00001552,M0153,4,1760.0,0.0,7040.0,Customer request
OI000006326,O00001552,M0118,1,1310.0,0.0,1310.0,
OI000006327,O00001553,M0001,5,1480.0,0.0,7400.0,
OI000006328,O00001553,M0182,1,1650.0,0.0,1650.0,
OI000006329,O00001553,M0008,1,880.0,0.0,880.0,
OI000006330,O00001553,M0015,1,1680.0,168.0,1512.0,
OI000006331,O00001553,M0001,1,1406.0,0.0,1406.0,
OI000006332,O00001554,M0166,1,370.0,0.0,370.0,
OI000006333,O00001554,M0039,1,1690.0,0.0,1690.0,
OI000006334,O00001554,M0034,1,1260.0,0.0,1260.0,
OI000006335,O00001555,M0001,1,1480.0,0.0,1480.0,
OI000006336,O00001555,M0001,4,1554.0,0.0,6216.0,Customer request
OI000006337,O00001555,M0069,1,1170.0,117.0,1053.0,
OI000006338,O00001556,M0029,4,660.0,0.0,2640.0,
OI000006339,O00001556,M0033,1,325.5,0.0,325.5,
OI000006340,O00001556,M0061,1,924.0,92.4,831.6,
OI000006341,O00001557,M0003,1,1102.5,0.0,1102.5,Customer request
OI000006342,O00001557,M0200,1,1160.0,0.0,1160.0,
OI000006343,O00001558,M0002,1,494.0,74.1,419.9,
OI000006344,O00001558,M0008,1,880.0,0.0,880.0,
OI000006345,O00001559,M0073,1,399.0,0.0,399.0,
OI000006346,O00001559,M0034,1,1260.0,0.0,1260.0,
OI000006347,O00001559,M0002,1,494.0,0.0,494.0,
OI000006348,O00001559,M0098,1,1168.5,116.85,1051.65,
OI000006349,O00001560,M0184,2,1040.0,0.0,2080.0,
OI000006350,O00001560,M0028,1,870.0,0.0,870.0,Customer request
OI000006351,O00001560,M0007,1,1216.0,0.0,1216.0,
OI000006352,O00001561,M0002,3,520.0,0.0,1560.0,
OI000006353,O00001561,M0005,1,430.0,0.0,430.0,
OI000006354,O00001562,M0011,2,1092.5,0.0,2185.0,
OI000006355,O00001562,M0004,3,1800.0,0.0,5400.0,
OI000006356,O00001562,M0070,3,1711.5,0.0,5134.5,
OI000006357,O00001563,M0001,1,1406.0,0.0,1406.0,
OI000006358,O00001563,M0020,1,1110.0,0.0,1110.0,
OI000006359,O00001563,M0016,1,1168.5,0.0,1168.5,
OI000006360,O00001563,M0138,4,700.0,0.0,2800.0,
OI000006361,O00001563,M0008,2,880.0,0.0,1760.0,
OI000006362,O00001563,M0046,2,1640.0,0.0,3280.0,
OI000006363,O00001564,M0001,1,1480.0,74.0,1406.0,
OI000006364,O00001564,M0156,1,1216.0,0.0,1216.0,
OI000006365,O00001564,M0058,1,1350.0,67.5,1282.5,
OI000006366,O00001564,M0104,1,200.0,0.0,200.0,
OI000006367,O00001565,M0043,1,1770.0,0.0,1770.0,
OI000006368,O00001565,M0113,1,840.0,0.0,840.0,
OI000006369,O00001565,M0002,2,520.0,0.0,1040.0,
OI000006370,O00001565,M0077,1,1630.0,0.0,1630.0,
OI000006371,O00001565,M0003,1,1050.0,0.0,1050.0,
OI000006372,O00001565,M0045,1,1080.0,0.0,1080.0,
OI000006373,O00001566,M0192,2,540.0,0.0,1080.0,
OI000006374,O00001566,M0004,2,1800.0,0.0,3600.0,
OI000006375,O00001567,M0007,2,1344.0,0.0,2688.0,
OI000006376,O00001567,M0005,1,408.5,0.0,408.5,
OI000006377,O00001567,M0020,1,1110.0,0.0,1110.0,
OI000006378,O00001567,M0030,1,270.0,0.0,270.0,
OI000006379,O00001568,M0003,2,1102.5,0.0,2205.0,
OI000006380,O00001568,M0001,1,1480.0,74.0,1406.0,
OI000006381,O00001568,M0013,2,1500.0,0.0,3000.0,
OI000006382,O00001568,M0017,1,730.0,0.0,730.0,
OI000006383,O00001568,M0017,1,693.5,0.0,693.5,
OI000006384,O00001568,M0065,1,850.0,0.0,850.0,
OI000006385,O00001569,M0024,1,580.0,0.0,580.0,
OI000006386,O00001569,M0002,2,520.0,0.0,1040.0,
OI000006387,O00001569,M0164,1,1270.0,0.0,1270.0,
OI000006388,O00001569,M0075,2,1710.0,0.0,3420.0,
OI000006389,O00001570,M0005,2,430.0,0.0,860.0,
OI000006390,O00001570,M0165,1,540.0,0.0,540.0,
OI000006391,O00001570,M0196,4,1590.0,0.0,6360.0,Customer request
OI000006392,O00001571,M0005,1,408.5,0.0,408.5,
OI000006393,O00001571,M0017,1,730.0,0.0,730.0,
OI000006394,O00001571,M0001,5,1406.0,0.0,8029.0,Customer request
OI000006395,O00001571,M0029,1,693.0,0.0,693.0,Customer request
OI000006396,O00001572,M0102,3,456.0,0.0,1368.0,
OI000006397,O00001572,M0150,3,300.0,135.0,765.0,Customer request
OI000006398,O00001572,M0039,2,1605.5,160.55,3050.45,
OI000006399,O00001572,M0012,1,598.5,0.0,598.5,
OI000006400,O00001573,M0045,1,1080.0,0.0,1080.0,
OI000006401,O00001573,M0002,1,520.0,0.0,520.0,
OI000006402,O00001573,M0120,1,1653.0,0.0,1653.0,
OI000006403,O00001573,M0035,1,966.0,0.0,966.0,
OI000006404,O00001574,M0191,1,1150.0,0.0,1150.0,
OI000006405,O00001574,M0019,2,661.5,0.0,1323.0,
OI000006406,O00001574,M0062,4,959.5,0.0,3838.0,
OI000006407,O00001574,M0013,2,1500.0,0.0,3000.0,
OI000006408,O00001575,M0003,1,1050.0,0.0,1050.0,
OI000006409,O00001575,M0091,1,367.5,0.0,367.5,
OI000006410,O00001575,M0067,5,1368.0,0.0,6840.0,
OI000006411,O00001575,M0100,1,1879.5,0.0,1879.5,
OI000006412,O00001575,M0189,1,1425.0,0.0,1425.0,
OI000006413,O00001576,M0197,1,330.0,0.0,330.0,
OI000006414,O00001576,M0162,1,330.0,0.0,330.0,Customer request
OI000006415,O00001576,M0146,1,250.0,0.0,250.0,
OI000006416,O00001576,M0010,2,430.0,0.0,860.0,
OI000006417,O00001576,M0027,2,790.0,0.0,1580.0,
OI000006418,O00001576,M0001,1,1406.0,0.0,1406.0,
OI000006419,O00001577,M0070,3,1630.0,0.0,4890.0,
OI000006420,O00001577,M0039,1,1690.0,0.0,1690.0,
OI000006421,O00001577,M0076,1,627.0,0.0,627.0,
OI000006422,O00001577,M0069,1,1170.0,0.0,1170.0,
OI000006423,O00001578,M0008,2,880.0,0.0,1760.0,
OI000006424,O00001578,M0026,1,472.5,0.0,472.5,
OI000006425,O00001578,M0002,1,520.0,0.0,520.0,
OI000006426,O00001578,M0002,1,494.0,0.0,494.0,
OI000006427,O00001578,M0026,1,450.0,0.0,450.0,Customer request
OI000006428,O00001578,M0041,1,1560.0,0.0,1560.0,
OI000006429,O00001578,M0011,1,1150.0,0.0,1150.0,
OI000006430,O00001578,M0001,1,1554.0,0.0,1554.0,
OI000006431,O00001579,M0064,1,399.0,0.0,399.0,
OI000006432,O00001579,M0068,1,874.0,0.0,874.0,
OI000006433,O00001579,M0012,1,570.0,0.0,570.0,
OI000006434,O00001580,M0001,1,1554.0,233.1,1320.9,
OI000006435,O00001580,M0058,1,1350.0,0.0,1350.0,
OI000006436,O00001580,M0001,1,1406.0,0.0,1406.0,
OI000006437,O00001580,M0006,1,1700.5,0.0,1700.5,
OI000006438,O00001580,M0007,3,1216.0,0.0,3648.0,
OI000006439,O00001581,M0008,1,924.0,0.0,924.0,
OI000006440,O00001581,M0053,1,1770.0,0.0,1770.0,
OI000006441,O00001581,M0002,1,520.0,0.0,520.0,
OI000006442,O00001582,M0060,1,1180.0,0.0,1180.0,
OI000006443,O00001582,M0029,1,660.0,0.0,660.0,
OI000006444,O00001583,M0014,2,1624.5,162.45,3086.55,
OI000006445,O00001583,M0051,2,750.0,0.0,1500.0,
OI000006446,O00001583,M0136,1,740.0,0.0,740.0,
OI000006447,O00001583,M0039,1,1605.5,0.0,1605.5,Customer request
OI000006448,O00001584,M0003,1,1102.5,0.0,1102.5,
OI000006449,O00001584,M0041,1,1560.0,0.0,1560.0,
OI000006450,O00001584,M0025,4,273.0,0.0,1092.0,
OI000006451,O00001584,M0168,4,1710.0,0.0,6840.0,
OI000006452,O00001584,M0048,1,1580.0,0.0,1580.0,
OI000006453,O00001584,M0001,1,1480.0,0.0,1480.0,
OI000006454,O00001585,M0002,2,520.0,0.0,1040.0,
OI000006455,O00001585,M0037,1,1610.0,0.0,1610.0,
OI000006456,O00001585,M0105,1,1375.5,0.0,1375.5,
OI000006457,O00001585,M0002,2,520.0,0.0,1040.0,
OI000006458,O00001585,M0043,1,1858.5,0.0,1858.5,
OI000006459,O00001586,M0025,1,260.0,0.0,260.0,
OI000006460,O00001586,M0015,1,1596.0,0.0,1596.0,
OI000006461,O00001586,M0002,2,520.0,0.0,1040.0,
OI000006462,O00001587,M0139,3,1858.5,0.0,5575.5,Customer request
OI000006463,O00001587,M0094,1,630.0,0.0,630.0,
OI000006464,O00001587,M0158,1,710.0,0.0,710.0,
OI000006465,O00001587,M0004,4,1800.0,0.0,7200.0,
OI000006466,O00001588,M0044,1,360.0,0.0,360.0,Customer request
OI000006467,O00001588,M0001,1,1480.0,148.0,1332.0,
OI000006468,O00001589,M0004,1,1710.0,0.0,1710.0,
OI000006469,O00001589,M0103,4,1150.0,0.0,4600.0,
OI000006470,O00001589,M0009,1,1743.0,0.0,1743.0,
OI000006471,O00001589,M0005,3,451.5,0.0,1354.5,
OI000006472,O00001589,M0038,1,1320.0,0.0,1320.0,
OI000006473,O00001589,M0062,2,1010.0,303.0,1717.0,
OI000006474,O00001590,M0052,1,674.5,0.0,674.5,
OI000006475,O00001590,M0002,1,546.0,54.6,491.4,
OI000006476,O00001590,M0163,2,1459.5,0.0,2919.0,
OI000006477,O00001590,M0004,1,1710.0,85.5,1624.5,
OI000006478,O00001590,M0161,2,389.5,0.0,779.0,
OI000006479,O00001590,M0029,1,660.0,0.0,660.0,
OI000006480,O00001590,M0002,1,494.0,0.0,494.0,
OI000006481,O00001591,M0003,2,1050.0,0.0,2100.0,
OI000006482,O00001591,M0022,1,1302.0,0.0,1302.0,Customer request
OI000006483,O00001591,M0199,1,440.0,0.0,440.0,
OI000006484,O00001591,M0142,1,730.0,0.0,730.0,
OI000006485,O00001592,M0189,2,1500.0,0.0,3000.0,
OI000006486,O00001592,M0025,1,260.0,0.0,260.0,
OI000006487,O00001592,M0069,2,1170.0,0.0,2340.0,
OI000006488,O00001593,M0035,2,874.0,0.0,1748.0,
OI000006489,O00001593,M0001,1,1406.0,0.0,1406.0,Customer request
OI000006490,O00001593,M0003,1,997.5,0.0,997.5,
OI000006491,O00001594,M0009,2,1577.0,0.0,3154.0,
OI000006492,O00001594,M0011,2,1150.0,115.0,2185.0,Customer request
OI000006493,O00001594,M0073,2,420.0,0.0,840.0,
OI000006494,O00001594,M0080,1,870.0,0.0,870.0,
OI000006495,O00001594,M0025,1,260.0,0.0,260.0,
OI000006496,O00001594,M0017,1,730.0,73.0,657.0,
OI000006497,O00001595,M0004,1,1800.0,0.0,1800.0,
OI000006498,O00001595,M0001,1,1480.0,0.0,1480.0,
OI000006499,O00001596,M0047,1,1610.0,0.0,1610.0,
OI000006500,O00001596,M0014,2,1624.5,487.35,2761.65,
OI000006501,O00001596,M0028,1,913.5,0.0,913.5,
OI000006502,O00001597,M0149,1,920.0,0.0,920.0,
OI000006503,O00001597,M0066,1,580.0,0.0,580.0,
OI000006504,O00001597,M0099,1,541.5,0.0,541.5,
OI000006505,O00001598,M0004,1,1890.0,0.0,1890.0,Customer request
OI000006506,O00001598,M0001,1,1480.0,0.0,1480.0,
OI000006507,O00001598,M0003,3,1050.0,0.0,3150.0,
OI000006508,O00001598,M0095,1,230.0,0.0,230.0,
OI000006509,O00001599,M0024,1,580.0,0.0,580.0,
OI000006510,O00001599,M0005,1,430.0,0.0,430.0,
OI000006511,O00001599,M0179,1,1440.0,0.0,1440.0,
OI000006512,O00001599,M0030,2,270.0,27.0,513.0,
OI000006513,O00001600,M0016,4,1168.5,0.0,4674.0,
OI000006514,O00001600,M0188,1,304.5,0.0,304.5,
OI000006515,O00001600,M0003,1,1050.0,0.0,1050.0,
OI000006516,O00001600,M0050,2,800.0,240.0,1360.0,
OI000006517,O00001600,M0089,3,1150.0,0.0,3450.0,
OI000006518,O00001601,M0168,1,1710.0,0.0,1710.0,
OI000006519,O00001601,M0120,3,1740.0,783.0,4437.0,
OI000006520,O00001601,M0009,1,1660.0,0.0,1660.0,
OI000006521,O00001601,M0008,5,880.0,0.0,4400.0,Customer request
OI000006522,O00001601,M0002,1,520.0,0.0,520.0,
OI000006523,O00001602,M0004,2,1710.0,0.0,3420.0,
OI000006524,O00001602,M0083,1,540.0,0.0,540.0,
OI000006525,O00001603,M0009,2,1660.0,166.0,3154.0,
OI000006526,O00001604,M0024,3,551.0,0.0,1653.0,
OI000006527,O00001604,M0072,1,1273.0,190.95,1082.05,
OI000006528,O00001604,M0065,1,850.0,0.0,850.0,
OI000006529,O00001604,M0104,1,200.0,0.0,200.0,
OI000006530,O00001604,M0001,1,1480.0,0.0,1480.0,
OI000006531,O00001605,M0044,1,360.0,0.0,360.0,
OI000006532,O00001605,M0145,1,1760.0,0.0,1760.0,
OI000006533,O00001605,M0016,2,1230.0,0.0,2460.0,
OI000006534,O00001606,M0005,1,430.0,0.0,430.0,
OI000006535,O00001606,M0001,1,1480.0,0.0,1480.0,
OI000006536,O00001606,M0168,2,1624.5,0.0,3249.0,
OI000006537,O00001606,M0001,1,1480.0,0.0,1480.0,
OI000006538,O00001607,M0104,1,200.0,0.0,200.0,
OI000006539,O00001607,M0008,1,924.0,0.0,924.0,
OI000006540,O00001607,M0007,1,1280.0,0.0,1280.0,
OI000006541,O00001607,M0003,1,1050.0,0.0,1050.0,
OI000006542,O00001607,M0005,1,430.0,0.0,430.0,
OI000006543,O00001608,M0034,1,1323.0,66.15,1256.85,
OI000006544,O00001608,M0137,2,1681.5,0.0,3363.0,
OI000006545,O00001608,M0016,1,1230.0,0.0,1230.0,
OI000006546,O00001608,M0088,1,1140.0,0.0,1140.0,
OI000006547,O00001609,M0007,1,1280.0,0.0,1280.0,
OI000006548,O00001609,M0150,1,300.0,0.0,300.0,
OI000006549,O00001609,M0155,1,556.5,0.0,556.5,
OI000006550,O00001609,M0002,1,520.0,0.0,520.0,
OI000006551,O00001609,M0122,1,470.0,0.0,470.0,
OI000006552,O00001609,M0075,1,1710.0,0.0,1710.0,
OI000006553,O00001610,M0018,2,1200.0,0.0,2400.0,
OI000006554,O00001610,M0120,1,1653.0,0.0,1653.0,
OI000006555,O00001611,M0150,1,300.0,0.0,300.0,
OI000006556,O00001611,M0031,1,1653.0,0.0,1653.0,
OI000006557,O00001611,M0033,2,310.0,0.0,620.0,
OI000006558,O00001611,M0076,2,660.0,0.0,1320.0,Customer request
OI000006559,O00001611,M0007,2,1344.0,0.0,2688.0,
OI000006560,O00001612,M0001,3,1480.0,0.0,4440.0,
OI000006561,O00001612,M0036,2,1790.0,0.0,3580.0,
OI000006562,O00001612,M0012,1,541.5,81.22,460.28,
OI000006563,O00001612,M0002,1,494.0,0.0,494.0,
OI000006564,O00001612,M0003,2,997.5,0.0,1995.0,
OI000006565,O00001613,M0005,2,451.5,0.0,903.0,
OI000006566,O00001613,M0013,3,1425.0,641.25,3633.75,
OI000006567,O00001613,M0023,2,580.0,0.0,1160.0,
OI000006568,O00001614,M0176,1,1780.0,0.0,1780.0,
OI000006569,O00001614,M0029,1,693.0,0.0,693.0,
OI000006570,O00001614,M0155,1,530.0,0.0,530.0,
OI000006571,O00001614,M0039,1,1774.5,0.0,1774.5,
OI000006572,O00001614,M0003,1,1102.5,0.0,1102.5,
OI000006573,O00001614,M0123,2,777.0,0.0,1554.0,
OI000006574,O00001615,M0001,2,1480.0,0.0,2960.0,
OI000006575,O00001615,M0042,1,1210.0,0.0,1210.0,
OI000006576,O00001615,M0013,1,1500.0,0.0,1500.0,
OI000006577,O00001615,M0023,1,609.0,0.0,609.0,
OI000006578,O00001615,M0106,1,940.0,0.0,940.0,
OI000006579,O00001615,M0001,2,1480.0,148.0,2812.0,
OI000006580,O00001616,M0004,1,1800.0,180.0,1620.0,
OI000006581,O00001616,M0112,1,610.0,0.0,610.0,
OI000006582,O00001616,M0039,1,1774.5,0.0,1774.5,
OI000006583,O00001616,M0008,1,880.0,0.0,880.0,
OI000006584,O00001616,M0031,1,1653.0,0.0,1653.0,
OI000006585,O00001616,M0019,2,598.5,0.0,1197.0,
OI000006586,O00001617,M0096,1,766.5,0.0,766.5,
OI000006587,O00001617,M0092,2,890.0,0.0,1780.0,
OI000006588,O00001617,M0026,2,450.0,0.0,900.0,
OI000006589,O00001617,M0009,1,1660.0,83.0,1577.0,
OI000006590,O00001617,M0001,1,1554.0,155.4,1398.6,
OI000006591,O00001617,M0028,1,870.0,0.0,870.0,
OI000006592,O00001617,M0048,1,1580.0,0.0,1580.0,
OI000006593,O00001618,M0051,3,750.0,0.0,2250.0,
OI000006594,O00001618,M0134,2,730.0,73.0,1387.0,
OI000006595,O00001618,M0027,1,790.0,0.0,790.0,
OI000006596,O00001618,M0080,1,870.0,0.0,870.0,
OI000006597,O00001619,M0003,1,1050.0,0.0,1050.0,
OI000006598,O00001619,M0094,1,598.5,0.0,598.5,
OI000006599,O00001620,M0024,2,580.0,116.0,2043.0,
OI000006600,O00001620,M0073,1,420.0,0.0,420.0,
OI000006601,O00001620,M0120,2,1740.0,0.0,3480.0,
OI000006602,O00001620,M0007,4,1216.0,0.0,4864.0,
OI000006603,O00001621,M0065,1,807.5,0.0,807.5,
OI000006604,O00001621,M0002,1,520.0,0.0,520.0,
OI000006605,O00001621,M0002,2,546.0,0.0,1092.0,
OI000006606,O00001621,M0009,1,1660.0,0.0,1660.0,
OI000006607,O00001621,M0003,1,1050.0,0.0,1050.0,
OI000006608,O00001622,M0025,4,260.0,0.0,1040.0,
OI000006609,O00001622,M0134,2,730.0,0.0,1460.0,
OI000006610,O00001622,M0001,1,1406.0,0.0,1406.0,
OI000006611,O00001622,M0015,1,1680.0,0.0,1680.0,
OI000006612,O00001622,M0005,1,430.0,64.5,365.5,
OI000006613,O00001622,M0026,2,472.5,0.0,945.0,
OI000006614,O00001623,M0057,1,525.0,0.0,525.0,
OI000006615,O00001623,M0128,1,1070.0,0.0,1070.0,
OI000006616,O00001624,M0001,1,1480.0,0.0,1480.0,
OI000006617,O00001624,M0043,3,1770.0,0.0,5310.0,
OI000006618,O00001624,M0071,2,598.5,0.0,1197.0,
OI000006619,O00001625,M0003,2,1050.0,210.0,1890.0,
OI000006620,O00001625,M0167,2,560.0,0.0,1120.0,
OI000006621,O00001625,M0002,3,494.0,0.0,1482.0,
OI000006622,O00001625,M0012,1,570.0,0.0,570.0,
OI000006623,O00001626,M0007,2,1344.0,0.0,2688.0,
OI000006624,O00001626,M0001,2,1554.0,0.0,3108.0,
OI000006625,O00001626,M0074,2,720.0,0.0,1440.0,
OI000006626,O00001627,M0033,1,310.0,0.0,310.0,Customer request
OI000006627,O00001627,M0022,2,1302.0,0.0,2604.0,
OI000006628,O00001627,M0005,1,430.0,0.0,430.0,
OI000006629,O00001627,M0024,1,580.0,0.0,580.0,
OI000006630,O00001627,M0149,4,874.0,0.0,3496.0,
OI000006631,O00001627,M0014,2,1710.0,0.0,3420.0,
OI000006632,O00001627,M0033,2,325.5,0.0,651.0,
OI000006633,O00001627,M0162,1,330.0,0.0,330.0,
OI000006634,O00001628,M0072,2,1407.0,281.4,2532.6,
OI000006635,O00001628,M0001,3,1406.0,0.0,4218.0,
OI000006636,O00001629,M0013,1,1500.0,0.0,1500.0,
OI000006637,O00001629,M0187,1,870.0,0.0,870.0,
OI000006638,O00001629,M0133,2,1050.0,0.0,2100.0,
OI000006639,O00001630,M0140,3,1590.0,0.0,4770.0,
OI000006640,O00001630,M0165,1,567.0,0.0,567.0,
OI000006641,O00001630,M0057,1,500.0,25.0,475.0,
OI000006642,O00001630,M0100,1,1700.5,0.0,1700.5,
OI000006643,O00001630,M0062,1,959.5,0.0,959.5,Customer request
OI000006644,O00001630,M0036,1,1790.0,0.0,1790.0,
OI000006645,O00001631,M0035,5,920.0,0.0,4600.0,
OI000006646,O00001631,M0001,1,1480.0,0.0,1480.0,
OI000006647,O00001631,M0006,1,1790.0,268.5,1521.5,
OI000006648,O00001631,M0001,5,1406.0,0.0,7030.0,
OI000006649,O00001631,M0024,1,580.0,0.0,580.0,
OI000006650,O00001631,M0081,2,920.0,0.0,1840.0,
OI000006651,O00001632,M0167,4,532.0,0.0,2128.0,
OI000006652,O00001632,M0001,2,1480.0,444.0,2516.0,
OI000006653,O00001633,M0030,3,256.5,0.0,769.5,
OI000006654,O00001633,M0074,1,720.0,0.0,720.0,
OI000006655,O00001633,M0065,1,807.5,0.0,807.5,
OI000006656,O00001634,M0090,4,1250.0,0.0,5000.0,Customer request
OI000006657,O00001634,M0124,1,1029.0,102.9,926.1,
OI000006658,O00001634,M0155,2,503.5,0.0,1007.0,
OI000006659,O00001634,M0004,1,1800.0,90.0,1710.0,
OI000006660,O00001634,M0176,2,1780.0,0.0,3560.0,
OI000006661,O00001634,M0109,1,1491.0,0.0,1491.0,
OI000006662,O00001635,M0148,1,1121.0,0.0,1121.0,
OI000006663,O00001635,M0013,3,1425.0,0.0,4275.0,
OI000006664,O00001636,M0200,1,1160.0,0.0,1160.0,
OI000006665,O00001636,M0001,1,1406.0,0.0,1406.0,
OI000006666,O00001636,M0135,3,1617.0,0.0,4851.0,
OI000006667,O00001636,M0069,5,1170.0,0.0,5850.0,
OI000006668,O00001636,M0003,1,1050.0,0.0,1050.0,
OI000006669,O00001636,M0119,1,252.0,0.0,252.0,
OI000006670,O00001637,M0104,3,190.0,57.0,513.0,
OI000006671,O00001637,M0038,1,1386.0,138.6,1247.4,
OI000006672,O00001637,M0057,2,525.0,0.0,1050.0,
OI000006673,O00001637,M0003,2,1050.0,210.0,1890.0,
OI000006674,O00001637,M0026,2,427.5,0.0,855.0,
OI000006675,O00001637,M0001,2,1480.0,444.0,2516.0,
OI000006676,O00001637,M0045,2,1080.0,108.0,2052.0,
OI000006677,O00001638,M0025,1,260.0,0.0,260.0,
OI000006678,O00001638,M0002,1,520.0,0.0,520.0,
OI000006679,O00001638,M0020,1,1054.5,0.0,1054.5,
OI000006680,O00001639,M0023,1,580.0,29.0,551.0,
OI000006681,O00001639,M0086,2,1827.0,365.4,3288.6,
OI000006682,O00001639,M0001,2,1554.0,0.0,3108.0,
OI000006683,O00001640,M0053,1,1858.5,0.0,1858.5,
OI000006684,O00001640,M0034,1,1260.0,0.0,1260.0,
OI000006685,O00001640,M0009,1,1743.0,0.0,1743.0,
OI000006686,O00001640,M0088,1,1197.0,0.0,1197.0,Customer request
OI000006687,O00001640,M0042,1,1149.5,0.0,1149.5,
OI000006688,O00001640,M0035,1,966.0,144.9,821.1,
OI000006689,O00001641,M0174,1,510.0,25.5,484.5,
OI000006690,O00001642,M0112,2,610.0,0.0,1220.0,
OI000006691,O00001642,M0005,1,430.0,0.0,430.0,
OI000006692,O00001642,M0017,3,730.0,0.0,2190.0,
OI000006693,O00001642,M0064,1,441.0,0.0,441.0,
OI000006694,O00001643,M0040,1,430.0,0.0,430.0,
OI000006695,O00001643,M0022,3,1240.0,0.0,3720.0,
OI000006696,O00001643,M0190,1,380.0,0.0,380.0,
OI000006697,O00001643,M0004,2,1800.0,0.0,3600.0,
OI000006698,O00001643,M0013,1,1425.0,0.0,1425.0,
OI000006699,O00001643,M0018,4,1260.0,0.0,5040.0,
OI000006700,O00001644,M0001,2,1554.0,0.0,3108.0,
OI000006701,O00001645,M0027,2,790.0,0.0,1580.0,
OI000006702,O00001646,M0035,2,920.0,0.0,1840.0,
OI000006703,O00001646,M0008,1,880.0,0.0,880.0,
OI000006704,O00001647,M0179,1,1440.0,0.0,1440.0,
OI000006705,O00001647,M0037,1,1610.0,0.0,1610.0,
OI000006706,O00001647,M0046,1,1640.0,0.0,1640.0,
OI000006707,O00001647,M0146,1,250.0,0.0,250.0,Customer request
OI000006708,O00001648,M0009,3,1743.0,0.0,5229.0,
OI000006709,O00001648,M0057,1,525.0,0.0,525.0,
OI000006710,O00001648,M0024,1,609.0,0.0,609.0,
OI000006711,O00001649,M0016,1,1230.0,0.0,1230.0,
OI000006712,O00001649,M0016,1,1291.5,0.0,1291.5,
OI000006713,O00001649,M0001,1,1406.0,140.6,1265.4,
OI000006714,O00001650,M0115,2,1140.0,0.0,2280.0,
OI000006715,O00001650,M0047,1,1610.0,0.0,1610.0,
OI000006716,O00001650,M0164,1,1333.5,66.68,1266.82,
OI000006717,O00001651,M0124,3,931.0,0.0,2793.0,
OI000006718,O00001651,M0192,2,540.0,0.0,1080.0,
OI000006719,O00001651,M0001,1,1480.0,0.0,1480.0,
OI000006720,O00001652,M0061,2,880.0,0.0,1760.0,
OI000006721,O00001652,M0175,4,745.5,0.0,2982.0,
OI000006722,O00001652,M0096,1,730.0,0.0,730.0,
OI000006723,O00001653,M0011,3,1150.0,0.0,3450.0,
OI000006724,O00001654,M0002,1,494.0,0.0,494.0,
OI000006725,O00001654,M0066,2,580.0,0.0,1160.0,
OI000006726,O00001655,M0063,2,1270.5,0.0,2541.0,
OI000006727,O00001655,M0010,2,430.0,0.0,860.0,
OI000006728,O00001655,M0109,3,1420.0,0.0,4260.0,
OI000006729,O00001656,M0057,2,500.0,0.0,1000.0,Customer request
OI000006730,O00001656,M0020,1,1165.5,0.0,1165.5,
OI000006731,O00001656,M0027,2,790.0,0.0,1580.0,
OI000006732,O00001656,M0007,1,1344.0,0.0,1344.0,
OI000006733,O00001657,M0038,3,1320.0,0.0,3960.0,Customer request
OI000006734,O00001657,M0032,1,830.0,0.0,830.0,
OI000006735,O00001657,M0170,1,900.0,0.0,900.0,
OI000006736,O00001657,M0033,1,310.0,0.0,310.0,
OI000006737,O00001657,M0099,2,541.5,0.0,1083.0,Customer request
OI000006738,O00001658,M0053,3,1858.5,0.0,5575.5,
OI000006739,O00001658,M0006,1,1790.0,268.5,1521.5,
OI000006740,O00001658,M0001,1,1480.0,0.0,1480.0,
OI000006741,O00001658,M0075,1,1710.0,0.0,1710.0,
OI000006742,O00001658,M0108,2,430.0,0.0,860.0,
OI000006743,O00001658,M0137,1,1770.0,0.0,1770.0,
OI000006744,O00001659,M0070,1,1548.5,0.0,1548.5,
OI000006745,O00001659,M0023,1,551.0,0.0,551.0,
OI000006746,O00001659,M0030,1,270.0,0.0,270.0,
OI000006747,O00001659,M0093,2,976.5,195.3,1757.7,
OI000006748,O00001659,M0004,4,1800.0,0.0,7200.0,
OI000006749,O00001660,M0025,1,260.0,0.0,260.0,
OI000006750,O00001660,M0001,1,1480.0,0.0,1480.0,
OI000006751,O00001661,M0002,1,520.0,0.0,520.0,
OI000006752,O00001662,M0006,1,1700.5,0.0,1700.5,
OI000006753,O00001662,M0056,3,250.0,0.0,750.0,
OI000006754,O00001662,M0158,1,674.5,67.45,607.05,
OI000006755,O00001663,M0015,1,1596.0,0.0,1596.0,
OI000006756,O00001664,M0032,1,830.0,0.0,830.0,Customer request
OI000006757,O00001664,M0044,1,378.0,0.0,378.0,
OI000006758,O00001664,M0009,1,1660.0,0.0,1660.0,
OI000006759,O00001665,M0071,1,598.5,29.92,568.58,
OI000006760,O00001665,M0005,4,451.5,0.0,1806.0,
OI000006761,O00001665,M0004,1,1800.0,0.0,1800.0,
OI000006762,O00001666,M0005,1,430.0,21.5,408.5,
OI000006763,O00001666,M0028,1,870.0,0.0,870.0,
OI000006764,O00001667,M0007,1,1280.0,0.0,1280.0,
OI000006765,O00001667,M0022,2,1240.0,0.0,2480.0,
OI000006766,O00001667,M0016,2,1230.0,0.0,2460.0,
OI000006767,O00001667,M0119,2,252.0,50.4,453.6,
OI000006768,O00001668,M0006,1,1790.0,0.0,1790.0,
OI000006769,O00001668,M0011,2,1150.0,0.0,2300.0,
OI000006770,O00001668,M0174,1,535.5,0.0,535.5,
OI000006771,O00001668,M0007,2,1280.0,0.0,2560.0,
OI000006772,O00001668,M0106,4,940.0,0.0,3760.0,
OI000006773,O00001669,M0003,1,1102.5,0.0,1102.5,
OI000006774,O00001669,M0047,1,1529.5,0.0,1529.5,
OI000006775,O00001669,M0002,1,494.0,0.0,494.0,
OI000006776,O00001669,M0020,1,1110.0,0.0,1110.0,
OI000006777,O00001669,M0176,2,1780.0,534.0,3026.0,
OI000006778,O00001669,M0059,2,660.0,0.0,1320.0,
OI000006779,O00001670,M0005,1,451.5,0.0,451.5,
OI000006780,O00001670,M0110,2,1650.0,0.0,3300.0,
OI000006781,O00001670,M0062,1,1010.0,0.0,1010.0,
OI000006782,O00001670,M0162,1,330.0,0.0,330.0,
OI000006783,O00001671,M0006,1,1700.5,255.08,1445.42,
OI000006784,O00001671,M0002,1,494.0,0.0,494.0,
OI000006785,O00001671,M0057,1,500.0,0.0,500.0,
OI000006786,O00001672,M0155,2,530.0,0.0,1060.0,Customer request
OI000006787,O00001672,M0099,2,598.5,0.0,1197.0,
OI000006788,O00001672,M0020,2,1110.0,0.0,2220.0,
OI000006789,O00001672,M0022,2,1240.0,0.0,2480.0,
OI000006790,O00001673,M0013,1,1500.0,0.0,1500.0,
OI000006791,O00001673,M0157,1,1533.0,76.65,1456.35,
OI000006792,O00001674,M0111,1,280.0,0.0,280.0,
OI000006793,O00001674,M0008,1,880.0,0.0,880.0,
OI000006794,O00001674,M0012,4,598.5,0.0,2394.0,
OI000006795,O00001674,M0086,2,1827.0,0.0,3654.0,
OI000006796,O00001675,M0021,1,1250.0,0.0,1250.0,
OI000006797,O00001675,M0052,1,710.0,0.0,710.0,
OI000006798,O00001675,M0003,3,997.5,0.0,2992.5,
OI000006799,O00001676,M0117,1,1140.0,0.0,1140.0,
OI000006800,O00001676,M0041,1,1560.0,0.0,1560.0,
OI000006801,O00001677,M0117,2,1140.0,0.0,2280.0,
OI000006802,O00001677,M0079,2,1050.0,0.0,2100.0,
OI000006803,O00001677,M0022,3,1178.0,0.0,3534.0,
OI000006804,O00001677,M0069,2,1170.0,0.0,2340.0,
OI000006805,O00001677,M0001,1,1554.0,155.4,1398.6,
OI000006806,O00001677,M0023,1,609.0,0.0,609.0,
OI000006807,O00001678,M0023,1,580.0,0.0,580.0,
OI000006808,O00001678,M0021,1,1250.0,0.0,1250.0,
OI000006809,O00001678,M0002,3,546.0,0.0,1638.0,
OI000006810,O00001678,M0030,5,270.0,0.0,1350.0,
OI000006811,O00001678,M0093,1,930.0,0.0,930.0,
OI000006812,O00001678,M0012,2,570.0,0.0,1140.0,
OI000006813,O00001679,M0114,5,608.0,456.0,2584.0,
OI000006814,O00001679,M0047,1,1690.5,0.0,1690.5,
OI000006815,O00001679,M0081,1,874.0,43.7,830.3,
OI000006816,O00001680,M0147,1,1040.0,0.0,1040.0,Customer request
OI000006817,O00001680,M0029,1,660.0,33.0,627.0,
OI000006818,O00001680,M0124,4,1029.0,0.0,4116.0,Customer request
OI000006819,O00001681,M0003,1,1050.0,0.0,1050.0,
OI000006820,O00001681,M0099,1,541.5,0.0,541.5,
OI000006821,O00001681,M0120,2,1827.0,0.0,3654.0,Customer request
OI000006822,O00001681,M0150,2,300.0,90.0,510.0,
OI000006823,O00001681,M0002,1,520.0,52.0,468.0,
OI000006824,O00001681,M0002,1,520.0,0.0,520.0,Customer request
OI000006825,O00001682,M0001,1,1480.0,0.0,1480.0,
OI000006826,O00001682,M0032,1,788.5,0.0,788.5,
OI000006827,O00001682,M0005,1,430.0,21.5,408.5,
OI000006828,O00001682,M0043,2,1770.0,0.0,3540.0,
OI000006829,O00001683,M0145,2,1760.0,176.0,3344.0,
OI000006830,O00001683,M0012,1,570.0,0.0,570.0,
OI000006831,O00001683,M0001,1,1480.0,0.0,1480.0,
OI000006832,O00001684,M0144,1,560.0,0.0,560.0,
OI000006833,O00001684,M0054,3,1176.0,0.0,3528.0,
OI000006834,O00001684,M0005,1,430.0,0.0,430.0,
OI000006835,O00001684,M0072,1,1340.0,0.0,1340.0,
OI000006836,O00001684,M0057,3,475.0,142.5,1282.5,
OI000006837,O00001684,M0017,3,766.5,0.0,2299.5,
OI000006838,O00001685,M0005,1,430.0,0.0,430.0,
OI000006839,O00001685,M0196,2,1590.0,477.0,2703.0,
OI000006840,O00001686,M0059,2,693.0,0.0,1386.0,
OI000006841,O00001686,M0001,1,1480.0,0.0,1480.0,
OI000006842,O00001686,M0002,1,520.0,26.0,494.0,
OI000006843,O00001687,M0007,1,1344.0,0.0,1344.0,
OI000006844,O00001687,M0112,1,610.0,0.0,610.0,Customer request
OI000006845,O00001687,M0028,1,870.0,0.0,870.0,
OI000006846,O00001687,M0001,1,1480.0,0.0,1480.0,
OI000006847,O00001687,M0008,2,836.0,0.0,1672.0,
OI000006848,O00001687,M0190,1,380.0,0.0,380.0,
OI000006849,O00001687,M0095,1,241.5,0.0,241.5,Customer request
OI000006850,O00001687,M0001,1,1480.0,0.0,1480.0,
OI000006851,O00001687,M0122,2,470.0,0.0,940.0,
OI000006852,O00001688,M0005,1,430.0,0.0,430.0,Customer request
OI000006853,O00001688,M0012,1,598.5,0.0,598.5,
OI000006854,O00001688,M0002,3,546.0,0.0,1638.0,
OI000006855,O00001689,M0001,1,1480.0,0.0,1480.0,
OI000006856,O00001689,M0032,2,830.0,0.0,1660.0,
OI000006857,O00001689,M0009,3,1743.0,0.0,5229.0,
OI000006858,O00001689,M0015,1,1680.0,0.0,1680.0,Customer request
OI000006859,O00001689,M0004,1,1800.0,0.0,1800.0,
OI000006860,O00001690,M0109,1,1420.0,0.0,1420.0,
OI000006861,O00001690,M0004,2,1800.0,0.0,3600.0,
OI000006862,O00001690,M0034,4,1260.0,0.0,5040.0,
OI000006863,O00001691,M0027,1,790.0,0.0,790.0,
OI000006864,O00001691,M0158,1,674.5,0.0,674.5,
OI000006865,O00001691,M0193,1,550.0,0.0,550.0,Customer request
OI000006866,O00001691,M0151,4,590.0,0.0,2360.0,Customer request
OI000006867,O00001691,M0084,2,1463.0,0.0,2926.0,
OI000006868,O00001691,M0022,3,1178.0,0.0,3534.0,
OI000006869,O00001692,M0003,1,1050.0,157.5,892.5,
OI000006870,O00001692,M0135,1,1540.0,0.0,1540.0,
OI000006871,O00001692,M0079,4,1050.0,0.0,4200.0,
OI000006872,O00001693,M0003,1,1102.5,0.0,1102.5,
OI000006873,O00001693,M0002,2,520.0,0.0,1040.0,
OI000006874,O00001693,M0067,1,1440.0,144.0,1296.0,
OI000006875,O00001693,M0151,1,590.0,0.0,590.0,
OI000006876,O00001694,M0005,3,408.5,0.0,1225.5,
OI000006877,O00001694,M0020,2,1110.0,0.0,2220.0,
OI000006878,O00001694,M0181,1,280.0,0.0,280.0,
OI000006879,O00001694,M0171,3,1722.0,0.0,5166.0,
OI000006880,O00001694,M0074,1,720.0,72.0,648.0,
OI000006881,O00001695,M0028,1,870.0,0.0,870.0,Customer request
OI000006882,O00001695,M0016,1,1230.0,123.0,1107.0,
OI000006883,O00001695,M0018,1,1140.0,0.0,1140.0,
OI000006884,O00001696,M0032,1,830.0,124.5,705.5,
OI000006885,O00001696,M0071,1,630.0,0.0,630.0,Customer request
OI000006886,O00001697,M0033,2,325.5,65.1,585.9,
OI000006887,O00001697,M0006,4,1790.0,0.0,7160.0,
OI000006888,O00001698,M0091,1,350.0,0.0,350.0,
OI000006889,O00001698,M0025,1,260.0,0.0,260.0,
OI000006890,O00001699,M0044,1,360.0,0.0,360.0,
OI000006891,O00001699,M0098,2,1230.0,0.0,2460.0,
OI000006892,O00001699,M0017,1,730.0,0.0,730.0,Customer request
OI000006893,O00001699,M0163,1,1459.5,0.0,1459.5,
OI000006894,O00001699,M0033,1,294.5,0.0,294.5,
OI000006895,O00001699,M0075,2,1624.5,324.9,2924.1,
OI000006896,O00001700,M0091,1,350.0,0.0,350.0,
OI000006897,O00001700,M0015,1,1680.0,0.0,1680.0,
OI000006898,O00001700,M0008,2,880.0,0.0,1760.0,
OI000006899,O00001700,M0160,1,1750.0,87.5,1662.5,
OI000006900,O00001700,M0011,1,1092.5,0.0,1092.5,
OI000006901,O00001701,M0002,3,520.0,0.0,1560.0,
OI000006902,O00001701,M0031,1,1653.0,0.0,1653.0,
OI000006903,O00001701,M0116,1,420.0,0.0,420.0,Customer request
OI000006904,O00001701,M0009,1,1660.0,0.0,1660.0,
OI000006905,O00001702,M0031,1,1740.0,0.0,1740.0,
OI000006906,O00001702,M0015,2,1680.0,0.0,3360.0,
OI000006907,O00001703,M0001,3,1554.0,0.0,4662.0,
OI000006908,O00001703,M0003,1,1050.0,0.0,1050.0,
OI000006909,O00001703,M0106,2,987.0,0.0,1974.0,
OI000006910,O00001703,M0165,1,567.0,0.0,567.0,
OI000006911,O00001704,M0001,1,1480.0,0.0,1480.0,
OI000006912,O00001704,M0131,1,990.0,0.0,990.0,Customer request
OI000006913,O00001704,M0081,1,920.0,46.0,874.0,
OI000006914,O00001704,M0070,1,1548.5,232.27,1316.23,
OI000006915,O00001704,M0022,2,1240.0,0.0,2480.0,
OI000006916,O00001704,M0012,3,570.0,85.5,1624.5,
OI000006917,O00001705,M0020,1,1165.5,0.0,1165.5,
OI000006918,O00001705,M0050,3,800.0,0.0,2400.0,
OI000006919,O00001706,M0171,1,1640.0,0.0,1640.0,
OI000006920,O00001706,M0005,1,430.0,0.0,430.0,
OI000006921,O00001706,M0186,1,1539.0,0.0,1539.0,
OI000006922,O00001706,M0006,2,1700.5,0.0,3401.0,
OI000006923,O00001706,M0125,1,320.0,0.0,320.0,
OI000006924,O00001707,M0064,1,399.0,0.0,399.0,
OI000006925,O00001707,M0088,1,1197.0,119.7,1077.3,
OI000006926,O00001707,M0119,1,240.0,0.0,240.0,
OI000006927,O00001707,M0001,1,1480.0,0.0,1480.0,
OI000006928,O00001708,M0081,1,920.0,0.0,920.0,
OI000006929,O00001708,M0198,1,680.0,0.0,680.0,
OI000006930,O00001708,M0031,2,1740.0,0.0,3480.0,
OI000006931,O00001709,M0038,2,1320.0,0.0,2640.0,
OI000006932,O00001709,M0002,1,494.0,0.0,494.0,
OI000006933,O00001710,M0013,1,1425.0,0.0,1425.0,
OI000006934,O00001710,M0052,1,710.0,0.0,710.0,
OI000006935,O00001710,M0002,1,520.0,0.0,520.0,
OI000006936,O00001710,M0013,2,1500.0,0.0,3000.0,
OI000006937,O00001711,M0014,1,1710.0,0.0,1710.0,
OI000006938,O00001711,M0112,2,610.0,0.0,1220.0,
OI000006939,O00001711,M0038,1,1320.0,0.0,1320.0,
OI000006940,O00001711,M0041,2,1482.0,0.0,2964.0,Customer request
OI000006941,O00001711,M0009,1,1660.0,0.0,1660.0,
OI000006942,O00001712,M0011,1,1092.5,0.0,1092.5,
OI000006943,O00001712,M0025,1,260.0,0.0,260.0,
OI000006944,O00001713,M0113,1,798.0,0.0,798.0,
OI000006945,O00001713,M0011,1,1150.0,0.0,1150.0,
OI000006946,O00001713,M0012,1,598.5,0.0,598.5,
OI000006947,O00001713,M0043,1,1681.5,0.0,1681.5,
OI000006948,O00001714,M0122,1,470.0,0.0,470.0,
OI000006949,O00001714,M0032,2,830.0,0.0,1660.0,
OI000006950,O00001715,M0003,1,1050.0,0.0,1050.0,
OI000006951,O00001715,M0156,1,1280.0,0.0,1280.0,
OI000006952,O00001716,M0027,3,790.0,0.0,2370.0,
OI000006953,O00001716,M0097,2,320.0,0.0,640.0,
OI000006954,O00001716,M0001,1,1480.0,0.0,1480.0,
OI000006955,O00001716,M0121,1,1585.5,237.82,1347.68,
OI000006956,O00001716,M0001,2,1554.0,0.0,3108.0,
OI000006957,O00001717,M0182,1,1650.0,0.0,1650.0,
OI000006958,O00001717,M0144,1,560.0,0.0,560.0,
OI000006959,O00001717,M0008,5,880.0,0.0,4400.0,
OI000006960,O00001717,M0006,1,1790.0,0.0,1790.0,
OI000006961,O00001718,M0101,2,550.0,0.0,1100.0,
OI000006962,O00001718,M0003,1,1050.0,0.0,1050.0,
OI000006963,O00001718,M0134,2,730.0,0.0,1460.0,
OI000006964,O00001719,M0001,1,1554.0,0.0,1554.0,
OI000006965,O00001719,M0062,3,1010.0,0.0,3030.0,
OI000006966,O00001719,M0008,1,880.0,0.0,880.0,
OI000006967,O00001719,M0123,1,777.0,0.0,777.0,
OI000006968,O00001720,M0016,4,1230.0,0.0,4920.0,
OI000006969,O00001720,M0022,1,1240.0,62.0,1178.0,
OI000006970,O00001720,M0003,2,1050.0,0.0,2100.0,
OI000006971,O00001720,M0055,2,890.0,0.0,1780.0,
OI000006972,O00001721,M0027,1,790.0,79.0,711.0,
OI000006973,O00001721,M0001,1,1406.0,0.0,1406.0,
OI000006974,O00001721,M0083,1,567.0,0.0,567.0,
OI000006975,O00001721,M0003,1,1050.0,52.5,997.5,
OI000006976,O00001721,M0036,1,1879.5,0.0,1879.5,Customer request
OI000006977,O00001722,M0038,1,1320.0,0.0,1320.0,
OI000006978,O00001722,M0010,2,408.5,0.0,817.0,
OI000006979,O00001722,M0006,1,1700.5,85.02,1615.48,
OI000006980,O00001722,M0011,2,1207.5,0.0,2415.0,
OI000006981,O00001723,M0019,5,630.0,0.0,3150.0,
OI000006982,O00001723,M0165,5,540.0,0.0,2700.0,
OI000006983,O00001723,M0066,2,551.0,110.2,991.8,
OI000006984,O00001724,M0181,2,280.0,0.0,560.0,
OI000006985,O00001724,M0002,2,520.0,0.0,1040.0,Customer request
OI000006986,O00001724,M0001,2,1480.0,0.0,2960.0,
OI000006987,O00001724,M0001,1,1480.0,148.0,1332.0,
OI000006988,O00001725,M0130,1,1123.5,0.0,1123.5,
OI000006989,O00001725,M0120,1,1653.0,0.0,1653.0,
OI000006990,O00001725,M0023,2,609.0,60.9,1157.1,
OI000006991,O00001725,M0023,1,580.0,0.0,580.0,
OI000006992,O00001725,M0022,3,1178.0,0.0,3534.0,
OI000006993,O00001725,M0170,1,900.0,90.0,810.0,
OI000006994,O00001726,M0008,1,880.0,0.0,880.0,
OI000006995,O00001726,M0080,2,870.0,0.0,1740.0,
OI000006996,O00001726,M0002,1,520.0,0.0,520.0,
OI000006997,O00001727,M0008,1,880.0,0.0,880.0,
OI000006998,O00001727,M0049,1,1377.5,0.0,1377.5,
OI000006999,O00001727,M0049,1,1450.0,217.5,1232.5,
OI000007000,O00001727,M0041,1,1482.0,0.0,1482.0,
OI000007001,O00001727,M0002,1,520.0,0.0,520.0,
OI000007002,O00001727,M0091,2,367.5,0.0,735.0,
OI000007003,O00001728,M0078,1,1323.0,0.0,1323.0,
OI000007004,O00001728,M0069,1,1170.0,0.0,1170.0,
OI000007005,O00001728,M0003,1,1050.0,0.0,1050.0,
OI000007006,O00001729,M0006,1,1700.5,0.0,1700.5,
OI000007007,O00001729,M0153,1,1760.0,0.0,1760.0,Customer request
OI000007008,O00001729,M0029,1,627.0,0.0,627.0,
OI000007009,O00001729,M0021,1,1312.5,65.62,1246.88,
OI000007010,O00001729,M0136,1,740.0,0.0,740.0,
OI000007011,O00001730,M0010,1,430.0,0.0,430.0,
OI000007012,O00001730,M0117,1,1197.0,0.0,1197.0,
OI000007013,O00001730,M0023,2,580.0,116.0,1044.0,
OI000007014,O00001730,M0054,2,1176.0,0.0,2352.0,
OI000007015,O00001730,M0015,2,1680.0,0.0,3360.0,Customer request
OI000007016,O00001731,M0156,1,1344.0,67.2,1276.8,
OI000007017,O00001732,M0002,2,520.0,0.0,1040.0,
OI000007018,O00001732,M0006,1,1700.5,0.0,1700.5,Customer request
OI000007019,O00001732,M0005,1,408.5,0.0,408.5,
OI000007020,O00001732,M0008,1,880.0,0.0,880.0,
OI000007021,O00001733,M0025,1,260.0,0.0,260.0,
OI000007022,O00001733,M0002,1,520.0,0.0,520.0,
OI000007023,O00001734,M0001,2,1480.0,0.0,2960.0,
OI000007024,O00001734,M0043,1,1681.5,0.0,1681.5,
OI000007025,O00001734,M0032,1,788.5,0.0,788.5,
OI000007026,O00001734,M0013,2,1500.0,0.0,3000.0,
OI000007027,O00001734,M0004,1,1800.0,0.0,1800.0,
OI000007028,O00001734,M0002,1,520.0,0.0,520.0,
OI000007029,O00001734,M0143,2,760.0,0.0,1520.0,
OI000007030,O00001734,M0023,1,580.0,0.0,580.0,
OI000007031,O00001735,M0174,1,510.0,0.0,510.0,
OI000007032,O00001735,M0012,3,570.0,0.0,1710.0,
OI000007033,O00001735,M0052,1,710.0,0.0,710.0,
OI000007034,O00001735,M0043,1,1858.5,0.0,1858.5,
OI000007035,O00001735,M0004,1,1800.0,0.0,1800.0,Customer request
OI000007036,O00001736,M0031,2,1827.0,0.0,3654.0,
OI000007037,O00001736,M0029,1,627.0,0.0,627.0,
OI000007038,O00001736,M0033,1,310.0,0.0,310.0,
OI000007039,O00001736,M0010,1,430.0,0.0,430.0,
OI000007040,O00001736,M0007,2,1280.0,0.0,2560.0,
OI000007041,O00001736,M0020,2,1165.5,0.0,2331.0,
OI000007042,O00001736,M0159,1,1040.0,0.0,1040.0,
OI000007043,O00001737,M0043,2,1770.0,0.0,3540.0,
OI000007044,O00001737,M0027,1,750.5,0.0,750.5,
OI000007045,O00001737,M0005,1,430.0,0.0,430.0,
OI000007046,O00001737,M0161,1,389.5,0.0,389.5,
OI000007047,O00001738,M0064,1,420.0,0.0,420.0,
OI000007048,O00001738,M0194,2,1206.5,0.0,2413.0,
OI000007049,O00001738,M0004,2,1800.0,0.0,3600.0,
OI000007050,O00001738,M0018,2,1260.0,0.0,2520.0,
OI000007051,O00001738,M0013,1,1575.0,0.0,1575.0,
OI000007052,O00001739,M0013,2,1500.0,0.0,3000.0,
OI000007053,O00001739,M0001,1,1480.0,0.0,1480.0,
OI000007054,O00001739,M0038,3,1320.0,0.0,3960.0,
OI000007055,O00001740,M0052,1,745.5,0.0,745.5,
OI000007056,O00001740,M0001,2,1480.0,0.0,2960.0,
OI000007057,O00001740,M0139,2,1858.5,0.0,3717.0,Customer request
OI000007058,O00001741,M0005,1,430.0,0.0,430.0,
OI000007059,O00001741,M0003,1,1050.0,0.0,1050.0,
OI000007060,O00001741,M0004,1,1800.0,90.0,1710.0,
OI000007061,O00001741,M0021,3,1250.0,0.0,3750.0,
OI000007062,O00001741,M0002,2,520.0,0.0,1040.0,
OI000007063,O00001741,M0116,2,420.0,0.0,840.0,
OI000007064,O00001742,M0069,1,1111.5,0.0,1111.5,
OI000007065,O00001742,M0027,1,790.0,0.0,790.0,
OI000007066,O00001743,M0032,1,830.0,0.0,830.0,
OI000007067,O00001743,M0019,1,630.0,0.0,630.0,
OI000007068,O00001743,M0079,1,997.5,0.0,997.5,
OI000007069,O00001743,M0175,1,710.0,106.5,603.5,
OI000007070,O00001743,M0040,2,408.5,0.0,817.0,
OI000007071,O00001743,M0042,1,1210.0,0.0,1210.0,
OI000007072,O00001744,M0035,1,874.0,0.0,874.0,
OI000007073,O00001744,M0153,1,1848.0,0.0,1848.0,
OI000007074,O00001744,M0058,2,1350.0,0.0,2700.0,
OI000007075,O00001744,M0137,1,1681.5,0.0,1681.5,
OI000007076,O00001744,M0046,3,1722.0,0.0,5166.0,
OI000007077,O00001744,M0074,1,720.0,0.0,720.0,
OI000007078,O00001744,M0063,4,1210.0,242.0,4598.0,
OI000007079,O00001744,M0023,3,551.0,0.0,1653.0,
OI000007080,O00001744,M0003,1,1102.5,0.0,1102.5,
OI000007081,O00001745,M0021,3,1250.0,0.0,3750.0,
OI000007082,O00001745,M0136,1,777.0,0.0,777.0,
OI000007083,O00001745,M0063,1,1210.0,0.0,1210.0,
OI000007084,O00001745,M0170,3,900.0,0.0,2700.0,
OI000007085,O00001745,M0009,2,1660.0,0.0,3320.0,
OI000007086,O00001745,M0027,1,790.0,0.0,790.0,
OI000007087,O00001745,M0087,1,1596.0,79.8,1516.2,
OI000007088,O00001746,M0003,1,1050.0,157.5,892.5,
OI000007089,O00001746,M0002,2,494.0,0.0,988.0,
OI000007090,O00001746,M0090,1,1187.5,0.0,1187.5,
OI000007091,O00001747,M0065,1,850.0,0.0,850.0,
OI000007092,O00001747,M0029,1,660.0,0.0,660.0,
OI000007093,O00001747,M0001,2,1480.0,0.0,2960.0,
OI000007094,O00001747,M0056,3,250.0,0.0,750.0,
OI000007095,O00001747,M0066,4,609.0,0.0,2436.0,
OI000007096,O00001748,M0010,2,430.0,0.0,860.0,
OI000007097,O00001748,M0002,2,520.0,0.0,1040.0,
OI000007098,O00001748,M0032,1,871.5,0.0,871.5,
OI000007099,O00001748,M0029,2,660.0,0.0,1320.0,
OI000007100,O00001748,M0010,3,430.0,0.0,1290.0,
OI000007101,O00001749,M0042,2,1210.0,121.0,2299.0,
OI000007102,O00001749,M0052,1,745.5,0.0,745.5,
OI000007103,O00001749,M0159,2,1040.0,0.0,2080.0,Customer request
OI000007104,O00001750,M0097,1,336.0,0.0,336.0,
OI000007105,O00001750,M0110,2,1650.0,0.0,3300.0,
OI000007106,O00001750,M0004,1,1800.0,0.0,1800.0,
OI000007107,O00001751,M0026,1,472.5,23.62,448.88,Customer request
OI000007108,O00001751,M0005,3,451.5,0.0,1354.5,
OI000007109,O00001752,M0004,4,1800.0,0.0,7200.0,
OI000007110,O00001752,M0032,4,788.5,0.0,3154.0,
OI000007111,O00001752,M0009,4,1743.0,0.0,6972.0,
OI000007112,O00001752,M0005,1,408.5,0.0,408.5,
OI000007113,O00001753,M0082,1,590.0,0.0,590.0,
OI000007114,O00001753,M0001,3,1480.0,0.0,4440.0,
OI000007115,O00001753,M0090,1,1250.0,0.0,1250.0,
OI000007116,O00001753,M0148,1,1180.0,0.0,1180.0,
OI000007117,O00001753,M0076,1,660.0,0.0,660.0,
OI000007118,O00001753,M0005,1,430.0,0.0,430.0,Customer request
OI000007119,O00001754,M0085,1,1806.0,0.0,1806.0,
OI000007120,O00001754,M0032,1,830.0,0.0,830.0,
OI000007121,O00001754,M0058,1,1417.5,0.0,1417.5,
OI000007122,O00001754,M0018,2,1140.0,0.0,2280.0,
OI000007123,O00001754,M0004,1,1800.0,0.0,1800.0,
OI000007124,O00001754,M0001,2,1480.0,0.0,2960.0,
OI000007125,O00001755,M0087,4,1680.0,0.0,6720.0,
OI000007126,O00001756,M0022,2,1240.0,0.0,2480.0,
OI000007127,O00001756,M0007,1,1280.0,0.0,1280.0,
OI000007128,O00001756,M0055,1,890.0,0.0,890.0,
OI000007129,O00001756,M0104,2,200.0,0.0,400.0,
OI000007130,O00001757,M0036,1,1700.5,0.0,1700.5,
OI000007131,O00001757,M0093,1,930.0,0.0,930.0,
OI000007132,O00001757,M0013,3,1500.0,0.0,4500.0,
OI000007133,O00001757,M0062,2,1010.0,101.0,1919.0,
OI000007134,O00001757,M0053,2,1858.5,0.0,3717.0,
OI000007135,O00001757,M0004,2,1800.0,0.0,3600.0,
OI000007136,O00001758,M0086,2,1827.0,0.0,3654.0,
OI000007137,O00001758,M0093,2,930.0,0.0,1860.0,
OI000007138,O00001758,M0063,2,1210.0,0.0,2420.0,
OI000007139,O00001758,M0017,1,730.0,0.0,730.0,Customer request
OI000007140,O00001759,M0039,1,1774.5,0.0,1774.5,
OI000007141,O00001759,M0023,1,580.0,0.0,580.0,
OI000007142,O00001759,M0001,2,1480.0,0.0,2960.0,
OI000007143,O00001760,M0001,1,1480.0,0.0,1480.0,
OI000007144,O00001760,M0005,4,430.0,0.0,1720.0,
OI000007145,O00001760,M0155,2,556.5,0.0,1113.0,
OI000007146,O00001760,M0057,1,525.0,52.5,472.5,
OI000007147,O00001760,M0018,3,1260.0,0.0,3780.0,
OI000007148,O00001760,M0051,4,787.5,0.0,3150.0,
OI000007149,O00001760,M0001,1,1406.0,0.0,1406.0,
OI000007150,O00001761,M0002,1,520.0,0.0,520.0,
OI000007151,O00001761,M0002,1,520.0,0.0,520.0,
OI000007152,O00001761,M0113,1,840.0,0.0,840.0,
OI000007153,O00001761,M0200,2,1218.0,365.4,2070.6,
OI000007154,O00001761,M0006,2,1790.0,0.0,3580.0,
OI000007155,O00001762,M0029,1,660.0,0.0,660.0,Customer request
OI000007156,O00001762,M0003,1,1050.0,0.0,1050.0,
OI000007157,O00001762,M0140,2,1590.0,159.0,3021.0,
OI000007158,O00001763,M0003,3,997.5,0.0,2992.5,
OI000007159,O00001763,M0035,2,966.0,0.0,1932.0,
OI000007160,O00001763,M0046,1,1640.0,0.0,1640.0,
OI000007161,O00001764,M0029,1,660.0,0.0,660.0,
OI000007162,O00001764,M0001,1,1554.0,0.0,1554.0,Customer request
OI000007163,O00001764,M0070,1,1711.5,0.0,1711.5,
OI000007164,O00001764,M0142,2,730.0,0.0,1460.0,
OI000007165,O00001764,M0002,2,546.0,0.0,1092.0,
OI000007166,O00001764,M0083,5,513.0,0.0,2565.0,
OI000007167,O00001764,M0115,1,1140.0,0.0,1140.0,
OI000007168,O00001765,M0004,2,1800.0,360.0,3240.0,Customer request
OI000007169,O00001765,M0197,1,346.5,0.0,346.5,
OI000007170,O00001766,M0010,1,430.0,0.0,430.0,
OI000007171,O00001766,M0011,3,1207.5,0.0,3622.5,
OI000007172,O00001766,M0043,1,1681.5,252.22,1429.28,
OI000007173,O00001766,M0114,1,672.0,0.0,672.0,
OI000007174,O00001766,M0026,1,427.5,0.0,427.5,
OI000007175,O00001767,M0039,5,1774.5,0.0,8872.5,
OI000007176,O00001767,M0053,1,1770.0,0.0,1770.0,
OI000007177,O00001767,M0104,1,200.0,0.0,200.0,
OI000007178,O00001767,M0060,1,1121.0,168.15,952.85,
OI000007179,O00001767,M0004,1,1890.0,0.0,1890.0,
OI000007180,O00001767,M0050,2,800.0,0.0,1600.0,
OI000007181,O00001767,M0005,1,408.5,0.0,408.5,
OI000007182,O00001768,M0023,2,580.0,0.0,1160.0,Customer request
OI000007183,O00001768,M0133,1,1000.0,0.0,1000.0,
OI000007184,O00001768,M0002,1,520.0,0.0,520.0,Customer request
OI000007185,O00001769,M0015,1,1764.0,0.0,1764.0,
OI000007186,O00001769,M0042,1,1270.5,0.0,1270.5,Customer request
OI000007187,O00001769,M0135,1,1617.0,0.0,1617.0,
OI000007188,O00001769,M0099,1,598.5,89.78,508.72,
OI000007189,O00001769,M0021,1,1312.5,0.0,1312.5,
OI000007190,O00001769,M0031,1,1740.0,0.0,1740.0,
OI000007191,O00001770,M0125,2,320.0,0.0,640.0,
OI000007192,O00001770,M0138,1,700.0,0.0,700.0,
OI000007193,O00001770,M0036,1,1790.0,0.0,1790.0,
OI000007194,O00001770,M0005,1,430.0,0.0,430.0,
OI000007195,O00001770,M0031,1,1653.0,0.0,1653.0,Customer request
OI000007196,O00001771,M0161,1,430.5,0.0,430.5,
OI000007197,O00001771,M0052,2,710.0,142.0,1278.0,
OI000007198,O00001771,M0097,4,304.0,0.0,1216.0,
OI000007199,O00001772,M0001,1,1480.0,222.0,1258.0,
OI000007200,O00001772,M0057,1,475.0,0.0,475.0,
OI000007201,O00001772,M0049,1,1450.0,0.0,1450.0,
OI000007202,O00001772,M0027,1,790.0,0.0,790.0,
OI000007203,O00001772,M0069,1,1170.0,117.0,1053.0,
OI000007204,O00001773,M0132,1,1681.5,84.08,1597.42,
OI000007205,O00001773,M0162,1,330.0,0.0,330.0,
OI000007206,O00001773,M0008,2,880.0,0.0,1760.0,
OI000007207,O00001773,M0032,1,830.0,0.0,830.0,
OI000007208,O00001774,M0010,1,430.0,0.0,430.0,
OI000007209,O00001774,M0021,1,1187.5,0.0,1187.5,
OI000007210,O00001774,M0031,1,1740.0,0.0,1740.0,
OI000007211,O00001774,M0101,1,577.5,0.0,577.5,
OI000007212,O00001775,M0156,2,1344.0,0.0,2688.0,
OI000007213,O00001775,M0047,2,1610.0,0.0,3220.0,
OI000007214,O00001775,M0196,1,1510.5,0.0,1510.5,
OI000007215,O00001776,M0043,1,1770.0,0.0,1770.0,
OI000007216,O00001776,M0109,5,1420.0,0.0,7100.0,
OI000007217,O00001776,M0003,2,997.5,0.0,1995.0,
OI000007218,O00001777,M0001,1,1480.0,0.0,1480.0,
OI000007219,O00001777,M0001,1,1480.0,0.0,1480.0,
OI000007220,O00001777,M0145,1,1760.0,0.0,1760.0,
OI000007221,O00001778,M0001,1,1406.0,0.0,1406.0,
OI000007222,O00001778,M0052,2,710.0,0.0,1420.0,
OI000007223,O00001778,M0045,1,1080.0,0.0,1080.0,
OI000007224,O00001778,M0100,1,1790.0,0.0,1790.0,
OI000007225,O00001778,M0011,2,1207.5,0.0,2415.0,
OI000007226,O00001779,M0014,2,1795.5,0.0,3591.0,
OI000007227,O00001779,M0014,2,1710.0,0.0,3420.0,Customer request
OI000007228,O00001779,M0004,2,1800.0,0.0,3600.0,
OI000007229,O00001779,M0005,1,451.5,0.0,451.5,
OI000007230,O00001779,M0005,2,430.0,0.0,860.0,
OI000007231,O00001780,M0003,1,1050.0,0.0,1050.0,
OI000007232,O00001780,M0096,2,766.5,0.0,1533.0,
OI000007233,O00001781,M0052,3,710.0,319.5,1810.5,
OI000007234,O00001781,M0043,2,1770.0,0.0,3540.0,
OI000007235,O00001781,M0068,2,966.0,193.2,1738.8,
OI000007236,O00001781,M0014,1,1795.5,0.0,1795.5,
OI000007237,O00001781,M0083,1,513.0,0.0,513.0,Customer request
OI000007238,O00001781,M0008,1,836.0,0.0,836.0,
OI000007239,O00001782,M0113,1,840.0,0.0,840.0,Customer request
OI000007240,O00001783,M0053,1,1770.0,0.0,1770.0,
OI000007241,O00001783,M0115,3,1083.0,0.0,3249.0,
OI000007242,O00001783,M0001,1,1554.0,0.0,1554.0,
OI000007243,O00001783,M0124,1,980.0,0.0,980.0,
OI000007244,O00001783,M0002,1,520.0,0.0,520.0,
OI000007245,O00001784,M0066,3,551.0,0.0,1653.0,
OI000007246,O00001784,M0006,1,1790.0,0.0,1790.0,
OI000007247,O00001784,M0001,1,1406.0,0.0,1406.0,
OI000007248,O00001784,M0008,1,880.0,0.0,880.0,
OI000007249,O00001784,M0019,2,661.5,0.0,1323.0,
OI000007250,O00001784,M0003,2,1050.0,0.0,2100.0,
OI000007251,O00001785,M0002,2,494.0,0.0,988.0,
OI000007252,O00001785,M0197,1,330.0,0.0,330.0,
OI000007253,O00001785,M0002,1,520.0,0.0,520.0,
OI000007254,O00001785,M0004,4,1800.0,0.0,7200.0,
OI000007255,O00001786,M0007,1,1344.0,0.0,1344.0,
OI000007256,O00001786,M0011,3,1092.5,0.0,3277.5,
OI000007257,O00001786,M0003,3,997.5,0.0,2992.5,
OI000007258,O00001787,M0122,1,446.5,0.0,446.5,Customer request
OI000007259,O00001787,M0160,1,1750.0,0.0,1750.0,
OI000007260,O00001787,M0040,1,451.5,0.0,451.5,
OI000007261,O00001787,M0043,2,1770.0,0.0,3540.0,
OI000007262,O00001788,M0197,2,346.5,0.0,693.0,
OI000007263,O00001788,M0141,1,1350.0,0.0,1350.0,
OI000007264,O00001789,M0020,2,1054.5,0.0,2109.0,
OI000007265,O00001789,M0092,1,890.0,0.0,890.0,
OI000007266,O00001789,M0008,1,836.0,0.0,836.0,
OI000007267,O00001789,M0001,1,1480.0,222.0,1258.0,
OI000007268,O00001790,M0001,2,1480.0,0.0,2960.0,
OI000007269,O00001790,M0038,2,1254.0,0.0,2508.0,Customer request
OI000007270,O00001790,M0031,1,1653.0,0.0,1653.0,
OI000007271,O00001790,M0003,1,1050.0,0.0,1050.0,
OI000007272,O00001790,M0128,1,1070.0,0.0,1070.0,
OI000007273,O00001790,M0046,3,1640.0,0.0,4920.0,
OI000007274,O00001791,M0017,2,766.5,0.0,1533.0,
OI000007275,O00001791,M0032,1,871.5,43.58,827.92,
OI000007276,O00001792,M0002,1,520.0,0.0,520.0,
OI000007277,O00001792,M0148,2,1180.0,236.0,2124.0,
OI000007278,O00001792,M0010,1,430.0,0.0,430.0,
OI000007279,O00001793,M0004,2,1710.0,0.0,3420.0,
OI000007280,O00001793,M0022,1,1240.0,0.0,1240.0,
OI000007281,O00001793,M0009,1,1660.0,0.0,1660.0,
OI000007282,O00001793,M0011,1,1150.0,0.0,1150.0,
OI000007283,O00001794,M0116,1,420.0,0.0,420.0,
OI000007284,O00001794,M0039,1,1690.0,169.0,1521.0,
OI000007285,O00001794,M0164,1,1270.0,0.0,1270.0,
OI000007286,O00001794,M0173,1,1837.5,0.0,1837.5,
OI000007287,O00001795,M0196,1,1590.0,0.0,1590.0,
OI000007288,O00001795,M0003,5,1102.5,0.0,5512.5,
OI000007289,O00001795,M0147,2,1040.0,0.0,2080.0,
OI000007290,O00001795,M0010,3,430.0,0.0,1290.0,
OI000007291,O00001795,M0056,1,250.0,0.0,250.0,
OI000007292,O00001795,M0138,1,665.0,0.0,665.0,Customer request
OI000007293,O00001795,M0002,2,520.0,0.0,1040.0,
OI000007294,O00001795,M0003,1,1050.0,105.0,945.0,
OI000007295,O00001796,M0084,1,1617.0,0.0,1617.0,
OI000007296,O00001796,M0014,1,1795.5,0.0,1795.5,
OI000007297,O00001796,M0062,1,1010.0,0.0,1010.0,
OI000007298,O00001796,M0002,4,520.0,0.0,2080.0,
OI000007299,O00001797,M0185,2,1482.0,0.0,2964.0,
OI000007300,O00001797,M0032,5,871.5,0.0,4357.5,
OI000007301,O00001798,M0135,1,1540.0,231.0,1309.0,
OI000007302,O00001798,M0067,1,1440.0,0.0,1440.0,
OI000007303,O00001798,M0174,1,510.0,0.0,510.0,
OI000007304,O00001799,M0044,2,360.0,0.0,720.0,Customer request
OI000007305,O00001799,M0011,1,1150.0,0.0,1150.0,
OI000007306,O00001799,M0053,3,1770.0,0.0,5310.0,
OI000007307,O00001799,M0199,1,418.0,0.0,418.0,
OI000007308,O00001799,M0113,2,840.0,0.0,1680.0,
OI000007309,O00001800,M0025,2,260.0,0.0,520.0,
OI000007310,O00001800,M0113,2,840.0,0.0,1680.0,
OI000007311,O00001801,M0075,2,1710.0,0.0,3420.0,
OI000007312,O00001801,M0167,3,532.0,0.0,1596.0,
OI000007313,O00001801,M0015,1,1764.0,0.0,1764.0,
OI000007314,O00001801,M0001,1,1554.0,0.0,1554.0,
OI000007315,O00001801,M0002,2,520.0,0.0,1040.0,
OI000007316,O00001801,M0095,1,218.5,0.0,218.5,
OI000007317,O00001801,M0072,1,1340.0,0.0,1340.0,
OI000007318,O00001802,M0084,2,1463.0,146.3,2779.7,
OI000007319,O00001802,M0066,2,580.0,0.0,1160.0,
OI000007320,O00001802,M0025,1,260.0,26.0,234.0,
OI000007321,O00001803,M0001,2,1554.0,0.0,3108.0,
OI000007322,O00001803,M0120,1,1740.0,0.0,1740.0,
OI000007323,O00001804,M0004,2,1890.0,0.0,3780.0,Customer request
OI000007324,O00001804,M0195,2,230.0,0.0,460.0,
OI000007325,O00001804,M0005,2,430.0,0.0,860.0,
OI000007326,O00001804,M0002,1,494.0,24.7,469.3,
OI000007327,O00001805,M0016,1,1291.5,0.0,1291.5,
OI000007328,O00001805,M0012,1,570.0,0.0,570.0,
OI000007329,O00001805,M0187,1,913.5,0.0,913.5,
OI000007330,O00001805,M0018,2,1200.0,360.0,2040.0,
OI000007331,O00001805,M0001,2,1480.0,0.0,2960.0,
OI000007332,O00001805,M0193,1,550.0,0.0,550.0,
OI000007333,O00001806,M0102,3,456.0,0.0,1368.0,
OI000007334,O00001806,M0199,5,418.0,0.0,2090.0,
OI000007335,O00001806,M0011,1,1150.0,0.0,1150.0,
OI000007336,O00001806,M0002,1,494.0,0.0,494.0,
OI000007337,O00001807,M0018,2,1200.0,0.0,2400.0,
OI000007338,O00001807,M0003,1,997.5,0.0,997.5,Customer request
OI000007339,O00001807,M0003,1,997.5,0.0,997.5,
OI000007340,O00001807,M0150,3,300.0,0.0,900.0,
OI000007341,O00001808,M0197,1,330.0,0.0,330.0,
OI000007342,O00001808,M0197,1,330.0,0.0,330.0,
OI000007343,O00001808,M0023,1,580.0,0.0,580.0,
OI000007344,O00001809,M0007,2,1280.0,0.0,2560.0,
OI000007345,O00001809,M0004,1,1710.0,0.0,1710.0,
OI000007346,O00001809,M0017,1,730.0,0.0,730.0,
OI000007347,O00001809,M0049,1,1450.0,0.0,1450.0,
OI000007348,O00001809,M0087,2,1680.0,336.0,3024.0,
OI000007349,O00001810,M0034,1,1260.0,0.0,1260.0,
OI000007350,O00001810,M0123,1,703.0,35.15,667.85,
OI000007351,O00001810,M0158,2,745.5,0.0,1491.0,
OI000007352,O00001810,M0142,1,730.0,0.0,730.0,
OI000007353,O00001810,M0016,1,1230.0,0.0,1230.0,
OI000007354,O00001810,M0173,1,1662.5,0.0,1662.5,
OI000007355,O00001811,M0159,1,1092.0,0.0,1092.0,
OI000007356,O00001811,M0020,2,1165.5,0.0,2331.0,
OI000007357,O00001812,M0021,1,1312.5,0.0,1312.5,Customer request
OI000007358,O00001812,M0001,1,1480.0,0.0,1480.0,
OI000007359,O00001812,M0166,1,370.0,0.0,370.0,
OI000007360,O00001812,M0002,2,546.0,0.0,1092.0,
OI000007361,O00001812,M0030,4,283.5,0.0,1134.0,
OI000007362,O00001813,M0081,3,920.0,0.0,2760.0,
OI000007363,O00001813,M0139,2,1858.5,0.0,3717.0,
OI000007364,O00001814,M0044,2,342.0,0.0,684.0,
OI000007365,O00001814,M0070,2,1630.0,0.0,3260.0,
OI000007366,O00001814,M0077,1,1630.0,244.5,1385.5,
OI000007367,O00001814,M0001,1,1554.0,0.0,1554.0,
OI000007368,O00001815,M0169,1,1180.0,0.0,1180.0,
OI000007369,O00001815,M0015,3,1680.0,0.0,5040.0,
OI000007370,O00001815,M0004,1,1890.0,0.0,1890.0,Customer request
OI000007371,O00001815,M0028,1,913.5,0.0,913.5,Customer request
OI000007372,O00001815,M0084,5,1540.0,0.0,7700.0,
OI000007373,O00001815,M0117,1,1197.0,0.0,1197.0,
OI000007374,O00001815,M0080,1,870.0,0.0,870.0,
OI000007375,O00001816,M0019,2,630.0,0.0,1260.0,
OI000007376,O00001816,M0069,2,1228.5,0.0,2457.0,Customer request
OI000007377,O00001817,M0022,1,1240.0,0.0,1240.0,
OI000007378,O00001817,M0193,1,550.0,0.0,550.0,
OI000007379,O00001817,M0198,1,680.0,0.0,680.0,
OI000007380,O00001817,M0007,1,1344.0,0.0,1344.0,
OI000007381,O00001817,M0029,2,693.0,0.0,1386.0,
OI000007382,O00001817,M0045,1,1134.0,0.0,1134.0,
OI000007383,O00001817,M0058,2,1350.0,0.0,2700.0,
OI000007384,O00001818,M0023,4,580.0,0.0,2320.0,
OI000007385,O00001818,M0035,2,920.0,0.0,1840.0,
OI000007386,O00001818,M0041,1,1560.0,0.0,1560.0,
OI000007387,O00001818,M0017,1,730.0,109.5,620.5,
OI000007388,O00001818,M0012,1,570.0,0.0,570.0,
OI000007389,O00001818,M0057,1,500.0,0.0,500.0,
OI000007390,O00001818,M0024,1,580.0,0.0,580.0,
OI000007391,O00001819,M0185,1,1482.0,222.3,1259.7,
OI000007392,O00001819,M0016,1,1291.5,0.0,1291.5,
OI000007393,O00001819,M0005,1,430.0,0.0,430.0,
OI000007394,O00001819,M0022,2,1240.0,0.0,2480.0,Customer request
OI000007395,O00001819,M0063,2,1210.0,0.0,2420.0,
OI000007396,O00001819,M0023,2,609.0,0.0,1218.0,
OI000007397,O00001820,M0009,1,1660.0,0.0,1660.0,
OI000007398,O00001820,M0031,1,1740.0,0.0,1740.0,
OI000007399,O00001820,M0024,1,551.0,0.0,551.0,
OI000007400,O00001820,M0170,3,900.0,0.0,2700.0,
OI000007401,O00001820,M0001,1,1480.0,0.0,1480.0,
OI000007402,O00001820,M0018,1,1260.0,0.0,1260.0,
OI000007403,O00001820,M0013,3,1500.0,0.0,4500.0,
OI000007404,O00001821,M0006,1,1700.5,0.0,1700.5,
OI000007405,O00001821,M0039,1,1774.5,0.0,1774.5,
OI000007406,O00001822,M0053,1,1770.0,0.0,1770.0,
OI000007407,O00001822,M0001,1,1480.0,0.0,1480.0,
OI000007408,O00001822,M0068,1,920.0,0.0,920.0,
OI000007409,O00001822,M0017,1,730.0,0.0,730.0,Customer request
OI000007410,O00001823,M0159,2,988.0,0.0,1976.0,
OI000007411,O00001823,M0087,1,1680.0,0.0,1680.0,
OI000007412,O00001823,M0034,3,1260.0,0.0,3780.0,
OI000007413,O00001823,M0174,1,510.0,0.0,510.0,
OI000007414,O00001824,M0071,2,630.0,0.0,1260.0,
OI000007415,O00001824,M0110,1,1732.5,0.0,1732.5,
OI000007416,O00001824,M0176,1,1780.0,0.0,1780.0,Customer request
OI000007417,O00001825,M0144,1,532.0,79.8,452.2,
OI000007418,O00001825,M0001,2,1480.0,0.0,2960.0,
OI000007419,O00001825,M0005,1,430.0,0.0,430.0,
OI000007420,O00001825,M0056,1,237.5,0.0,237.5,
OI000007421,O00001825,M0003,1,1050.0,157.5,892.5,
OI000007422,O00001825,M0026,1,450.0,0.0,450.0,
OI000007423,O00001825,M0029,1,693.0,0.0,693.0,
OI000007424,O00001825,M0026,1,450.0,0.0,450.0,
OI000007425,O00001825,M0115,1,1140.0,0.0,1140.0,
OI000007426,O00001826,M0030,1,270.0,0.0,270.0,
OI000007427,O00001826,M0134,2,730.0,0.0,1460.0,
OI000007428,O00001826,M0097,1,304.0,0.0,304.0,
OI000007429,O00001827,M0059,1,693.0,0.0,693.0,
OI000007430,O00001827,M0045,2,1026.0,0.0,2052.0,
OI000007431,O00001827,M0006,1,1700.5,85.02,1615.48,
OI000007432,O00001827,M0095,1,230.0,0.0,230.0,
OI000007433,O00001827,M0108,1,408.5,0.0,408.5,Customer request
OI000007434,O00001827,M0030,1,270.0,40.5,229.5,
OI000007435,O00001827,M0006,1,1790.0,0.0,1790.0,
OI000007436,O00001827,M0093,1,930.0,0.0,930.0,
OI000007437,O00001827,M0107,1,342.0,0.0,342.0,
OI000007438,O00001828,M0043,2,-100.0,0.0,3717.0,
OI000007439,O00001828,M0074,1,720.0,0.0,720.0,
OI000007440,O00001828,M0097,1,304.0,0.0,304.0,
OI000007441,O00001829,M0010,4,451.5,0.0,1806.0,
OI000007442,O00001829,M0009,1,1660.0,0.0,1660.0,
OI000007443,O00001829,M0077,1,1630.0,244.5,1385.5,
OI000007444,O00001829,M0033,1,294.5,0.0,294.5,
OI000007445,O00001829,M0033,2,310.0,0.0,620.0,
OI000007446,O00001830,M0178,1,260.0,0.0,260.0,
OI000007447,O00001831,M0107,2,360.0,0.0,720.0,
OI000007448,O00001831,M0007,1,1280.0,0.0,1280.0,
OI000007449,O00001831,M0019,1,630.0,0.0,630.0,
OI000007450,O00001831,M0118,1,1244.5,0.0,1244.5,
OI000007451,O00001832,M0001,1,1406.0,210.9,1195.1,
OI000007452,O00001832,M0012,2,598.5,59.85,1137.15,
OI000007453,O00001832,M0013,2,1575.0,0.0,3150.0,
OI000007454,O00001832,M0018,4,1140.0,0.0,4560.0,
OI000007455,O00001832,M0008,1,880.0,0.0,880.0,
OI000007456,O00001833,M0059,1,660.0,0.0,660.0,
OI000007457,O00001833,M0018,4,1260.0,0.0,5040.0,
OI000007458,O00001833,M0038,1,1320.0,0.0,1320.0,
OI000007459,O00001834,M0008,1,880.0,0.0,880.0,
OI000007460,O00001834,M0131,2,940.5,0.0,1881.0,
OI000007461,O00001834,M0005,1,430.0,0.0,430.0,
OI000007462,O00001834,M0138,2,700.0,0.0,1400.0,
OI000007463,O00001834,M0004,2,1710.0,0.0,3420.0,
OI000007464,O00001834,M0016,1,1230.0,0.0,1230.0,
OI000007465,O00001835,M0099,2,541.5,0.0,1083.0,
OI000007466,O00001835,M0030,1,270.0,0.0,270.0,
OI000007467,O00001835,M0007,2,1344.0,0.0,2688.0,
OI000007468,O00001835,M0064,1,420.0,0.0,420.0,
OI000007469,O00001836,M0003,1,1050.0,0.0,1050.0,
OI000007470,O00001836,M0006,1,1790.0,0.0,1790.0,
OI000007471,O00001836,M0008,1,924.0,0.0,924.0,
OI000007472,O00001836,M0046,3,1722.0,0.0,5166.0,
OI000007473,O00001836,M0040,1,430.0,0.0,430.0,
OI000007474,O00001837,M0035,3,920.0,0.0,2760.0,
OI000007475,O00001837,M0002,1,520.0,0.0,520.0,
OI000007476,O00001837,M0100,2,1790.0,0.0,3580.0,
OI000007477,O00001838,M0003,1,1050.0,0.0,1050.0,
OI000007478,O00001838,M0167,1,560.0,56.0,504.0,
OI000007479,O00001838,M0001,1,1554.0,0.0,1554.0,
OI000007480,O00001838,M0139,1,1770.0,0.0,1770.0,
OI000007481,O00001838,M0010,1,430.0,0.0,430.0,
OI000007482,O00001839,M0074,1,684.0,0.0,684.0,
OI000007483,O00001840,M0013,2,1425.0,0.0,2850.0,
OI000007484,O00001840,M0080,1,826.5,0.0,826.5,
OI000007485,O00001840,M0029,1,693.0,0.0,693.0,
OI000007486,O00001840,M0036,3,1790.0,0.0,5370.0,
OI000007487,O00001841,M0079,1,1050.0,0.0,1050.0,
OI000007488,O00001841,M0003,1,1050.0,0.0,1050.0,
OI000007489,O00001841,M0008,3,880.0,0.0,2640.0,
OI000007490,O00001842,M0123,1,777.0,0.0,777.0,
OI000007491,O00001842,M0103,1,1150.0,0.0,1150.0,
OI000007492,O00001842,M0195,1,230.0,0.0,230.0,
OI000007493,O00001843,M0001,2,1554.0,310.8,2797.2,
OI000007494,O00001843,M0003,2,1050.0,0.0,2100.0,
OI000007495,O00001844,M0013,1,1500.0,0.0,1500.0,
OI000007496,O00001844,M0072,2,1340.0,0.0,2680.0,
OI000007497,O00001844,M0011,1,1207.5,0.0,1207.5,Customer request
OI000007498,O00001844,M0014,1,1710.0,0.0,1710.0,
OI000007499,O00001844,M0006,2,1879.5,0.0,3759.0,
OI000007500,O00001844,M0153,1,1672.0,0.0,1672.0,Customer request
OI000007501,O00001845,M0039,1,1690.0,0.0,1690.0,
OI000007502,O00001845,M0003,2,997.5,0.0,1995.0,
OI000007503,O00001845,M0046,1,1640.0,0.0,1640.0,
OI000007504,O00001845,M0003,2,1050.0,0.0,2100.0,
OI000007505,O00001846,M0008,2,880.0,0.0,1760.0,
OI000007506,O00001846,M0073,1,441.0,0.0,441.0,
OI000007507,O00001846,M0092,2,890.0,0.0,1780.0,
OI000007508,O00001846,M0022,1,1240.0,0.0,1240.0,
OI000007509,O00001846,M0004,3,1710.0,0.0,5130.0,
OI000007510,O00001846,M0005,2,408.5,0.0,817.0,
OI000007511,O00001846,M0038,1,1386.0,0.0,1386.0,
OI000007512,O00001847,M0047,1,1529.5,0.0,1529.5,
OI000007513,O00001847,M0134,2,766.5,0.0,1533.0,
OI000007514,O00001847,M0008,2,880.0,0.0,1760.0,
OI000007515,O00001847,M0052,1,710.0,0.0,710.0,
OI000007516,O00001847,M0001,5,1480.0,0.0,7400.0,
OI000007517,O00001847,M0027,1,790.0,0.0,790.0,
OI000007518,O00001848,M0019,1,630.0,0.0,630.0,
OI000007519,O00001848,M0002,1,520.0,0.0,520.0,
OI000007520,O00001849,M0144,1,560.0,0.0,560.0,Customer request
OI000007521,O00001849,M0002,1,546.0,0.0,546.0,
OI000007522,O00001850,M0008,1,836.0,0.0,836.0,
OI000007523,O00001850,M0084,1,1540.0,0.0,1540.0,
OI000007524,O00001850,M0004,1,1800.0,0.0,1800.0,
OI000007525,O00001850,M0001,1,1480.0,0.0,1480.0,
OI000007526,O00001851,M0183,3,630.0,0.0,1890.0,
OI000007527,O00001851,M0010,1,430.0,0.0,430.0,
OI000007528,O00001852,M0001,2,1406.0,0.0,2812.0,
OI000007529,O00001852,M0003,4,1050.0,0.0,4200.0,
OI000007530,O00001852,M0006,3,1700.5,0.0,5101.5,
OI000007531,O00001852,M0177,2,190.0,57.0,323.0,
OI000007532,O00001852,M0001,1,1406.0,0.0,1406.0,
OI000007533,O00001852,M0104,2,190.0,57.0,323.0,
OI000007534,O00001852,M0100,1,1790.0,268.5,1521.5,
OI000007535,O00001853,M0031,1,1740.0,0.0,1740.0,
OI000007536,O00001853,M0164,3,1270.0,0.0,3810.0,
OI000007537,O00001853,M0001,1,1554.0,0.0,1554.0,
OI000007538,O00001853,M0031,2,1827.0,0.0,3654.0,
OI000007539,O00001853,M0007,1,1216.0,0.0,1216.0,
OI000007540,O00001854,M0093,1,930.0,0.0,930.0,
OI000007541,O00001854,M0004,1,1710.0,0.0,1710.0,
OI000007542,O00001855,M0137,1,1770.0,0.0,1770.0,
OI000007543,O00001855,M0019,2,630.0,126.0,1134.0,
OI000007544,O00001855,M0003,1,997.5,0.0,997.5,
OI000007545,O00001855,M0001,1,1480.0,0.0,1480.0,
OI000007546,O00001855,M0071,1,630.0,0.0,630.0,
OI000007547,O00001855,M0162,1,313.5,15.68,297.82,
OI000007548,O00001855,M0184,3,988.0,0.0,2964.0,
OI000007549,O00001856,M0137,1,1681.5,168.15,1513.35,
OI000007550,O00001856,M0018,1,1200.0,0.0,1200.0,
OI000007551,O00001856,M0151,1,590.0,59.0,531.0,
OI000007552,O00001857,M0060,1,1180.0,0.0,1180.0,
OI000007553,O00001857,M0001,1,1480.0,0.0,1480.0,
OI000007554,O00001857,M0004,1,1800.0,0.0,1800.0,
OI000007555,O00001858,M0017,2,730.0,219.0,1241.0,
OI000007556,O00001858,M0011,1,1207.5,0.0,1207.5,
OI000007557,O00001858,M0013,2,1425.0,0.0,2850.0,
OI000007558,O00001859,M0085,1,1634.0,0.0,1634.0,
OI000007559,O00001859,M0001,3,1480.0,0.0,4440.0,
OI000007560,O00001859,M0051,1,787.5,0.0,787.5,
OI000007561,O00001860,M0013,1,1500.0,225.0,1275.0,
OI000007562,O00001860,M0140,1,1510.5,0.0,1510.5,
OI000007563,O00001860,M0001,3,1480.0,0.0,4440.0,
OI000007564,O00001860,M0185,1,1560.0,0.0,1560.0,
OI000007565,O00001860,M0002,1,546.0,0.0,546.0,
OI000007566,O00001861,M0023,2,580.0,58.0,1102.0,
OI000007567,O00001861,M0129,1,1760.0,176.0,1584.0,Customer request
OI000007568,O00001861,M0012,1,598.5,59.85,538.65,
OI000007569,O00001862,M0126,1,1444.0,72.2,1371.8,
OI000007570,O00001862,M0180,1,262.5,0.0,262.5,
OI000007571,O00001862,M0002,2,520.0,0.0,1040.0,
OI000007572,O00001862,M0028,1,826.5,0.0,826.5,
OI000007573,O00001862,M0006,1,1790.0,0.0,1790.0,
OI000007574,O00001863,M0095,1,230.0,0.0,230.0,Customer request
OI000007575,O00001863,M0002,2,520.0,0.0,1040.0,
OI000007576,O00001864,M0098,1,1291.5,0.0,1291.5,
OI000007577,O00001864,M0068,1,920.0,0.0,920.0,
OI000007578,O00001864,M0057,1,475.0,0.0,475.0,
OI000007579,O00001865,M0023,1,580.0,0.0,580.0,
OI000007580,O00001865,M0032,1,788.5,0.0,788.5,
OI000007581,O00001865,M0002,1,546.0,0.0,546.0,
OI000007582,O00001866,M0008,4,924.0,0.0,3696.0,
OI000007583,O00001866,M0155,2,530.0,0.0,1060.0,
OI000007584,O00001866,M0024,1,580.0,87.0,493.0,
OI000007585,O00001866,M0019,3,630.0,0.0,1890.0,
OI000007586,O00001866,M0001,1,1406.0,210.9,1195.1,
OI000007587,O00001867,M0141,2,1350.0,0.0,2700.0,
OI000007588,O00001867,M0091,1,350.0,0.0,350.0,
OI000007589,O00001867,M0002,1,546.0,0.0,546.0,
OI000007590,O00001868,M0003,2,1050.0,0.0,2100.0,
OI000007591,O00001868,M0002,1,520.0,0.0,520.0,
OI000007592,O00001869,M0062,1,959.5,0.0,959.5,
OI000007593,O00001869,M0003,1,1050.0,0.0,1050.0,
OI000007594,O00001869,M0198,1,680.0,0.0,680.0,Customer request
OI000007595,O00001869,M0044,1,360.0,0.0,360.0,
OI000007596,O00001869,M0135,2,1540.0,0.0,3080.0,
OI000007597,O00001870,M0083,2,540.0,0.0,1080.0,
OI000007598,O00001870,M0001,1,1406.0,0.0,1406.0,
OI000007599,O00001870,M0021,1,1250.0,0.0,1250.0,
OI000007600,O00001871,M0015,4,1680.0,0.0,6720.0,
OI000007601,O00001871,M0174,1,535.5,0.0,535.5,
OI000007602,O00001871,M0013,1,1575.0,0.0,1575.0,
OI000007603,O00001871,M0071,1,630.0,0.0,630.0,
OI000007604,O00001871,M0047,1,1610.0,0.0,1610.0,
OI000007605,O00001871,M0085,3,1720.0,0.0,5160.0,
OI000007606,O00001872,M0001,3,1554.0,0.0,4662.0,
OI000007607,O00001872,M0163,2,1390.0,0.0,2780.0,
OI000007608,O00001873,M0196,1,1669.5,166.95,1502.55,
OI000007609,O00001873,M0041,2,1560.0,312.0,2808.0,
OI000007610,O00001873,M0004,1,1710.0,0.0,1710.0,
OI000007611,O00001873,M0135,1,1617.0,161.7,1455.3,
OI000007612,O00001873,M0060,2,1180.0,0.0,2360.0,Customer request
OI000007613,O00001874,M0055,1,934.5,0.0,934.5,
OI000007614,O00001875,M0141,1,1350.0,0.0,1350.0,
OI000007615,O00001875,M0084,1,1540.0,0.0,1540.0,
OI000007616,O00001875,M0158,3,710.0,0.0,2130.0,
OI000007617,O00001875,M0177,1,200.0,0.0,200.0,
OI000007618,O00001875,M0014,1,1710.0,85.5,1624.5,
OI000007619,O00001875,M0005,1,430.0,64.5,365.5,
OI000007620,O00001875,M0017,2,730.0,0.0,1460.0,
OI000007621,O00001875,M0182,1,1650.0,0.0,1650.0,
OI000007622,O00001876,M0005,1,430.0,0.0,430.0,
OI000007623,O00001876,M0048,2,1501.0,0.0,3002.0,
OI000007624,O00001876,M0002,1,494.0,0.0,494.0,
OI000007625,O00001876,M0119,1,240.0,0.0,240.0,
OI000007626,O00001876,M0066,1,609.0,0.0,609.0,
OI000007627,O00001877,M0035,1,920.0,0.0,920.0,
OI000007628,O00001877,M0056,2,250.0,25.0,475.0,
OI000007629,O00001877,M0002,1,520.0,26.0,494.0,
OI000007630,O00001877,M0131,1,990.0,0.0,990.0,
OI000007631,O00001877,M0013,2,1500.0,0.0,3000.0,
OI000007632,O00001878,M0004,1,1710.0,0.0,1710.0,
OI000007633,O00001879,M0001,2,1554.0,0.0,3108.0,
OI000007634,O00001879,M0001,2,1480.0,0.0,2960.0,
OI000007635,O00001879,M0067,1,1512.0,0.0,1512.0,
OI000007636,O00001880,M0080,3,870.0,0.0,2610.0,
OI000007637,O00001880,M0003,1,1050.0,0.0,1050.0,
OI000007638,O00001880,M0051,1,712.5,0.0,712.5,
OI000007639,O00001880,M0029,1,660.0,0.0,660.0,
OI000007640,O00001880,M0166,1,370.0,0.0,370.0,
OI000007641,O00001880,M0065,1,807.5,0.0,807.5,Customer request
OI000007642,O00001881,M0035,1,920.0,0.0,920.0,
OI000007643,O00001881,M0009,2,1660.0,0.0,3320.0,
OI000007644,O00001881,M0026,1,450.0,0.0,450.0,
OI000007645,O00001881,M0007,1,1216.0,0.0,1216.0,
OI000007646,O00001881,M0068,1,966.0,0.0,966.0,
OI000007647,O00001882,M0048,1,1580.0,0.0,1580.0,
OI000007648,O00001882,M0010,1,430.0,0.0,430.0,
OI000007649,O00001882,M0001,2,1480.0,0.0,2960.0,
OI000007650,O00001883,M0191,1,1207.5,120.75,1086.75,
OI000007651,O00001883,M0001,2,1406.0,0.0,2812.0,
OI000007652,O00001883,M0039,1,1690.0,0.0,1690.0,
OI000007653,O00001884,M0127,3,770.0,0.0,2310.0,
OI000007654,O00001884,M0054,2,1120.0,0.0,2240.0,
OI000007655,O00001885,M0047,1,1610.0,161.0,1449.0,
OI000007656,O00001885,M0079,1,1050.0,0.0,1050.0,
OI000007657,O00001885,M0011,1,1150.0,0.0,1150.0,
OI000007658,O00001885,M0018,1,1260.0,0.0,1260.0,
OI000007659,O00001885,M0002,1,520.0,0.0,520.0,
OI000007660,O00001885,M0001,1,1480.0,0.0,1480.0,
OI000007661,O00001885,M0008,2,924.0,0.0,1848.0,
OI000007662,O00001886,M0112,1,610.0,0.0,610.0,
OI000007663,O00001886,M0052,2,710.0,0.0,1420.0,
OI000007664,O00001886,M0003,2,1102.5,330.75,1874.25,
OI000007665,O00001886,M0022,1,1240.0,0.0,1240.0,
OI000007666,O00001886,M0001,1,1480.0,222.0,1258.0,
OI000007667,O00001887,M0108,1,408.5,0.0,408.5,
OI000007668,O00001887,M0026,1,427.5,0.0,427.5,
OI000007669,O00001887,M0009,3,1577.0,0.0,4731.0,
OI000007670,O00001887,M0096,2,693.5,0.0,1387.0,
OI000007671,O00001887,M0184,1,1040.0,0.0,1040.0,
OI000007672,O00001888,M0019,1,630.0,0.0,630.0,
OI000007673,O00001888,M0095,2,230.0,46.0,414.0,
OI000007674,O00001888,M0012,1,570.0,0.0,570.0,
OI000007675,O00001888,M0092,1,934.5,0.0,934.5,
OI000007676,O00001889,M0181,3,280.0,0.0,840.0,
OI000007677,O00001889,M0061,1,880.0,0.0,880.0,
OI000007678,O00001889,M0007,2,1344.0,0.0,2688.0,
OI000007679,O00001889,M0072,1,1407.0,211.05,1195.95,
OI000007680,O00001890,M0124,2,1029.0,0.0,2058.0,
OI000007681,O00001890,M0019,1,598.5,0.0,598.5,
OI000007682,O00001890,M0054,2,1120.0,0.0,2240.0,
OI000007683,O00001890,M0007,1,1216.0,0.0,1216.0,
OI000007684,O00001890,M0025,1,260.0,0.0,260.0,
OI000007685,O00001890,M0004,1,1890.0,0.0,1890.0,
OI000007686,O00001891,M0120,2,1827.0,0.0,3654.0,
OI000007687,O00001891,M0002,2,546.0,0.0,1092.0,
OI000007688,O00001891,M0001,1,1480.0,0.0,1480.0,
OI000007689,O00001892,M0037,1,1690.5,0.0,1690.5,
OI000007690,O00001892,M0046,1,1640.0,0.0,1640.0,
OI000007691,O00001892,M0157,1,1460.0,0.0,1460.0,
OI000007692,O00001892,M0005,1,430.0,0.0,430.0,
OI000007693,O00001893,M0099,1,570.0,57.0,513.0,
OI000007694,O00001893,M0060,1,1121.0,0.0,1121.0,
OI000007695,O00001893,M0087,2,1764.0,0.0,3528.0,
OI000007696,O00001893,M0003,3,1050.0,0.0,3150.0,
OI000007697,O00001893,M0024,1,580.0,58.0,522.0,
OI000007698,O00001894,M0014,1,1710.0,0.0,1710.0,
OI000007699,O00001895,M0074,1,720.0,0.0,720.0,
OI000007700,O00001895,M0048,2,1580.0,0.0,3160.0,
OI000007701,O00001895,M0182,2,1567.5,0.0,3135.0,
OI000007702,O00001896,M0003,2,997.5,0.0,1995.0,
OI000007703,O00001896,M0028,1,870.0,0.0,870.0,Customer request
OI000007704,O00001896,M0073,1,420.0,0.0,420.0,
OI000007705,O00001896,M0016,1,1291.5,0.0,1291.5,
OI000007706,O00001896,M0159,2,1040.0,0.0,2080.0,
OI000007707,O00001896,M0127,2,770.0,0.0,1540.0,
OI000007708,O00001896,M0136,3,703.0,0.0,2109.0,
OI000007709,O00001897,M0052,1,710.0,0.0,710.0,
OI000007710,O00001897,M0027,2,790.0,0.0,1580.0,
OI000007711,O00001897,M0016,1,1230.0,0.0,1230.0,
OI000007712,O00001897,M0002,2,546.0,0.0,1092.0,
OI000007713,O00001897,M0172,1,1806.0,0.0,1806.0,
OI000007714,O00001897,M0008,1,880.0,44.0,836.0,
OI000007715,O00001898,M0108,1,430.0,0.0,430.0,Customer request
OI000007716,O00001898,M0001,2,1480.0,0.0,2960.0,
OI000007717,O00001898,M0017,2,730.0,0.0,1460.0,
OI000007718,O00001898,M0044,1,360.0,0.0,360.0,
OI000007719,O00001898,M0011,1,1207.5,0.0,1207.5,
OI000007720,O00001899,M0005,1,408.5,0.0,408.5,
OI000007721,O00001899,M0001,1,1480.0,0.0,1480.0,
OI000007722,O00001899,M0194,1,1270.0,0.0,1270.0,
OI000007723,O00001899,M0142,1,730.0,73.0,657.0,
OI000007724,O00001899,M0011,1,1207.5,0.0,1207.5,
OI000007725,O00001899,M0001,1,1480.0,0.0,1480.0,Customer request
OI000007726,O00001899,M0038,1,1320.0,66.0,1254.0,
OI000007727,O00001899,M0012,2,570.0,0.0,1140.0,
OI000007728,O00001900,M0002,2,520.0,0.0,1040.0,
OI000007729,O00001900,M0103,1,1092.5,0.0,1092.5,
OI000007730,O00001901,M0013,1,1575.0,0.0,1575.0,
OI000007731,O00001901,M0185,1,1560.0,0.0,1560.0,
OI000007732,O00001901,M0076,1,660.0,99.0,561.0,
OI000007733,O00001902,M0122,2,493.5,98.7,888.3,
OI000007734,O00001902,M0054,2,1120.0,0.0,2240.0,
OI000007735,O00001902,M0042,1,1149.5,0.0,1149.5,
OI000007736,O00001903,M0022,1,1240.0,0.0,1240.0,
OI000007737,O00001903,M0002,1,546.0,0.0,546.0,
OI000007738,O00001903,M0085,1,1720.0,0.0,1720.0,
OI000007739,O00001903,M0013,1,1500.0,0.0,1500.0,
OI000007740,O00001903,M0005,2,430.0,0.0,860.0,
OI000007741,O00001904,M0002,2,520.0,0.0,1040.0,
OI000007742,O00001904,M0001,1,1480.0,0.0,1480.0,
OI000007743,O00001904,M0028,1,870.0,87.0,783.0,
OI000007744,O00001904,M0121,2,1434.5,0.0,2869.0,
OI000007745,O00001905,M0003,1,1050.0,0.0,1050.0,
OI000007746,O00001905,M0034,1,1260.0,0.0,1260.0,Customer request
OI000007747,O00001905,M0017,2,730.0,219.0,1241.0,
OI000007748,O00001905,M0038,1,1320.0,0.0,1320.0,
OI000007749,O00001905,M0001,1,1480.0,0.0,1480.0,
OI000007750,O00001905,M0037,1,1690.5,169.05,1521.45,
OI000007751,O00001906,M0040,2,430.0,0.0,860.0,
OI000007752,O00001906,M0135,1,1540.0,0.0,1540.0,
OI000007753,O00001906,M0005,1,430.0,0.0,430.0,
OI000007754,O00001906,M0112,1,610.0,0.0,610.0,
OI000007755,O00001906,M0090,2,1250.0,0.0,2500.0,
OI000007756,O00001907,M0155,1,556.5,0.0,556.5,
OI000007757,O00001907,M0154,2,1577.0,0.0,3154.0,
OI000007758,O00001907,M0095,1,230.0,0.0,230.0,
OI000007759,O00001907,M0160,1,1750.0,0.0,1750.0,
OI000007760,O00001908,M0008,1,836.0,0.0,836.0,
OI000007761,O00001908,M0003,1,1050.0,0.0,1050.0,
OI000007762,O00001908,M0009,1,1660.0,0.0,1660.0,
OI000007763,O00001909,M0122,2,470.0,94.0,846.0,
OI000007764,O00001909,M0011,2,1150.0,0.0,2300.0,
OI000007765,O00001909,M0114,1,608.0,0.0,608.0,
OI000007766,O00001909,M0016,1,1230.0,0.0,1230.0,
OI000007767,O00001909,M0107,1,378.0,0.0,378.0,Customer request
OI000007768,O00001909,M0125,1,320.0,0.0,320.0,
OI000007769,O00001910,M0068,1,920.0,0.0,920.0,
OI000007770,O00001910,M0189,2,1575.0,0.0,3150.0,
OI000007771,O00001910,M0083,1,540.0,0.0,540.0,
OI000007772,O00001910,M0007,1,1280.0,0.0,1280.0,
OI000007773,O00001910,M0192,2,513.0,0.0,1026.0,
OI000007774,O00001910,M0070,2,1711.5,0.0,3423.0,
OI000007775,O00001910,M0023,1,580.0,0.0,580.0,
OI000007776,O00001910,M0030,2,270.0,27.0,513.0,
OI000007777,O00001911,M0095,1,218.5,0.0,218.5,
OI000007778,O00001912,M0091,1,350.0,0.0,350.0,
OI000007779,O00001912,M0123,1,740.0,0.0,740.0,
OI000007780,O00001912,M0007,3,1280.0,0.0,3840.0,
OI000007781,O00001912,M0172,3,1634.0,735.3,4166.7,
OI000007782,O00001913,M0008,3,880.0,0.0,2640.0,
OI000007783,O00001913,M0029,3,627.0,282.15,1598.85,
OI000007784,O00001913,M0005,2,430.0,0.0,860.0,
OI000007785,O00001913,M0023,3,580.0,0.0,1740.0,
OI000007786,O00001914,M0061,2,924.0,0.0,1848.0,
OI000007787,O00001914,M0030,1,270.0,0.0,270.0,
OI000007788,O00001914,M0007,2,1344.0,0.0,2688.0,
OI000007789,O00001914,M0017,1,730.0,0.0,730.0,
OI000007790,O00001915,M0049,1,1522.5,0.0,1522.5,
OI000007791,O00001916,M0147,1,1040.0,104.0,936.0,
OI000007792,O00001916,M0021,2,1250.0,0.0,2500.0,Customer request
OI000007793,O00001916,M0045,1,1080.0,0.0,1080.0,
OI000007794,O00001916,M0153,1,1848.0,0.0,1848.0,
OI000007795,O00001916,M0123,2,703.0,210.9,1195.1,
OI000007796,O00001916,M0004,1,1710.0,171.0,1539.0,Customer request
OI000007797,O00001916,M0015,1,1680.0,0.0,1680.0,
OI000007798,O00001916,M0103,1,1092.5,0.0,1092.5,
OI000007799,O00001916,M0084,3,1540.0,0.0,4620.0,
OI000007800,O00001916,M0095,1,241.5,0.0,241.5,
OI000007801,O00001917,M0003,1,1050.0,0.0,1050.0,
OI000007802,O00001917,M0026,1,450.0,0.0,450.0,
OI000007803,O00001917,M0073,1,441.0,0.0,441.0,
OI000007804,O00001917,M0019,2,630.0,0.0,1260.0,
OI000007805,O00001918,M0043,2,1858.5,0.0,3717.0,
OI000007806,O00001918,M0093,2,930.0,0.0,1860.0,
OI000007807,O00001918,M0032,1,830.0,0.0,830.0,
OI000007808,O00001918,M0052,3,710.0,0.0,2130.0,Customer request
OI000007809,O00001918,M0013,2,1500.0,0.0,3000.0,
OI000007810,O00001918,M0015,2,1680.0,0.0,3360.0,
OI000007811,O00001919,M0004,2,1800.0,360.0,3240.0,
OI000007812,O00001919,M0196,3,1510.5,0.0,4531.5,
OI000007813,O00001919,M0051,1,712.5,0.0,712.5,
OI000007814,O00001919,M0005,3,408.5,183.82,1041.68,
OI000007815,O00001919,M0004,1,1710.0,0.0,1710.0,
OI000007816,O00001920,M0006,2,1879.5,0.0,3759.0,
OI000007817,O00001920,M0079,1,1102.5,0.0,1102.5,Customer request
OI000007818,O00001920,M0031,1,1653.0,0.0,1653.0,
OI000007819,O00001920,M0037,1,1610.0,0.0,1610.0,
OI000007820,O00001920,M0073,3,420.0,0.0,1260.0,
OI000007821,O00001920,M0083,1,513.0,0.0,513.0,
OI000007822,O00001921,M0088,1,1140.0,0.0,1140.0,
OI000007823,O00001921,M0002,1,520.0,78.0,442.0,
OI000007824,O00001922,M0119,1,240.0,0.0,240.0,
OI000007825,O00001922,M0004,1,1890.0,0.0,1890.0,
OI000007826,O00001922,M0057,1,500.0,0.0,500.0,
OI000007827,O00001922,M0006,1,1879.5,0.0,1879.5,
OI000007828,O00001922,M0117,2,1083.0,0.0,2166.0,
OI000007829,O00001922,M0094,1,598.5,0.0,598.5,
OI000007830,O00001922,M0004,2,1710.0,513.0,2907.0,
OI000007831,O00001923,M0040,2,430.0,0.0,860.0,
OI000007832,O00001923,M0081,2,920.0,0.0,1840.0,
OI000007833,O00001924,M0004,1,1800.0,0.0,1800.0,
OI000007834,O00001924,M0003,1,1102.5,0.0,1102.5,
OI000007835,O00001924,M0016,1,1230.0,0.0,1230.0,
OI000007836,O00001924,M0157,1,1533.0,0.0,1533.0,
OI000007837,O00001924,M0001,1,1406.0,0.0,1406.0,
OI000007838,O00001924,M0015,1,1680.0,0.0,1680.0,
OI000007839,O00001924,M0109,2,1420.0,0.0,2840.0,
OI000007840,O00001924,M0013,1,1500.0,0.0,1500.0,
OI000007841,O00001925,M0001,2,1480.0,296.0,2664.0,
OI000007842,O00001925,M0057,1,500.0,0.0,500.0,
OI000007843,O00001925,M0177,2,200.0,0.0,400.0,Customer request
OI000007844,O00001926,M0045,2,1080.0,0.0,2160.0,
OI000007845,O00001927,M0112,1,579.5,0.0,579.5,
OI000007846,O00001927,M0001,1,1480.0,0.0,1480.0,
OI000007847,O00001927,M0064,2,420.0,0.0,840.0,
OI000007848,O00001927,M0003,1,1102.5,0.0,1102.5,
OI000007849,O00001927,M0074,2,720.0,0.0,1440.0,
OI000007850,O00001928,M0044,1,360.0,36.0,324.0,
OI000007851,O00001928,M0006,2,1790.0,0.0,3580.0,
OI000007852,O00001928,M0047,1,1690.5,0.0,1690.5,
OI000007853,O00001928,M0068,1,920.0,0.0,920.0,
OI000007854,O00001928,M0149,3,920.0,0.0,2760.0,
OI000007855,O00001929,M0143,2,760.0,0.0,1520.0,
OI000007856,O00001929,M0166,1,351.5,52.72,298.78,
OI000007857,O00001930,M0123,1,740.0,0.0,740.0,
OI000007858,O00001930,M0038,1,1254.0,0.0,1254.0,
OI000007859,O00001930,M0126,1,1520.0,0.0,1520.0,
OI000007860,O00001930,M0081,1,920.0,0.0,920.0,
OI000007861,O00001930,M0086,1,1653.0,0.0,1653.0,
OI000007862,O00001931,M0003,1,997.5,0.0,997.5,
OI000007863,O00001931,M0004,3,1890.0,0.0,5670.0,
OI000007864,O00001932,M0004,1,1800.0,0.0,1800.0,
OI000007865,O00001932,M0005,2,451.5,0.0,903.0,
OI000007866,O00001932,M0021,1,1250.0,0.0,1250.0,
OI000007867,O00001932,M0011,1,1207.5,0.0,1207.5,
OI000007868,O00001932,M0001,1,1406.0,0.0,1406.0,
OI000007869,O00001932,M0081,2,874.0,262.2,1485.8,
OI000007870,O00001933,M0019,3,630.0,0.0,1890.0,
OI000007871,O00001933,M0001,1,1480.0,0.0,1480.0,
OI000007872,O00001933,M0103,2,1150.0,0.0,2300.0,
OI000007873,O00001933,M0001,1,1480.0,0.0,1480.0,
OI000007874,O00001933,M0042,1,1210.0,0.0,1210.0,
OI000007875,O00001933,M0092,1,890.0,133.5,756.5,Customer request
OI000007876,O00001933,M0016,1,1230.0,0.0,1230.0,
OI000007877,O00001934,M0044,1,360.0,0.0,360.0,
OI000007878,O00001934,M0001,3,1554.0,0.0,4662.0,
OI000007879,O00001935,M0007,2,1280.0,0.0,2560.0,
OI000007880,O00001935,M0065,1,850.0,0.0,850.0,
OI000007881,O00001935,M0103,1,1150.0,0.0,1150.0,
OI000007882,O00001935,M0002,2,546.0,0.0,1092.0,
OI000007883,O00001936,M0182,1,1567.5,0.0,1567.5,
OI000007884,O00001936,M0018,2,1140.0,228.0,2052.0,
OI000007885,O00001937,M0160,1,1662.5,0.0,1662.5,
OI000007886,O00001937,M0038,1,1320.0,0.0,1320.0,
OI000007887,O00001937,M0060,1,1180.0,0.0,1180.0,
OI000007888,O00001938,M0004,1,1800.0,0.0,1800.0,
OI000007889,O00001938,M0141,1,1417.5,0.0,1417.5,
OI000007890,O00001938,M0002,1,520.0,0.0,520.0,
OI000007891,O00001938,M0193,1,522.5,0.0,522.5,
OI000007892,O00001939,M0018,1,1260.0,0.0,1260.0,
OI000007893,O00001939,M0004,2,1800.0,0.0,3600.0,
OI000007894,O00001939,M0051,1,750.0,37.5,712.5,
OI000007895,O00001939,M0133,2,1000.0,0.0,2000.0,
OI000007896,O00001940,M0018,1,1200.0,0.0,1200.0,Customer request
OI000007897,O00001941,M0001,2,1480.0,0.0,2960.0,
OI000007898,O00001941,M0136,1,703.0,0.0,703.0,
OI000007899,O00001941,M0046,1,1722.0,0.0,1722.0,Customer request
OI000007900,O00001941,M0002,1,494.0,0.0,494.0,
OI000007901,O00001941,M0151,1,590.0,0.0,590.0,
OI000007902,O00001941,M0097,2,304.0,0.0,608.0,
OI000007903,O00001942,M0037,2,1610.0,0.0,3220.0,
OI000007904,O00001942,M0024,1,551.0,0.0,551.0,
OI000007905,O00001942,M0076,3,660.0,0.0,1980.0,
OI000007906,O00001942,M0015,1,1680.0,252.0,1428.0,
OI000007907,O00001942,M0062,1,1010.0,151.5,858.5,
OI000007908,O00001942,M0003,3,1050.0,0.0,3150.0,
OI000007909,O00001943,M0003,1,1050.0,157.5,892.5,
OI000007910,O00001943,M0011,1,1092.5,0.0,1092.5,
OI000007911,O00001943,M0142,2,730.0,0.0,1460.0,
OI000007912,O00001943,M0126,1,1444.0,0.0,1444.0,
OI000007913,O00001943,M0030,1,270.0,40.5,229.5,Customer request
OI000007914,O00001944,M0047,2,1610.0,161.0,3059.0,Customer request
OI000007915,O00001944,M0056,4,250.0,0.0,1000.0,
OI000007916,O00001944,M0016,1,1168.5,0.0,1168.5,
OI000007917,O00001944,M0075,1,1795.5,0.0,1795.5,
OI000007918,O00001944,M0051,1,712.5,0.0,712.5,
OI000007919,O00001944,M0014,2,1710.0,0.0,3420.0,
OI000007920,O00001945,M0009,1,1660.0,0.0,1660.0,
OI000007921,O00001945,M0190,1,380.0,0.0,380.0,
OI000007922,O00001945,M0009,2,1660.0,0.0,3320.0,
OI000007923,O00001945,M0004,2,1800.0,0.0,3600.0,
OI000007924,O00001945,M0120,1,1740.0,0.0,1740.0,
OI000007925,O00001946,M0111,1,294.0,0.0,294.0,Customer request
OI000007926,O00001946,M0007,2,1280.0,128.0,2432.0,
OI000007927,O00001946,M0126,2,1596.0,0.0,3192.0,
OI000007928,O00001946,M0154,2,1660.0,0.0,3320.0,Customer request
OI000007929,O00001947,M0012,1,598.5,0.0,598.5,
OI000007930,O00001947,M0012,1,541.5,0.0,541.5,
OI000007931,O00001947,M0003,1,1050.0,0.0,1050.0,
OI000007932,O00001947,M0052,2,710.0,0.0,1420.0,Customer request
OI000007933,O00001947,M0073,1,441.0,22.05,418.95,
OI000007934,O00001947,M0001,1,1406.0,0.0,1406.0,
OI000007935,O00001948,M0005,2,408.5,0.0,817.0,
OI000007936,O00001949,M0008,2,836.0,0.0,1672.0,
OI000007937,O00001949,M0024,3,580.0,174.0,1566.0,
OI000007938,O00001949,M0116,1,399.0,0.0,399.0,
OI000007939,O00001949,M0006,2,1879.5,0.0,3759.0,
OI000007940,O00001950,M0110,4,1650.0,0.0,6600.0,
OI000007941,O00001950,M0144,1,560.0,0.0,560.0,
OI000007942,O00001950,M0005,3,430.0,0.0,1290.0,
OI000007943,O00001950,M0196,3,1590.0,0.0,4770.0,
OI000007944,O00001950,M0034,1,1260.0,0.0,1260.0,
OI000007945,O00001951,M0040,1,430.0,0.0,430.0,
OI000007946,O00001951,M0053,1,1770.0,0.0,1770.0,
OI000007947,O00001951,M0108,3,430.0,129.0,1161.0,
OI000007948,O00001952,M0062,1,1010.0,101.0,909.0,
OI000007949,O00001952,M0085,1,1720.0,0.0,1720.0,
OI000007950,O00001952,M0023,1,551.0,55.1,495.9,
OI000007951,O00001952,M0048,2,1659.0,0.0,3318.0,
OI000007952,O00001952,M0007,1,1344.0,0.0,1344.0,
OI000007953,O00001952,M0015,1,1764.0,0.0,1764.0,
OI000007954,O00001953,M0057,1,475.0,0.0,475.0,
OI000007955,O00001953,M0001,1,1554.0,0.0,1554.0,
OI000007956,O00001953,M0045,1,1080.0,54.0,1026.0,
OI000007957,O00001954,M0040,3,430.0,0.0,1290.0,Customer request
OI000007958,O00001955,M0004,2,1800.0,0.0,3600.0,
OI000007959,O00001955,M0165,2,567.0,113.4,1020.6,
OI000007960,O00001955,M0002,1,494.0,49.4,444.6,
OI000007961,O00001955,M0001,1,1406.0,0.0,1406.0,
OI000007962,O00001956,M0131,3,990.0,0.0,2970.0,
OI000007963,O00001956,M0122,2,470.0,0.0,940.0,
OI000007964,O00001956,M0018,1,1200.0,0.0,1200.0,
OI000007965,O00001956,M0187,1,826.5,0.0,826.5,
OI000007966,O00001957,M0187,1,913.5,0.0,913.5,
OI000007967,O00001957,M0002,1,520.0,0.0,520.0,
OI000007968,O00001958,M0028,1,870.0,0.0,870.0,
OI000007969,O00001958,M0001,4,1480.0,0.0,5920.0,
OI000007970,O00001958,M0015,1,1680.0,0.0,1680.0,
OI000007971,O00001958,M0001,2,1480.0,0.0,2960.0,
OI000007972,O00001959,M0003,1,1050.0,0.0,1050.0,
OI000007973,O00001959,M0145,2,1672.0,0.0,3344.0,
OI000007974,O00001959,M0124,1,980.0,0.0,980.0,
OI000007975,O00001959,M0130,1,1070.0,0.0,1070.0,
OI000007976,O00001959,M0001,1,1554.0,0.0,1554.0,
OI000007977,O00001959,M0043,2,1858.5,185.85,3531.15,
OI000007978,O00001960,M0098,1,1230.0,0.0,1230.0,
OI000007979,O00001960,M0072,2,1273.0,0.0,2546.0,
OI000007980,O00001960,M0032,2,871.5,0.0,1743.0,
OI000007981,O00001960,M0002,1,520.0,0.0,520.0,
OI000007982,O00001960,M0098,2,1230.0,0.0,2460.0,
OI000007983,O00001960,M0144,1,588.0,0.0,588.0,
OI000007984,O00001960,M0008,2,924.0,0.0,1848.0,
OI000007985,O00001960,M0038,2,1320.0,0.0,2640.0,
OI000007986,O00001961,M0030,1,270.0,0.0,270.0,
OI000007987,O00001961,M0084,1,1540.0,0.0,1540.0,Customer request
OI000007988,O00001961,M0161,1,430.5,0.0,430.5,
OI000007989,O00001961,M0025,1,260.0,0.0,260.0,
OI000007990,O00001961,M0026,1,427.5,0.0,427.5,
OI000007991,O00001961,M0006,1,1700.5,0.0,1700.5,
OI000007992,O00001962,M0004,1,1890.0,0.0,1890.0,
OI000007993,O00001962,M0001,1,1554.0,0.0,1554.0,
OI000007994,O00001962,M0113,1,798.0,0.0,798.0,
OI000007995,O00001962,M0019,1,630.0,0.0,630.0,
OI000007996,O00001962,M0001,1,1480.0,0.0,1480.0,
OI000007997,O00001963,M0040,3,430.0,0.0,1290.0,
OI000007998,O00001963,M0013,2,1500.0,0.0,3000.0,
OI000007999,O00001963,M0184,3,1040.0,0.0,3120.0,
OI000008000,O00001964,M0024,1,580.0,0.0,580.0,
OI000008001,O00001964,M0002,1,494.0,74.1,419.9,Customer request
OI000008002,O00001964,M0058,2,1350.0,0.0,2700.0,
OI000008003,O00001964,M0104,1,190.0,0.0,190.0,
OI000008004,O00001965,M0046,3,1640.0,0.0,4920.0,
OI000008005,O00001965,M0098,1,1230.0,123.0,1107.0,
OI000008006,O00001965,M0010,2,430.0,0.0,860.0,
OI000008007,O00001965,M0037,2,1690.5,0.0,3381.0,Customer request
OI000008008,O00001965,M0117,1,1140.0,0.0,1140.0,
OI000008009,O00001965,M0001,1,1406.0,0.0,1406.0,
OI000008010,O00001965,M0008,1,880.0,0.0,880.0,
OI000008011,O00001965,M0056,2,250.0,0.0,500.0,
OI000008012,O00001966,M0032,1,871.5,0.0,871.5,
OI000008013,O00001966,M0096,1,693.5,0.0,693.5,
OI000008014,O00001966,M0004,1,1800.0,90.0,1710.0,
OI000008015,O00001966,M0125,2,336.0,0.0,672.0,
OI000008016,O00001967,M0054,2,1120.0,0.0,2240.0,Customer request
OI000008017,O00001968,M0005,1,430.0,0.0,430.0,
OI000008018,O00001968,M0001,1,1480.0,0.0,1480.0,
OI000008019,O00001968,M0190,1,399.0,0.0,399.0,
OI000008020,O00001968,M0024,1,580.0,0.0,580.0,
OI000008021,O00001969,M0008,1,880.0,0.0,880.0,
OI000008022,O00001969,M0004,1,1710.0,171.0,1539.0,
OI000008023,O00001970,M0007,2,1344.0,0.0,2688.0,
OI000008024,O00001970,M0030,1,270.0,0.0,270.0,
OI000008025,O00001970,M0128,1,1123.5,0.0,1123.5,
OI000008026,O00001970,M0005,1,408.5,0.0,408.5,
OI000008027,O00001971,M0016,1,1168.5,0.0,1168.5,
OI000008028,O00001971,M0106,1,940.0,0.0,940.0,
OI000008029,O00001971,M0065,1,850.0,0.0,850.0,
OI000008030,O00001971,M0001,2,1480.0,0.0,2960.0,
OI000008031,O00001972,M0007,1,1280.0,0.0,1280.0,
OI000008032,O00001972,M0003,2,1102.5,0.0,2205.0,
OI000008033,O00001972,M0001,3,1480.0,0.0,4440.0,
OI000008034,O00001972,M0172,1,1806.0,0.0,1806.0,
OI000008035,O00001972,M0054,1,1176.0,0.0,1176.0,
OI000008036,O00001973,M0038,1,1320.0,0.0,1320.0,
OI000008037,O00001973,M0131,1,1039.5,0.0,1039.5,
OI000008038,O00001974,M0048,1,1580.0,0.0,1580.0,
OI000008039,O00001974,M0045,1,1080.0,0.0,1080.0,
OI000008040,O00001974,M0005,1,430.0,0.0,430.0,
OI000008041,O00001974,M0054,1,1120.0,0.0,1120.0,Customer request
OI000008042,O00001974,M0066,1,551.0,0.0,551.0,
OI000008043,O00001974,M0140,4,1510.5,0.0,6042.0,
OI000008044,O00001974,M0022,4,1240.0,0.0,4960.0,
OI000008045,O00001974,M0005,1,430.0,0.0,430.0,
OI000008046,O00001975,M0043,1,1770.0,88.5,1681.5,
OI000008047,O00001975,M0185,1,1560.0,0.0,1560.0,Customer request
OI000008048,O00001975,M0001,1,1480.0,0.0,1480.0,
OI000008049,O00001975,M0001,1,1406.0,0.0,1406.0,
OI000008050,O00001976,M0001,1,1480.0,0.0,1480.0,
OI000008051,O00001976,M0119,2,240.0,0.0,480.0,
OI000008052,O00001976,M0001,1,1554.0,0.0,1554.0,
OI000008053,O00001976,M0006,1,1879.5,0.0,1879.5,
OI000008054,O00001976,M0190,1,399.0,0.0,399.0,
OI000008055,O00001976,M0088,1,1083.0,0.0,1083.0,
OI000008056,O00001977,M0006,5,1879.5,0.0,9397.5,
OI000008057,O00001977,M0006,2,1879.5,0.0,3759.0,
OI000008058,O00001977,M0026,1,450.0,0.0,450.0,
OI000008059,O00001977,M0001,4,1480.0,0.0,5920.0,Customer request
OI000008060,O00001977,M0062,1,1010.0,0.0,1010.0,
OI000008061,O00001978,M0031,1,1740.0,0.0,1740.0,
OI000008062,O00001978,M0021,1,1312.5,0.0,1312.5,
OI000008063,O00001979,M0030,1,256.5,0.0,256.5,
OI000008064,O00001979,M0008,2,924.0,0.0,1848.0,
OI000008065,O00001979,M0005,1,451.5,0.0,451.5,
OI000008066,O00001979,M0001,1,1480.0,0.0,1480.0,
OI000008067,O00001980,M0055,2,890.0,0.0,1780.0,
OI000008068,O00001980,M0031,1,1827.0,0.0,1827.0,
OI000008069,O00001980,M0078,1,1260.0,0.0,1260.0,
OI000008070,O00001980,M0146,1,250.0,37.5,212.5,
OI000008071,O00001981,M0196,1,1590.0,0.0,1590.0,
OI000008072,O00001981,M0006,1,1790.0,0.0,1790.0,
OI000008073,O00001981,M0004,2,1890.0,0.0,3780.0,
OI000008074,O00001981,M0154,2,1660.0,0.0,3320.0,
OI000008075,O00001982,M0019,1,598.5,89.78,508.72,
OI000008076,O00001982,M0108,1,408.5,0.0,408.5,Customer request
OI000008077,O00001982,M0003,2,1050.0,0.0,2100.0,
OI000008078,O00001982,M0010,2,430.0,0.0,860.0,
OI000008079,O00001982,M0001,1,1480.0,0.0,1480.0,
OI000008080,O00001982,M0195,2,230.0,0.0,460.0,
OI000008081,O00001982,M0001,3,1406.0,0.0,4218.0,
OI000008082,O00001983,M0004,1,1800.0,0.0,1800.0,
OI000008083,O00001983,M0041,1,1638.0,0.0,1638.0,
OI000008084,O00001983,M0126,2,1520.0,0.0,3040.0,
OI000008085,O00001983,M0105,1,1244.5,62.22,1182.28,
OI000008086,O00001984,M0007,1,1280.0,0.0,1280.0,
OI000008087,O00001984,M0139,2,1770.0,0.0,3540.0,
OI000008088,O00001984,M0001,1,1554.0,0.0,1554.0,
OI000008089,O00001984,M0012,2,598.5,0.0,1197.0,
OI000008090,O00001985,M0008,1,880.0,0.0,880.0,
OI000008091,O00001985,M0063,1,1210.0,0.0,1210.0,
OI000008092,O00001986,M0001,1,1480.0,0.0,1480.0,
OI000008093,O00001986,M0128,1,1070.0,0.0,1070.0,
OI000008094,O00001986,M0179,1,1440.0,0.0,1440.0,
OI000008095,O00001987,M0006,1,1879.5,0.0,1879.5,
OI000008096,O00001987,M0149,1,966.0,0.0,966.0,
OI000008097,O00001987,M0151,2,619.5,0.0,1239.0,
OI000008098,O00001987,M0055,1,890.0,0.0,890.0,
OI000008099,O00001987,M0033,2,325.5,0.0,651.0,
OI000008100,O00001988,M0098,1,1230.0,0.0,1230.0,
OI000008101,O00001988,M0034,2,1323.0,264.6,2381.4,
OI000008102,O00001988,M0088,1,1197.0,0.0,1197.0,
OI000008103,O00001989,M0002,1,520.0,0.0,520.0,
OI000008104,O00001989,M0009,3,1660.0,0.0,4980.0,
OI000008105,O00001989,M0018,1,1200.0,0.0,1200.0,
OI000008106,O00001989,M0005,1,430.0,0.0,430.0,
OI000008107,O00001989,M0006,1,1790.0,0.0,1790.0,
OI000008108,O00001989,M0093,1,930.0,0.0,930.0,
OI000008109,O00001990,M0004,1,1800.0,0.0,1800.0,
OI000008110,O00001990,M0002,3,546.0,0.0,1638.0,
OI000008111,O00001990,M0009,3,1660.0,0.0,4980.0,
OI000008112,O00001990,M0003,1,1050.0,0.0,1050.0,
OI000008113,O00001991,M0005,1,451.5,0.0,451.5,
OI000008114,O00001991,M0101,1,550.0,0.0,550.0,
OI000008115,O00001991,M0023,4,580.0,0.0,2320.0,
OI000008116,O00001992,M0023,3,580.0,0.0,1740.0,
OI000008117,O00001992,M0035,1,920.0,0.0,920.0,
OI000008118,O00001992,M0002,2,520.0,0.0,1040.0,Customer request
OI000008119,O00001992,M0193,2,577.5,0.0,1155.0,
OI000008120,O00001992,M0125,3,304.0,0.0,912.0,
OI000008121,O00001992,M0010,1,451.5,0.0,451.5,
OI000008122,O00001992,M0001,2,1480.0,0.0,2960.0,
OI000008123,O00001992,M0053,1,1770.0,0.0,1770.0,
OI000008124,O00001992,M0048,1,1580.0,0.0,1580.0,
OI000008125,O00001993,M0011,1,1150.0,0.0,1150.0,
OI000008126,O00001994,M0013,2,1500.0,0.0,3000.0,
OI000008127,O00001994,M0036,1,1700.5,0.0,1700.5,
OI000008128,O00001994,M0139,1,1681.5,0.0,1681.5,
OI000008129,O00001994,M0002,4,520.0,0.0,2080.0,
OI000008130,O00001995,M0033,1,294.5,29.45,265.05,
OI000008131,O00001995,M0023,2,580.0,0.0,1160.0,
OI000008132,O00001996,M0027,1,750.5,75.05,675.45,
OI000008133,O00001996,M0153,2,1672.0,0.0,3344.0,
OI000008134,O00001996,M0039,2,1774.5,177.45,3371.55,
OI000008135,O00001997,M0073,1,399.0,0.0,399.0,
OI000008136,O00001997,M0154,1,1743.0,0.0,1743.0,
OI000008137,O00001998,M0010,1,430.0,0.0,430.0,Customer request
OI000008138,O00001998,M0015,2,1764.0,0.0,3528.0,
OI000008139,O00001998,M0006,2,1790.0,0.0,3580.0,
OI000008140,O00001998,M0062,1,1010.0,0.0,1010.0,
OI000008141,O00001998,M0007,1,1280.0,0.0,1280.0,
OI000008142,O00001998,M0006,1,1790.0,0.0,1790.0,
OI000008143,O00001998,M0193,1,550.0,0.0,550.0,
OI000008144,O00001999,M0074,1,720.0,0.0,720.0,
OI000008145,O00001999,M0112,2,610.0,0.0,1220.0,
OI000008146,O00001999,M0183,2,598.5,0.0,1197.0,
OI000008147,O00001999,M0184,2,1092.0,109.2,2074.8,
OI000008148,O00002000,M0013,2,1500.0,0.0,3000.0,
OI000008149,O00002000,M0034,1,1260.0,0.0,1260.0,
OI000008150,O00002000,M0160,1,1662.5,0.0,1662.5,
OI000008151,O00002000,M0001,-1,1480.0,0.0,1480.0,
OI000008152,O00002001,M0156,2,1280.0,0.0,2560.0,
OI000008153,O00002001,M0130,1,1070.0,0.0,1070.0,
OI000008154,O00002001,M0027,1,750.5,0.0,750.5,
OI000008155,O00002001,M0034,3,1260.0,0.0,3780.0,
OI000008156,O00002001,M0001,1,1480.0,222.0,1258.0,
OI000008157,O00002002,M0041,1,1560.0,0.0,1560.0,
OI000008158,O00002002,M0002,1,520.0,0.0,520.0,
OI000008159,O00002002,M0008,1,880.0,0.0,880.0,
OI000008160,O00002002,M0108,1,408.5,0.0,408.5,
OI000008161,O00002002,M0032,3,830.0,0.0,2490.0,
OI000008162,O00002002,M0090,1,1250.0,0.0,1250.0,
OI000008163,O00002003,M0164,2,1333.5,0.0,2667.0,
OI000008164,O00002003,M0004,3,1800.0,0.0,5400.0,
OI000008165,O00002003,M0008,1,836.0,0.0,836.0,Customer request
OI000008166,O00002004,M0047,1,1529.5,0.0,1529.5,
OI000008167,O00002004,M0173,2,1750.0,0.0,3500.0,
OI000008168,O00002005,M0099,1,598.5,0.0,598.5,
OI000008169,O00002005,M0059,2,660.0,0.0,1320.0,
OI000008170,O00002005,M0069,1,1228.5,0.0,1228.5,
OI000008171,O00002006,M0022,1,1240.0,0.0,1240.0,
OI000008172,O00002007,M0019,1,630.0,94.5,535.5,
OI000008173,O00002007,M0193,1,577.5,0.0,577.5,
OI000008174,O00002007,M0129,2,1672.0,501.6,2842.4,
OI000008175,O00002008,M0093,2,930.0,279.0,1581.0,
OI000008176,O00002008,M0080,1,826.5,0.0,826.5,
OI000008177,O00002008,M0043,1,1770.0,0.0,1770.0,
OI000008178,O00002008,M0012,1,541.5,27.08,514.42,
OI000008179,O00002008,M0022,1,1302.0,0.0,1302.0,
OI000008180,O00002009,M0001,1,1554.0,0.0,1554.0,
OI000008181,O00002009,M0002,2,546.0,163.8,928.2,
OI000008182,O00002010,M0017,2,730.0,0.0,1460.0,
OI000008183,O00002010,M0002,2,494.0,0.0,988.0,
OI000008184,O00002010,M0019,1,630.0,0.0,630.0,
OI000008185,O00002010,M0005,1,408.5,0.0,408.5,
OI000008186,O00002010,M0014,1,1624.5,0.0,1624.5,
OI000008187,O00002010,M0017,2,730.0,0.0,1460.0,
OI000008188,O00002011,M0105,1,1244.5,0.0,1244.5,
OI000008189,O00002011,M0070,1,1630.0,163.0,1467.0,
OI000008190,O00002011,M0112,1,579.5,0.0,579.5,
OI000008191,O00002011,M0015,1,1680.0,0.0,1680.0,
OI000008192,O00002012,M0117,1,1140.0,0.0,1140.0,
OI000008193,O00002012,M0173,1,1750.0,0.0,1750.0,
OI000008194,O00002013,M0009,1,1577.0,0.0,1577.0,
OI000008195,O00002013,M0080,1,913.5,0.0,913.5,
OI000008196,O00002014,M0001,2,1554.0,0.0,3108.0,Customer request
OI000008197,O00002014,M0035,1,920.0,0.0,920.0,
OI000008198,O00002014,M0003,1,1050.0,0.0,1050.0,
OI000008199,O00002014,M0119,3,252.0,0.0,756.0,
OI000008200,O00002014,M0020,1,1110.0,0.0,1110.0,
OI000008201,O00002014,M0051,1,750.0,0.0,750.0,
OI000008202,O00002015,M0046,2,1558.0,0.0,3116.0,Customer request
OI000008203,O00002015,M0002,2,520.0,0.0,1040.0,
OI000008204,O00002015,M0002,1,546.0,0.0,546.0,
OI000008205,O00002016,M0044,1,342.0,51.3,290.7,
OI000008206,O00002016,M0011,2,1150.0,0.0,2300.0,
OI000008207,O00002016,M0002,1,520.0,0.0,520.0,
OI000008208,O00002016,M0011,1,1150.0,172.5,977.5,
OI000008209,O00002016,M0004,3,1710.0,0.0,5130.0,
OI000008210,O00002017,M0001,1,1554.0,0.0,1554.0,
OI000008211,O00002017,M0017,1,730.0,0.0,730.0,
OI000008212,O00002017,M0069,1,1170.0,0.0,1170.0,
OI000008213,O00002017,M0002,1,546.0,0.0,546.0,
OI000008214,O00002018,M0047,1,1610.0,0.0,1610.0,
OI000008215,O00002018,M0003,2,1050.0,0.0,2100.0,
OI000008216,O00002018,M0001,1,1480.0,0.0,1480.0,
OI000008217,O00002018,M0002,3,520.0,0.0,1560.0,
OI000008218,O00002018,M0005,1,408.5,0.0,408.5,
OI000008219,O00002018,M0027,2,790.0,0.0,1580.0,
OI000008220,O00002018,M0024,2,580.0,0.0,1160.0,
OI000008221,O00002018,M0028,4,870.0,0.0,3480.0,
OI000008222,O00002019,M0016,1,1168.5,0.0,1168.5,
OI000008223,O00002019,M0139,1,1858.5,0.0,1858.5,
OI000008224,O00002019,M0141,1,1417.5,0.0,1417.5,
OI000008225,O00002020,M0063,1,1210.0,0.0,1210.0,
OI000008226,O00002020,M0012,1,541.5,0.0,541.5,
OI000008227,O00002020,M0004,1,1800.0,0.0,1800.0,
OI000008228,O00002020,M0074,3,720.0,0.0,2160.0,
OI000008229,O00002020,M0199,1,440.0,0.0,440.0,
OI000008230,O00002020,M0114,3,640.0,0.0,1920.0,
OI000008231,O00002021,M0012,1,570.0,0.0,570.0,
OI000008232,O00002021,M0005,1,451.5,45.15,406.35,
OI000008233,O00002021,M0113,1,798.0,0.0,798.0,
OI000008234,O00002022,M0019,1,630.0,0.0,630.0,
OI000008235,O00002022,M0047,2,1610.0,0.0,3220.0,
OI000008236,O00002022,M0001,1,1480.0,0.0,1480.0,
OI000008237,O00002022,M0109,1,1491.0,0.0,1491.0,
OI000008238,O00002022,M0005,4,430.0,0.0,1720.0,
OI000008239,O00002023,M0094,3,661.5,0.0,1984.5,
OI000008240,O00002023,M0064,1,441.0,0.0,441.0,
OI000008241,O00002024,M0020,1,1165.5,0.0,1165.5,
OI000008242,O00002024,M0037,1,1610.0,80.5,1529.5,
OI000008243,O00002024,M0038,1,1320.0,0.0,1320.0,
OI000008244,O00002024,M0006,2,1790.0,0.0,3580.0,
OI000008245,O00002025,M0003,1,1050.0,0.0,1050.0,
OI000008246,O00002025,M0111,1,294.0,0.0,294.0,
OI000008247,O00002025,M0072,4,1340.0,0.0,5360.0,
OI000008248,O00002026,M0054,1,1176.0,176.4,999.6,
OI000008249,O00002026,M0009,2,1660.0,0.0,3320.0,
OI000008250,O00002026,M0019,2,598.5,179.55,1017.45,
OI000008251,O00002026,M0003,1,1102.5,0.0,1102.5,
OI000008252,O00002026,M0091,1,367.5,0.0,367.5,
OI000008253,O00002026,M0001,1,1480.0,0.0,1480.0,
OI000008254,O00002027,M0001,1,1480.0,0.0,1480.0,
OI000008255,O00002027,M0035,1,966.0,0.0,966.0,
OI000008256,O00002027,M0013,1,1500.0,0.0,1500.0,
OI000008257,O00002027,M0003,2,1050.0,315.0,1785.0,
OI000008258,O00002027,M0081,1,874.0,0.0,874.0,
OI000008259,O00002027,M0164,2,1206.5,0.0,2413.0,Customer request
OI000008260,O00002028,M0009,1,1743.0,0.0,1743.0,
OI000008261,O00002028,M0050,1,800.0,0.0,800.0,
OI000008262,O00002028,M0088,1,1083.0,162.45,920.55,
OI000008263,O00002028,M0053,3,1770.0,0.0,5310.0,
OI000008264,O00002028,M0017,1,693.5,0.0,693.5,
OI000008265,O00002029,M0041,1,1560.0,0.0,1560.0,
OI000008266,O00002029,M0082,4,619.5,0.0,2478.0,
OI000008267,O00002029,M0170,2,855.0,0.0,1710.0,
OI000008268,O00002029,M0097,3,336.0,0.0,1008.0,
OI000008269,O00002029,M0011,1,1150.0,172.5,977.5,
OI000008270,O00002029,M0067,3,1368.0,0.0,4104.0,
OI000008271,O00002030,M0156,1,1344.0,0.0,1344.0,
OI000008272,O00002030,M0035,2,874.0,0.0,1748.0,
OI000008273,O00002030,M0002,1,494.0,0.0,494.0,
OI000008274,O00002030,M0059,3,660.0,0.0,1980.0,
OI000008275,O00002031,M0051,1,750.0,75.0,675.0,
OI000008276,O00002031,M0003,1,1050.0,0.0,1050.0,
OI000008277,O00002031,M0007,2,1280.0,384.0,2176.0,
OI000008278,O00002031,M0067,5,1440.0,0.0,7200.0,
OI000008279,O00002032,M0186,1,1620.0,0.0,1620.0,
OI000008280,O00002032,M0004,1,1800.0,270.0,1530.0,
OI000008281,O00002032,M0053,1,1681.5,0.0,1681.5,
OI000008282,O00002032,M0028,2,826.5,0.0,1653.0,
OI000008283,O00002032,M0013,1,1425.0,0.0,1425.0,
OI000008284,O00002033,M0155,3,530.0,0.0,1590.0,
OI000008285,O00002033,M0166,2,388.5,0.0,777.0,
OI000008286,O00002033,M0004,1,1890.0,0.0,1890.0,
OI000008287,O00002033,M0076,1,660.0,33.0,627.0,
OI000008288,O00002033,M0098,2,1230.0,0.0,2460.0,
OI000008289,O00002033,M0159,1,988.0,0.0,988.0,
OI000008290,O00002034,M0001,2,1480.0,0.0,2960.0,
OI000008291,O00002034,M0164,1,1270.0,0.0,1270.0,
OI000008292,O00002034,M0007,2,1216.0,0.0,2432.0,
OI000008293,O00002034,M0130,1,1070.0,0.0,1070.0,
OI000008294,O00002034,M0118,5,1310.0,0.0,6550.0,
OI000008295,O00002034,M0104,2,200.0,0.0,400.0,
OI000008296,O00002035,M0010,1,451.5,0.0,451.5,
OI000008297,O00002036,M0093,1,930.0,0.0,930.0,
OI000008298,O00002036,M0008,1,924.0,0.0,924.0,
OI000008299,O00002036,M0011,1,1150.0,0.0,1150.0,
OI000008300,O00002036,M0113,1,840.0,0.0,840.0,
OI000008301,O00002036,M0046,1,1640.0,0.0,1640.0,Customer request
OI000008302,O00002037,M0010,1,430.0,64.5,365.5,
OI000008303,O00002037,M0074,1,720.0,0.0,720.0,
OI000008304,O00002037,M0130,2,1070.0,0.0,2140.0,
OI000008305,O00002038,M0041,3,1560.0,0.0,4680.0,
OI000008306,O00002038,M0006,5,1790.0,0.0,8950.0,
OI000008307,O00002039,M0046,2,1640.0,0.0,3280.0,Customer request
OI000008308,O00002039,M0047,1,1610.0,0.0,1610.0,
OI000008309,O00002039,M0057,1,500.0,0.0,500.0,
OI000008310,O00002039,M0100,1,1790.0,0.0,1790.0,Customer request
OI000008311,O00002039,M0190,2,361.0,0.0,722.0,
OI000008312,O00002040,M0002,2,494.0,0.0,988.0,
OI000008313,O00002040,M0005,1,451.5,0.0,451.5,
OI000008314,O00002040,M0112,1,610.0,61.0,549.0,
OI000008315,O00002040,M0036,2,1700.5,0.0,3401.0,
OI000008316,O00002041,M0088,1,1140.0,0.0,1140.0,
OI000008317,O00002041,M0020,1,1110.0,55.5,1054.5,
OI000008318,O00002041,M0122,3,470.0,0.0,1410.0,
OI000008319,O00002041,M0021,1,1250.0,0.0,1250.0,
OI000008320,O00002041,M0171,1,1640.0,0.0,1640.0,
OI000008321,O00002042,M0018,1,1140.0,0.0,1140.0,
OI000008322,O00002042,M0009,1,1577.0,0.0,1577.0,
OI000008323,O00002042,M0002,1,546.0,0.0,546.0,
OI000008324,O00002042,M0126,4,1596.0,0.0,6384.0,
OI000008325,O00002042,M0173,2,1750.0,0.0,3500.0,
OI000008326,O00002043,M0146,2,262.5,0.0,525.0,
OI000008327,O00002043,M0093,2,930.0,0.0,1860.0,
OI000008328,O00002043,M0022,2,1240.0,0.0,2480.0,
OI000008329,O00002043,M0011,1,1207.5,0.0,1207.5,
OI000008330,O00002043,M0009,1,1660.0,0.0,1660.0,Customer request
OI000008331,O00002043,M0093,2,883.5,0.0,1767.0,
OI000008332,O00002043,M0014,1,1795.5,0.0,1795.5,
OI000008333,O00002043,M0101,1,577.5,86.62,490.88,
OI000008334,O00002043,M0190,2,380.0,0.0,760.0,
OI000008335,O00002044,M0004,1,1800.0,0.0,1800.0,
OI000008336,O00002044,M0002,2,546.0,0.0,1092.0,
OI000008337,O00002044,M0002,2,520.0,0.0,1040.0,
OI000008338,O00002044,M0001,1,1480.0,0.0,1480.0,
OI000008339,O00002045,M0072,1,1340.0,0.0,1340.0,
OI000008340,O00002045,M0048,2,1580.0,0.0,3160.0,Customer request
OI000008341,O00002046,M0043,1,1770.0,0.0,1770.0,
OI000008342,O00002046,M0046,5,1722.0,0.0,8610.0,
OI000008343,O00002047,M0001,1,1480.0,0.0,1480.0,Customer request
OI000008344,O00002047,M0010,1,430.0,0.0,430.0,
OI000008345,O00002048,M0008,4,880.0,0.0,3520.0,
OI000008346,O00002048,M0028,1,870.0,0.0,870.0,
OI000008347,O00002048,M0139,3,1681.5,0.0,5044.5,
OI000008348,O00002048,M0185,1,1560.0,0.0,1560.0,
OI000008349,O00002049,M0052,2,710.0,71.0,1349.0,
OI000008350,O00002049,M0007,1,1344.0,0.0,1344.0,
OI000008351,O00002049,M0017,1,730.0,0.0,730.0,Customer request
OI000008352,O00002050,M0012,1,570.0,0.0,570.0,
OI000008353,O00002050,M0005,1,408.5,0.0,408.5,
OI000008354,O00002050,M0188,1,290.0,0.0,290.0,
OI000008355,O00002050,M0003,1,1050.0,0.0,1050.0,
OI000008356,O00002050,M0043,1,1858.5,0.0,1858.5,
OI000008357,O00002050,M0106,1,940.0,0.0,940.0,
OI000008358,O00002051,M0168,1,1795.5,89.78,1705.72,
OI000008359,O00002051,M0005,1,430.0,0.0,430.0,
OI000008360,O00002051,M0005,1,430.0,21.5,408.5,
OI000008361,O00002051,M0031,2,1653.0,0.0,3306.0,
OI000008362,O00002051,M0017,1,730.0,0.0,730.0,
OI000008363,O00002051,M0007,2,1216.0,0.0,2432.0,
OI000008364,O00002052,M0002,1,546.0,0.0,546.0,
OI000008365,O00002052,M0015,1,1680.0,0.0,1680.0,
OI000008366,O00002052,M0009,1,1577.0,0.0,1577.0,
OI000008367,O00002052,M0004,3,1800.0,0.0,5400.0,
OI000008368,O00002052,M0016,1,1230.0,0.0,1230.0,
OI000008369,O00002052,M0002,1,520.0,0.0,520.0,
OI000008370,O00002052,M0156,2,1280.0,0.0,2560.0,
OI000008371,O00002053,M0049,1,1522.5,0.0,1522.5,
OI000008372,O00002053,M0028,1,826.5,0.0,826.5,
OI000008373,O00002053,M0003,1,1102.5,0.0,1102.5,
OI000008374,O00002053,M0099,2,570.0,0.0,1140.0,
OI000008375,O00002053,M0001,2,1480.0,0.0,2960.0,
OI000008376,O00002054,M0192,1,540.0,0.0,540.0,
OI000008377,O00002054,M0123,2,740.0,0.0,1480.0,
OI000008378,O00002054,M0027,1,790.0,0.0,790.0,
OI000008379,O00002054,M0067,1,1440.0,0.0,1440.0,
OI000008380,O00002054,M0002,1,520.0,0.0,520.0,
OI000008381,O00002054,M0030,1,270.0,0.0,270.0,
OI000008382,O00002054,M0114,3,640.0,192.0,1728.0,
OI000008383,O00002055,M0001,2,1480.0,0.0,2960.0,
OI000008384,O00002055,M0006,2,1790.0,0.0,3580.0,Customer request
OI000008385,O00002056,M0099,1,598.5,59.85,538.65,
OI000008386,O00002056,M0026,1,427.5,0.0,427.5,
OI000008387,O00002056,M0065,2,850.0,0.0,1700.0,
OI000008388,O00002056,M0114,1,608.0,0.0,608.0,
OI000008389,O00002057,M0003,1,1050.0,105.0,945.0,
OI000008390,O00002057,M0027,3,829.5,0.0,2488.5,
OI000008391,O00002057,M0042,1,1210.0,0.0,1210.0,
OI000008392,O00002057,M0053,2,1770.0,0.0,3540.0,
OI000008393,O00002058,M0125,3,320.0,0.0,960.0,
OI000008394,O00002058,M0028,3,870.0,0.0,2610.0,
OI000008395,O00002058,M0011,1,1150.0,57.5,1092.5,
OI000008396,O00002058,M0108,3,430.0,0.0,1290.0,
OI000008397,O00002058,M0147,1,1040.0,0.0,1040.0,
OI000008398,O00002059,M0015,1,1680.0,0.0,1680.0,
OI000008399,O00002059,M0082,1,560.5,0.0,560.5,
OI000008400,O00002059,M0005,2,430.0,0.0,860.0,
OI000008401,O00002059,M0002,1,520.0,0.0,520.0,
OI000008402,O00002059,M0016,1,1230.0,0.0,1230.0,
OI000008403,O00002059,M0019,1,661.5,0.0,661.5,
OI000008404,O00002059,M0002,1,520.0,0.0,520.0,
OI000008405,O00002060,M0002,1,546.0,0.0,546.0,Customer request
OI000008406,O00002060,M0076,1,660.0,0.0,660.0,
OI000008407,O00002060,M0080,2,826.5,165.3,1487.7,
OI000008408,O00002061,M0001,1,1554.0,0.0,1554.0,
OI000008409,O00002061,M0033,1,310.0,0.0,310.0,
OI000008410,O00002061,M0042,1,1270.5,0.0,1270.5,
OI000008411,O00002061,M0031,1,1740.0,0.0,1740.0,
OI000008412,O00002061,M0189,1,1500.0,0.0,1500.0,
OI000008413,O00002062,M0026,1,427.5,0.0,427.5,
OI000008414,O00002062,M0039,1,1774.5,0.0,1774.5,
OI000008415,O00002062,M0011,1,1150.0,0.0,1150.0,
OI000008416,O00002063,M0007,5,1344.0,0.0,6720.0,
OI000008417,O00002063,M0114,1,608.0,0.0,608.0,
OI000008418,O00002063,M0162,1,313.5,0.0,313.5,
OI000008419,O00002063,M0012,1,541.5,0.0,541.5,
OI000008420,O00002064,M0125,1,304.0,0.0,304.0,
OI000008421,O00002064,M0021,1,1250.0,0.0,1250.0,
OI000008422,O00002064,M0035,1,920.0,138.0,782.0,
OI000008423,O00002065,M0004,1,1710.0,256.5,1453.5,
OI000008424,O00002065,M0046,2,1640.0,0.0,3280.0,
OI000008425,O00002065,M0174,1,510.0,51.0,459.0,
OI000008426,O00002065,M0001,2,1406.0,0.0,2812.0,
OI000008427,O00002065,M0008,1,880.0,0.0,880.0,
OI000008428,O00002066,M0073,1,441.0,0.0,441.0,
OI000008429,O00002066,M0008,2,880.0,0.0,1760.0,
OI000008430,O00002066,M0016,1,1168.5,0.0,1168.5,
OI000008431,O00002066,M0010,1,430.0,0.0,430.0,
OI000008432,O00002066,M0182,3,1650.0,0.0,4950.0,
OI000008433,O00002066,M0030,1,270.0,0.0,270.0,
OI000008434,O00002067,M0003,2,1102.5,220.5,1984.5,
OI000008435,O00002067,M0002,1,494.0,0.0,494.0,
OI000008436,O00002067,M0011,1,1092.5,0.0,1092.5,
OI000008437,O00002068,M0019,1,630.0,0.0,630.0,
OI000008438,O00002068,M0009,4,1743.0,0.0,6972.0,
OI000008439,O00002068,M0040,3,430.0,0.0,1290.0,Customer request
OI000008440,O00002069,M0136,1,703.0,0.0,703.0,
OI000008441,O00002069,M0102,2,480.0,0.0,960.0,
OI000008442,O00002070,M0045,1,1080.0,0.0,1080.0,
OI000008443,O00002070,M0081,1,920.0,0.0,920.0,
OI000008444,O00002070,M0064,2,420.0,0.0,840.0,Customer request
OI000008445,O00002070,M0001,2,1554.0,0.0,3108.0,
OI000008446,O00002070,M0057,1,500.0,0.0,500.0,
OI000008447,O00002070,M0136,1,740.0,0.0,740.0,
OI000008448,O00002071,M0118,1,1310.0,0.0,1310.0,
OI000008449,O00002071,M0027,1,790.0,0.0,790.0,
OI000008450,O00002071,M0012,1,570.0,0.0,570.0,Customer request
OI000008451,O00002071,M0016,2,1230.0,0.0,2460.0,
OI000008452,O00002071,M0043,5,1770.0,0.0,8850.0,
OI000008453,O00002072,M0020,1,1110.0,55.5,1054.5,
OI000008454,O00002072,M0014,2,1795.5,0.0,3591.0,
OI000008455,O00002073,M0002,2,494.0,0.0,988.0,
OI000008456,O00002073,M0002,1,520.0,0.0,520.0,
OI000008457,O00002073,M0001,1,1480.0,0.0,1480.0,
OI000008458,O00002073,M0197,3,330.0,99.0,891.0,
OI000008459,O00002074,M0015,1,1680.0,0.0,1680.0,
OI000008460,O00002074,M0001,1,1480.0,74.0,1406.0,
OI000008461,O00002074,M0043,5,1858.5,0.0,9292.5,
OI000008462,O00002075,M0067,3,1440.0,0.0,4320.0,
OI000008463,O00002075,M0069,2,1170.0,0.0,2340.0,
OI000008464,O00002075,M0183,1,661.5,0.0,661.5,Customer request
OI000008465,O00002075,M0005,1,430.0,0.0,430.0,
OI000008466,O00002076,M0146,2,262.5,0.0,525.0,
OI000008467,O00002076,M0151,1,590.0,0.0,590.0,
OI000008468,O00002076,M0026,1,450.0,0.0,450.0,
OI000008469,O00002077,M0174,1,510.0,0.0,510.0,
OI000008470,O00002077,M0005,1,408.5,0.0,408.5,
OI000008471,O00002077,M0013,2,1500.0,450.0,2550.0,Customer request
OI000008472,O00002078,M0093,4,930.0,0.0,3720.0,Customer request
OI000008473,O00002078,M0170,2,900.0,0.0,1800.0,Customer request
OI000008474,O00002078,M0001,1,1480.0,74.0,1406.0,
OI000008475,O00002078,M0067,2,1440.0,0.0,2880.0,
OI000008476,O00002079,M0169,2,1121.0,0.0,2242.0,
OI000008477,O00002079,M0002,2,520.0,156.0,884.0,
OI000008478,O00002080,M0004,1,1890.0,0.0,1890.0,
OI000008479,O00002080,M0068,1,920.0,0.0,920.0,
OI000008480,O00002080,M0057,1,500.0,0.0,500.0,
OI000008481,O00002080,M0010,2,430.0,0.0,860.0,
OI000008482,O00002080,M0166,2,351.5,0.0,703.0,
OI000008483,O00002080,M0017,1,730.0,0.0,730.0,
OI000008484,O00002080,M0013,4,1575.0,0.0,6300.0,
OI000008485,O00002081,M0123,1,740.0,0.0,740.0,
OI000008486,O00002081,M0042,1,1149.5,172.42,977.08,
OI000008487,O00002081,M0024,2,551.0,0.0,1102.0,
OI000008488,O00002081,M0039,1,1690.0,0.0,1690.0,
OI000008489,O00002081,M0079,1,1102.5,0.0,1102.5,
OI000008490,O00002081,M0002,1,520.0,0.0,520.0,
OI000008491,O00002081,M0013,1,1500.0,0.0,1500.0,
OI000008492,O00002082,M0131,1,990.0,0.0,990.0,
OI000008493,O00002082,M0084,1,1540.0,0.0,1540.0,
OI000008494,O00002082,M0001,2,1480.0,0.0,2960.0,
OI000008495,O00002082,M0026,1,472.5,47.25,425.25,
OI000008496,O00002082,M0011,2,1150.0,0.0,2300.0,
OI000008497,O00002083,M0104,3,200.0,0.0,600.0,
OI000008498,O00002083,M0003,1,1050.0,0.0,1050.0,
OI000008499,O00002083,M0003,2,1050.0,0.0,2100.0,
OI000008500,O00002083,M0087,1,1596.0,0.0,1596.0,Customer request
OI000008501,O00002084,M0193,1,550.0,27.5,522.5,
OI000008502,O00002084,M0018,4,1200.0,0.0,4800.0,
OI000008503,O00002084,M0132,2,1681.5,0.0,3363.0,
OI000008504,O00002084,M0019,1,598.5,0.0,598.5,
OI000008505,O00002084,M0063,1,1270.5,0.0,1270.5,
OI000008506,O00002084,M0030,1,256.5,0.0,256.5,
OI000008507,O00002084,M0087,1,1596.0,0.0,1596.0,
OI000008508,O00002084,M0001,4,1480.0,888.0,5032.0,
OI000008509,O00002084,M0040,1,430.0,0.0,430.0,
OI000008510,O00002085,M0200,1,1218.0,0.0,1218.0,
OI000008511,O00002086,M0090,1,1312.5,0.0,1312.5,
OI000008512,O00002087,M0006,2,1790.0,0.0,3580.0,Customer request
OI000008513,O00002088,M0011,2,1207.5,0.0,2415.0,
OI000008514,O00002088,M0071,1,598.5,0.0,598.5,
OI000008515,O00002089,M0003,1,1102.5,110.25,992.25,
OI000008516,O00002089,M0001,1,1554.0,155.4,1398.6,Customer request
OI000008517,O00002090,M0097,2,320.0,0.0,640.0,
OI000008518,O00002090,M0050,1,800.0,0.0,800.0,
OI000008519,O00002090,M0067,1,1512.0,0.0,1512.0,
OI000008520,O00002090,M0001,1,1480.0,148.0,1332.0,
OI000008521,O00002090,M0017,1,693.5,0.0,693.5,
OI000008522,O00002091,M0037,2,1529.5,0.0,3059.0,
OI000008523,O00002091,M0074,1,684.0,0.0,684.0,
OI000008524,O00002091,M0124,1,980.0,0.0,980.0,
OI000008525,O00002091,M0009,1,1577.0,78.85,1498.15,
OI000008526,O00002091,M0152,2,560.0,0.0,1120.0,
OI000008527,O00002092,M0067,2,1368.0,0.0,2736.0,
OI000008528,O00002092,M0019,1,630.0,0.0,630.0,
OI000008529,O00002092,M0064,1,420.0,0.0,420.0,
OI000008530,O00002093,M0064,2,441.0,0.0,882.0,
OI000008531,O00002093,M0005,2,430.0,0.0,860.0,
OI000008532,O00002093,M0001,2,1480.0,0.0,2960.0,
OI000008533,O00002093,M0002,1,520.0,0.0,520.0,
OI000008534,O00002093,M0176,2,1780.0,0.0,3560.0,
OI000008535,O00002094,M0130,5,1070.0,0.0,5350.0,
OI000008536,O00002094,M0004,1,1800.0,0.0,1800.0,
OI000008537,O00002094,M0063,1,1210.0,0.0,1210.0,
OI000008538,O00002095,M0156,1,1344.0,0.0,1344.0,
OI000008539,O00002095,M0156,1,1280.0,0.0,1280.0,
OI000008540,O00002095,M0043,2,1858.5,0.0,3717.0,
OI000008541,O00002095,M0081,2,966.0,0.0,1932.0,
OI000008542,O00002095,M0018,2,1140.0,0.0,2280.0,Customer request
OI000008543,O00002096,M0001,1,1480.0,148.0,1332.0,
OI000008544,O00002096,M0036,1,1790.0,0.0,1790.0,
OI000008545,O00002096,M0011,1,1207.5,0.0,1207.5,
OI000008546,O00002096,M0019,5,661.5,496.12,2811.38,
OI000008547,O00002097,M0004,1,1800.0,0.0,1800.0,
OI000008548,O00002097,M0085,1,1634.0,0.0,1634.0,
OI000008549,O00002097,M0172,2,1634.0,0.0,3268.0,
OI000008550,O00002097,M0075,1,1710.0,0.0,1710.0,
OI000008551,O00002097,M0030,2,256.5,0.0,513.0,
OI000008552,O00002097,M0021,5,1250.0,937.5,5312.5,
OI000008553,O00002097,M0040,2,430.0,0.0,860.0,
OI000008554,O00002098,M0061,1,924.0,0.0,924.0,
OI000008555,O00002098,M0003,2,1050.0,0.0,2100.0,
OI000008556,O00002099,M0103,2,1150.0,0.0,2300.0,
OI000008557,O00002099,M0001,2,1480.0,0.0,2960.0,
OI000008558,O00002100,M0124,1,980.0,0.0,980.0,
OI000008559,O00002100,M0032,2,830.0,0.0,1660.0,
OI000008560,O00002101,M0023,1,580.0,0.0,580.0,
OI000008561,O00002101,M0002,1,494.0,0.0,494.0,
OI000008562,O00002101,M0046,1,1558.0,0.0,1558.0,
OI000008563,O00002101,M0002,1,494.0,24.7,469.3,
OI000008564,O00002101,M0133,1,1000.0,0.0,1000.0,
OI000008565,O00002101,M0010,3,430.0,0.0,1290.0,
OI000008566,O00002102,M0004,1,1710.0,0.0,1710.0,
OI000008567,O00002102,M0007,2,1216.0,0.0,2432.0,
OI000008568,O00002102,M0037,1,1610.0,0.0,1610.0,
OI000008569,O00002102,M0042,1,1210.0,0.0,1210.0,
OI000008570,O00002102,M0013,1,1425.0,0.0,1425.0,
OI000008571,O00002103,M0103,1,1150.0,0.0,1150.0,
OI000008572,O00002103,M0017,2,693.5,0.0,1387.0,
OI000008573,O00002103,M0023,1,551.0,0.0,551.0,
OI000008574,O00002103,M0003,1,997.5,0.0,997.5,
OI000008575,O00002104,M0003,1,1050.0,0.0,1050.0,
OI000008576,O00002104,M0002,1,520.0,0.0,520.0,
OI000008577,O00002105,M0003,2,1050.0,0.0,2100.0,
OI000008578,O00002105,M0148,2,1180.0,236.0,2124.0,Customer request
OI000008579,O00002105,M0070,1,1630.0,0.0,1630.0,
OI000008580,O00002105,M0067,2,1512.0,0.0,3024.0,
OI000008581,O00002106,M0003,1,1050.0,52.5,997.5,
OI000008582,O00002106,M0035,1,920.0,0.0,920.0,
OI000008583,O00002106,M0030,3,256.5,0.0,769.5,
OI000008584,O00002106,M0009,1,1577.0,0.0,1577.0,
OI000008585,O00002107,M0008,1,880.0,0.0,880.0,
OI000008586,O00002107,M0094,2,630.0,0.0,1260.0,
OI000008587,O00002108,M0010,-1,430.0,0.0,430.0,
OI000008588,O00002109,M0048,1,1659.0,0.0,1659.0,
OI000008589,O00002109,M0158,1,710.0,71.0,639.0,
OI000008590,O00002109,M0034,2,1260.0,0.0,2520.0,
OI000008591,O00002109,M0051,1,750.0,0.0,750.0,
OI000008592,O00002109,M0137,1,1770.0,0.0,1770.0,
OI000008593,O00002110,M0080,1,913.5,0.0,913.5,
OI000008594,O00002110,M0001,2,1480.0,0.0,2960.0,
OI000008595,O00002111,M0003,2,1050.0,0.0,2100.0,
OI000008596,O00002111,M0008,1,880.0,0.0,880.0,
OI000008597,O00002111,M0022,1,1178.0,58.9,1119.1,
OI000008598,O00002112,M0009,1,1660.0,0.0,1660.0,Customer request
OI000008599,O00002112,M0026,1,472.5,70.88,401.62,
OI000008600,O00002113,M0101,1,550.0,0.0,550.0,
OI000008601,O00002113,M0185,4,1638.0,0.0,6552.0,
OI000008602,O00002113,M0056,2,237.5,0.0,475.0,
OI000008603,O00002114,M0135,1,1463.0,0.0,1463.0,
OI000008604,O00002114,M0013,2,1500.0,300.0,2700.0,
OI000008605,O00002114,M0003,1,1050.0,0.0,1050.0,
OI000008606,O00002114,M0119,2,228.0,0.0,456.0,
OI000008607,O00002114,M0097,1,304.0,0.0,304.0,
OI000008608,O00002115,M0006,1,1790.0,0.0,1790.0,
OI000008609,O00002115,M0038,3,1320.0,594.0,3366.0,
OI000008610,O00002115,M0197,3,330.0,0.0,990.0,
OI000008611,O00002116,M0185,2,1560.0,0.0,3120.0,
OI000008612,O00002116,M0025,2,247.0,0.0,494.0,
OI000008613,O00002116,M0009,2,1660.0,0.0,3320.0,
OI000008614,O00002116,M0010,1,451.5,0.0,451.5,
OI000008615,O00002116,M0138,1,735.0,0.0,735.0,
OI000008616,O00002117,M0066,1,609.0,0.0,609.0,
OI000008617,O00002117,M0050,1,840.0,0.0,840.0,
OI000008618,O00002117,M0008,1,880.0,0.0,880.0,
OI000008619,O00002117,M0019,2,630.0,0.0,1260.0,
OI000008620,O00002118,M0041,1,1482.0,0.0,1482.0,
OI000008621,O00002118,M0035,1,920.0,0.0,920.0,
OI000008622,O00002118,M0001,1,1554.0,0.0,1554.0,
OI000008623,O00002119,M0030,2,270.0,0.0,540.0,
OI000008624,O00002119,M0052,3,710.0,0.0,2130.0,
OI000008625,O00002119,M0102,2,480.0,0.0,960.0,
OI000008626,O00002119,M0003,1,997.5,0.0,997.5,
OI000008627,O00002119,M0116,1,420.0,0.0,420.0,
OI000008628,O00002119,M0002,1,520.0,0.0,520.0,
OI000008629,O00002120,M0031,2,1740.0,0.0,3480.0,
OI000008630,O00002120,M0002,2,546.0,54.6,1037.4,
OI000008631,O00002120,M0113,1,882.0,0.0,882.0,
OI000008632,O00002121,M0026,1,450.0,0.0,450.0,
OI000008633,O00002121,M0054,2,1120.0,0.0,2240.0,
OI000008634,O00002121,M0031,2,1740.0,0.0,3480.0,
OI000008635,O00002121,M0026,2,450.0,0.0,900.0,
OI000008636,O00002121,M0004,2,1800.0,0.0,3600.0,
OI000008637,O00002122,M0170,1,900.0,0.0,900.0,
OI000008638,O00002122,M0083,2,540.0,54.0,1026.0,
OI000008639,O00002122,M0043,1,1858.5,0.0,1858.5,
OI000008640,O00002123,M0005,3,451.5,0.0,1354.5,
OI000008641,O00002123,M0019,1,630.0,0.0,630.0,
OI000008642,O00002123,M0013,2,1575.0,0.0,3150.0,
OI000008643,O00002123,M0091,3,367.5,0.0,1102.5,
OI000008644,O00002123,M0005,2,430.0,0.0,860.0,
OI000008645,O00002123,M0065,2,850.0,0.0,1700.0,
OI000008646,O00002124,M0150,3,315.0,0.0,945.0,
OI000008647,O00002124,M0122,1,470.0,0.0,470.0,
OI000008648,O00002124,M0013,1,1425.0,0.0,1425.0,
OI000008649,O00002125,M0003,3,1050.0,0.0,3150.0,
OI000008650,O00002125,M0015,1,1680.0,0.0,1680.0,
OI000008651,O00002125,M0018,1,1200.0,0.0,1200.0,
OI000008652,O00002125,M0038,1,1254.0,0.0,1254.0,
OI000008653,O00002126,M0001,1,1480.0,0.0,1480.0,
OI000008654,O00002127,M0033,5,310.0,0.0,1550.0,
OI000008655,O00002127,M0051,1,750.0,0.0,750.0,
OI000008656,O00002127,M0169,2,1239.0,0.0,2478.0,
OI000008657,O00002128,M0082,1,590.0,0.0,590.0,
OI000008658,O00002128,M0001,1,1480.0,0.0,1480.0,
OI000008659,O00002128,M0004,2,1890.0,0.0,3780.0,
OI000008660,O00002128,M0028,1,870.0,0.0,870.0,
OI000008661,O00002128,M0187,1,826.5,0.0,826.5,
OI000008662,O00002128,M0050,4,840.0,0.0,3360.0,
OI000008663,O00002129,M0124,2,1029.0,0.0,2058.0,
OI000008664,O00002129,M0002,2,520.0,0.0,1040.0,
OI000008665,O00002129,M0023,1,609.0,0.0,609.0,
OI000008666,O00002129,M0001,1,1480.0,0.0,1480.0,
OI000008667,O00002129,M0007,2,1344.0,0.0,2688.0,
OI000008668,O00002130,M0111,2,280.0,0.0,560.0,
OI000008669,O00002130,M0055,1,890.0,0.0,890.0,
OI000008670,O00002130,M0009,1,1743.0,0.0,1743.0,
OI000008671,O00002130,M0123,2,703.0,0.0,1406.0,
OI000008672,O00002130,M0085,1,1720.0,0.0,1720.0,
OI000008673,O00002131,M0032,1,871.5,0.0,871.5,
OI000008674,O00002131,M0001,1,1480.0,0.0,1480.0,
OI000008675,O00002131,M0151,1,560.5,0.0,560.5,
OI000008676,O00002131,M0066,5,580.0,145.0,2755.0,
OI000008677,O00002131,M0112,1,610.0,0.0,610.0,
OI000008678,O00002131,M0166,2,370.0,0.0,740.0,
OI000008679,O00002132,M0003,1,1050.0,0.0,1050.0,
OI000008680,O00002132,M0090,2,1250.0,0.0,2500.0,
OI000008681,O00002133,M0003,2,1050.0,0.0,2100.0,
OI000008682,O00002133,M0034,3,1323.0,0.0,3969.0,
OI000008683,O00002133,M0082,2,590.0,59.0,1121.0,
OI000008684,O00002133,M0035,3,920.0,0.0,2760.0,
OI000008685,O00002134,M0028,1,870.0,0.0,870.0,
OI000008686,O00002134,M0009,1,1660.0,0.0,1660.0,
OI000008687,O00002135,M0095,2,230.0,0.0,460.0,
OI000008688,O00002135,M0002,1,494.0,0.0,494.0,
OI000008689,O00002136,M0006,3,1790.0,0.0,5370.0,
OI000008690,O00002136,M0001,1,1480.0,222.0,1258.0,
OI000008691,O00002136,M0004,1,1800.0,0.0,1800.0,
OI000008692,O00002137,M0020,2,1054.5,0.0,2109.0,
OI000008693,O00002137,M0001,2,1480.0,0.0,2960.0,
OI000008694,O00002138,M0006,2,1790.0,358.0,3222.0,
OI000008695,O00002138,M0001,1,1406.0,70.3,1335.7,
OI000008696,O00002138,M0137,1,1770.0,0.0,1770.0,
OI000008697,O00002138,M0144,1,588.0,0.0,588.0,
OI000008698,O00002138,M0074,1,684.0,0.0,684.0,
OI000008699,O00002139,M0049,2,1450.0,0.0,2900.0,
OI000008700,O00002139,M0105,2,1310.0,0.0,2620.0,
OI000008701,O00002139,M0009,1,1577.0,0.0,1577.0,
OI000008702,O00002139,M0087,1,1680.0,0.0,1680.0,
OI000008703,O00002140,M0012,1,570.0,0.0,570.0,
OI000008704,O00002140,M0024,1,580.0,0.0,580.0,
OI000008705,O00002140,M0189,5,1500.0,0.0,7500.0,
OI000008706,O00002140,M0125,1,320.0,0.0,320.0,
OI000008707,O00002141,M0021,3,1250.0,0.0,3750.0,
OI000008708,O00002141,M0151,1,590.0,0.0,590.0,
OI000008709,O00002141,M0002,2,546.0,0.0,1092.0,
OI000008710,O00002141,M0150,1,315.0,15.75,299.25,
OI000008711,O00002141,M0143,1,800.0,0.0,800.0,
OI000008712,O00002141,M0060,1,1121.0,0.0,1121.0,
OI000008713,O00002141,M0012,2,570.0,57.0,1083.0,
OI000008714,O00002141,M0115,5,1083.0,812.25,4602.75,
OI000008715,O00002142,M0008,2,836.0,0.0,1672.0,
OI000008716,O00002142,M0003,1,1050.0,157.5,892.5,
OI000008717,O00002142,M0040,2,430.0,0.0,860.0,Customer request
OI000008718,O00002142,M0003,1,1050.0,0.0,1050.0,
OI000008719,O00002143,M0015,1,1680.0,0.0,1680.0,
OI000008720,O00002143,M0046,1,1722.0,0.0,1722.0,
OI000008721,O00002143,M0005,1,408.5,0.0,408.5,
OI000008722,O00002143,M0020,1,1054.5,0.0,1054.5,
OI000008723,O00002144,M0011,1,1150.0,0.0,1150.0,
OI000008724,O00002145,M0003,1,1102.5,0.0,1102.5,
OI000008725,O00002145,M0057,1,500.0,0.0,500.0,
OI000008726,O00002145,M0050,1,800.0,0.0,800.0,Customer request
OI000008727,O00002145,M0042,1,1210.0,0.0,1210.0,
OI000008728,O00002145,M0163,1,1320.5,198.08,1122.42,
OI000008729,O00002146,M0161,2,430.5,0.0,861.0,
OI000008730,O00002146,M0044,1,342.0,0.0,342.0,
OI000008731,O00002146,M0086,3,1740.0,0.0,5220.0,
OI000008732,O00002147,M0109,1,1420.0,0.0,1420.0,
OI000008733,O00002147,M0002,1,520.0,0.0,520.0,
OI000008734,O00002147,M0124,1,931.0,0.0,931.0,
OI000008735,O00002147,M0001,1,1480.0,0.0,1480.0,
OI000008736,O00002147,M0001,1,1554.0,0.0,1554.0,
OI000008737,O00002147,M0011,2,1150.0,0.0,2300.0,
OI000008738,O00002148,M0104,2,200.0,0.0,400.0,
OI000008739,O00002148,M0159,1,1092.0,163.8,928.2,
OI000008740,O00002148,M0019,1,661.5,0.0,661.5,Customer request
OI000008741,O00002148,M0057,1,500.0,0.0,500.0,
OI000008742,O00002148,M0028,4,870.0,0.0,3480.0,
OI000008743,O00002149,M0009,4,1660.0,0.0,6640.0,
OI000008744,O00002149,M0134,2,730.0,0.0,1460.0,
OI000008745,O00002150,M0047,1,1529.5,0.0,1529.5,
OI000008746,O00002150,M0071,3,630.0,0.0,2889.0,
OI000008747,O00002150,M0053,2,1770.0,0.0,3540.0,
OI000008748,O00002150,M0002,1,494.0,0.0,494.0,
OI000008749,O00002150,M0118,1,1244.5,0.0,1244.5,
OI000008750,O00002151,M0001,1,1480.0,0.0,1480.0,
OI000008751,O00002151,M0072,1,1340.0,134.0,1206.0,
OI000008752,O00002151,M0003,1,1102.5,0.0,1102.5,
OI000008753,O00002152,M0039,3,1774.5,266.18,5057.32,
OI000008754,O00002152,M0003,1,1050.0,0.0,1050.0,
OI000008755,O00002152,M0183,1,630.0,0.0,630.0,
OI000008756,O00002152,M0022,1,1240.0,0.0,1240.0,
OI000008757,O00002152,M0104,1,190.0,0.0,190.0,
OI000008758,O00002152,M0106,1,940.0,0.0,940.0,
OI000008759,O00002153,M0002,1,520.0,0.0,520.0,
OI000008760,O00002153,M0043,1,1770.0,0.0,1770.0,
OI000008761,O00002153,M0200,3,1218.0,0.0,3654.0,
OI000008762,O00002153,M0017,4,730.0,0.0,2920.0,
OI000008763,O00002153,M0002,1,494.0,0.0,494.0,Customer request
OI000008764,O00002153,M0094,1,630.0,0.0,630.0,
OI000008765,O00002153,M0048,1,1659.0,0.0,1659.0,
OI000008766,O00002154,M0078,1,1323.0,0.0,1323.0,
OI000008767,O00002154,M0037,1,1529.5,0.0,1529.5,
OI000008768,O00002154,M0008,1,836.0,0.0,836.0,
OI000008769,O00002154,M0027,1,790.0,0.0,790.0,Customer request
OI000008770,O00002154,M0047,1,1529.5,0.0,1529.5,Customer request
OI000008771,O00002155,M0007,1,1280.0,0.0,1280.0,
OI000008772,O00002155,M0128,2,1123.5,0.0,2247.0,
OI000008773,O00002156,M0020,1,1165.5,174.82,990.68,
OI000008774,O00002157,M0079,1,1050.0,0.0,1050.0,
OI000008775,O00002157,M0170,1,900.0,0.0,900.0,
OI000008776,O00002157,M0020,1,1110.0,0.0,1110.0,
OI000008777,O00002157,M0026,2,427.5,0.0,855.0,
OI000008778,O00002158,M0004,1,1800.0,0.0,1800.0,
OI000008779,O00002158,M0016,1,1230.0,184.5,1045.5,
OI000008780,O00002158,M0036,1,1790.0,0.0,1790.0,
OI000008781,O00002159,M0006,2,1790.0,0.0,3580.0,
OI000008782,O00002159,M0001,1,1480.0,0.0,1480.0,
OI000008783,O00002160,M0008,4,880.0,0.0,3520.0,
OI000008784,O00002160,M0070,2,1548.5,309.7,2787.3,
OI000008785,O00002160,M0130,2,1070.0,0.0,2140.0,
OI000008786,O00002160,M0003,2,1050.0,0.0,2100.0,
OI000008787,O00002161,M0067,1,1368.0,0.0,1368.0,
OI000008788,O00002161,M0013,2,1425.0,0.0,2850.0,
OI000008789,O00002162,M0010,2,451.5,0.0,903.0,
OI000008790,O00002162,M0022,1,1240.0,0.0,1240.0,
OI000008791,O00002162,M0135,1,1463.0,0.0,1463.0,
OI000008792,O00002162,M0046,1,1640.0,0.0,1640.0,
OI000008793,O00002162,M0059,1,660.0,0.0,660.0,
OI000008794,O00002162,M0002,1,494.0,0.0,494.0,
OI000008795,O00002162,M0002,1,520.0,0.0,520.0,
OI000008796,O00002163,M0032,1,871.5,0.0,871.5,
OI000008797,O00002163,M0080,2,870.0,0.0,1740.0,
OI000008798,O00002164,M0005,1,430.0,0.0,430.0,
OI000008799,O00002164,M0039,2,1690.0,0.0,3380.0,
OI000008800,O00002164,M0156,2,1280.0,384.0,2176.0,
OI000008801,O00002164,M0034,1,1323.0,0.0,1323.0,
OI000008802,O00002165,M0029,1,660.0,0.0,660.0,
OI000008803,O00002165,M0047,1,1610.0,0.0,1610.0,
OI000008804,O00002166,M0072,1,1340.0,0.0,1340.0,
OI000008805,O00002166,M0010,1,430.0,0.0,430.0,
OI000008806,O00002166,M0013,3,1425.0,0.0,4275.0,
OI000008807,O00002166,M0003,1,997.5,0.0,997.5,
OI000008808,O00002166,M0172,1,1720.0,0.0,1720.0,
OI000008809,O00002166,M0001,1,1480.0,0.0,1480.0,
OI000008810,O00002166,M0026,2,472.5,0.0,945.0,
OI000008811,O00002166,M0070,1,1630.0,0.0,1630.0,
OI000008812,O00002166,M0077,1,1630.0,0.0,1630.0,
OI000008813,O00002167,M0055,1,845.5,126.82,1717.6799999999998,
OI000008814,O00002167,M0013,1,1500.0,0.0,1500.0,
OI000008815,O00002167,M0001,1,1480.0,0.0,1480.0,
OI000008816,O00002167,M0164,2,1333.5,0.0,2667.0,
OI000008817,O00002168,M0004,1,1800.0,0.0,1800.0,
OI000008818,O00002168,M0152,1,532.0,0.0,532.0,
OI000008819,O00002168,M0006,1,1790.0,0.0,1790.0,
OI000008820,O00002169,M0001,1,1554.0,0.0,1554.0,
OI000008821,O00002169,M0002,1,546.0,0.0,546.0,
OI000008822,O00002169,M0015,2,1680.0,0.0,3360.0,
OI000008823,O00002169,M0003,1,1050.0,0.0,1050.0,
OI000008824,O00002170,M0029,2,660.0,0.0,1320.0,
OI000008825,O00002170,M0025,1,260.0,0.0,260.0,
OI000008826,O00002170,M0121,2,1510.0,0.0,3020.0,
OI000008827,O00002171,M0073,1,420.0,0.0,420.0,
OI000008828,O00002171,M0074,2,720.0,0.0,1440.0,
OI000008829,O00002171,M0048,1,1580.0,0.0,1580.0,
OI000008830,O00002171,M0001,2,1406.0,0.0,2812.0,
OI000008831,O00002171,M0089,2,1207.5,0.0,2415.0,
OI000008832,O00002172,M0015,1,1680.0,0.0,1680.0,
OI000008833,O00002172,M0121,2,1510.0,302.0,2718.0,
OI000008834,O00002172,M0007,1,1216.0,0.0,1216.0,
OI000008835,O00002172,M0066,1,580.0,0.0,580.0,
OI000008836,O00002173,M0050,1,800.0,0.0,800.0,
OI000008837,O00002173,M0002,1,546.0,0.0,546.0,
OI000008838,O00002173,M0003,2,997.5,0.0,1995.0,
OI000008839,O00002173,M0200,2,1102.0,0.0,2204.0,
OI000008840,O00002174,M0013,1,1500.0,0.0,1500.0,
OI000008841,O00002174,M0020,1,1110.0,0.0,1110.0,
OI000008842,O00002174,M0129,1,1848.0,184.8,1663.2,
OI000008843,O00002174,M0057,2,500.0,50.0,950.0,
OI000008844,O00002174,M0069,1,1170.0,0.0,1170.0,
OI000008845,O00002174,M0058,1,1350.0,0.0,1350.0,
OI000008846,O00002175,M0012,1,598.5,0.0,598.5,Customer request
OI000008847,O00002175,M0118,4,1310.0,0.0,5240.0,
OI000008848,O00002176,M0001,1,1554.0,0.0,1554.0,
OI000008849,O00002176,M0016,2,1230.0,0.0,2460.0,
OI000008850,O00002177,M0175,1,674.5,0.0,674.5,
OI000008851,O00002177,M0017,3,730.0,0.0,2190.0,
OI000008852,O00002177,M0001,1,1480.0,0.0,1480.0,
OI000008853,O00002177,M0005,1,430.0,0.0,430.0,
OI000008854,O00002178,M0170,1,900.0,0.0,900.0,
OI000008855,O00002178,M0126,1,1596.0,0.0,1596.0,
OI000008856,O00002179,M0005,1,430.0,21.5,408.5,
OI000008857,O00002179,M0188,1,275.5,0.0,275.5,
OI000008858,O00002179,M0003,1,1050.0,0.0,1050.0,
OI000008859,O00002179,M0196,2,1590.0,0.0,3180.0,
OI000008860,O00002180,M0124,1,980.0,0.0,980.0,
OI000008861,O00002180,M0154,1,1660.0,0.0,1660.0,
OI000008862,O00002180,M0003,2,997.5,0.0,1995.0,
OI000008863,O00002181,M0010,4,430.0,0.0,1720.0,
OI000008864,O00002181,M0075,2,1710.0,0.0,3420.0,
OI000008865,O00002181,M0032,1,830.0,0.0,830.0,
OI000008866,O00002181,M0010,2,430.0,86.0,774.0,
OI000008867,O00002181,M0073,2,441.0,0.0,882.0,
OI000008868,O00002181,M0099,1,598.5,0.0,598.5,
OI000008869,O00002182,M0009,1,1577.0,0.0,1577.0,
OI000008870,O00002182,M0002,1,520.0,0.0,520.0,
OI000008871,O00002182,M0044,3,378.0,0.0,1134.0,
OI000008872,O00002182,M0018,3,1200.0,0.0,3600.0,
OI000008873,O00002182,M0138,1,700.0,0.0,700.0,
OI000008874,O00002182,M0001,1,1554.0,155.4,1398.6,
OI000008875,O00002183,M0058,2,1350.0,0.0,2700.0,
OI000008876,O00002183,M0001,1,1480.0,0.0,1480.0,
OI000008877,O00002184,M0002,2,546.0,109.2,982.8,
OI000008878,O00002184,M0016,3,1230.0,0.0,3690.0,
OI000008879,O00002184,M0006,3,1879.5,281.92,5356.58,
OI000008880,O00002185,M0004,2,1890.0,0.0,3780.0,
OI000008881,O00002185,M0104,1,190.0,0.0,190.0,
OI000008882,O00002185,M0006,2,1700.5,0.0,3401.0,Customer request
OI000008883,O00002185,M0015,2,1680.0,336.0,3024.0,
OI000008884,O00002185,M0152,1,560.0,0.0,560.0,
OI000008885,O00002185,M0102,1,456.0,0.0,456.0,
OI000008886,O00002185,M0035,1,874.0,0.0,874.0,
OI000008887,O00002186,M0002,2,520.0,104.0,936.0,
OI000008888,O00002186,M0171,1,1640.0,164.0,1476.0,
OI000008889,O00002186,M0077,1,1630.0,0.0,1630.0,
OI000008890,O00002186,M0001,1,1554.0,0.0,1554.0,
OI000008891,O00002187,M0172,3,1720.0,0.0,5160.0,
OI000008892,O00002187,M0001,1,1480.0,0.0,1480.0,
OI000008893,O00002187,M0050,1,760.0,0.0,760.0,
OI000008894,O00002188,M0018,3,1200.0,0.0,3600.0,
OI000008895,O00002188,M0190,1,361.0,0.0,361.0,
OI000008896,O00002188,M0159,2,1092.0,0.0,2184.0,
OI000008897,O00002189,M0049,2,1377.5,0.0,2755.0,
OI000008898,O00002189,M0075,2,1710.0,0.0,3420.0,Customer request
OI000008899,O00002190,M0115,2,1140.0,0.0,2280.0,
OI000008900,O00002190,M0114,1,608.0,0.0,608.0,
OI000008901,O00002190,M0049,4,1450.0,0.0,5800.0,
OI000008902,O00002190,M0007,1,1280.0,0.0,1280.0,
OI000008903,O00002190,M0011,1,1207.5,0.0,1207.5,
OI000008904,O00002190,M0065,1,850.0,0.0,850.0,Customer request
OI000008905,O00002191,M0071,1,630.0,0.0,630.0,
OI000008906,O00002191,M0016,1,1291.5,64.58,1226.92,
OI000008907,O00002191,M0143,1,760.0,0.0,760.0,
OI000008908,O00002191,M0019,2,630.0,0.0,1260.0,
OI000008909,O00002191,M0074,1,756.0,0.0,756.0,
OI000008910,O00002192,M0005,1,451.5,0.0,451.5,
OI000008911,O00002193,M0014,2,1710.0,513.0,2907.0,
OI000008912,O00002193,M0039,1,1605.5,0.0,1605.5,
OI000008913,O00002193,M0001,1,1554.0,0.0,1554.0,
OI000008914,O00002193,M0001,1,1480.0,0.0,1480.0,
OI000008915,O00002193,M0008,1,880.0,0.0,880.0,
OI000008916,O00002193,M0117,2,1140.0,0.0,2280.0,
OI000008917,O00002194,M0006,4,1700.5,0.0,6802.0,
OI000008918,O00002194,M0142,2,693.5,0.0,1387.0,
OI000008919,O00002194,M0079,1,997.5,49.88,947.62,
OI000008920,O00002194,M0071,1,630.0,63.0,567.0,
OI000008921,O00002195,M0067,2,1440.0,0.0,2880.0,Customer request
OI000008922,O00002195,M0187,1,826.5,0.0,826.5,
OI000008923,O00002196,M0057,1,500.0,0.0,500.0,
OI000008924,O00002196,M0061,1,880.0,0.0,880.0,
OI000008925,O00002196,M0025,2,247.0,0.0,494.0,
OI000008926,O00002197,M0136,1,740.0,0.0,740.0,
OI000008927,O00002197,M0001,1,1480.0,0.0,1480.0,
OI000008928,O00002197,M0013,2,1500.0,0.0,3000.0,
OI000008929,O00002197,M0009,2,1660.0,0.0,3320.0,
OI000008930,O00002197,M0019,2,661.5,0.0,1323.0,
OI000008931,O00002198,M0029,1,627.0,0.0,627.0,
OI000008932,O00002198,M0176,1,1780.0,89.0,1691.0,
OI000008933,O00002199,M0160,1,1662.5,0.0,1662.5,
OI000008934,O00002199,M0052,1,745.5,0.0,745.5,
OI000008935,O00002199,M0001,1,1480.0,0.0,1480.0,
OI000008936,O00002199,M0041,2,1560.0,0.0,3120.0,
OI000008937,O00002200,M0001,2,1406.0,140.6,2671.4,
OI000008938,O00002200,M0015,3,1680.0,0.0,5040.0,
OI000008939,O00002200,M0010,1,430.0,0.0,430.0,
OI000008940,O00002200,M0061,1,880.0,0.0,880.0,
OI000008941,O00002201,M0001,2,1480.0,0.0,2960.0,
OI000008942,O00002201,M0103,1,1150.0,0.0,1150.0,
OI000008943,O00002202,M0117,2,1140.0,228.0,2052.0,
OI000008944,O00002202,M0001,1,1554.0,0.0,1554.0,
OI000008945,O00002202,M0002,1,520.0,0.0,520.0,
OI000008946,O00002202,M0158,2,710.0,0.0,1420.0,
OI000008947,O00002202,M0053,1,1681.5,168.15,1513.35,
OI000008948,O00002203,M0178,1,260.0,26.0,234.0,Customer request
OI000008949,O00002203,M0026,1,472.5,0.0,472.5,
OI000008950,O00002203,M0004,1,1890.0,0.0,1890.0,
OI000008951,O00002203,M0016,1,1291.5,0.0,1291.5,Customer request
OI000008952,O00002203,M0162,2,330.0,0.0,660.0,
OI000008953,O00002203,M0002,2,546.0,163.8,928.2,
OI000008954,O00002204,M0145,2,1672.0,0.0,3344.0,
OI000008955,O00002205,M0036,1,1790.0,0.0,1790.0,
OI000008956,O00002205,M0001,3,1406.0,0.0,4218.0,
OI000008957,O00002206,M0019,1,630.0,0.0,630.0,
OI000008958,O00002206,M0007,3,1280.0,0.0,3840.0,
OI000008959,O00002206,M0045,1,1080.0,0.0,1080.0,
OI000008960,O00002207,M0003,1,1050.0,0.0,1050.0,
OI000008961,O00002207,M0169,1,1239.0,0.0,1239.0,
OI000008962,O00002207,M0005,1,451.5,0.0,451.5,
OI000008963,O00002207,M0057,3,500.0,150.0,1350.0,
OI000008964,O00002208,M0119,2,240.0,0.0,480.0,
OI000008965,O00002208,M0049,2,1450.0,0.0,2900.0,
OI000008966,O00002208,M0062,2,1010.0,0.0,2020.0,
OI000008967,O00002208,M0020,1,1110.0,0.0,1110.0,Customer request
OI000008968,O00002208,M0002,3,520.0,0.0,1560.0,
OI000008969,O00002208,M0003,2,1102.5,0.0,2205.0,
OI000008970,O00002209,M0075,1,1795.5,269.32,1526.18,
OI000008971,O00002209,M0106,1,940.0,94.0,846.0,
OI000008972,O00002209,M0123,1,740.0,0.0,740.0,Customer request
OI000008973,O00002209,M0015,1,1680.0,0.0,1680.0,
OI000008974,O00002209,M0183,1,630.0,94.5,535.5,
OI000008975,O00002210,M0059,3,660.0,0.0,1980.0,
OI000008976,O00002210,M0003,3,997.5,0.0,2992.5,
OI000008977,O00002210,M0001,2,1406.0,0.0,2812.0,
OI000008978,O00002210,M0039,2,1605.5,0.0,3211.0,
OI000008979,O00002210,M0087,2,1680.0,0.0,3360.0,
OI000008980,O00002211,M0001,1,1480.0,0.0,1480.0,
OI000008981,O00002211,M0001,1,1480.0,0.0,1480.0,
OI000008982,O00002211,M0045,2,1080.0,0.0,2160.0,
OI000008983,O00002211,M0195,1,241.5,0.0,241.5,
OI000008984,O00002212,M0086,1,1740.0,0.0,1740.0,
OI000008985,O00002212,M0003,2,997.5,0.0,1995.0,Customer request
OI000008986,O00002213,M0002,2,520.0,0.0,1040.0,
OI000008987,O00002213,M0112,1,610.0,0.0,610.0,
OI000008988,O00002214,M0110,3,1650.0,0.0,4950.0,
OI000008989,O00002215,M0025,1,260.0,0.0,260.0,
OI000008990,O00002215,M0001,3,1480.0,0.0,4440.0,
OI000008991,O00002215,M0095,1,241.5,0.0,241.5,
OI000008992,O00002215,M0020,1,1110.0,0.0,1110.0,
OI000008993,O00002215,M0113,1,840.0,0.0,840.0,
OI000008994,O00002216,M0003,3,1102.5,0.0,3307.5,
OI000008995,O00002216,M0026,1,472.5,0.0,472.5,
OI000008996,O00002217,M0036,1,1790.0,0.0,1790.0,
OI000008997,O00002217,M0016,2,1168.5,0.0,2337.0,
OI000008998,O00002217,M0195,1,230.0,0.0,230.0,
OI000008999,O00002218,M0094,1,630.0,0.0,630.0,
OI000009000,O00002218,M0118,1,1310.0,0.0,1310.0,
OI000009001,O00002218,M0007,1,1280.0,0.0,1280.0,
OI000009002,O00002218,M0017,1,730.0,0.0,730.0,
OI000009003,O00002219,M0002,1,520.0,0.0,520.0,
OI000009004,O00002219,M0200,1,1102.0,55.1,1046.9,
OI000009005,O00002219,M0008,4,880.0,176.0,3344.0,
OI000009006,O00002219,M0002,1,520.0,0.0,520.0,
OI000009007,O00002219,M0005,1,430.0,0.0,430.0,
OI000009008,O00002219,M0044,4,360.0,0.0,1440.0,
OI000009009,O00002220,M0013,1,1500.0,0.0,1500.0,
OI000009010,O00002220,M0004,1,1800.0,0.0,1800.0,
OI000009011,O00002221,M0027,1,790.0,0.0,790.0,
OI000009012,O00002221,M0066,1,609.0,0.0,609.0,
OI000009013,O00002221,M0065,2,850.0,0.0,1700.0,
OI000009014,O00002222,M0001,1,1480.0,0.0,1480.0,
OI000009015,O00002222,M0091,2,332.5,0.0,665.0,
OI000009016,O00002222,M0007,1,1216.0,0.0,1216.0,
OI000009017,O00002222,M0159,2,1040.0,0.0,2080.0,
OI000009018,O00002222,M0003,1,1050.0,0.0,1050.0,
OI000009019,O00002222,M0019,2,598.5,0.0,1197.0,
OI000009020,O00002223,M0011,1,1207.5,0.0,1207.5,
OI000009021,O00002223,M0030,1,270.0,0.0,270.0,
OI000009022,O00002223,M0011,1,1150.0,0.0,1150.0,
OI000009023,O00002223,M0097,2,320.0,0.0,640.0,
OI000009024,O00002223,M0017,1,730.0,0.0,730.0,
OI000009025,O00002223,M0014,1,1710.0,0.0,1710.0,
OI000009026,O00002223,M0184,2,988.0,0.0,1976.0,
OI000009027,O00002223,M0019,1,630.0,0.0,630.0,
OI000009028,O00002224,M0003,1,1050.0,0.0,1050.0,
OI000009029,O00002224,M0008,1,880.0,0.0,880.0,
OI000009030,O00002224,M0081,1,874.0,0.0,874.0,
OI000009031,O00002224,M0008,2,924.0,0.0,1848.0,
OI000009032,O00002225,M0069,2,1170.0,0.0,2340.0,
OI000009033,O00002225,M0155,1,530.0,0.0,530.0,
OI000009034,O00002225,M0016,1,1230.0,0.0,1230.0,
OI000009035,O00002225,M0005,3,408.5,0.0,1225.5,
OI000009036,O00002225,M0079,1,1050.0,0.0,1050.0,
OI000009037,O00002225,M0023,2,609.0,0.0,1218.0,
OI000009038,O00002225,M0001,1,1480.0,0.0,1480.0,
OI000009039,O00002225,M0045,1,1026.0,0.0,1026.0,
OI000009040,O00002226,M0046,4,1640.0,0.0,6560.0,
OI000009041,O00002226,M0069,2,1170.0,0.0,2340.0,Customer request
OI000009042,O00002226,M0085,1,1720.0,0.0,1720.0,
OI000009043,O00002227,M0060,1,1239.0,0.0,1239.0,
OI000009044,O00002227,M0013,2,1500.0,150.0,2850.0,
OI000009045,O00002227,M0120,1,1827.0,0.0,1827.0,
OI000009046,O00002227,M0165,1,540.0,54.0,486.0,
OI000009047,O00002228,M0010,1,408.5,0.0,408.5,
OI000009048,O00002228,M0009,1,1577.0,0.0,1577.0,
OI000009049,O00002228,M0034,2,1260.0,0.0,2520.0,
OI000009050,O00002228,M0192,1,513.0,0.0,513.0,
OI000009051,O00002228,M0004,1,1800.0,0.0,1800.0,
OI000009052,O00002228,M0031,1,1827.0,0.0,1827.0,
OI000009053,O00002228,M0005,1,430.0,43.0,387.0,
OI000009054,O00002229,M0020,2,1110.0,0.0,2220.0,
OI000009055,O00002229,M0017,1,730.0,0.0,730.0,
OI000009056,O00002229,M0044,1,360.0,0.0,360.0,
OI000009057,O00002229,M0001,1,1406.0,210.9,1195.1,
OI000009058,O00002229,M0109,4,1491.0,298.2,5665.8,
OI000009059,O00002229,M0077,1,1711.5,0.0,1711.5,
OI000009060,O00002230,M0200,1,1160.0,0.0,1160.0,
OI000009061,O00002230,M0007,4,1344.0,537.6,4838.4,
OI000009062,O00002231,M0134,2,730.0,0.0,1460.0,
OI000009063,O00002231,M0052,1,710.0,71.0,639.0,
OI000009064,O00002231,M0006,1,1790.0,0.0,1790.0,Customer request
OI000009065,O00002231,M0010,1,430.0,0.0,430.0,
OI000009066,O00002231,M0001,1,1480.0,0.0,1480.0,
OI000009067,O00002232,M0013,2,1425.0,0.0,2850.0,
OI000009068,O00002232,M0148,4,1180.0,0.0,4720.0,
OI000009069,O00002232,M0001,2,1554.0,0.0,3108.0,
OI000009070,O00002233,M0162,2,313.5,0.0,627.0,
OI000009071,O00002233,M0017,1,730.0,0.0,730.0,
OI000009072,O00002233,M0087,1,1680.0,0.0,1680.0,
OI000009073,O00002233,M0063,1,1210.0,60.5,1149.5,
OI000009074,O00002234,M0067,1,1512.0,0.0,1512.0,
OI000009075,O00002234,M0040,2,430.0,43.0,817.0,
OI000009076,O00002235,M0026,2,427.5,0.0,855.0,
OI000009077,O00002235,M0162,2,330.0,0.0,660.0,
OI000009078,O00002235,M0069,1,1170.0,175.5,994.5,
OI000009079,O00002235,M0053,1,1770.0,0.0,1770.0,
OI000009080,O00002236,M0021,1,1250.0,187.5,1062.5,Customer request
OI000009081,O00002236,M0006,1,1790.0,0.0,1790.0,
OI000009082,O00002237,M0001,2,1480.0,0.0,2960.0,
OI000009083,O00002237,M0190,1,380.0,0.0,380.0,
OI000009084,O00002237,M0092,1,845.5,0.0,845.5,
OI000009085,O00002237,M0197,1,330.0,0.0,330.0,
OI000009086,O00002237,M0096,1,730.0,36.5,693.5,
OI000009087,O00002237,M0001,1,1406.0,0.0,1406.0,
OI000009088,O00002237,M0024,1,580.0,0.0,580.0,
OI000009089,O00002238,M0002,1,520.0,0.0,520.0,
OI000009090,O00002238,M0107,1,342.0,34.2,307.8,
OI000009091,O00002239,M0004,1,1710.0,0.0,1710.0,
OI000009092,O00002239,M0063,1,1210.0,0.0,1210.0,
OI000009093,O00002239,M0063,1,1210.0,0.0,1210.0,
OI000009094,O00002239,M0058,1,1350.0,0.0,1350.0,
OI000009095,O00002239,M0139,1,1681.5,0.0,1681.5,Customer request
OI000009096,O00002239,M0082,1,619.5,0.0,619.5,
OI000009097,O00002239,M0012,1,570.0,0.0,570.0,
OI000009098,O00002240,M0011,1,1150.0,0.0,1150.0,
OI000009099,O00002240,M0001,1,1406.0,0.0,1406.0,
OI000009100,O00002240,M0152,3,532.0,0.0,1596.0,
OI000009101,O00002240,M0002,2,520.0,0.0,1040.0,
OI000009102,O00002240,M0028,3,826.5,0.0,2479.5,Customer request
OI000009103,O00002240,M0033,1,325.5,0.0,325.5,
OI000009104,O00002240,M0024,2,580.0,0.0,1160.0,
OI000009105,O00002241,M0044,3,360.0,0.0,1080.0,
OI000009106,O00002241,M0083,4,567.0,0.0,2268.0,
OI000009107,O00002241,M0005,1,408.5,0.0,408.5,
OI000009108,O00002241,M0001,2,1406.0,0.0,2812.0,
OI000009109,O00002242,M0129,1,1760.0,0.0,1760.0,
OI000009110,O00002242,M0031,1,1740.0,0.0,1740.0,
OI000009111,O00002242,M0003,2,1050.0,0.0,2100.0,
OI000009112,O00002243,M0067,2,1440.0,0.0,2880.0,
OI000009113,O00002243,M0006,3,1700.5,0.0,5101.5,
OI000009114,O00002243,M0002,4,520.0,0.0,2080.0,
OI000009115,O00002243,M0009,2,1660.0,0.0,3320.0,
OI000009116,O00002243,M0010,1,451.5,0.0,451.5,
OI000009117,O00002244,M0134,1,730.0,0.0,730.0,
OI000009118,O00002245,M0011,1,1150.0,0.0,1150.0,
OI000009119,O00002245,M0100,2,1879.5,0.0,3759.0,
OI000009120,O00002245,M0045,1,1134.0,0.0,1134.0,
OI000009121,O00002245,M0002,2,520.0,0.0,1040.0,
OI000009122,O00002246,M0003,4,1050.0,0.0,4200.0,
OI000009123,O00002246,M0002,1,520.0,0.0,520.0,
OI000009124,O00002246,M0019,1,630.0,31.5,598.5,
OI000009125,O00002247,M0184,1,1040.0,0.0,1040.0,
OI000009126,O00002248,M0004,2,1890.0,0.0,3780.0,
OI000009127,O00002248,M0013,2,1575.0,0.0,3150.0,
OI000009128,O00002248,M0114,2,640.0,0.0,1280.0,
OI000009129,O00002248,M0137,2,1770.0,0.0,3540.0,
OI000009130,O00002248,M0085,3,1720.0,516.0,4644.0,
OI000009131,O00002249,M0027,1,829.5,0.0,829.5,
OI000009132,O00002249,M0061,1,924.0,0.0,924.0,
OI000009133,O00002249,M0025,1,260.0,0.0,260.0,
OI000009134,O00002249,M0126,2,1520.0,0.0,3040.0,
OI000009135,O00002249,M0020,2,1054.5,0.0,2109.0,
OI000009136,O00002250,M0113,1,840.0,0.0,840.0,
OI000009137,O00002250,M0047,1,1610.0,0.0,1610.0,
OI000009138,O00002250,M0035,3,966.0,0.0,2898.0,
OI000009139,O00002250,M0063,1,1270.5,0.0,1270.5,
OI000009140,O00002250,M0010,2,408.5,0.0,817.0,
OI000009141,O00002251,M0018,1,1140.0,0.0,1140.0,
OI000009142,O00002251,M0109,1,1420.0,0.0,1420.0,
OI000009143,O00002251,M0017,2,730.0,0.0,1460.0,
OI000009144,O00002252,M0062,3,1060.5,0.0,3181.5,
OI000009145,O00002252,M0065,1,850.0,0.0,850.0,
OI000009146,O00002253,M0135,1,1540.0,0.0,1540.0,
OI000009147,O00002253,M0024,2,580.0,0.0,1160.0,
OI000009148,O00002253,M0150,1,315.0,0.0,315.0,
OI000009149,O00002253,M0197,1,346.5,0.0,346.5,
OI000009150,O00002254,M0004,1,1800.0,0.0,1800.0,
OI000009151,O00002254,M0079,1,997.5,0.0,997.5,
OI000009152,O00002254,M0074,4,720.0,0.0,2880.0,
OI000009153,O00002254,M0025,2,247.0,0.0,494.0,
OI000009154,O00002255,M0010,1,430.0,0.0,430.0,
OI000009155,O00002256,M0001,2,1480.0,0.0,2960.0,
OI000009156,O00002256,M0058,2,1350.0,0.0,2700.0,
OI000009157,O00002256,M0011,4,1092.5,0.0,4370.0,
OI000009158,O00002256,M0040,1,408.5,0.0,408.5,
OI000009159,O00002256,M0002,1,494.0,0.0,494.0,
OI000009160,O00002257,M0001,2,1480.0,0.0,2960.0,
OI000009161,O00002257,M0108,2,430.0,0.0,860.0,
OI000009162,O00002257,M0002,2,494.0,49.4,938.6,
OI000009163,O00002257,M0003,1,1050.0,0.0,1050.0,
OI000009164,O00002258,M0044,2,360.0,0.0,720.0,
OI000009165,O00002259,M0084,2,1617.0,0.0,3234.0,
OI000009166,O00002259,M0001,1,1406.0,0.0,1406.0,
OI000009167,O00002259,M0024,1,551.0,0.0,551.0,
OI000009168,O00002259,M0057,1,475.0,0.0,475.0,
OI000009169,O00002259,M0086,1,1827.0,0.0,1827.0,
OI000009170,O00002260,M0172,2,1634.0,0.0,3268.0,
OI000009171,O00002261,M0001,1,1406.0,0.0,1406.0,
OI000009172,O00002261,M0148,1,1180.0,0.0,1180.0,
OI000009173,O00002261,M0182,3,1567.5,0.0,4702.5,
OI000009174,O00002261,M0133,2,1000.0,0.0,2000.0,
OI000009175,O00002262,M0172,1,1720.0,0.0,1720.0,
OI000009176,O00002262,M0002,2,494.0,0.0,988.0,
OI000009177,O00002262,M0196,1,1590.0,0.0,1590.0,
OI000009178,O00002262,M0095,4,241.5,0.0,966.0,
OI000009179,O00002262,M0001,1,1554.0,0.0,1554.0,
OI000009180,O00002263,M0069,3,1170.0,526.5,2983.5,
OI000009181,O00002263,M0075,5,1710.0,0.0,8550.0,Customer request
OI000009182,O00002263,M0056,1,237.5,0.0,237.5,
OI000009183,O00002263,M0137,2,1858.5,0.0,3717.0,
OI000009184,O00002263,M0089,3,1207.5,0.0,3622.5,
OI000009185,O00002264,M0004,3,1800.0,0.0,5400.0,
OI000009186,O00002264,M0007,2,1280.0,0.0,2560.0,Customer request
OI000009187,O00002264,M0026,1,450.0,22.5,427.5,
OI000009188,O00002264,M0018,1,1260.0,0.0,1260.0,
OI000009189,O00002265,M0064,1,399.0,0.0,399.0,
OI000009190,O00002265,M0003,1,997.5,0.0,997.5,Customer request
OI000009191,O00002265,M0014,1,1710.0,0.0,1710.0,
OI000009192,O00002265,M0007,1,1216.0,0.0,1216.0,
OI000009193,O00002266,M0010,2,430.0,0.0,860.0,
OI000009194,O00002266,M0077,1,1630.0,0.0,1630.0,
OI000009195,O00002266,M0002,1,520.0,0.0,520.0,
OI000009196,O00002266,M0143,2,760.0,0.0,1520.0,
OI000009197,O00002266,M0059,2,627.0,0.0,1254.0,
OI000009198,O00002266,M0020,1,1110.0,0.0,1110.0,
OI000009199,O00002266,M0029,2,660.0,0.0,1320.0,
OI000009200,O00002266,M0074,2,720.0,0.0,1440.0,
OI000009201,O00002267,M0083,1,540.0,0.0,540.0,
OI000009202,O00002267,M0109,1,1420.0,0.0,1420.0,
OI000009203,O00002267,M0008,3,880.0,0.0,2640.0,Customer request
OI000009204,O00002268,M0130,1,1016.5,0.0,1016.5,
OI000009205,O00002268,M0118,2,1310.0,0.0,2620.0,
OI000009206,O00002268,M0128,2,1016.5,0.0,2033.0,
OI000009207,O00002268,M0002,3,494.0,0.0,1482.0,
OI000009208,O00002269,M0003,3,997.5,0.0,2992.5,
OI000009209,O00002269,M0055,1,890.0,0.0,890.0,Customer request
OI000009210,O00002269,M0175,1,710.0,0.0,710.0,
OI000009211,O00002269,M0002,1,494.0,0.0,494.0,
OI000009212,O00002270,M0086,3,1740.0,261.0,4959.0,
OI000009213,O00002270,M0003,2,1102.5,0.0,2205.0,
OI000009214,O00002270,M0173,3,1662.5,0.0,4987.5,Customer request
OI000009215,O00002271,M0107,1,360.0,0.0,360.0,
OI000009216,O00002271,M0009,1,1743.0,0.0,1743.0,
OI000009217,O00002271,M0001,1,1480.0,0.0,1480.0,
OI000009218,O00002271,M0023,1,609.0,0.0,609.0,
OI000009219,O00002272,M0036,2,1790.0,0.0,3580.0,
OI000009220,O00002272,M0036,2,1790.0,0.0,3580.0,
OI000009221,O00002272,M0127,3,808.5,0.0,2425.5,
OI000009222,O00002273,M0190,1,399.0,0.0,399.0,
OI000009223,O00002273,M0022,1,1240.0,0.0,1240.0,
OI000009224,O00002273,M0004,1,1800.0,0.0,1800.0,
OI000009225,O00002273,M0016,1,1230.0,0.0,1230.0,
OI000009226,O00002273,M0078,1,1260.0,0.0,1260.0,
OI000009227,O00002273,M0046,1,1640.0,0.0,1640.0,
OI000009228,O00002274,M0002,1,520.0,0.0,520.0,
OI000009229,O00002274,M0005,1,408.5,0.0,408.5,
OI000009230,O00002274,M0073,4,420.0,0.0,1680.0,
OI000009231,O00002274,M0074,5,720.0,180.0,3420.0,
OI000009232,O00002274,M0052,2,674.5,134.9,1214.1,
OI000009233,O00002274,M0010,1,451.5,0.0,451.5,
OI000009234,O00002274,M0004,1,1710.0,0.0,1710.0,
OI000009235,O00002274,M0006,1,1879.5,0.0,1879.5,
OI000009236,O00002274,M0110,1,1732.5,0.0,1732.5,
OI000009237,O00002274,M0030,1,283.5,0.0,283.5,
OI000009238,O00002275,M0014,1,1795.5,0.0,1795.5,
OI000009239,O00002275,M0003,2,1050.0,0.0,2100.0,
OI000009240,O00002275,M0018,2,1260.0,0.0,2520.0,
OI000009241,O00002275,M0021,1,1312.5,0.0,1312.5,
OI000009242,O00002275,M0142,2,766.5,0.0,1533.0,
OI000009243,O00002275,M0168,1,1710.0,0.0,1710.0,
OI000009244,O00002275,M0122,2,470.0,0.0,940.0,
OI000009245,O00002276,M0018,1,1140.0,0.0,1140.0,
OI000009246,O00002276,M0042,2,1149.5,0.0,2299.0,
OI000009247,O00002277,M0123,1,740.0,0.0,740.0,
OI000009248,O00002277,M0001,1,1480.0,0.0,1480.0,
OI000009249,O00002277,M0037,2,1690.5,0.0,3381.0,
OI000009250,O00002277,M0019,1,630.0,0.0,630.0,
OI000009251,O00002277,M0017,1,693.5,0.0,693.5,
OI000009252,O00002278,M0014,1,1710.0,0.0,1710.0,
OI000009253,O00002279,M0059,2,693.0,0.0,1386.0,
OI000009254,O00002279,M0021,2,1187.5,0.0,2375.0,
OI000009255,O00002279,M0012,2,541.5,0.0,1083.0,
OI000009256,O00002280,M0043,2,1681.5,0.0,3363.0,
OI000009257,O00002280,M0016,4,1291.5,0.0,5166.0,
OI000009258,O00002280,M0001,4,1480.0,0.0,5920.0,
OI000009259,O00002280,M0021,1,1250.0,0.0,1250.0,
OI000009260,O00002281,M0005,2,430.0,0.0,860.0,
OI000009261,O00002281,M0002,2,494.0,0.0,988.0,
OI000009262,O00002281,M0136,1,740.0,0.0,740.0,
OI000009263,O00002282,M0072,2,1340.0,0.0,2680.0,
OI000009264,O00002282,M0017,2,766.5,0.0,1533.0,
OI000009265,O00002283,M0192,1,540.0,0.0,540.0,
OI000009266,O00002283,M0015,1,1596.0,0.0,1596.0,
OI000009267,O00002283,M0007,1,1216.0,0.0,1216.0,Customer request
OI000009268,O00002284,M0028,3,870.0,261.0,2349.0,
OI000009269,O00002284,M0171,1,1640.0,0.0,1640.0,
OI000009270,O00002284,M0065,2,892.5,178.5,1606.5,
OI000009271,O00002284,M0083,2,540.0,0.0,1080.0,
OI000009272,O00002284,M0004,1,1890.0,0.0,1890.0,
OI000009273,O00002285,M0001,2,1480.0,0.0,2960.0,
OI000009274,O00002285,M0038,1,1320.0,0.0,1320.0,
OI000009275,O00002285,M0012,2,570.0,171.0,969.0,
OI000009276,O00002286,M0001,1,1480.0,0.0,1480.0,
OI000009277,O00002286,M0147,1,1040.0,0.0,1040.0,
OI000009278,O00002286,M0001,1,1406.0,0.0,1406.0,
OI000009279,O00002286,M0001,1,1554.0,233.1,1320.9,
OI000009280,O00002287,M0010,1,430.0,0.0,430.0,
OI000009281,O00002287,M0031,1,1653.0,0.0,1653.0,
OI000009282,O00002287,M0025,1,260.0,13.0,247.0,
OI000009283,O00002287,M0015,2,1680.0,0.0,3360.0,
OI000009284,O00002287,M0132,1,1770.0,0.0,1770.0,
OI000009285,O00002287,M0010,1,430.0,0.0,430.0,
OI000009286,O00002287,M0062,4,1010.0,0.0,4040.0,
OI000009287,O00002287,M0019,2,598.5,0.0,1197.0,
OI000009288,O00002287,M0018,1,1200.0,60.0,1140.0,
OI000009289,O00002288,M0164,1,1333.5,0.0,1333.5,
OI000009290,O00002288,M0074,1,720.0,0.0,720.0,
OI000009291,O00002288,M0038,1,1320.0,0.0,1320.0,
OI000009292,O00002288,M0004,1,1800.0,180.0,1620.0,
OI000009293,O00002288,M0003,1,1050.0,0.0,1050.0,
OI000009294,O00002288,M0005,5,430.0,0.0,2150.0,
OI000009295,O00002289,M0056,1,250.0,0.0,250.0,
OI000009296,O00002289,M0001,2,1480.0,0.0,2960.0,
OI000009297,O00002289,M0026,3,427.5,0.0,1282.5,
OI000009298,O00002289,M0026,2,472.5,0.0,945.0,
OI000009299,O00002289,M0157,1,1387.0,0.0,1387.0,
OI000009300,O00002290,M0016,1,1291.5,0.0,1291.5,
OI000009301,O00002290,M0147,2,1040.0,0.0,2080.0,
OI000009302,O00002290,M0053,2,1858.5,0.0,3717.0,Customer request
OI000009303,O00002291,M0018,2,1200.0,0.0,2400.0,
OI000009304,O00002292,M0036,1,1790.0,89.5,1700.5,
OI000009305,O00002292,M0002,2,520.0,0.0,1040.0,
OI000009306,O00002292,M0144,1,560.0,0.0,560.0,
OI000009307,O00002292,M0057,1,500.0,0.0,500.0,Customer request
OI000009308,O00002292,M0023,1,551.0,0.0,551.0,
OI000009309,O00002293,M0098,2,1168.5,350.55,1986.45,Customer request
OI000009310,O00002294,M0019,1,630.0,0.0,630.0,
OI000009311,O00002294,M0026,2,450.0,0.0,900.0,
OI000009312,O00002294,M0021,2,1250.0,0.0,2500.0,
OI000009313,O00002295,M0199,2,440.0,132.0,748.0,
OI000009314,O00002295,M0096,1,693.5,0.0,693.5,
OI000009315,O00002296,M0162,2,330.0,0.0,660.0,Customer request
OI000009316,O00002296,M0017,2,730.0,0.0,1460.0,
OI000009317,O00002296,M0030,1,270.0,0.0,270.0,
OI000009318,O00002296,M0005,3,430.0,0.0,1290.0,
OI000009319,O00002296,M0001,1,1554.0,0.0,1554.0,
OI000009320,O00002296,M0005,2,430.0,0.0,860.0,Customer request
OI000009321,O00002296,M0162,2,346.5,0.0,693.0,
OI000009322,O00002296,M0025,1,247.0,0.0,247.0,
OI000009323,O00002297,M0003,1,1102.5,0.0,1102.5,
OI000009324,O00002297,M0025,3,260.0,0.0,780.0,
OI000009325,O00002297,M0104,2,200.0,0.0,400.0,
OI000009326,O00002297,M0032,1,788.5,78.85,709.65,
OI000009327,O00002297,M0166,1,370.0,0.0,370.0,
OI000009328,O00002297,M0148,1,1180.0,0.0,1180.0,
OI000009329,O00002298,M0028,1,870.0,0.0,870.0,
OI000009330,O00002298,M0002,2,546.0,0.0,1092.0,
OI000009331,O00002298,M0076,1,693.0,0.0,693.0,
OI000009332,O00002299,M0015,2,1680.0,0.0,3360.0,Customer request
OI000009333,O00002299,M0102,2,480.0,0.0,960.0,
OI000009334,O00002299,M0011,1,1150.0,0.0,1150.0,Customer request
OI000009335,O00002300,M0012,2,570.0,0.0,1140.0,
OI000009336,O00002300,M0038,1,1320.0,0.0,1320.0,
OI000009337,O00002301,M0001,1,1480.0,0.0,1480.0,
OI000009338,O00002301,M0004,1,1800.0,0.0,1800.0,
OI000009339,O00002301,M0127,1,731.5,0.0,731.5,
OI000009340,O00002301,M0176,2,1780.0,356.0,3204.0,
OI000009341,O00002302,M0005,2,408.5,122.55,694.45,
OI000009342,O00002302,M0097,2,320.0,0.0,640.0,
OI000009343,O00002302,M0002,2,520.0,0.0,1040.0,
OI000009344,O00002302,M0028,1,870.0,0.0,870.0,
OI000009345,O00002303,M0033,1,310.0,0.0,310.0,
OI000009346,O00002304,M0042,1,1270.5,0.0,1270.5,
OI000009347,O00002304,M0015,2,1680.0,0.0,3360.0,
OI000009348,O00002304,M0129,1,1760.0,0.0,1760.0,
OI000009349,O00002305,M0010,1,430.0,64.5,365.5,
OI000009350,O00002305,M0029,2,627.0,0.0,1254.0,
OI000009351,O00002305,M0005,1,451.5,0.0,451.5,Customer request
OI000009352,O00002305,M0044,1,342.0,0.0,342.0,
OI000009353,O00002305,M0005,2,430.0,0.0,860.0,
OI000009354,O00002305,M0007,1,1280.0,0.0,1280.0,
OI000009355,O00002306,M0023,1,609.0,0.0,609.0,
OI000009356,O00002306,M0009,2,1660.0,0.0,3320.0,
OI000009357,O00002306,M0001,2,1480.0,0.0,2960.0,
OI000009358,O00002306,M0105,1,1244.5,0.0,1244.5,
OI000009359,O00002306,M0114,1,640.0,0.0,640.0,
OI000009360,O00002307,M0149,1,920.0,0.0,920.0,
OI000009361,O00002307,M0189,2,1500.0,0.0,3000.0,
OI000009362,O00002307,M0002,1,520.0,0.0,520.0,
OI000009363,O00002307,M0009,3,1577.0,0.0,4731.0,
OI000009364,O00002308,M0056,2,250.0,0.0,500.0,
OI000009365,O00002308,M0138,1,665.0,0.0,665.0,
OI000009366,O00002308,M0004,2,1800.0,0.0,3600.0,
OI000009367,O00002308,M0029,1,660.0,0.0,660.0,
OI000009368,O00002308,M0188,1,290.0,0.0,290.0,
OI000009369,O00002308,M0012,1,598.5,0.0,598.5,
OI000009370,O00002309,M0030,3,270.0,0.0,810.0,
OI000009371,O00002309,M0073,2,441.0,0.0,882.0,
OI000009372,O00002309,M0021,3,1250.0,0.0,3750.0,Customer request
OI000009373,O00002309,M0079,2,1102.5,330.75,1874.25,
OI000009374,O00002309,M0003,1,1050.0,0.0,1050.0,
OI000009375,O00002310,M0006,3,1700.5,0.0,5101.5,
OI000009376,O00002310,M0017,1,730.0,0.0,730.0,
OI000009377,O00002311,M0191,3,1150.0,0.0,3450.0,
OI000009378,O00002311,M0014,1,1710.0,0.0,1710.0,
OI000009379,O00002311,M0156,1,1280.0,0.0,1280.0,
OI000009380,O00002311,M0137,1,1770.0,0.0,1770.0,
OI000009381,O00002311,M0091,1,350.0,0.0,350.0,
OI000009382,O00002312,M0016,2,1230.0,0.0,2460.0,Customer request
OI000009383,O00002312,M0012,3,541.5,0.0,1624.5,
OI000009384,O00002312,M0059,3,660.0,0.0,1980.0,
OI000009385,O00002312,M0006,2,1879.5,0.0,3759.0,
OI000009386,O00002312,M0015,1,1680.0,84.0,1596.0,
OI000009387,O00002313,M0112,1,640.5,0.0,640.5,
OI000009388,O00002313,M0005,1,430.0,0.0,430.0,
OI000009389,O00002314,M0117,1,1140.0,0.0,1140.0,
OI000009390,O00002314,M0040,1,430.0,0.0,430.0,
OI000009391,O00002314,M0033,3,310.0,0.0,930.0,Customer request
OI000009392,O00002314,M0053,1,1770.0,0.0,1770.0,
OI000009393,O00002314,M0057,2,500.0,0.0,1000.0,
OI000009394,O00002315,M0041,1,1560.0,0.0,1560.0,
OI000009395,O00002315,M0075,2,1624.5,324.9,2924.1,
OI000009396,O00002315,M0015,3,1680.0,0.0,5040.0,
OI000009397,O00002315,M0111,3,280.0,0.0,840.0,
OI000009398,O00002315,M0006,1,1879.5,0.0,1879.5,
OI000009399,O00002315,M0078,2,1260.0,0.0,2520.0,
OI000009400,O00002315,M0017,1,693.5,0.0,693.5,
OI000009401,O00002316,M0073,1,420.0,0.0,420.0,Customer request
OI000009402,O00002316,M0001,3,1554.0,0.0,4662.0,
OI000009403,O00002316,M0018,3,1140.0,0.0,3420.0,
OI000009404,O00002316,M0180,1,250.0,0.0,250.0,Customer request
OI000009405,O00002316,M0044,1,360.0,0.0,360.0,
OI000009406,O00002316,M0031,2,1740.0,0.0,3480.0,
OI000009407,O00002316,M0007,2,1280.0,384.0,2176.0,
OI000009408,O00002317,M0030,1,283.5,0.0,283.5,
OI000009409,O00002317,M0116,4,441.0,0.0,1764.0,
OI000009410,O00002317,M0013,2,1500.0,0.0,3000.0,
OI000009411,O00002317,M0043,1,1770.0,0.0,1770.0,
OI000009412,O00002318,M0067,1,1440.0,216.0,1224.0,
OI000009413,O00002318,M0019,1,630.0,63.0,567.0,
OI000009414,O00002318,M0009,2,1660.0,0.0,3320.0,
OI000009415,O00002319,M0003,1,1050.0,0.0,1050.0,
OI000009416,O00002319,M0002,2,494.0,0.0,988.0,
OI000009417,O00002319,M0007,1,1280.0,0.0,1280.0,
OI000009418,O00002319,M0001,1,1480.0,0.0,1480.0,
OI000009419,O00002319,M0093,2,883.5,0.0,1767.0,
OI000009420,O00002319,M0002,1,520.0,0.0,520.0,
OI000009421,O00002320,M0148,2,1180.0,0.0,2360.0,
OI000009422,O00002320,M0033,1,325.5,0.0,325.5,
OI000009423,O00002321,M0025,1,273.0,0.0,273.0,
OI000009424,O00002321,M0001,1,1480.0,0.0,1480.0,
OI000009425,O00002321,M0003,1,1050.0,0.0,1050.0,
OI000009426,O00002322,M0129,1,1848.0,0.0,1848.0,
OI000009427,O00002322,M0067,1,1368.0,68.4,1299.6,
OI000009428,O00002322,M0002,1,546.0,0.0,546.0,
OI000009429,O00002322,M0069,1,1170.0,0.0,1170.0,
OI000009430,O00002322,M0003,4,1050.0,0.0,4200.0,
OI000009431,O00002323,M0084,1,1540.0,0.0,1540.0,
OI000009432,O00002323,M0170,1,855.0,0.0,855.0,
OI000009433,O00002324,M0092,2,890.0,0.0,1780.0,
OI000009434,O00002324,M0116,1,420.0,0.0,420.0,
OI000009435,O00002325,M0054,2,1064.0,0.0,2128.0,
OI000009436,O00002325,M0001,1,1480.0,0.0,1480.0,
OI000009437,O00002325,M0101,1,522.5,0.0,522.5,
OI000009438,O00002325,M0019,1,630.0,0.0,630.0,
OI000009439,O00002325,M0136,2,777.0,0.0,1554.0,
OI000009440,O00002325,M0044,1,360.0,0.0,360.0,
OI000009441,O00002326,M0005,1,430.0,21.5,408.5,
OI000009442,O00002326,M0001,1,1480.0,0.0,1480.0,
OI000009443,O00002326,M0041,2,1560.0,0.0,3120.0,Customer request
OI000009444,O00002326,M0043,1,1770.0,0.0,1770.0,Customer request
OI000009445,O00002327,M0131,4,990.0,0.0,3960.0,
OI000009446,O00002327,M0001,1,1480.0,0.0,1480.0,
OI000009447,O00002327,M0115,1,1083.0,0.0,1083.0,
OI000009448,O00002327,M0019,1,630.0,0.0,630.0,
OI000009449,O00002327,M0036,1,1879.5,0.0,1879.5,
OI000009450,O00002327,M0037,1,1690.5,0.0,1690.5,
OI000009451,O00002327,M0017,5,730.0,0.0,3650.0,
OI000009452,O00002328,M0004,1,1800.0,0.0,1800.0,Customer request
OI000009453,O00002328,M0002,1,494.0,0.0,494.0,
OI000009454,O00002329,M0005,1,430.0,0.0,430.0,
OI000009455,O00002329,M0078,1,1260.0,189.0,1071.0,
OI000009456,O00002329,M0069,1,1170.0,0.0,1170.0,
OI000009457,O00002329,M0068,3,874.0,0.0,2622.0,
OI000009458,O00002329,M0152,2,560.0,0.0,1120.0,
OI000009459,O00002329,M0025,1,260.0,0.0,260.0,
OI000009460,O00002329,M0092,2,890.0,0.0,1780.0,
OI000009461,O00002329,M0066,1,580.0,0.0,580.0,
OI000009462,O00002329,M0166,2,370.0,0.0,740.0,
OI000009463,O00002330,M0066,1,580.0,58.0,522.0,
OI000009464,O00002330,M0004,1,1800.0,0.0,1800.0,Customer request
OI000009465,O00002330,M0088,1,1197.0,0.0,1197.0,
OI000009466,O00002331,M0015,1,1596.0,0.0,1596.0,
OI000009467,O00002331,M0007,4,1216.0,486.4,4377.6,
OI000009468,O00002331,M0009,3,1660.0,0.0,4980.0,
OI000009469,O00002331,M0116,2,420.0,0.0,840.0,
OI000009470,O00002331,M0025,1,260.0,0.0,260.0,
OI000009471,O00002332,M0027,1,790.0,118.5,671.5,
OI000009472,O00002332,M0001,1,1480.0,0.0,1480.0,
OI000009473,O00002332,M0008,1,924.0,0.0,924.0,
OI000009474,O00002333,M0141,2,1417.5,0.0,2835.0,
OI000009475,O00002333,M0031,1,1653.0,0.0,1653.0,
OI000009476,O00002333,M0020,1,1054.5,0.0,1054.5,
OI000009477,O00002334,M0001,1,1480.0,0.0,1480.0,
OI000009478,O00002334,M0010,2,430.0,0.0,860.0,
OI000009479,O00002334,M0003,1,1050.0,0.0,1050.0,
OI000009480,O00002334,M0004,1,1800.0,0.0,1800.0,
OI000009481,O00002335,M0013,1,1500.0,0.0,1500.0,
OI000009482,O00002335,M0001,5,1480.0,0.0,7400.0,
OI000009483,O00002336,M0099,3,570.0,0.0,1710.0,
OI000009484,O00002337,M0054,1,1064.0,0.0,1064.0,
OI000009485,O00002337,M0107,2,360.0,108.0,612.0,
OI000009486,O00002337,M0014,1,1795.5,0.0,1795.5,
OI000009487,O00002338,M0006,1,1790.0,0.0,1790.0,
OI000009488,O00002338,M0048,1,1501.0,0.0,1501.0,
OI000009489,O00002338,M0001,2,1480.0,0.0,2960.0,
OI000009490,O00002339,M0002,1,494.0,0.0,494.0,
OI000009491,O00002339,M0087,1,1680.0,0.0,1680.0,
OI000009492,O00002340,M0143,1,760.0,0.0,760.0,
OI000009493,O00002340,M0005,1,408.5,0.0,408.5,
OI000009494,O00002341,M0104,2,190.0,19.0,361.0,
OI000009495,O00002341,M0017,1,766.5,0.0,766.5,
OI000009496,O00002341,M0020,1,1110.0,0.0,1110.0,
OI000009497,O00002342,M0141,1,1350.0,0.0,1350.0,
OI000009498,O00002342,M0054,1,1064.0,0.0,1064.0,
OI000009499,O00002342,M0111,1,294.0,0.0,294.0,
OI000009500,O00002343,M0098,1,1168.5,0.0,1168.5,
OI000009501,O00002343,M0044,2,342.0,0.0,684.0,
OI000009502,O00002344,M0089,4,1150.0,0.0,4600.0,
OI000009503,O00002344,M0077,1,1711.5,0.0,1711.5,
OI000009504,O00002344,M0029,2,660.0,0.0,1320.0,
OI000009505,O00002344,M0003,1,1102.5,0.0,1102.5,
OI000009506,O00002345,M0008,2,880.0,0.0,1760.0,
OI000009507,O00002345,M0016,3,1230.0,0.0,3690.0,
OI000009508,O00002345,M0047,1,1610.0,80.5,1529.5,
OI000009509,O00002346,M0010,2,430.0,0.0,860.0,
OI000009510,O00002346,M0005,1,408.5,0.0,408.5,
OI000009511,O00002346,M0001,1,1480.0,0.0,1480.0,
OI000009512,O00002346,M0005,1,430.0,0.0,430.0,
OI000009513,O00002346,M0038,1,1320.0,66.0,1254.0,
OI000009514,O00002346,M0003,1,997.5,0.0,997.5,
OI000009515,O00002346,M0001,3,1554.0,0.0,4662.0,
OI000009516,O00002347,M0001,1,1480.0,0.0,1480.0,Customer request
OI000009517,O00002347,M0174,1,510.0,51.0,459.0,
OI000009518,O00002348,M0001,2,1480.0,0.0,2960.0,
OI000009519,O00002348,M0027,1,790.0,0.0,790.0,
OI000009520,O00002348,M0071,1,661.5,0.0,661.5,
OI000009521,O00002349,M0006,3,1790.0,805.5,4564.5,
OI000009522,O00002349,M0181,2,280.0,0.0,560.0,
OI000009523,O00002349,M0001,2,1554.0,0.0,3108.0,
OI000009524,O00002349,M0139,1,1858.5,0.0,1858.5,
OI000009525,O00002350,M0018,2,1200.0,0.0,2400.0,
OI000009526,O00002350,M0017,1,693.5,0.0,693.5,
OI000009527,O00002351,M0027,1,829.5,0.0,829.5,Customer request
OI000009528,O00002351,M0184,2,1040.0,0.0,2080.0,
OI000009529,O00002351,M0056,4,250.0,0.0,1000.0,
OI000009530,O00002352,M0139,1,1681.5,0.0,1681.5,
OI000009531,O00002353,M0001,3,1480.0,0.0,4440.0,
OI000009532,O00002353,M0147,1,1092.0,0.0,1092.0,Customer request
OI000009533,O00002353,M0005,1,430.0,0.0,430.0,
OI000009534,O00002354,M0011,1,1150.0,0.0,1150.0,
OI000009535,O00002354,M0001,1,1554.0,0.0,1554.0,
OI000009536,O00002354,M0156,1,1344.0,0.0,1344.0,
OI000009537,O00002354,M0036,1,1790.0,0.0,1790.0,
OI000009538,O00002354,M0002,1,494.0,0.0,494.0,
OI000009539,O00002355,M0018,1,1200.0,0.0,1200.0,
OI000009540,O00002355,M0017,1,766.5,0.0,766.5,
OI000009541,O00002355,M0001,1,1406.0,70.3,1335.7,
OI000009542,O00002355,M0014,2,1710.0,0.0,3420.0,
OI000009543,O00002355,M0010,1,430.0,0.0,430.0,
OI000009544,O00002356,M0158,1,710.0,0.0,710.0,
OI000009545,O00002356,M0109,1,1420.0,0.0,1420.0,
OI000009546,O00002356,M0003,4,1050.0,0.0,4200.0,Customer request
OI000009547,O00002356,M0164,1,1270.0,190.5,1079.5,
OI000009548,O00002356,M0087,1,1680.0,0.0,1680.0,
OI000009549,O00002357,M0030,1,270.0,0.0,270.0,
OI000009550,O00002357,M0022,4,1240.0,0.0,4960.0,
OI000009551,O00002357,M0161,2,430.5,0.0,861.0,
OI000009552,O00002358,M0011,2,1150.0,345.0,1955.0,
OI000009553,O00002358,M0016,2,1291.5,0.0,2583.0,
OI000009554,O00002358,M0072,1,1340.0,0.0,1340.0,
OI000009555,O00002359,M0093,1,930.0,0.0,930.0,
OI000009556,O00002360,M0012,1,541.5,0.0,541.5,
OI000009557,O00002360,M0159,1,1040.0,104.0,936.0,
OI000009558,O00002360,M0007,1,1280.0,0.0,1280.0,
OI000009559,O00002361,M0014,1,1624.5,0.0,1624.5,
OI000009560,O00002361,M0005,2,430.0,0.0,860.0,
OI000009561,O00002361,M0038,1,1320.0,0.0,1320.0,
OI000009562,O00002361,M0200,2,1160.0,0.0,2320.0,
OI000009563,O00002362,M0080,1,913.5,0.0,913.5,
OI000009564,O00002362,M0027,1,790.0,79.0,711.0,
OI000009565,O00002362,M0191,1,1207.5,0.0,1207.5,Customer request
OI000009566,O00002362,M0001,2,1554.0,0.0,3108.0,
OI000009567,O00002363,M0009,2,1660.0,0.0,3320.0,
OI000009568,O00002363,M0121,2,1510.0,0.0,3020.0,
OI000009569,O00002364,M0035,1,920.0,0.0,920.0,
OI000009570,O00002364,M0001,4,1480.0,0.0,5920.0,
OI000009571,O00002365,M0025,1,247.0,0.0,247.0,
OI000009572,O00002365,M0001,1,1480.0,0.0,1480.0,
OI000009573,O00002365,M0044,1,378.0,0.0,378.0,
OI000009574,O00002366,M0057,1,500.0,0.0,500.0,
OI000009575,O00002366,M0005,1,430.0,0.0,430.0,
OI000009576,O00002366,M0193,1,550.0,0.0,550.0,
OI000009577,O00002366,M0120,1,1653.0,0.0,1653.0,
OI000009578,O00002366,M0026,1,472.5,0.0,472.5,
OI000009579,O00002366,M0011,2,1150.0,0.0,2300.0,Customer request
OI000009580,O00002366,M0001,1,1480.0,0.0,1480.0,
OI000009581,O00002367,M0072,2,1340.0,402.0,2278.0,
OI000009582,O00002367,M0008,2,880.0,0.0,1760.0,
OI000009583,O00002368,M0018,2,1200.0,0.0,2400.0,
OI000009584,O00002368,M0022,2,1178.0,0.0,2356.0,
OI000009585,O00002368,M0128,1,1123.5,0.0,1123.5,
OI000009586,O00002368,M0127,1,770.0,0.0,770.0,
OI000009587,O00002368,M0098,1,1230.0,0.0,1230.0,
OI000009588,O00002368,M0095,3,230.0,0.0,690.0,
OI000009589,O00002368,M0031,1,1827.0,0.0,1827.0,
OI000009590,O00002369,M0104,3,190.0,0.0,570.0,
OI000009591,O00002369,M0130,2,1070.0,0.0,2140.0,
OI000009592,O00002369,M0031,2,1827.0,0.0,3654.0,
OI000009593,O00002369,M0149,2,920.0,0.0,1840.0,
OI000009594,O00002370,M0195,1,241.5,0.0,241.5,
OI000009595,O00002370,M0004,1,1710.0,85.5,1624.5,
OI000009596,O00002371,M0189,1,1500.0,0.0,1500.0,
OI000009597,O00002371,M0007,1,1216.0,0.0,1216.0,
OI000009598,O00002371,M0165,1,540.0,0.0,540.0,
OI000009599,O00002371,M0127,2,770.0,0.0,1540.0,
OI000009600,O00002371,M0156,1,1280.0,0.0,1280.0,
OI000009601,O00002372,M0026,1,427.5,0.0,427.5,
OI000009602,O00002372,M0003,2,1050.0,0.0,2100.0,
OI000009603,O00002373,M0006,2,1700.5,0.0,3401.0,
OI000009604,O00002373,M0010,2,430.0,0.0,860.0,
OI000009605,O00002374,M0007,1,1280.0,64.0,1216.0,
OI000009606,O00002374,M0182,1,1732.5,0.0,1732.5,
OI000009607,O00002374,M0003,2,1102.5,0.0,2205.0,
OI000009608,O00002375,M0070,1,1630.0,0.0,1630.0,
OI000009609,O00002375,M0033,1,310.0,0.0,310.0,
OI000009610,O00002375,M0001,1,1480.0,0.0,1480.0,
OI000009611,O00002375,M0005,1,408.5,0.0,408.5,
OI000009612,O00002375,M0165,1,540.0,0.0,540.0,
OI000009613,O00002376,M0113,1,840.0,0.0,840.0,
OI000009614,O00002376,M0047,1,1610.0,0.0,1610.0,
OI000009615,O00002376,M0001,2,1406.0,0.0,2812.0,
OI000009616,O00002377,M0003,1,1050.0,0.0,1050.0,
OI000009617,O00002377,M0083,1,567.0,0.0,567.0,Customer request
OI000009618,O00002377,M0092,2,890.0,0.0,1780.0,
OI000009619,O00002377,M0177,1,190.0,0.0,190.0,
OI000009620,O00002377,M0005,1,408.5,0.0,408.5,
OI000009621,O00002378,M0061,1,880.0,0.0,880.0,
OI000009622,O00002378,M0022,3,1178.0,0.0,3534.0,
OI000009623,O00002378,M0002,1,520.0,0.0,520.0,
OI000009624,O00002379,M0013,3,1500.0,0.0,4500.0,
OI000009625,O00002379,M0016,1,1230.0,0.0,1230.0,
OI000009626,O00002379,M0025,1,260.0,13.0,247.0,
OI000009627,O00002379,M0010,2,451.5,0.0,903.0,
OI000009628,O00002380,M0040,1,451.5,0.0,451.5,
OI000009629,O00002380,M0051,1,712.5,0.0,712.5,
OI000009630,O00002380,M0020,1,1054.5,0.0,1054.5,
OI000009631,O00002380,M0016,2,1230.0,0.0,2460.0,
OI000009632,O00002380,M0062,1,1060.5,159.07,901.43,
OI000009633,O00002380,M0001,1,1480.0,0.0,1480.0,Customer request
OI000009634,O00002380,M0133,2,1000.0,0.0,2000.0,
OI000009635,O00002380,M0186,1,1620.0,0.0,1620.0,
OI000009636,O00002381,M0001,1,1480.0,0.0,1480.0,
OI000009637,O00002381,M0077,1,1711.5,0.0,1711.5,
OI000009638,O00002382,M0007,1,1280.0,0.0,1280.0,
OI000009639,O00002382,M0022,1,1178.0,0.0,1178.0,Customer request
OI000009640,O00002382,M0008,1,880.0,0.0,880.0,
OI000009641,O00002383,M0005,1,451.5,0.0,451.5,
OI000009642,O00002383,M0023,2,580.0,0.0,1160.0,
OI000009643,O00002383,M0016,3,1230.0,0.0,3690.0,
OI000009644,O00002383,M0022,1,1240.0,0.0,1240.0,
OI000009645,O00002383,M0110,1,1567.5,156.75,1410.75,
OI000009646,O00002383,M0188,3,290.0,0.0,870.0,
OI000009647,O00002384,M0003,2,1050.0,0.0,2100.0,
OI000009648,O00002384,M0088,1,1140.0,57.0,1083.0,
OI000009649,O00002384,M0040,1,430.0,64.5,365.5,
OI000009650,O00002385,M0016,2,1230.0,0.0,2460.0,
OI000009651,O00002385,M0064,2,420.0,0.0,840.0,Customer request
OI000009652,O00002385,M0140,2,1510.5,0.0,3021.0,
OI000009653,O00002385,M0059,2,660.0,0.0,1320.0,
OI000009654,O00002385,M0075,3,1710.0,0.0,5130.0,
OI000009655,O00002386,M0003,1,1050.0,0.0,1050.0,
OI000009656,O00002386,M0078,1,1260.0,0.0,1260.0,
OI000009657,O00002386,M0193,1,550.0,0.0,550.0,
OI000009658,O00002387,M0178,1,260.0,0.0,260.0,
OI000009659,O00002387,M0020,1,1054.5,0.0,1054.5,
OI000009660,O00002387,M0140,1,1590.0,0.0,1590.0,
OI000009661,O00002387,M0048,1,1501.0,0.0,1501.0,
OI000009662,O00002387,M0002,2,494.0,0.0,988.0,
OI000009663,O00002388,M0188,1,290.0,0.0,290.0,
OI000009664,O00002388,M0053,1,1770.0,0.0,1770.0,
OI000009665,O00002388,M0002,1,520.0,0.0,520.0,
OI000009666,O00002388,M0044,3,342.0,0.0,1026.0,
OI000009667,O00002388,M0081,1,920.0,0.0,920.0,
OI000009668,O00002389,M0007,1,1280.0,0.0,1280.0,
OI000009669,O00002389,M0069,1,1170.0,0.0,1170.0,Customer request
OI000009670,O00002389,M0181,3,294.0,0.0,882.0,
OI000009671,O00002389,M0006,2,1790.0,0.0,3580.0,
OI000009672,O00002389,M0030,1,256.5,0.0,256.5,
OI000009673,O00002389,M0011,1,1150.0,0.0,1150.0,
OI000009674,O00002390,M0017,1,766.5,0.0,766.5,
OI000009675,O00002390,M0121,2,1510.0,0.0,3020.0,
OI000009676,O00002390,M0116,1,420.0,0.0,420.0,
OI000009677,O00002390,M0001,1,1480.0,0.0,1480.0,
OI000009678,O00002391,M0002,1,520.0,0.0,520.0,
OI000009679,O00002391,M0014,1,1710.0,0.0,1710.0,
OI000009680,O00002392,M0010,1,430.0,0.0,430.0,
OI000009681,O00002392,M0002,1,546.0,0.0,546.0,
OI000009682,O00002392,M0071,2,661.5,198.45,1124.55,
OI000009683,O00002393,M0059,1,660.0,0.0,660.0,
OI000009684,O00002393,M0007,1,1216.0,0.0,1216.0,
OI000009685,O00002393,M0015,2,1764.0,0.0,3528.0,
OI000009686,O00002393,M0030,1,283.5,0.0,283.5,
OI000009687,O00002393,M0001,2,1554.0,0.0,3108.0,
OI000009688,O00002394,M0003,2,1050.0,0.0,2100.0,
OI000009689,O00002394,M0060,1,1239.0,0.0,1239.0,
OI000009690,O00002395,M0029,1,627.0,0.0,627.0,
OI000009691,O00002395,M0050,2,840.0,252.0,1428.0,
OI000009692,O00002395,M0185,1,1482.0,148.2,1333.8,
OI000009693,O00002396,M0091,1,367.5,0.0,367.5,Customer request
OI000009694,O00002396,M0183,2,598.5,0.0,1197.0,
OI000009695,O00002397,M0048,1,1580.0,0.0,1580.0,
OI000009696,O00002397,M0001,1,1554.0,0.0,1554.0,
OI000009697,O00002397,M0002,1,494.0,0.0,494.0,
OI000009698,O00002397,M0073,2,420.0,0.0,840.0,
OI000009699,O00002398,M0011,1,1150.0,0.0,1150.0,
OI000009700,O00002398,M0020,1,1110.0,0.0,1110.0,
OI000009701,O00002398,M0068,1,920.0,0.0,920.0,
OI000009702,O00002398,M0013,1,1500.0,0.0,1500.0,
OI000009703,O00002399,M0136,1,777.0,0.0,777.0,Customer request
OI000009704,O00002400,M0017,1,730.0,0.0,730.0,
OI000009705,O00002400,M0001,1,1406.0,0.0,1406.0,
OI000009706,O00002401,M0192,1,513.0,0.0,513.0,
OI000009707,O00002402,M0030,1,256.5,0.0,256.5,
OI000009708,O00002402,M0014,2,1624.5,0.0,3249.0,
OI000009709,O00002402,M0148,1,1239.0,0.0,1239.0,
OI000009710,O00002402,M0131,5,990.0,0.0,4950.0,
OI000009711,O00002402,M0001,1,1406.0,0.0,1406.0,Customer request
OI000009712,O00002403,M0110,3,1732.5,0.0,5197.5,
OI000009713,O00002403,M0030,1,270.0,0.0,270.0,
OI000009714,O00002403,M0067,3,1512.0,0.0,4536.0,
OI000009715,O00002403,M0003,2,1050.0,0.0,2100.0,Customer request
OI000009716,O00002404,M0066,1,580.0,0.0,580.0,
OI000009717,O00002404,M0006,1,1700.5,0.0,1700.5,
OI000009718,O00002404,M0002,2,520.0,0.0,1040.0,Customer request
OI000009719,O00002404,M0003,2,1050.0,0.0,2100.0,
OI000009720,O00002404,M0010,1,430.0,64.5,365.5,
OI000009721,O00002405,M0196,1,1669.5,0.0,1669.5,
OI000009722,O00002405,M0001,2,1554.0,0.0,3108.0,
OI000009723,O00002405,M0012,1,570.0,0.0,570.0,
OI000009724,O00002406,M0036,1,1790.0,0.0,1790.0,
OI000009725,O00002406,M0005,2,408.5,40.85,776.15,
OI000009726,O00002406,M0179,2,1512.0,0.0,3024.0,
OI000009727,O00002407,M0026,2,450.0,0.0,900.0,
OI000009728,O00002407,M0072,1,1340.0,0.0,1340.0,
OI000009729,O00002407,M0015,3,1680.0,756.0,4284.0,
OI000009730,O00002407,M0005,1,430.0,0.0,430.0,
OI000009731,O00002407,M0010,2,430.0,0.0,860.0,
OI000009732,O00002407,M0009,4,1660.0,0.0,6640.0,
OI000009733,O00002407,M0125,1,320.0,0.0,320.0,
OI000009734,O00002407,M0001,1,1554.0,77.7,1476.3,
OI000009735,O00002407,M0145,2,1760.0,0.0,3520.0,
OI000009736,O00002408,M0018,1,1260.0,0.0,1260.0,
OI000009737,O00002408,M0053,1,1770.0,0.0,1770.0,
OI000009738,O00002408,M0109,2,1349.0,0.0,2698.0,
OI000009739,O00002408,M0026,2,450.0,0.0,900.0,
OI000009740,O00002409,M0002,4,546.0,0.0,2184.0,
OI000009741,O00002409,M0038,1,1320.0,66.0,1254.0,
OI000009742,O00002409,M0002,1,520.0,0.0,520.0,
OI000009743,O00002409,M0116,2,420.0,0.0,840.0,
OI000009744,O00002410,M0061,1,880.0,0.0,880.0,Customer request
OI000009745,O00002410,M0048,1,1580.0,0.0,1580.0,
OI000009746,O00002410,M0001,2,1480.0,0.0,2960.0,
OI000009747,O00002411,M0178,2,273.0,0.0,546.0,Customer request
OI000009748,O00002411,M0003,1,1102.5,110.25,992.25,
OI000009749,O00002411,M0004,1,1800.0,270.0,1530.0,
OI000009750,O00002411,M0193,2,522.5,0.0,1045.0,
OI000009751,O00002411,M0002,1,546.0,27.3,518.7,
OI000009752,O00002412,M0087,1,1596.0,0.0,1596.0,
OI000009753,O00002412,M0002,1,520.0,0.0,520.0,
OI000009754,O00002412,M0084,1,1540.0,0.0,1540.0,
OI000009755,O00002413,M0143,1,800.0,0.0,800.0,
OI000009756,O00002413,M0014,1,1710.0,0.0,1710.0,
OI000009757,O00002413,M0011,1,1150.0,0.0,1150.0,
OI000009758,O00002414,M0164,1,1206.5,0.0,1206.5,
OI000009759,O00002414,M0001,1,1554.0,0.0,1554.0,
OI000009760,O00002414,M0014,1,1795.5,0.0,1795.5,
OI000009761,O00002414,M0062,1,1010.0,0.0,1010.0,
OI000009762,O00002415,M0071,2,598.5,0.0,1197.0,
OI000009763,O00002415,M0025,1,260.0,0.0,260.0,
OI000009764,O00002415,M0128,1,1016.5,0.0,1016.5,
OI000009765,O00002415,M0126,1,1444.0,0.0,1444.0,
OI000009766,O00002416,M0113,3,840.0,0.0,2520.0,
OI000009767,O00002416,M0004,1,1800.0,90.0,1710.0,
OI000009768,O00002416,M0060,1,1180.0,0.0,1180.0,
OI000009769,O00002416,M0127,1,770.0,0.0,770.0,
OI000009770,O00002416,M0002,1,520.0,26.0,494.0,
OI000009771,O00002416,M0007,2,1216.0,0.0,2432.0,
OI000009772,O00002417,M0188,2,290.0,0.0,580.0,
OI000009773,O00002417,M0026,1,472.5,0.0,472.5,
OI000009774,O00002417,M0036,2,1879.5,0.0,3759.0,
OI000009775,O00002417,M0014,1,1710.0,0.0,1710.0,
OI000009776,O00002418,M0018,1,1260.0,63.0,1197.0,
OI000009777,O00002418,M0146,1,250.0,0.0,250.0,
OI000009778,O00002418,M0005,2,451.5,45.15,857.85,
OI000009779,O00002418,M0009,1,1660.0,0.0,1660.0,
OI000009780,O00002418,M0032,1,830.0,0.0,830.0,
OI000009781,O00002418,M0011,1,1092.5,0.0,1092.5,
OI000009782,O00002419,M0145,1,1760.0,0.0,1760.0,
OI000009783,O00002419,M0057,2,500.0,0.0,1000.0,
OI000009784,O00002419,M0032,2,871.5,0.0,1743.0,
OI000009785,O00002419,M0051,2,712.5,0.0,1425.0,
OI000009786,O00002420,M0001,1,1554.0,0.0,1554.0,
OI000009787,O00002420,M0087,3,1596.0,478.8,4309.2,
OI000009788,O00002420,M0013,1,1575.0,0.0,1575.0,
OI000009789,O00002421,M0051,2,750.0,0.0,1500.0,
OI000009790,O00002421,M0119,2,240.0,0.0,480.0,
OI000009791,O00002422,M0014,1,1795.5,0.0,1795.5,
OI000009792,O00002422,M0001,1,1554.0,0.0,1554.0,
OI000009793,O00002422,M0001,1,1480.0,0.0,1480.0,
OI000009794,O00002422,M0130,4,1070.0,0.0,4280.0,
OI000009795,O00002422,M0039,1,1605.5,0.0,1605.5,
OI000009796,O00002422,M0061,3,880.0,0.0,2640.0,
OI000009797,O00002423,M0049,1,1450.0,0.0,1450.0,
OI000009798,O00002423,M0004,1,1800.0,0.0,1800.0,
OI000009799,O00002424,M0001,2,1480.0,0.0,2960.0,
OI000009800,O00002424,M0007,2,1216.0,0.0,2432.0,
OI000009801,O00002424,M0195,2,230.0,0.0,460.0,
OI000009802,O00002424,M0021,1,1250.0,125.0,1125.0,
OI000009803,O00002424,M0160,1,1837.5,0.0,1837.5,
OI000009804,O00002424,M0008,1,880.0,0.0,880.0,Customer request
OI000009805,O00002424,M0079,5,997.5,0.0,4987.5,
OI000009806,O00002425,M0001,1,1406.0,0.0,1406.0,
OI000009807,O00002425,M0001,1,1480.0,0.0,1480.0,
OI000009808,O00002425,M0027,1,790.0,79.0,711.0,
OI000009809,O00002426,M0061,2,880.0,0.0,1760.0,
OI000009810,O00002426,M0179,1,1440.0,0.0,1440.0,
OI000009811,O00002426,M0001,2,1554.0,0.0,3108.0,
OI000009812,O00002426,M0194,2,1333.5,0.0,2667.0,
OI000009813,O00002426,M0027,2,829.5,0.0,1659.0,
OI000009814,O00002427,M0095,1,230.0,0.0,230.0,Customer request
OI000009815,O00002427,M0060,2,1180.0,0.0,2360.0,
OI000009816,O00002428,M0007,3,1280.0,576.0,3264.0,
OI000009817,O00002428,M0013,2,1575.0,0.0,3150.0,
OI000009818,O00002428,M0048,2,1580.0,0.0,3160.0,
OI000009819,O00002428,M0002,1,546.0,0.0,546.0,
OI000009820,O00002428,M0098,2,1230.0,369.0,2091.0,
OI000009821,O00002428,M0107,1,342.0,51.3,290.7,
OI000009822,O00002429,M0115,1,1140.0,0.0,1140.0,
OI000009823,O00002429,M0126,1,1444.0,0.0,1444.0,
OI000009824,O00002429,M0071,2,630.0,0.0,1260.0,
OI000009825,O00002429,M0088,1,1083.0,0.0,1083.0,Customer request
OI000009826,O00002429,M0047,2,1529.5,0.0,3059.0,
OI000009827,O00002430,M0006,4,1790.0,0.0,7160.0,
OI000009828,O00002430,M0002,1,520.0,0.0,520.0,
OI000009829,O00002431,M0004,5,1890.0,0.0,9450.0,
OI000009830,O00002431,M0005,1,430.0,0.0,430.0,
OI000009831,O00002431,M0092,1,934.5,0.0,934.5,
OI000009832,O00002431,M0172,3,1720.0,0.0,5160.0,
OI000009833,O00002431,M0112,1,610.0,0.0,610.0,
OI000009834,O00002432,M0196,5,1590.0,0.0,7950.0,
OI000009835,O00002432,M0001,3,1480.0,0.0,4440.0,
OI000009836,O00002432,M0001,2,1480.0,0.0,2960.0,
OI000009837,O00002432,M0070,1,1630.0,0.0,1630.0,
OI000009838,O00002432,M0001,1,1480.0,0.0,1480.0,
OI000009839,O00002433,M0144,1,560.0,0.0,560.0,
OI000009840,O00002433,M0027,1,790.0,0.0,790.0,
OI000009841,O00002433,M0160,1,1750.0,0.0,1750.0,
OI000009842,O00002433,M0007,2,1216.0,121.6,2310.4,Customer request
OI000009843,O00002433,M0059,1,627.0,0.0,627.0,
OI000009844,O00002434,M0074,1,720.0,108.0,612.0,Customer request
OI000009845,O00002434,M0009,1,1743.0,0.0,1743.0,
OI000009846,O00002434,M0016,3,1230.0,0.0,3690.0,
OI000009847,O00002434,M0040,1,430.0,0.0,430.0,
OI000009848,O00002435,M0017,2,693.5,208.05,1178.95,
OI000009849,O00002435,M0030,2,270.0,0.0,540.0,Customer request
OI000009850,O00002435,M0025,2,273.0,0.0,546.0,
OI000009851,O00002435,M0065,1,807.5,80.75,726.75,
OI000009852,O00002436,M0002,1,520.0,0.0,520.0,
OI000009853,O00002436,M0176,2,1869.0,0.0,3738.0,
OI000009854,O00002436,M0002,1,520.0,52.0,468.0,
OI000009855,O00002436,M0013,1,1425.0,0.0,1425.0,
OI000009856,O00002437,M0001,2,1480.0,0.0,2960.0,
OI000009857,O00002437,M0113,1,798.0,0.0,798.0,
OI000009858,O00002437,M0002,1,494.0,0.0,494.0,
OI000009859,O00002437,M0009,1,1660.0,0.0,1660.0,
OI000009860,O00002437,M0025,1,260.0,0.0,260.0,
OI000009861,O00002438,M0124,3,931.0,0.0,2793.0,
OI000009862,O00002438,M0095,1,230.0,0.0,230.0,
OI000009863,O00002438,M0003,3,1050.0,0.0,3150.0,
OI000009864,O00002438,M0024,1,609.0,30.45,578.55,
OI000009865,O00002439,M0013,1,1500.0,0.0,1500.0,
OI000009866,O00002439,M0172,2,1806.0,0.0,3612.0,
OI000009867,O00002439,M0129,2,1760.0,0.0,3520.0,
OI000009868,O00002439,M0003,1,1102.5,0.0,1102.5,
OI000009869,O00002440,M0022,1,1302.0,0.0,1302.0,
OI000009870,O00002440,M0024,1,551.0,27.55,523.45,
OI000009871,O00002441,M0179,1,1440.0,0.0,1440.0,
OI000009872,O00002441,M0105,2,1310.0,0.0,2620.0,
OI000009873,O00002441,M0110,1,1650.0,0.0,1650.0,
OI000009874,O00002441,M0016,1,1230.0,0.0,1230.0,
OI000009875,O00002442,M0073,3,420.0,0.0,1260.0,
OI000009876,O00002442,M0012,2,570.0,0.0,1140.0,
OI000009877,O00002442,M0116,1,441.0,0.0,441.0,
OI000009878,O00002442,M0178,2,273.0,0.0,546.0,
OI000009879,O00002442,M0052,2,674.5,0.0,1349.0,
OI000009880,O00002443,M0036,1,1700.5,0.0,1700.5,
OI000009881,O00002444,M0136,2,740.0,0.0,1480.0,
OI000009882,O00002444,M0151,1,590.0,0.0,590.0,
OI000009883,O00002444,M0002,1,520.0,0.0,520.0,
OI000009884,O00002444,M0074,4,684.0,0.0,2736.0,
OI000009885,O00002444,M0056,1,250.0,0.0,250.0,
OI000009886,O00002445,M0005,1,430.0,0.0,430.0,
OI000009887,O00002445,M0002,1,494.0,0.0,494.0,
OI000009888,O00002445,M0009,1,1743.0,0.0,1743.0,
OI000009889,O00002445,M0004,1,1800.0,0.0,1800.0,
OI000009890,O00002445,M0007,1,1280.0,0.0,1280.0,
OI000009891,O00002445,M0157,2,1387.0,0.0,2774.0,
OI000009892,O00002445,M0156,2,1280.0,0.0,2560.0,
OI000009893,O00002446,M0007,2,1280.0,128.0,2432.0,
OI000009894,O00002446,M0005,1,408.5,0.0,408.5,
OI000009895,O00002446,M0025,1,247.0,24.7,222.3,
OI000009896,O00002447,M0065,2,850.0,0.0,1700.0,
OI000009897,O00002447,M0003,1,1050.0,0.0,1050.0,
OI000009898,O00002447,M0113,1,840.0,0.0,840.0,
OI000009899,O00002447,M0001,1,1480.0,0.0,1480.0,
OI000009900,O00002447,M0002,3,546.0,0.0,1638.0,
OI000009901,O00002447,M0058,2,1282.5,0.0,2565.0,
OI000009902,O00002448,M0005,1,451.5,0.0,451.5,
OI000009903,O00002449,M0006,2,1879.5,0.0,3759.0,
OI000009904,O00002449,M0138,2,700.0,0.0,1400.0,
OI000009905,O00002449,M0015,1,1680.0,0.0,1680.0,Customer request
OI000009906,O00002450,M0159,1,1040.0,0.0,1040.0,
OI000009907,O00002450,M0002,2,520.0,0.0,1040.0,
OI000009908,O00002451,M0164,2,1270.0,381.0,2159.0,
OI000009909,O00002451,M0155,1,556.5,0.0,556.5,
OI000009910,O00002451,M0038,1,1320.0,0.0,1320.0,Customer request
OI000009911,O00002451,M0092,2,890.0,0.0,1780.0,
OI000009912,O00002451,M0023,2,609.0,0.0,1218.0,
OI000009913,O00002451,M0095,4,218.5,0.0,874.0,
OI000009914,O00002451,M0007,1,1280.0,0.0,1280.0,
OI000009915,O00002452,M0150,2,300.0,0.0,600.0,
OI000009916,O00002452,M0103,1,1150.0,0.0,1150.0,
OI000009917,O00002452,M0084,2,1617.0,0.0,3234.0,
OI000009918,O00002452,M0109,1,1349.0,0.0,1349.0,
OI000009919,O00002453,M0014,1,1624.5,0.0,1624.5,Customer request
OI000009920,O00002454,M0004,2,1800.0,0.0,3600.0,
OI000009921,O00002454,M0014,1,1710.0,0.0,1710.0,Customer request
OI000009922,O00002454,M0001,1,1554.0,155.4,1398.6,
OI000009923,O00002455,M0008,2,880.0,0.0,1760.0,
OI000009924,O00002455,M0051,1,750.0,0.0,750.0,
OI000009925,O00002455,M0125,1,320.0,0.0,320.0,
OI000009926,O00002456,M0163,1,1390.0,0.0,1390.0,Customer request
OI000009927,O00002457,M0081,5,920.0,0.0,4600.0,
OI000009928,O00002457,M0145,1,1760.0,0.0,1760.0,
OI000009929,O00002457,M0010,1,451.5,0.0,451.5,
OI000009930,O00002457,M0068,3,920.0,276.0,2484.0,
OI000009931,O00002458,M0187,5,870.0,0.0,4350.0,
OI000009932,O00002458,M0052,1,710.0,35.5,674.5,
OI000009933,O00002458,M0022,1,1240.0,0.0,1240.0,
OI000009934,O00002458,M0008,2,880.0,0.0,1760.0,
OI000009935,O00002459,M0011,2,1150.0,0.0,2300.0,
OI000009936,O00002459,M0005,1,451.5,0.0,451.5,
OI000009937,O00002459,M0075,4,1710.0,0.0,6840.0,
OI000009938,O00002459,M0081,1,920.0,0.0,920.0,
OI000009939,O00002459,M0099,1,570.0,85.5,484.5,
OI000009940,O00002460,M0027,1,790.0,0.0,790.0,
OI000009941,O00002460,M0003,1,1050.0,0.0,1050.0,
OI000009942,O00002460,M0021,2,1250.0,0.0,2500.0,
OI000009943,O00002461,M0089,2,1150.0,0.0,2300.0,
OI000009944,O00002461,M0129,1,1760.0,0.0,1760.0,
OI000009945,O00002461,M0002,1,520.0,0.0,520.0,
OI000009946,O00002462,M0007,1,1216.0,0.0,1216.0,
OI000009947,O00002462,M0179,2,1512.0,0.0,3024.0,
OI000009948,O00002462,M0022,1,1240.0,0.0,1240.0,
OI000009949,O00002462,M0001,1,1480.0,148.0,1332.0,
OI000009950,O00002462,M0005,2,430.0,0.0,860.0,
OI000009951,O00002462,M0117,1,1083.0,0.0,1083.0,
OI000009952,O00002463,M0093,1,930.0,0.0,930.0,
OI000009953,O00002463,M0006,1,1700.5,0.0,1700.5,
OI000009954,O00002463,M0002,3,494.0,0.0,1482.0,
OI000009955,O00002463,M0002,1,520.0,0.0,520.0,
OI000009956,O00002463,M0031,1,1740.0,174.0,1566.0,
OI000009957,O00002463,M0073,2,420.0,0.0,840.0,
OI000009958,O00002464,M0012,5,570.0,0.0,2850.0,
OI000009959,O00002464,M0002,1,520.0,26.0,494.0,
OI000009960,O00002464,M0030,1,256.5,0.0,256.5,
OI000009961,O00002465,M0006,1,1790.0,0.0,1790.0,Customer request
OI000009962,O00002465,M0004,1,1890.0,189.0,1701.0,
OI000009963,O00002465,M0098,1,1230.0,0.0,1230.0,
OI000009964,O00002465,M0051,2,750.0,0.0,1500.0,Customer request
OI000009965,O00002465,M0011,1,1150.0,0.0,1150.0,
OI000009966,O00002466,M0026,1,427.5,0.0,427.5,
OI000009967,O00002466,M0006,1,1700.5,85.02,1615.48,
OI000009968,O00002467,M0042,1,1210.0,0.0,1210.0,
OI000009969,O00002467,M0092,3,890.0,0.0,2670.0,
OI000009970,O00002467,M0022,1,1240.0,0.0,1240.0,
OI000009971,O00002467,M0017,2,693.5,138.7,1248.3,
OI000009972,O00002467,M0007,4,1280.0,512.0,4608.0,
OI000009973,O00002468,M0012,1,570.0,0.0,570.0,
OI000009974,O00002468,M0015,3,1680.0,0.0,5040.0,
OI000009975,O00002468,M0011,1,1207.5,0.0,1207.5,
OI000009976,O00002468,M0002,1,520.0,0.0,520.0,
OI000009977,O00002469,M0003,1,1102.5,0.0,1102.5,
OI000009978,O00002469,M0198,1,646.0,0.0,646.0,Customer request
OI000009979,O00002469,M0015,1,1764.0,0.0,1764.0,
OI000009980,O00002469,M0109,1,1420.0,0.0,1420.0,
OI000009981,O00002470,M0079,5,1050.0,0.0,5250.0,
OI000009982,O00002470,M0042,2,1210.0,242.0,2178.0,
OI000009983,O00002471,M0024,1,609.0,0.0,609.0,
OI000009984,O00002471,M0065,2,850.0,0.0,1700.0,
OI000009985,O00002471,M0046,1,1722.0,0.0,1722.0,
OI000009986,O00002471,M0084,3,1463.0,0.0,4389.0,Customer request
OI000009987,O00002472,M0197,1,330.0,33.0,297.0,
OI000009988,O00002472,M0011,1,1150.0,0.0,1150.0,
OI000009989,O00002472,M0013,1,1575.0,0.0,1575.0,
OI000009990,O00002472,M0071,2,630.0,189.0,1071.0,
OI000009991,O00002472,M0124,1,980.0,49.0,931.0,
OI000009992,O00002473,M0004,1,1710.0,85.5,1624.5,
OI000009993,O00002473,M0128,2,1070.0,107.0,2033.0,
OI000009994,O00002473,M0147,1,1040.0,0.0,1040.0,
OI000009995,O00002473,M0018,1,1200.0,0.0,1200.0,
OI000009996,O00002474,M0008,1,836.0,0.0,836.0,
OI000009997,O00002474,M0019,2,630.0,0.0,1260.0,
OI000009998,O00002474,M0004,5,1710.0,0.0,8550.0,
OI000009999,O00002474,M0001,1,1406.0,0.0,1406.0,
OI000010000,O00002475,M0106,1,987.0,0.0,987.0,
OI000010001,O00002475,M0044,1,378.0,0.0,378.0,
OI000010002,O00002475,M0031,1,1740.0,0.0,1740.0,
OI000010003,O00002476,M0005,2,430.0,0.0,860.0,
OI000010004,O00002476,M0040,1,430.0,0.0,430.0,
OI000010005,O00002476,M0019,1,598.5,0.0,598.5,
OI000010006,O00002476,M0032,1,830.0,0.0,830.0,
OI000010007,O00002477,M0002,1,520.0,0.0,520.0,
OI000010008,O00002477,M0159,1,1040.0,0.0,1040.0,
OI000010009,O00002477,M0094,1,661.5,0.0,661.5,
OI000010010,O00002478,M0087,2,1680.0,0.0,3360.0,
OI000010011,O00002478,M0046,2,1558.0,0.0,3116.0,
OI000010012,O00002478,M0006,3,1790.0,268.5,5101.5,Customer request
OI000010013,O00002478,M0002,3,520.0,0.0,1560.0,
OI000010014,O00002479,M0015,1,1596.0,0.0,1596.0,Customer request
OI000010015,O00002479,M0020,2,1054.5,0.0,2109.0,
OI000010016,O00002479,M0093,1,930.0,93.0,837.0,
OI000010017,O00002479,M0003,4,997.5,0.0,3990.0,
OI000010018,O00002479,M0113,1,840.0,42.0,798.0,
OI000010019,O00002479,M0024,1,580.0,0.0,580.0,
OI000010020,O00002480,M0107,1,360.0,36.0,324.0,
OI000010021,O00002480,M0031,1,1653.0,0.0,1653.0,
OI000010022,O00002480,M0001,1,1554.0,0.0,1554.0,
OI000010023,O00002480,M0051,3,750.0,225.0,2025.0,
OI000010024,O00002480,M0022,2,1240.0,0.0,2480.0,
OI000010025,O00002481,M0026,1,450.0,0.0,450.0,Customer request
OI000010026,O00002481,M0101,1,550.0,0.0,550.0,
OI000010027,O00002481,M0006,4,1700.5,0.0,6802.0,
OI000010028,O00002481,M0001,1,1406.0,0.0,1406.0,
OI000010029,O00002482,M0009,1,1660.0,0.0,1660.0,
OI000010030,O00002482,M0003,3,997.5,0.0,2992.5,
OI000010031,O00002482,M0013,2,1500.0,0.0,3000.0,
OI000010032,O00002482,M0005,4,430.0,0.0,1720.0,
OI000010033,O00002482,M0002,4,546.0,0.0,2184.0,
OI000010034,O00002482,M0117,2,1140.0,342.0,1938.0,
OI000010035,O00002483,M0005,1,430.0,0.0,430.0,
OI000010036,O00002483,M0015,1,1596.0,0.0,1596.0,Customer request
OI000010037,O00002483,M0001,2,1480.0,0.0,2960.0,
OI000010038,O00002483,M0097,1,336.0,0.0,336.0,
OI000010039,O00002484,M0026,1,450.0,0.0,450.0,
OI000010040,O00002484,M0133,2,1000.0,0.0,2000.0,
OI000010041,O00002484,M0001,1,1480.0,222.0,1258.0,
OI000010042,O00002485,M0004,2,1710.0,0.0,3420.0,
OI000010043,O00002485,M0008,1,924.0,0.0,924.0,
OI000010044,O00002486,M0143,1,840.0,0.0,840.0,
OI000010045,O00002486,M0014,1,1624.5,0.0,1624.5,
OI000010046,O00002486,M0004,2,1800.0,0.0,3600.0,
OI000010047,O00002486,M0107,1,360.0,0.0,360.0,
OI000010048,O00002486,M0010,3,430.0,0.0,1290.0,
OI000010049,O00002487,M0014,2,1710.0,0.0,3420.0,
OI000010050,O00002487,M0062,1,1010.0,0.0,1010.0,
OI000010051,O00002487,M0017,1,730.0,0.0,730.0,
OI000010052,O00002488,M0001,1,1406.0,0.0,1406.0,Customer request
OI000010053,O00002488,M0194,2,1206.5,0.0,2413.0,
OI000010054,O00002488,M0007,2,1280.0,0.0,2560.0,
OI000010055,O00002489,M0007,2,1280.0,0.0,2560.0,Customer request
OI000010056,O00002489,M0003,2,1050.0,0.0,2100.0,
OI000010057,O00002489,M0003,1,997.5,0.0,997.5,Customer request
OI000010058,O00002489,M0032,1,830.0,0.0,830.0,
OI000010059,O00002490,M0168,1,1795.5,0.0,1795.5,
OI000010060,O00002491,M0074,1,720.0,0.0,720.0,
OI000010061,O00002491,M0063,1,1210.0,0.0,1210.0,
OI000010062,O00002491,M0015,2,1680.0,0.0,3360.0,
OI000010063,O00002491,M0112,1,579.5,0.0,579.5,
OI000010064,O00002492,M0028,1,826.5,0.0,826.5,
OI000010065,O00002492,M0025,4,273.0,0.0,1092.0,
OI000010066,O00002492,M0197,1,346.5,0.0,346.5,
OI000010067,O00002492,M0052,1,745.5,0.0,745.5,
OI000010068,O00002492,M0134,2,730.0,146.0,1314.0,
OI000010069,O00002493,M0035,2,920.0,0.0,1840.0,
OI000010070,O00002493,M0004,1,1890.0,0.0,1890.0,
OI000010071,O00002493,M0193,2,550.0,0.0,1100.0,Customer request
OI000010072,O00002493,M0063,3,1210.0,0.0,3630.0,
OI000010073,O00002493,M0003,1,1102.5,0.0,1102.5,
OI000010074,O00002494,M0086,1,1740.0,0.0,1740.0,
OI000010075,O00002494,M0023,2,551.0,0.0,1102.0,
OI000010076,O00002495,M0115,1,1140.0,0.0,1140.0,
OI000010077,O00002495,M0009,2,1660.0,0.0,3320.0,
OI000010078,O00002495,M0169,2,1121.0,0.0,2242.0,
OI000010079,O00002495,M0010,1,408.5,0.0,408.5,
OI000010080,O00002496,M0199,2,440.0,0.0,880.0,
OI000010081,O00002496,M0074,2,720.0,0.0,1440.0,
OI000010082,O00002496,M0184,1,1092.0,109.2,982.8,
OI000010083,O00002497,M0081,1,920.0,0.0,920.0,
OI000010084,O00002497,M0091,4,350.0,0.0,1400.0,
OI000010085,O00002498,M0002,1,520.0,0.0,520.0,
OI000010086,O00002498,M0001,2,1480.0,0.0,2960.0,
OI000010087,O00002498,M0002,1,546.0,0.0,546.0,
OI000010088,O00002498,M0023,2,580.0,0.0,1160.0,
OI000010089,O00002498,M0019,1,630.0,0.0,630.0,
OI000010090,O00002498,M0004,1,1800.0,0.0,1800.0,
OI000010091,O00002499,M0001,2,1406.0,0.0,2812.0,
OI000010092,O00002499,M0072,1,1340.0,0.0,1340.0,
OI000010093,O00002499,M0005,1,430.0,0.0,430.0,
OI000010094,O00002499,M0188,1,275.5,0.0,275.5,
OI000010095,O00002499,M0002,1,520.0,0.0,520.0,
OI000010096,O00002500,M0015,1,1596.0,0.0,1596.0,
OI000010097,O00002500,M0028,2,870.0,0.0,1740.0,
OI000010098,O00002500,M0006,1,1790.0,0.0,1790.0,
OI000010099,O00002500,M0032,1,830.0,0.0,830.0,
OI000010100,O00002500,M0002,1,494.0,0.0,494.0,
OI000010101,O00002501,M0001,1,1406.0,0.0,1406.0,
OI000010102,O00002501,M0074,1,720.0,0.0,720.0,
OI000010103,O00002501,M0120,3,1653.0,0.0,4959.0,
OI000010104,O00002501,M0045,1,1080.0,0.0,1080.0,
OI000010105,O00002501,M0006,1,1879.5,0.0,1879.5,
OI000010106,O00002502,M0018,2,1200.0,0.0,2400.0,
OI000010107,O00002502,M0055,2,890.0,0.0,1780.0,
OI000010108,O00002502,M0001,1,1406.0,210.9,1195.1,
OI000010109,O00002502,M0002,1,546.0,0.0,546.0,
OI000010110,O00002503,M0177,1,200.0,0.0,200.0,
OI000010111,O00002503,M0068,1,920.0,0.0,920.0,
OI000010112,O00002503,M0073,1,420.0,63.0,357.0,
OI000010113,O00002504,M0002,1,520.0,0.0,520.0,
OI000010114,O00002504,M0006,1,1790.0,0.0,1790.0,
OI000010115,O00002504,M0018,2,1200.0,0.0,2400.0,
OI000010116,O00002504,M0005,1,408.5,0.0,408.5,
OI000010117,O00002504,M0110,1,1650.0,0.0,1650.0,
OI000010118,O00002504,M0051,2,750.0,0.0,1500.0,
OI000010119,O00002505,M0005,5,430.0,0.0,2150.0,
OI000010120,O00002505,M0096,1,730.0,0.0,730.0,
OI000010121,O00002506,M0038,1,1320.0,0.0,1320.0,
OI000010122,O00002506,M0005,1,430.0,0.0,430.0,
OI000010123,O00002506,M0123,1,703.0,0.0,703.0,
OI000010124,O00002507,M0005,2,430.0,0.0,860.0,
OI000010125,O00002507,M0072,1,1407.0,0.0,1407.0,
OI000010126,O00002507,M0019,1,630.0,0.0,630.0,
OI000010127,O00002507,M0089,2,1150.0,115.0,2185.0,
OI000010128,O00002508,M0021,1,1187.5,0.0,1187.5,
OI000010129,O00002508,M0009,2,1660.0,0.0,3320.0,
OI000010130,O00002508,M0179,1,1512.0,0.0,1512.0,
OI000010131,O00002508,M0092,1,934.5,0.0,934.5,
OI000010132,O00002509,M0117,3,1197.0,0.0,3591.0,
OI000010133,O00002509,M0011,2,1092.5,0.0,2185.0,
OI000010134,O00002510,M0014,1,1795.5,0.0,1795.5,
OI000010135,O00002510,M0004,1,1800.0,0.0,1800.0,Customer request
OI000010136,O00002511,M0024,1,580.0,0.0,580.0,
OI000010137,O00002511,M0199,3,462.0,0.0,1386.0,
OI000010138,O00002511,M0047,1,1610.0,0.0,1610.0,
OI000010139,O00002511,M0081,1,920.0,0.0,920.0,
OI000010140,O00002512,M0086,2,1740.0,0.0,3480.0,
OI000010141,O00002512,M0005,1,451.5,0.0,451.5,
OI000010142,O00002512,M0001,2,1480.0,0.0,2960.0,Customer request
OI000010143,O00002512,M0002,2,520.0,0.0,1040.0,
OI000010144,O00002513,M0080,2,826.5,0.0,1653.0,
OI000010145,O00002513,M0025,2,273.0,0.0,546.0,
OI000010146,O00002513,M0151,2,590.0,0.0,1180.0,
OI000010147,O00002514,M0015,1,1680.0,0.0,1680.0,
OI000010148,O00002515,M0002,1,520.0,0.0,520.0,
OI000010149,O00002515,M0183,3,630.0,0.0,1890.0,
OI000010150,O00002515,M0019,1,630.0,0.0,630.0,
OI000010151,O00002515,M0126,4,1444.0,0.0,5776.0,
OI000010152,O00002516,M0001,1,1480.0,0.0,1480.0,
OI000010153,O00002516,M0015,1,1680.0,0.0,1680.0,
OI000010154,O00002516,M0048,1,1580.0,0.0,1580.0,
OI000010155,O00002516,M0035,4,920.0,0.0,3680.0,
OI000010156,O00002516,M0082,1,590.0,0.0,590.0,
OI000010157,O00002517,M0141,1,1350.0,0.0,1350.0,
OI000010158,O00002517,M0092,2,845.5,0.0,1691.0,
OI000010159,O00002517,M0011,1,1150.0,0.0,1150.0,
OI000010160,O00002517,M0183,2,598.5,59.85,1137.15,Customer request
OI000010161,O00002517,M0157,1,1460.0,0.0,1460.0,
OI000010162,O00002518,M0056,3,250.0,0.0,750.0,
OI000010163,O00002518,M0033,1,325.5,0.0,325.5,
OI000010164,O00002519,M0034,4,1260.0,0.0,5040.0,
OI000010165,O00002519,M0085,1,1806.0,0.0,1806.0,
OI000010166,O00002519,M0029,1,660.0,0.0,660.0,
OI000010167,O00002519,M0193,1,550.0,0.0,550.0,
OI000010168,O00002519,M0077,1,1711.5,171.15,1540.35,
OI000010169,O00002520,M0007,1,1280.0,192.0,1088.0,
OI000010170,O00002520,M0063,2,1210.0,0.0,2420.0,
OI000010171,O00002520,M0029,2,660.0,0.0,1320.0,
OI000010172,O00002520,M0003,3,1050.0,0.0,3150.0,
OI000010173,O00002521,M0034,3,1323.0,0.0,3969.0,
OI000010174,O00002521,M0130,2,1123.5,0.0,2247.0,
OI000010175,O00002522,M0001,2,1480.0,0.0,2960.0,
OI000010176,O00002522,M0127,3,731.5,0.0,2194.5,
OI000010177,O00002522,M0070,1,1630.0,0.0,1630.0,
OI000010178,O00002522,M0082,1,590.0,0.0,590.0,
OI000010179,O00002523,M0145,2,1760.0,0.0,3520.0,
OI000010180,O00002523,M0170,1,855.0,0.0,855.0,
OI000010181,O00002523,M0010,1,451.5,0.0,451.5,
OI000010182,O00002523,M0157,1,1460.0,0.0,1460.0,
OI000010183,O00002524,M0006,3,1790.0,0.0,5370.0,
OI000010184,O00002524,M0003,2,1050.0,0.0,2100.0,
OI000010185,O00002525,M0041,2,1560.0,0.0,3120.0,
OI000010186,O00002525,M0162,1,330.0,0.0,330.0,
OI000010187,O00002525,M0001,2,1554.0,155.4,2952.6,
OI000010188,O00002526,M0036,1,1700.5,0.0,1700.5,
OI000010189,O00002526,M0068,2,920.0,0.0,1840.0,
OI000010190,O00002526,M0088,1,1140.0,0.0,1140.0,
OI000010191,O00002527,M0032,-1,830.0,0.0,830.0,
OI000010192,O00002527,M0045,1,1080.0,0.0,1080.0,
OI000010193,O00002527,M0025,2,260.0,0.0,520.0,
OI000010194,O00002527,M0081,2,874.0,0.0,1748.0,
OI000010195,O00002527,M0017,1,730.0,0.0,730.0,
OI000010196,O00002528,M0009,2,1660.0,0.0,3320.0,
OI000010197,O00002528,M0008,2,924.0,0.0,1848.0,
OI000010198,O00002529,M0062,1,1060.5,0.0,1060.5,
OI000010199,O00002529,M0160,1,1662.5,0.0,1662.5,
OI000010200,O00002529,M0008,1,880.0,88.0,792.0,
OI000010201,O00002529,M0007,1,1280.0,0.0,1280.0,
OI000010202,O00002530,M0079,1,1050.0,0.0,1050.0,
OI000010203,O00002530,M0001,2,1480.0,296.0,2664.0,
OI000010204,O00002530,M0120,2,1740.0,0.0,3480.0,
OI000010205,O00002531,M0017,3,730.0,0.0,2190.0,Customer request
OI000010206,O00002531,M0149,1,874.0,0.0,874.0,Customer request
OI000010207,O00002532,M0077,2,1630.0,0.0,3260.0,
OI000010208,O00002532,M0104,1,200.0,20.0,180.0,
OI000010209,O00002532,M0004,1,1890.0,94.5,1795.5,
OI000010210,O00002532,M0015,1,1680.0,0.0,1680.0,
OI000010211,O00002533,M0009,1,1660.0,0.0,1660.0,
OI000010212,O00002533,M0079,1,1050.0,0.0,1050.0,
OI000010213,O00002533,M0001,1,1406.0,0.0,1406.0,
OI000010214,O00002533,M0054,1,1120.0,0.0,1120.0,
OI000010215,O00002534,M0134,1,693.5,0.0,693.5,
OI000010216,O00002534,M0001,2,1554.0,0.0,3108.0,
OI000010217,O00002534,M0010,2,408.5,0.0,817.0,
OI000010218,O00002534,M0005,1,430.0,0.0,430.0,
OI000010219,O00002534,M0199,2,418.0,0.0,836.0,
OI000010220,O00002535,M0192,1,540.0,0.0,540.0,
OI000010221,O00002535,M0002,5,520.0,0.0,2600.0,
OI000010222,O00002535,M0005,1,430.0,43.0,387.0,Customer request
OI000010223,O00002535,M0001,3,1480.0,0.0,4440.0,
OI000010224,O00002535,M0043,1,1681.5,0.0,1681.5,
OI000010225,O00002535,M0070,2,1630.0,0.0,3260.0,
OI000010226,O00002536,M0062,1,1010.0,0.0,1010.0,
OI000010227,O00002536,M0008,4,880.0,0.0,3520.0,
OI000010228,O00002536,M0005,1,430.0,0.0,430.0,
OI000010229,O00002537,M0001,1,1554.0,233.1,1320.9,
OI000010230,O00002537,M0057,1,500.0,0.0,500.0,
OI000010231,O00002537,M0007,2,1216.0,0.0,2432.0,
OI000010232,O00002537,M0002,1,520.0,0.0,520.0,
OI000010233,O00002537,M0014,2,1710.0,0.0,3420.0,
OI000010234,O00002538,M0003,1,1102.5,0.0,1102.5,
OI000010235,O00002538,M0032,1,830.0,0.0,830.0,
OI000010236,O00002538,M0003,4,1102.5,0.0,4410.0,
OI000010237,O00002538,M0194,2,1270.0,0.0,2540.0,
OI000010238,O00002539,M0013,1,1500.0,0.0,1500.0,
OI000010239,O00002539,M0028,1,870.0,0.0,870.0,
OI000010240,O00002539,M0049,1,1450.0,0.0,1450.0,
OI000010241,O00002540,M0127,3,770.0,231.0,2079.0,
OI000010242,O00002540,M0172,2,1720.0,0.0,3440.0,
OI000010243,O00002540,M0015,2,1680.0,0.0,3360.0,
OI000010244,O00002540,M0021,1,1250.0,0.0,1250.0,
OI000010245,O00002540,M0003,2,1050.0,0.0,2100.0,
OI000010246,O00002540,M0004,1,1800.0,0.0,1800.0,
OI000010247,O00002541,M0081,1,920.0,0.0,920.0,
OI000010248,O00002541,M0023,1,580.0,0.0,580.0,
OI000010249,O00002542,M0123,2,740.0,0.0,1480.0,
OI000010250,O00002542,M0036,1,1790.0,268.5,1521.5,
OI000010251,O00002542,M0009,1,1660.0,0.0,1660.0,
OI000010252,O00002542,M0069,4,1170.0,0.0,4680.0,
OI000010253,O00002542,M0028,1,826.5,0.0,826.5,
OI000010254,O00002542,M0144,1,560.0,0.0,560.0,
OI000010255,O00002543,M0016,2,1230.0,0.0,2460.0,
OI000010256,O00002543,M0007,1,1280.0,192.0,1088.0,
OI000010257,O00002543,M0023,1,580.0,0.0,580.0,
OI000010258,O00002544,M0126,1,1520.0,228.0,1292.0,Customer request
OI000010259,O00002544,M0116,2,420.0,0.0,840.0,
OI000010260,O00002544,M0145,5,1760.0,0.0,8800.0,
OI000010261,O00002544,M0126,2,1520.0,0.0,3040.0,
OI000010262,O00002544,M0012,1,570.0,0.0,570.0,
OI000010263,O00002544,M0048,2,1659.0,497.7,2820.3,
OI000010264,O00002545,M0105,2,1310.0,0.0,2620.0,
OI000010265,O00002545,M0122,3,470.0,0.0,1410.0,
OI000010266,O00002545,M0019,1,630.0,0.0,630.0,
OI000010267,O00002545,M0034,1,1197.0,0.0,1197.0,
OI000010268,O00002545,M0010,1,430.0,0.0,430.0,Customer request
OI000010269,O00002546,M0074,1,756.0,0.0,756.0,
OI000010270,O00002546,M0067,1,1368.0,0.0,1368.0,
OI000010271,O00002546,M0048,1,1501.0,0.0,1501.0,Customer request
OI000010272,O00002546,M0056,2,250.0,0.0,500.0,
OI000010273,O00002546,M0148,2,1180.0,0.0,2360.0,Customer request
OI000010274,O00002547,M0114,3,608.0,91.2,1732.8,
OI000010275,O00002547,M0002,1,546.0,0.0,546.0,
OI000010276,O00002547,M0059,1,660.0,0.0,660.0,
OI000010277,O00002548,M0003,1,1050.0,0.0,1050.0,
OI000010278,O00002548,M0003,1,1102.5,0.0,1102.5,
OI000010279,O00002548,M0024,1,580.0,0.0,580.0,
OI000010280,O00002549,M0029,1,693.0,0.0,693.0,
OI000010281,O00002549,M0002,1,494.0,0.0,494.0,
OI000010282,O00002549,M0033,1,310.0,0.0,310.0,
OI000010283,O00002549,M0004,1,1800.0,180.0,1620.0,
OI000010284,O00002550,M0040,1,430.0,0.0,430.0,
OI000010285,O00002550,M0119,1,240.0,0.0,240.0,
OI000010286,O00002550,M0002,2,494.0,0.0,988.0,
OI000010287,O00002551,M0019,3,661.5,0.0,1984.5,
OI000010288,O00002551,M0006,3,1790.0,268.5,5101.5,
OI000010289,O00002551,M0044,2,342.0,0.0,684.0,
OI000010290,O00002551,M0145,1,1848.0,0.0,1848.0,
OI000010291,O00002552,M0005,1,408.5,0.0,408.5,Customer request
OI000010292,O00002552,M0068,1,920.0,0.0,920.0,
OI000010293,O00002552,M0002,1,546.0,0.0,546.0,
OI000010294,O00002552,M0039,2,1774.5,0.0,3549.0,
OI000010295,O00002552,M0068,1,874.0,0.0,874.0,
OI000010296,O00002552,M0066,3,580.0,0.0,1740.0,
OI000010297,O00002553,M0086,1,1740.0,0.0,1740.0,
OI000010298,O00002553,M0021,1,1250.0,0.0,1250.0,
OI000010299,O00002553,M0093,1,930.0,139.5,790.5,
OI000010300,O00002554,M0028,2,870.0,0.0,1740.0,
OI000010301,O00002554,M0012,1,570.0,57.0,513.0,
OI000010302,O00002555,M0012,1,541.5,0.0,541.5,
OI000010303,O00002555,M0004,2,1710.0,0.0,3420.0,
OI000010304,O00002555,M0080,2,870.0,0.0,1740.0,
OI000010305,O00002555,M0003,1,1050.0,105.0,945.0,
OI000010306,O00002555,M0058,1,1417.5,0.0,1417.5,
OI000010307,O00002556,M0065,1,850.0,0.0,850.0,Customer request
OI000010308,O00002556,M0009,2,1577.0,0.0,3154.0,
OI000010309,O00002557,M0030,1,283.5,0.0,283.5,
OI000010310,O00002557,M0066,3,580.0,0.0,1740.0,
OI000010311,O00002557,M0001,2,1480.0,148.0,2812.0,
OI000010312,O00002557,M0009,1,1577.0,0.0,1577.0,
OI000010313,O00002557,M0017,1,730.0,73.0,657.0,
OI000010314,O00002558,M0163,1,1459.5,0.0,1459.5,
OI000010315,O00002558,M0026,1,450.0,0.0,450.0,
OI000010316,O00002558,M0033,3,310.0,0.0,930.0,
OI000010317,O00002558,M0065,2,892.5,178.5,1606.5,
OI000010318,O00002558,M0025,2,260.0,52.0,468.0,
OI000010319,O00002558,M0022,2,1302.0,0.0,2604.0,
OI000010320,O00002558,M0186,1,1620.0,162.0,1458.0,
OI000010321,O00002559,M0111,1,280.0,0.0,280.0,
OI000010322,O00002559,M0075,1,1795.5,0.0,1795.5,
OI000010323,O00002559,M0029,2,693.0,0.0,1386.0,
OI000010324,O00002559,M0014,1,1624.5,0.0,1624.5,
OI000010325,O00002559,M0048,1,1659.0,248.85,1410.15,
OI000010326,O00002560,M0024,2,580.0,0.0,1160.0,
OI000010327,O00002560,M0027,1,750.5,0.0,750.5,Customer request
OI000010328,O00002560,M0006,2,1790.0,0.0,3580.0,
OI000010329,O00002560,M0104,1,190.0,0.0,190.0,
OI000010330,O00002560,M0104,2,200.0,0.0,400.0,
OI000010331,O00002560,M0010,1,430.0,0.0,430.0,
OI000010332,O00002560,M0009,2,1660.0,0.0,3320.0,
OI000010333,O00002561,M0009,1,1660.0,0.0,1660.0,
OI000010334,O00002561,M0004,1,1800.0,0.0,1800.0,
OI000010335,O00002561,M0130,3,1070.0,0.0,3210.0,
OI000010336,O00002562,M0008,1,836.0,0.0,836.0,
OI000010337,O00002562,M0074,1,720.0,36.0,684.0,
OI000010338,O00002562,M0002,1,520.0,0.0,520.0,
OI000010339,O00002562,M0085,4,1634.0,0.0,6536.0,
OI000010340,O00002562,M0003,2,997.5,0.0,1995.0,
OI000010341,O00002562,M0003,1,997.5,0.0,997.5,
OI000010342,O00002562,M0119,1,228.0,0.0,228.0,
OI000010343,O00002563,M0010,2,451.5,0.0,903.0,
OI000010344,O00002563,M0004,2,1710.0,0.0,3420.0,Customer request
OI000010345,O00002563,M0038,1,1254.0,0.0,1254.0,
OI000010346,O00002563,M0001,1,1406.0,0.0,1406.0,
OI000010347,O00002563,M0077,1,1711.5,0.0,1711.5,
OI000010348,O00002563,M0123,1,740.0,111.0,629.0,
OI000010349,O00002564,M0007,4,1280.0,0.0,5120.0,
OI000010350,O00002564,M0074,2,684.0,205.2,1162.8,
OI000010351,O00002564,M0001,1,1480.0,0.0,1480.0,
OI000010352,O00002564,M0028,1,913.5,137.02,776.48,
OI000010353,O00002565,M0174,2,484.5,145.35,823.65,
OI000010354,O00002565,M0038,3,1386.0,0.0,4158.0,
OI000010355,O00002565,M0020,1,1165.5,0.0,1165.5,
OI000010356,O00002566,M0001,1,1480.0,0.0,1480.0,
OI000010357,O00002566,M0007,1,1280.0,0.0,1280.0,
OI000010358,O00002566,M0022,1,1240.0,0.0,1240.0,
OI000010359,O00002566,M0016,1,1230.0,0.0,1230.0,
OI000010360,O00002567,M0023,1,551.0,0.0,551.0,
OI000010361,O00002567,M0001,1,1480.0,148.0,1332.0,
OI000010362,O00002567,M0037,1,1529.5,152.95,1376.55,
OI000010363,O00002568,M0007,1,1280.0,0.0,1280.0,
OI000010364,O00002568,M0019,1,630.0,0.0,630.0,
OI000010365,O00002568,M0142,1,730.0,0.0,730.0,
OI000010366,O00002568,M0117,1,1083.0,0.0,1083.0,
OI000010367,O00002569,M0019,1,630.0,0.0,630.0,
OI000010368,O00002569,M0001,1,1480.0,0.0,1480.0,
OI000010369,O00002569,M0143,2,800.0,0.0,1600.0,
OI000010370,O00002569,M0019,1,661.5,0.0,661.5,
OI000010371,O00002569,M0029,2,693.0,0.0,1386.0,
OI000010372,O00002570,M0002,1,520.0,0.0,520.0,
OI000010373,O00002570,M0072,3,1340.0,0.0,4020.0,
OI000010374,O00002570,M0078,2,1197.0,0.0,2394.0,
OI000010375,O00002570,M0020,1,1110.0,0.0,1110.0,
OI000010376,O00002571,M0143,2,800.0,0.0,1600.0,
OI000010377,O00002571,M0001,1,1480.0,0.0,1480.0,
OI000010378,O00002571,M0011,2,1207.5,0.0,2415.0,
OI000010379,O00002571,M0005,1,430.0,0.0,430.0,
OI000010380,O00002572,M0074,1,720.0,0.0,720.0,
OI000010381,O00002572,M0005,1,430.0,0.0,430.0,
OI000010382,O00002572,M0075,3,1710.0,0.0,5130.0,
OI000010383,O00002572,M0106,1,940.0,0.0,940.0,
OI000010384,O00002572,M0101,1,550.0,0.0,550.0,
OI000010385,O00002573,M0001,2,1480.0,296.0,2664.0,
OI000010386,O00002573,M0163,1,1390.0,0.0,1390.0,
OI000010387,O00002573,M0079,1,1050.0,0.0,1050.0,
OI000010388,O00002573,M0112,1,640.5,96.08,544.42,
OI000010389,O00002574,M0060,1,1180.0,0.0,1180.0,
OI000010390,O00002574,M0036,4,1700.5,680.2,6121.8,
OI000010391,O00002574,M0060,2,1180.0,354.0,2006.0,
OI000010392,O00002575,M0015,1,1764.0,0.0,1764.0,
OI000010393,O00002575,M0026,1,450.0,0.0,450.0,
OI000010394,O00002576,M0078,1,1197.0,0.0,1197.0,
OI000010395,O00002576,M0066,1,580.0,0.0,580.0,
OI000010396,O00002577,M0048,1,1659.0,0.0,1659.0,
OI000010397,O00002577,M0001,1,1406.0,0.0,1406.0,
OI000010398,O00002577,M0009,1,1743.0,0.0,1743.0,
OI000010399,O00002578,M0050,3,800.0,0.0,2400.0,
OI000010400,O00002578,M0026,3,450.0,67.5,1282.5,
OI000010401,O00002578,M0013,1,1575.0,0.0,1575.0,
OI000010402,O00002578,M0079,4,1050.0,0.0,4200.0,
OI000010403,O00002579,M0017,1,730.0,0.0,730.0,
OI000010404,O00002579,M0152,1,532.0,0.0,532.0,Customer request
OI000010405,O00002579,M0037,1,1690.5,0.0,1690.5,
OI000010406,O00002579,M0029,1,627.0,0.0,627.0,
OI000010407,O00002580,M0013,1,1500.0,0.0,1500.0,
OI000010408,O00002580,M0003,1,1102.5,0.0,1102.5,
OI000010409,O00002581,M0001,3,1480.0,0.0,4440.0,
OI000010410,O00002582,M0068,3,920.0,0.0,2760.0,
OI000010411,O00002583,M0001,1,1480.0,0.0,1480.0,
OI000010412,O00002583,M0012,1,570.0,0.0,570.0,
OI000010413,O00002583,M0137,1,1770.0,88.5,1681.5,
OI000010414,O00002583,M0028,1,870.0,0.0,870.0,
OI000010415,O00002583,M0141,1,1417.5,70.88,1346.62,
OI000010416,O00002583,M0001,1,1554.0,0.0,1554.0,
OI000010417,O00002583,M0124,1,980.0,0.0,980.0,
OI000010418,O00002584,M0164,1,1270.0,0.0,1270.0,
OI000010419,O00002584,M0155,1,503.5,0.0,503.5,
OI000010420,O00002584,M0013,1,1575.0,0.0,1575.0,
OI000010421,O00002585,M0002,1,494.0,0.0,494.0,
OI000010422,O00002585,M0156,1,1280.0,0.0,1280.0,
OI000010423,O00002586,M0003,1,997.5,0.0,997.5,
OI000010424,O00002586,M0039,1,1690.0,0.0,1690.0,
OI000010425,O00002586,M0020,2,1110.0,222.0,1998.0,
OI000010426,O00002586,M0177,1,200.0,0.0,200.0,
OI000010427,O00002586,M0020,1,1165.5,0.0,1165.5,
OI000010428,O00002587,M0016,2,1291.5,0.0,2583.0,Customer request
OI000010429,O00002587,M0047,2,1610.0,322.0,2898.0,
OI000010430,O00002587,M0036,2,1790.0,0.0,3580.0,
OI000010431,O00002588,M0025,1,260.0,0.0,260.0,
OI000010432,O00002588,M0032,1,871.5,130.72,740.78,
OI000010433,O00002588,M0002,5,520.0,0.0,2600.0,
OI000010434,O00002588,M0165,1,540.0,81.0,459.0,
OI000010435,O00002588,M0007,1,1280.0,0.0,1280.0,
OI000010436,O00002588,M0044,1,360.0,0.0,360.0,
OI000010437,O00002589,M0001,1,1480.0,0.0,1480.0,
OI000010438,O00002589,M0010,1,430.0,0.0,430.0,
OI000010439,O00002589,M0071,3,630.0,0.0,1890.0,
OI000010440,O00002589,M0025,3,260.0,39.0,741.0,Customer request
OI000010441,O00002590,M0083,1,540.0,0.0,540.0,
OI000010442,O00002590,M0003,2,1050.0,0.0,2100.0,
OI000010443,O00002590,M0194,1,1270.0,190.5,1079.5,
OI000010444,O00002590,M0024,1,609.0,0.0,609.0,
OI000010445,O00002590,M0038,1,1320.0,0.0,1320.0,
OI000010446,O00002590,M0008,4,836.0,0.0,3344.0,
OI000010447,O00002591,M0013,1,1425.0,0.0,1425.0,
OI000010448,O00002591,M0062,1,1010.0,0.0,1010.0,
OI000010449,O00002592,M0013,1,1425.0,0.0,1425.0,
OI000010450,O00002592,M0080,1,913.5,0.0,913.5,
OI000010451,O00002592,M0009,3,1660.0,249.0,4731.0,
OI000010452,O00002593,M0095,3,241.5,0.0,724.5,
OI000010453,O00002593,M0067,2,1368.0,0.0,2736.0,
OI000010454,O00002593,M0005,1,430.0,0.0,430.0,
OI000010455,O00002594,M0001,1,1406.0,0.0,2405.0,
OI000010456,O00002594,M0163,1,1390.0,0.0,1390.0,
OI000010457,O00002594,M0006,5,1879.5,0.0,9397.5,
OI000010458,O00002594,M0045,1,1080.0,54.0,1026.0,
OI000010459,O00002595,M0010,1,430.0,0.0,430.0,
OI000010460,O00002595,M0063,1,1270.5,127.05,1143.45,
OI000010461,O00002595,M0075,2,1710.0,0.0,3420.0,
OI000010462,O00002595,M0001,2,1480.0,444.0,2516.0,
OI000010463,O00002595,M0001,4,1406.0,0.0,5624.0,
OI000010464,O00002596,M0195,1,230.0,34.5,195.5,
OI000010465,O00002596,M0095,1,230.0,0.0,230.0,
OI000010466,O00002596,M0008,1,880.0,0.0,880.0,
OI000010467,O00002596,M0030,1,270.0,0.0,270.0,
OI000010468,O00002596,M0177,1,190.0,0.0,190.0,
OI000010469,O00002597,M0039,2,1690.0,0.0,3380.0,
OI000010470,O00002597,M0021,1,1250.0,0.0,1250.0,
OI000010471,O00002597,M0001,1,1406.0,0.0,1406.0,
OI000010472,O00002597,M0047,1,1610.0,0.0,1610.0,
OI000010473,O00002598,M0140,3,1669.5,0.0,5008.5,
OI000010474,O00002598,M0039,1,1690.0,0.0,1690.0,
OI000010475,O00002598,M0100,1,1790.0,0.0,1790.0,
OI000010476,O00002599,M0142,1,766.5,0.0,766.5,
OI000010477,O00002599,M0019,1,630.0,0.0,630.0,Customer request
OI000010478,O00002599,M0020,3,1110.0,0.0,3330.0,
OI000010479,O00002600,M0159,2,988.0,0.0,1976.0,
OI000010480,O00002600,M0013,1,1575.0,0.0,1575.0,
OI000010481,O00002600,M0064,1,420.0,0.0,420.0,
OI000010482,O00002600,M0054,1,1120.0,0.0,1120.0,
OI000010483,O00002600,M0029,2,660.0,0.0,1320.0,
OI000010484,O00002600,M0059,1,660.0,0.0,660.0,
OI000010485,O00002600,M0075,1,1795.5,0.0,1795.5,
OI000010486,O00002601,M0160,1,1750.0,0.0,1750.0,
OI000010487,O00002601,M0107,1,360.0,0.0,360.0,
OI000010488,O00002601,M0015,1,1764.0,0.0,1764.0,
OI000010489,O00002601,M0022,2,1178.0,0.0,2356.0,
OI000010490,O00002601,M0150,2,300.0,0.0,600.0,
OI000010491,O00002602,M0008,1,880.0,0.0,880.0,
OI000010492,O00002602,M0012,2,541.5,0.0,1083.0,
OI000010493,O00002602,M0071,1,630.0,0.0,630.0,Customer request
OI000010494,O00002602,M0002,2,494.0,0.0,988.0,
OI000010495,O00002602,M0102,2,480.0,0.0,960.0,
OI000010496,O00002602,M0172,1,1634.0,0.0,1634.0,
OI000010497,O00002602,M0059,2,660.0,132.0,1188.0,
OI000010498,O00002603,M0001,1,1480.0,222.0,1258.0,
OI000010499,O00002603,M0007,1,1280.0,0.0,1280.0,
OI000010500,O00002604,M0002,1,546.0,0.0,546.0,
OI000010501,O00002605,M0011,2,1207.5,0.0,2415.0,
OI000010502,O00002605,M0168,2,1710.0,0.0,3420.0,
OI000010503,O00002605,M0015,1,1764.0,0.0,1764.0,
OI000010504,O00002606,M0004,1,1890.0,0.0,1890.0,
OI000010505,O00002606,M0064,1,420.0,42.0,378.0,
OI000010506,O00002606,M0148,1,1180.0,0.0,1180.0,
OI000010507,O00002607,M0001,1,1406.0,0.0,1406.0,
OI000010508,O00002607,M0066,1,609.0,0.0,609.0,
OI000010509,O00002607,M0009,2,1577.0,0.0,3154.0,
OI000010510,O00002607,M0016,2,1291.5,0.0,2583.0,
OI000010511,O00002608,M0007,1,1344.0,0.0,1344.0,
OI000010512,O00002608,M0151,1,590.0,0.0,590.0,
OI000010513,O00002608,M0142,1,766.5,0.0,766.5,
OI000010514,O00002609,M0051,1,750.0,0.0,750.0,
OI000010515,O00002609,M0001,2,1554.0,0.0,3108.0,
OI000010516,O00002610,M0171,3,1640.0,0.0,4920.0,
OI000010517,O00002610,M0027,2,790.0,0.0,1580.0,
OI000010518,O00002610,M0030,1,256.5,0.0,256.5,
OI000010519,O00002610,M0097,1,336.0,0.0,336.0,
OI000010520,O00002610,M0053,1,1858.5,278.77,1579.73,
OI000010521,O00002611,M0002,2,494.0,0.0,988.0,
OI000010522,O00002611,M0002,1,520.0,0.0,520.0,
OI000010523,O00002611,M0007,2,1216.0,0.0,2432.0,
OI000010524,O00002611,M0001,1,1554.0,0.0,1554.0,
OI000010525,O00002611,M0119,1,228.0,0.0,228.0,
OI000010526,O00002611,M0001,2,1406.0,0.0,2812.0,
OI000010527,O00002611,M0171,2,1722.0,0.0,3444.0,
OI000010528,O00002612,M0002,1,520.0,0.0,520.0,
OI000010529,O00002612,M0130,1,1070.0,0.0,1070.0,
OI000010530,O00002612,M0007,1,1280.0,0.0,1280.0,
OI000010531,O00002612,M0064,5,420.0,0.0,2100.0,
OI000010532,O00002613,M0013,2,1575.0,0.0,3150.0,
OI000010533,O00002613,M0001,2,1554.0,0.0,3108.0,
OI000010534,O00002613,M0083,1,540.0,0.0,540.0,
OI000010535,O00002613,M0110,2,1732.5,0.0,3465.0,
OI000010536,O00002614,M0010,2,451.5,0.0,903.0,Customer request
OI000010537,O00002614,M0101,1,550.0,82.5,467.5,
OI000010538,O00002614,M0025,2,247.0,0.0,494.0,
OI000010539,O00002615,M0083,1,540.0,27.0,513.0,Customer request
OI000010540,O00002615,M0060,2,1180.0,118.0,2242.0,
OI000010541,O00002615,M0163,1,1390.0,0.0,1390.0,
OI000010542,O00002615,M0012,3,598.5,0.0,1795.5,
OI000010543,O00002616,M0002,1,494.0,0.0,494.0,Customer request
OI000010544,O00002616,M0103,1,1092.5,0.0,1092.5,Customer request
OI000010545,O00002616,M0112,2,640.5,0.0,1281.0,
OI000010546,O00002616,M0001,1,1480.0,222.0,1258.0,
OI000010547,O00002616,M0002,4,520.0,104.0,1976.0,
OI000010548,O00002616,M0119,2,240.0,0.0,480.0,
OI000010549,O00002617,M0050,1,800.0,0.0,800.0,
OI000010550,O00002617,M0025,3,260.0,0.0,780.0,
OI000010551,O00002617,M0117,1,1140.0,0.0,1140.0,
OI000010552,O00002617,M0007,1,1344.0,0.0,1344.0,
OI000010553,O00002617,M0012,1,570.0,0.0,570.0,
OI000010554,O00002618,M0097,1,304.0,0.0,304.0,
OI000010555,O00002618,M0048,2,1580.0,0.0,3160.0,
OI000010556,O00002618,M0005,1,430.0,0.0,430.0,
OI000010557,O00002618,M0146,1,262.5,0.0,262.5,
OI000010558,O00002619,M0197,2,330.0,0.0,660.0,
OI000010559,O00002619,M0003,1,1102.5,0.0,1102.5,
OI000010560,O00002619,M0010,4,408.5,0.0,1634.0,
OI000010561,O00002619,M0089,2,1207.5,0.0,2415.0,
OI000010562,O00002619,M0002,1,520.0,0.0,520.0,
OI000010563,O00002619,M0026,1,450.0,0.0,450.0,
OI000010564,O00002619,M0006,2,1790.0,0.0,3580.0,
OI000010565,O00002620,M0065,3,892.5,0.0,2677.5,
OI000010566,O00002620,M0015,2,1596.0,0.0,3192.0,
OI000010567,O00002620,M0126,4,1520.0,0.0,6080.0,
OI000010568,O00002621,M0026,1,472.5,0.0,472.5,
OI000010569,O00002621,M0037,1,1610.0,0.0,1610.0,
OI000010570,O00002622,M0143,1,760.0,0.0,760.0,Customer request
OI000010571,O00002622,M0096,1,730.0,0.0,730.0,
OI000010572,O00002622,M0110,2,1567.5,0.0,3135.0,
OI000010573,O00002622,M0001,1,1480.0,0.0,1480.0,
OI000010574,O00002623,M0063,1,1210.0,181.5,1028.5,
OI000010575,O00002623,M0027,4,790.0,158.0,3002.0,
OI000010576,O00002623,M0141,2,1350.0,0.0,2700.0,
OI000010577,O00002623,M0001,1,1480.0,0.0,1480.0,
OI000010578,O00002623,M0124,2,1029.0,0.0,2058.0,
OI000010579,O00002624,M0003,1,1050.0,0.0,1050.0,
OI000010580,O00002624,M0048,2,1580.0,474.0,2686.0,
OI000010581,O00002625,M0082,1,560.5,0.0,560.5,
OI000010582,O00002625,M0005,1,408.5,0.0,408.5,
OI000010583,O00002625,M0004,2,1890.0,0.0,3780.0,
OI000010584,O00002625,M0069,2,1170.0,0.0,2340.0,
OI000010585,O00002625,M0004,3,1890.0,0.0,5670.0,
OI000010586,O00002625,M0034,2,1260.0,0.0,2520.0,
OI000010587,O00002625,M0008,1,880.0,0.0,880.0,
OI000010588,O00002625,M0001,2,1406.0,0.0,2812.0,
OI000010589,O00002626,M0001,1,1406.0,0.0,1406.0,
OI000010590,O00002626,M0003,2,1050.0,105.0,1995.0,
OI000010591,O00002627,M0039,1,1690.0,253.5,1436.5,
OI000010592,O00002627,M0005,1,430.0,43.0,387.0,
OI000010593,O00002627,M0126,2,1520.0,0.0,3040.0,
OI000010594,O00002628,M0001,1,1480.0,0.0,1480.0,
OI000010595,O00002628,M0063,2,1270.5,254.1,2286.9,
OI000010596,O00002628,M0002,1,520.0,78.0,442.0,Customer request
OI000010597,O00002629,M0144,2,588.0,0.0,1176.0,
OI000010598,O00002629,M0001,1,1480.0,0.0,1480.0,
OI000010599,O00002629,M0003,2,997.5,0.0,1995.0,
OI000010600,O00002630,M0009,3,1743.0,522.9,4706.1,Customer request
OI000010601,O00002630,M0002,2,520.0,0.0,1040.0,
OI000010602,O00002630,M0154,1,1660.0,0.0,1660.0,
OI000010603,O00002630,M0003,2,1050.0,0.0,2100.0,
OI000010604,O00002630,M0002,2,520.0,0.0,1040.0,
OI000010605,O00002630,M0001,3,1406.0,0.0,4218.0,
OI000010606,O00002630,M0109,1,1420.0,0.0,1420.0,
OI000010607,O00002631,M0061,4,880.0,0.0,3520.0,
OI000010608,O00002632,M0092,2,845.5,0.0,1691.0,
OI000010609,O00002632,M0076,1,660.0,0.0,660.0,Customer request
OI000010610,O00002633,M0183,1,630.0,0.0,630.0,
OI000010611,O00002633,M0096,2,766.5,0.0,1533.0,
OI000010612,O00002633,M0017,1,766.5,0.0,766.5,
OI000010613,O00002633,M0009,1,1660.0,0.0,1660.0,
OI000010614,O00002633,M0010,3,430.0,64.5,1225.5,
OI000010615,O00002634,M0011,1,1150.0,0.0,1150.0,
OI000010616,O00002634,M0004,1,1800.0,0.0,1800.0,
OI000010617,O00002635,M0018,1,1260.0,189.0,1071.0,
OI000010618,O00002635,M0002,1,546.0,0.0,546.0,
OI000010619,O00002635,M0010,1,430.0,0.0,430.0,
OI000010620,O00002635,M0004,3,1800.0,0.0,5400.0,
OI000010621,O00002636,M0158,1,710.0,0.0,710.0,
OI000010622,O00002636,M0026,1,472.5,0.0,472.5,
OI000010623,O00002636,M0115,3,1197.0,0.0,3591.0,
OI000010624,O00002636,M0047,1,1610.0,0.0,1610.0,
OI000010625,O00002636,M0049,1,1450.0,0.0,1450.0,Customer request
OI000010626,O00002637,M0001,1,1480.0,0.0,1480.0,
OI000010627,O00002637,M0001,4,1480.0,0.0,5920.0,
OI000010628,O00002637,M0009,1,1660.0,0.0,1660.0,
OI000010629,O00002638,M0001,1,1480.0,0.0,1480.0,Customer request
OI000010630,O00002639,M0009,2,1577.0,0.0,3154.0,
OI000010631,O00002639,M0054,2,1064.0,0.0,2128.0,
OI000010632,O00002639,M0077,5,1630.0,0.0,8150.0,
OI000010633,O00002639,M0052,1,710.0,106.5,603.5,
OI000010634,O00002640,M0041,1,1482.0,0.0,1482.0,Customer request
OI000010635,O00002640,M0002,1,520.0,0.0,520.0,
OI000010636,O00002640,M0003,5,1050.0,0.0,5250.0,
OI000010637,O00002640,M0001,2,1554.0,0.0,3108.0,
OI000010638,O00002640,M0111,2,280.0,0.0,560.0,
OI000010639,O00002640,M0012,1,541.5,0.0,541.5,
OI000010640,O00002640,M0019,1,630.0,0.0,630.0,
OI000010641,O00002641,M0055,1,845.5,126.82,718.68,
OI000010642,O00002641,M0183,1,598.5,0.0,598.5,
OI000010643,O00002641,M0053,1,1770.0,177.0,1593.0,
OI000010644,O00002642,M0002,1,494.0,0.0,494.0,
OI000010645,O00002642,M0150,1,300.0,0.0,300.0,
OI000010646,O00002642,M0006,2,1790.0,179.0,3401.0,
OI000010647,O00002642,M0103,1,1207.5,120.75,1086.75,
OI000010648,O00002642,M0089,3,1150.0,0.0,3450.0,
OI000010649,O00002642,M0020,1,1165.5,0.0,1165.5,
OI000010650,O00002642,M0035,1,874.0,0.0,874.0,
OI000010651,O00002643,M0006,5,1879.5,0.0,9397.5,Customer request
OI000010652,O00002643,M0075,1,1710.0,0.0,1710.0,
OI000010653,O00002643,M0189,1,1575.0,0.0,1575.0,
OI000010654,O00002643,M0022,1,1302.0,0.0,1302.0,
OI000010655,O00002643,M0199,2,462.0,0.0,924.0,
OI000010656,O00002643,M0007,1,1280.0,0.0,1280.0,
OI000010657,O00002643,M0002,2,520.0,0.0,1040.0,Customer request
OI000010658,O00002643,M0200,1,1218.0,0.0,1218.0,
OI000010659,O00002644,M0016,4,1291.5,0.0,5166.0,
OI000010660,O00002644,M0130,2,1070.0,0.0,2140.0,
OI000010661,O00002645,M0001,1,1554.0,0.0,1554.0,
OI000010662,O00002645,M0056,1,250.0,0.0,250.0,
OI000010663,O00002645,M0001,1,1554.0,0.0,1554.0,
OI000010664,O00002645,M0032,1,871.5,0.0,871.5,
OI000010665,O00002645,M0085,2,1720.0,0.0,3440.0,
OI000010666,O00002646,M0054,1,1120.0,0.0,1120.0,
OI000010667,O00002646,M0056,1,250.0,0.0,250.0,
OI000010668,O00002647,M0012,1,570.0,28.5,541.5,
OI000010669,O00002647,M0057,1,475.0,0.0,475.0,
OI000010670,O00002647,M0128,1,1070.0,0.0,1070.0,
OI000010671,O00002647,M0031,1,1653.0,165.3,1487.7,
OI000010672,O00002647,M0038,2,1320.0,0.0,2640.0,
OI000010673,O00002648,M0122,1,446.5,0.0,446.5,
OI000010674,O00002648,M0002,1,520.0,0.0,520.0,
OI000010675,O00002648,M0050,1,760.0,0.0,760.0,
OI000010676,O00002648,M0028,1,870.0,0.0,870.0,
OI000010677,O00002649,M0021,2,1250.0,0.0,2500.0,
OI000010678,O00002649,M0020,1,1110.0,0.0,1110.0,
OI000010679,O00002649,M0057,1,500.0,25.0,475.0,
OI000010680,O00002649,M0147,4,1040.0,0.0,4160.0,
OI000010681,O00002650,M0061,2,880.0,0.0,1760.0,
OI000010682,O00002650,M0008,1,836.0,0.0,836.0,
OI000010683,O00002650,M0003,1,1050.0,0.0,1050.0,Customer request
OI000010684,O00002650,M0188,1,290.0,0.0,290.0,
OI000010685,O00002651,M0010,2,408.5,0.0,817.0,
OI000010686,O00002651,M0027,1,790.0,0.0,790.0,
OI000010687,O00002651,M0001,1,1480.0,148.0,1332.0,
OI000010688,O00002652,M0111,3,294.0,0.0,882.0,
OI000010689,O00002652,M0104,1,200.0,0.0,200.0,
OI000010690,O00002653,M0073,1,441.0,0.0,441.0,
OI000010691,O00002653,M0014,2,1710.0,0.0,3420.0,
OI000010692,O00002653,M0016,2,1291.5,0.0,2583.0,
OI000010693,O00002653,M0031,2,1740.0,0.0,3480.0,
OI000010694,O00002654,M0019,4,630.0,0.0,2520.0,
OI000010695,O00002654,M0004,3,1710.0,0.0,5130.0,
OI000010696,O00002654,M0006,1,1879.5,0.0,1879.5,
OI000010697,O00002654,M0012,1,598.5,0.0,598.5,
OI000010698,O00002654,M0001,1,1480.0,0.0,1480.0,
OI000010699,O00002655,M0013,1,1500.0,150.0,1350.0,
OI000010700,O00002656,M0115,2,1140.0,0.0,2280.0,Customer request
OI000010701,O00002656,M0027,1,829.5,0.0,829.5,
OI000010702,O00002656,M0004,2,1890.0,0.0,3780.0,
OI000010703,O00002656,M0073,1,441.0,0.0,441.0,
OI000010704,O00002656,M0001,1,1480.0,0.0,1480.0,
OI000010705,O00002657,M0003,1,1050.0,0.0,1050.0,
OI000010706,O00002657,M0046,2,1722.0,0.0,3444.0,
OI000010707,O00002657,M0067,1,1440.0,0.0,1440.0,
OI000010708,O00002657,M0010,2,430.0,0.0,860.0,
OI000010709,O00002658,M0009,1,1660.0,83.0,1577.0,
OI000010710,O00002658,M0001,2,1480.0,0.0,2960.0,
OI000010711,O00002658,M0009,1,1660.0,0.0,1660.0,
OI000010712,O00002659,M0178,1,247.0,0.0,247.0,
OI000010713,O00002659,M0018,1,1140.0,0.0,1140.0,
OI000010714,O00002660,M0012,2,598.5,0.0,1197.0,
OI000010715,O00002660,M0056,1,250.0,0.0,250.0,
OI000010716,O00002660,M0194,3,1270.0,0.0,3810.0,
OI000010717,O00002660,M0023,1,551.0,0.0,551.0,
OI000010718,O00002660,M0002,1,546.0,0.0,546.0,
OI000010719,O00002661,M0079,1,1050.0,0.0,1050.0,
OI000010720,O00002661,M0147,2,1040.0,0.0,2080.0,
OI000010721,O00002661,M0069,1,1111.5,166.72,944.78,
OI000010722,O00002662,M0031,1,1653.0,247.95,1405.05,
OI000010723,O00002662,M0007,1,1280.0,0.0,1280.0,
OI000010724,O00002662,M0024,2,551.0,0.0,1102.0,
OI000010725,O00002662,M0021,1,1250.0,0.0,1250.0,
OI000010726,O00002662,M0180,1,250.0,0.0,250.0,
OI000010727,O00002662,M0001,3,1480.0,0.0,4440.0,
OI000010728,O00002663,M0015,1,1680.0,0.0,1680.0,
OI000010729,O00002663,M0011,3,1150.0,0.0,3450.0,
OI000010730,O00002663,M0190,1,361.0,0.0,361.0,
OI000010731,O00002663,M0001,1,1480.0,0.0,1480.0,
OI000010732,O00002664,M0010,1,430.0,0.0,430.0,
OI000010733,O00002664,M0186,1,1620.0,0.0,1620.0,
OI000010734,O00002664,M0003,1,997.5,0.0,997.5,
OI000010735,O00002665,M0103,1,1207.5,0.0,1207.5,
OI000010736,O00002665,M0042,1,1149.5,0.0,1149.5,
OI000010737,O00002665,M0151,1,619.5,0.0,619.5,
OI000010738,O00002666,M0136,1,703.0,0.0,703.0,
OI000010739,O00002666,M0045,2,1080.0,0.0,2160.0,
OI000010740,O00002666,M0041,1,1560.0,0.0,1560.0,
OI000010741,O00002666,M0003,1,1050.0,0.0,1050.0,
OI000010742,O00002666,M0001,1,1406.0,0.0,1406.0,
OI000010743,O00002666,M0084,1,1617.0,242.55,1374.45,
OI000010744,O00002667,M0052,1,710.0,0.0,710.0,
OI000010745,O00002667,M0105,2,1310.0,0.0,2620.0,
OI000010746,O00002667,M0001,1,1554.0,0.0,1554.0,
OI000010747,O00002667,M0165,1,540.0,0.0,540.0,
OI000010748,O00002667,M0001,1,1406.0,0.0,1406.0,
OI000010749,O00002668,M0151,1,590.0,0.0,590.0,Customer request
OI000010750,O00002668,M0005,1,430.0,0.0,430.0,
OI000010751,O00002668,M0008,1,836.0,83.6,752.4,
OI000010752,O00002668,M0136,1,777.0,0.0,777.0,
OI000010753,O00002669,M0025,2,247.0,0.0,494.0,
OI000010754,O00002669,M0073,1,420.0,0.0,420.0,
OI000010755,O00002669,M0148,2,1180.0,0.0,2360.0,
OI000010756,O00002669,M0010,2,430.0,0.0,860.0,
OI000010757,O00002670,M0003,1,1050.0,105.0,945.0,
OI000010758,O00002670,M0038,1,1254.0,0.0,1254.0,
OI000010759,O00002670,M0018,2,1200.0,0.0,2400.0,
OI000010760,O00002670,M0106,1,940.0,0.0,940.0,Customer request
OI000010761,O00002671,M0001,1,1554.0,0.0,1554.0,
OI000010762,O00002671,M0046,1,1640.0,0.0,1640.0,
OI000010763,O00002672,M0034,1,1323.0,0.0,1323.0,
OI000010764,O00002672,M0126,2,1520.0,0.0,3040.0,
OI000010765,O00002672,M0045,1,1134.0,170.1,963.9,
OI000010766,O00002672,M0198,1,646.0,64.6,581.4,
OI000010767,O00002672,M0001,3,1406.0,0.0,4218.0,
OI000010768,O00002673,M0032,1,830.0,0.0,830.0,
OI000010769,O00002673,M0187,1,826.5,41.32,785.18,Customer request
OI000010770,O00002673,M0171,2,1640.0,0.0,3280.0,
OI000010771,O00002673,M0006,1,1790.0,0.0,1790.0,
OI000010772,O00002674,M0117,1,1197.0,0.0,1197.0,
OI000010773,O00002674,M0109,4,1349.0,0.0,5396.0,
OI000010774,O00002675,M0180,1,250.0,12.5,237.5,
OI000010775,O00002675,M0033,1,325.5,0.0,325.5,
OI000010776,O00002675,M0036,2,1879.5,0.0,3759.0,
OI000010777,O00002676,M0102,1,504.0,0.0,504.0,
OI000010778,O00002676,M0200,3,1102.0,0.0,3306.0,
OI000010779,O00002676,M0011,2,1207.5,0.0,2415.0,
OI000010780,O00002676,M0070,1,1630.0,0.0,1630.0,
OI000010781,O00002677,M0066,1,551.0,0.0,551.0,
OI000010782,O00002677,M0129,2,1760.0,0.0,3520.0,Customer request
OI000010783,O00002677,M0061,4,880.0,0.0,3520.0,
OI000010784,O00002677,M0026,1,450.0,0.0,450.0,
OI000010785,O00002677,M0011,5,1092.5,0.0,5462.5,
OI000010786,O00002678,M0183,1,661.5,0.0,661.5,
OI000010787,O00002679,M0013,2,1500.0,0.0,3000.0,
OI000010788,O00002679,M0007,1,1280.0,0.0,1280.0,
OI000010789,O00002679,M0104,1,200.0,0.0,200.0,
OI000010790,O00002679,M0031,1,1740.0,87.0,1653.0,
OI000010791,O00002680,M0004,4,1710.0,0.0,6840.0,
OI000010792,O00002680,M0015,1,1680.0,0.0,1680.0,
OI000010793,O00002681,M0005,1,451.5,0.0,451.5,
OI000010794,O00002681,M0005,1,451.5,0.0,451.5,
OI000010795,O00002681,M0001,1,1480.0,0.0,1480.0,
OI000010796,O00002681,M0060,1,1180.0,118.0,1062.0,
OI000010797,O00002682,M0016,1,1291.5,0.0,1291.5,
OI000010798,O00002682,M0001,1,1480.0,222.0,1258.0,
OI000010799,O00002682,M0061,1,836.0,41.8,794.2,
OI000010800,O00002682,M0010,2,430.0,0.0,860.0,
OI000010801,O00002682,M0004,1,1890.0,0.0,1890.0,
OI000010802,O00002683,M0178,5,247.0,0.0,1235.0,
OI000010803,O00002683,M0001,1,1406.0,0.0,1406.0,
OI000010804,O00002683,M0017,1,766.5,0.0,766.5,
OI000010805,O00002684,M0053,1,1858.5,0.0,1858.5,
OI000010806,O00002684,M0197,1,330.0,0.0,330.0,
OI000010807,O00002684,M0002,2,520.0,0.0,1040.0,
OI000010808,O00002685,M0164,1,1270.0,0.0,1270.0,
OI000010809,O00002685,M0140,2,1669.5,0.0,3339.0,
OI000010810,O00002685,M0099,1,570.0,0.0,570.0,
OI000010811,O00002685,M0002,1,494.0,0.0,494.0,
OI000010812,O00002685,M0010,1,430.0,0.0,430.0,
OI000010813,O00002685,M0008,2,880.0,88.0,1672.0,
OI000010814,O00002686,M0037,1,1610.0,80.5,1529.5,
OI000010815,O00002686,M0002,1,520.0,0.0,520.0,
OI000010816,O00002686,M0113,3,840.0,252.0,2268.0,
OI000010817,O00002687,M0069,1,1111.5,0.0,1111.5,
OI000010818,O00002687,M0131,5,940.5,0.0,4702.5,
OI000010819,O00002687,M0006,1,1790.0,0.0,1790.0,
OI000010820,O00002687,M0054,2,1176.0,0.0,2352.0,
OI000010821,O00002687,M0127,1,770.0,38.5,731.5,
OI000010822,O00002688,M0001,1,1480.0,0.0,1480.0,
OI000010823,O00002688,M0040,2,408.5,81.7,735.3,
OI000010824,O00002688,M0082,3,590.0,0.0,1770.0,
OI000010825,O00002689,M0016,3,1168.5,350.55,3154.95,
OI000010826,O00002689,M0014,2,1795.5,0.0,3591.0,
OI000010827,O00002689,M0001,1,1480.0,0.0,1480.0,
OI000010828,O00002690,M0030,1,283.5,0.0,283.5,
OI000010829,O00002690,M0049,1,1450.0,0.0,1450.0,
OI000010830,O00002690,M0086,1,1653.0,247.95,1405.05,Customer request
OI000010831,O00002690,M0002,1,520.0,0.0,520.0,
OI000010832,O00002690,M0021,4,1250.0,0.0,5000.0,
OI000010833,O00002691,M0008,1,880.0,0.0,880.0,
OI000010834,O00002691,M0005,1,430.0,0.0,430.0,
OI000010835,O00002691,M0007,3,1280.0,0.0,3840.0,
OI000010836,O00002692,M0015,1,1764.0,0.0,1764.0,
OI000010837,O00002692,M0084,2,1617.0,0.0,3234.0,
OI000010838,O00002692,M0023,1,580.0,0.0,580.0,
OI000010839,O00002692,M0001,1,1480.0,0.0,1480.0,
OI000010840,O00002692,M0014,3,1710.0,0.0,5130.0,
OI000010841,O00002692,M0002,1,520.0,78.0,442.0,
OI000010842,O00002693,M0005,1,430.0,0.0,430.0,
OI000010843,O00002693,M0003,2,997.5,0.0,1995.0,
OI000010844,O00002693,M0185,1,1638.0,0.0,1638.0,
OI000010845,O00002694,M0139,1,1770.0,0.0,1770.0,
OI000010846,O00002694,M0055,3,890.0,0.0,2670.0,
OI000010847,O00002694,M0007,1,1344.0,0.0,1344.0,
OI000010848,O00002694,M0004,1,1800.0,0.0,1800.0,
OI000010849,O00002694,M0123,2,777.0,0.0,1554.0,
OI000010850,O00002695,M0001,1,1554.0,0.0,1554.0,
OI000010851,O00002695,M0072,1,1273.0,0.0,1273.0,
OI000010852,O00002695,M0010,1,408.5,0.0,408.5,
OI000010853,O00002696,M0030,1,270.0,0.0,270.0,
OI000010854,O00002696,M0083,1,540.0,0.0,540.0,
OI000010855,O00002696,M0001,1,1480.0,0.0,1480.0,Customer request
OI000010856,O00002696,M0004,1,1710.0,0.0,1710.0,
OI000010857,O00002696,M0060,1,1180.0,0.0,1180.0,
OI000010858,O00002697,M0158,2,710.0,0.0,1420.0,
OI000010859,O00002697,M0008,1,880.0,44.0,836.0,
OI000010860,O00002697,M0003,1,997.5,0.0,997.5,
OI000010861,O00002697,M0160,1,1750.0,87.5,1662.5,
OI000010862,O00002697,M0133,2,1000.0,0.0,2000.0,
OI000010863,O00002698,M0153,3,1672.0,0.0,5016.0,
OI000010864,O00002698,M0002,1,494.0,0.0,494.0,
OI000010865,O00002698,M0160,1,1837.5,0.0,1837.5,
OI000010866,O00002699,M0046,3,1640.0,0.0,4920.0,
OI000010867,O00002699,M0065,2,850.0,0.0,1700.0,
OI000010868,O00002699,M0025,2,260.0,0.0,520.0,
OI000010869,O00002700,M0014,1,1795.5,0.0,1795.5,
OI000010870,O00002700,M0002,1,520.0,0.0,520.0,
OI000010871,O00002700,M0006,1,1790.0,0.0,1790.0,
OI000010872,O00002701,M0047,1,1610.0,0.0,1610.0,
OI000010873,O00002701,M0011,1,1092.5,0.0,1092.5,
OI000010874,O00002701,M0002,2,520.0,0.0,1040.0,
OI000010875,O00002701,M0077,1,1548.5,232.27,1316.23,
OI000010876,O00002701,M0036,2,1790.0,0.0,3580.0,
OI000010877,O00002702,M0001,3,1554.0,0.0,4662.0,Customer request
OI000010878,O00002702,M0067,1,1368.0,205.2,1162.8,
OI000010879,O00002703,M0131,1,940.5,0.0,940.5,
OI000010880,O00002703,M0098,1,1230.0,0.0,1230.0,
OI000010881,O00002703,M0160,2,1750.0,0.0,3500.0,
OI000010882,O00002703,M0013,1,1500.0,0.0,1500.0,
OI000010883,O00002703,M0002,2,494.0,148.2,839.8,
OI000010884,O00002704,M0078,3,1260.0,378.0,3402.0,
OI000010885,O00002704,M0149,1,920.0,0.0,920.0,
OI000010886,O00002705,M0012,2,598.5,0.0,1197.0,
OI000010887,O00002705,M0008,1,880.0,0.0,880.0,
OI000010888,O00002705,M0079,1,1102.5,0.0,1102.5,
OI000010889,O00002706,M0083,1,540.0,0.0,540.0,
OI000010890,O00002706,M0118,1,1310.0,0.0,1310.0,
OI000010891,O00002706,M0088,4,1140.0,0.0,4560.0,
OI000010892,O00002707,M0019,1,630.0,0.0,630.0,
OI000010893,O00002708,M0021,3,1250.0,0.0,3750.0,
OI000010894,O00002708,M0108,2,408.5,0.0,817.0,
OI000010895,O00002708,M0008,3,924.0,0.0,2772.0,
OI000010896,O00002709,M0002,2,520.0,0.0,1040.0,
OI000010897,O00002709,M0006,1,1879.5,0.0,1879.5,
OI000010898,O00002709,M0032,1,871.5,87.15,784.35,
OI000010899,O00002709,M0044,1,342.0,0.0,342.0,
OI000010900,O00002709,M0001,1,1554.0,0.0,1554.0,
OI000010901,O00002710,M0010,2,451.5,0.0,903.0,
OI000010902,O00002710,M0089,1,1150.0,0.0,1150.0,
OI000010903,O00002710,M0132,1,1770.0,0.0,1770.0,
OI000010904,O00002711,M0003,1,1050.0,52.5,997.5,
OI000010905,O00002711,M0034,1,1197.0,0.0,1197.0,
OI000010906,O00002711,M0003,1,1050.0,105.0,945.0,
OI000010907,O00002711,M0081,2,920.0,0.0,1840.0,
OI000010908,O00002712,M0003,2,1050.0,0.0,2100.0,
OI000010909,O00002712,M0002,1,520.0,0.0,520.0,
OI000010910,O00002712,M0023,1,551.0,0.0,551.0,
OI000010911,O00002712,M0002,1,520.0,0.0,520.0,
OI000010912,O00002713,M0113,1,840.0,0.0,840.0,
OI000010913,O00002713,M0117,3,1140.0,0.0,3420.0,
OI000010914,O00002714,M0033,2,310.0,0.0,620.0,
OI000010915,O00002714,M0044,1,378.0,0.0,378.0,
OI000010916,O00002714,M0003,2,997.5,0.0,1995.0,
OI000010917,O00002714,M0009,2,1660.0,0.0,3320.0,
OI000010918,O00002714,M0002,3,520.0,0.0,1560.0,
OI000010919,O00002715,M0005,1,430.0,21.5,408.5,
OI000010920,O00002715,M0018,1,1260.0,0.0,1260.0,
OI000010921,O00002715,M0069,2,1170.0,0.0,2340.0,
OI000010922,O00002715,M0083,1,540.0,0.0,540.0,Customer request
OI000010923,O00002715,M0024,2,580.0,0.0,1160.0,
OI000010924,O00002715,M0010,1,430.0,0.0,430.0,
OI000010925,O00002715,M0110,2,1732.5,0.0,3465.0,
OI000010926,O00002716,M0023,1,580.0,0.0,580.0,
OI000010927,O00002717,M0042,3,1210.0,0.0,3630.0,
OI000010928,O00002717,M0008,1,880.0,0.0,880.0,
OI000010929,O00002717,M0001,2,1480.0,0.0,2960.0,
OI000010930,O00002717,M0004,2,1890.0,0.0,3780.0,
OI000010931,O00002718,M0078,1,1260.0,0.0,1260.0,
OI000010932,O00002718,M0009,2,1743.0,0.0,3486.0,
OI000010933,O00002718,M0003,1,1102.5,110.25,992.25,
OI000010934,O00002719,M0059,1,660.0,0.0,660.0,
OI000010935,O00002719,M0028,1,870.0,0.0,870.0,
OI000010936,O00002719,M0001,1,1554.0,0.0,1554.0,
OI000010937,O00002719,M0195,1,230.0,0.0,230.0,
OI000010938,O00002719,M0017,2,766.5,0.0,1533.0,
OI000010939,O00002719,M0062,1,1010.0,0.0,1010.0,
OI000010940,O00002719,M0191,1,1150.0,0.0,1150.0,
OI000010941,O00002719,M0057,2,500.0,0.0,1000.0,
OI000010942,O00002719,M0011,2,1150.0,345.0,1955.0,
OI000010943,O00002720,M0030,3,270.0,0.0,810.0,
OI000010944,O00002720,M0002,1,546.0,27.3,518.7,
OI000010945,O00002720,M0004,1,1800.0,0.0,1800.0,
OI000010946,O00002720,M0011,1,1207.5,0.0,1207.5,
OI000010947,O00002720,M0002,1,546.0,27.3,518.7,
OI000010948,O00002720,M0002,2,494.0,0.0,988.0,Customer request
OI000010949,O00002720,M0122,1,493.5,0.0,493.5,
OI000010950,O00002721,M0007,1,1344.0,0.0,1344.0,
OI000010951,O00002721,M0012,1,598.5,0.0,598.5,
OI000010952,O00002722,M0004,1,1710.0,171.0,1539.0,
OI000010953,O00002722,M0019,2,630.0,0.0,1260.0,
OI000010954,O00002722,M0074,1,684.0,0.0,684.0,
OI000010955,O00002722,M0171,2,1640.0,328.0,2952.0,
OI000010956,O00002723,M0038,1,1386.0,0.0,1386.0,
OI000010957,O00002723,M0010,1,408.5,0.0,408.5,
OI000010958,O00002723,M0033,1,294.5,0.0,294.5,
OI000010959,O00002723,M0003,2,1050.0,0.0,2100.0,Customer request
OI000010960,O00002723,M0068,1,920.0,0.0,920.0,
OI000010961,O00002723,M0012,1,570.0,57.0,513.0,
OI000010962,O00002724,M0170,2,900.0,0.0,1800.0,
OI000010963,O00002724,M0063,1,1210.0,0.0,1210.0,
OI000010964,O00002724,M0028,1,913.5,0.0,913.5,Customer request
OI000010965,O00002724,M0006,2,1700.5,0.0,3401.0,
OI000010966,O00002725,M0002,2,520.0,0.0,1040.0,
OI000010967,O00002725,M0004,1,1800.0,0.0,1800.0,Customer request
OI000010968,O00002725,M0044,1,360.0,0.0,360.0,Customer request
OI000010969,O00002726,M0035,1,966.0,0.0,966.0,
OI000010970,O00002726,M0001,5,1406.0,0.0,7030.0,
OI000010971,O00002726,M0088,2,1140.0,0.0,2280.0,
OI000010972,O00002726,M0001,1,1480.0,0.0,1480.0,Customer request
OI000010973,O00002726,M0001,1,1480.0,0.0,1480.0,
OI000010974,O00002726,M0078,1,1260.0,0.0,1260.0,
OI000010975,O00002727,M0060,5,1121.0,0.0,5605.0,
OI000010976,O00002727,M0006,1,1790.0,0.0,1790.0,
OI000010977,O00002727,M0064,2,441.0,0.0,882.0,Customer request
OI000010978,O00002727,M0001,1,1480.0,0.0,1480.0,
OI000010979,O00002727,M0009,2,1660.0,332.0,2988.0,
OI000010980,O00002727,M0093,1,930.0,0.0,930.0,
OI000010981,O00002728,M0028,2,870.0,0.0,1740.0,
OI000010982,O00002728,M0129,3,1760.0,0.0,5280.0,
OI000010983,O00002729,M0003,1,997.5,0.0,997.5,
OI000010984,O00002729,M0132,3,1770.0,0.0,5310.0,
OI000010985,O00002729,M0029,1,627.0,0.0,627.0,
OI000010986,O00002729,M0002,2,520.0,0.0,1040.0,
OI000010987,O00002730,M0001,1,1406.0,0.0,1406.0,
OI000010988,O00002730,M0001,1,1406.0,0.0,1406.0,
OI000010989,O00002730,M0058,2,1350.0,0.0,2700.0,
OI000010990,O00002730,M0006,1,1790.0,0.0,1790.0,
OI000010991,O00002731,M0003,1,1050.0,0.0,1050.0,
OI000010992,O00002731,M0050,2,800.0,0.0,1600.0,
OI000010993,O00002731,M0020,1,1054.5,0.0,1054.5,
OI000010994,O00002731,M0024,3,551.0,0.0,1653.0,
OI000010995,O00002731,M0003,1,1050.0,0.0,1050.0,
OI000010996,O00002732,M0007,1,1344.0,0.0,1344.0,
OI000010997,O00002732,M0002,1,520.0,0.0,520.0,
OI000010998,O00002732,M0013,1,1500.0,0.0,1500.0,
OI000010999,O00002733,M0011,2,1207.5,0.0,2415.0,
OI000011000,O00002733,M0099,3,598.5,269.32,1526.18,
OI000011001,O00002733,M0193,1,550.0,0.0,550.0,Customer request
OI000011002,O00002733,M0200,1,1160.0,0.0,1160.0,
OI000011003,O00002734,M0017,1,730.0,0.0,730.0,
OI000011004,O00002734,M0104,2,210.0,0.0,420.0,
OI000011005,O00002734,M0009,3,1660.0,0.0,4980.0,
OI000011006,O00002734,M0003,1,1050.0,0.0,1050.0,
OI000011007,O00002735,M0059,2,693.0,0.0,1386.0,
OI000011008,O00002735,M0028,4,870.0,0.0,3480.0,
OI000011009,O00002735,M0048,1,1580.0,79.0,1501.0,
OI000011010,O00002735,M0015,1,1680.0,0.0,1680.0,Customer request
OI000011011,O00002736,M0010,1,430.0,0.0,430.0,
OI000011012,O00002736,M0162,2,330.0,0.0,660.0,
OI000011013,O00002736,M0141,2,1417.5,0.0,2835.0,
OI000011014,O00002736,M0002,1,520.0,0.0,520.0,
OI000011015,O00002736,M0062,1,1010.0,0.0,1010.0,
OI000011016,O00002737,M0015,1,1764.0,0.0,1764.0,
OI000011017,O00002737,M0043,2,1770.0,0.0,3540.0,
OI000011018,O00002737,M0005,1,430.0,0.0,430.0,
OI000011019,O00002737,M0081,1,966.0,0.0,966.0,
OI000011020,O00002738,M0011,2,1150.0,0.0,2300.0,
OI000011021,O00002738,M0071,1,598.5,0.0,598.5,
OI000011022,O00002738,M0003,1,997.5,0.0,997.5,
OI000011023,O00002739,M0003,2,1102.5,330.75,1874.25,
OI000011024,O00002739,M0014,1,1710.0,0.0,1710.0,
OI000011025,O00002739,M0199,1,440.0,0.0,440.0,
OI000011026,O00002739,M0131,2,1039.5,0.0,2079.0,
OI000011027,O00002739,M0054,1,1176.0,0.0,1176.0,
OI000011028,O00002740,M0011,1,1150.0,0.0,1150.0,
OI000011029,O00002740,M0004,1,1800.0,0.0,1800.0,
OI000011030,O00002740,M0088,2,1140.0,228.0,2052.0,
OI000011031,O00002740,M0005,1,430.0,0.0,430.0,
OI000011032,O00002740,M0020,2,1110.0,0.0,2220.0,
OI000011033,O00002741,M0036,1,1790.0,0.0,1790.0,
OI000011034,O00002742,M0002,3,520.0,0.0,1560.0,
OI000011035,O00002742,M0099,1,541.5,0.0,541.5,
OI000011036,O00002743,M0169,2,1121.0,0.0,2242.0,
OI000011037,O00002743,M0003,3,1050.0,0.0,3150.0,
OI000011038,O00002743,M0134,1,693.5,0.0,693.5,
OI000011039,O00002744,M0029,1,627.0,0.0,627.0,
OI000011040,O00002744,M0003,1,1050.0,0.0,1050.0,
OI000011041,O00002744,M0051,1,750.0,0.0,750.0,
OI000011042,O00002744,M0163,1,1390.0,0.0,1390.0,
OI000011043,O00002744,M0177,1,210.0,0.0,210.0,
OI000011044,O00002744,M0080,1,826.5,0.0,826.5,
OI000011045,O00002744,M0031,1,1653.0,0.0,1653.0,
OI000011046,O00002745,M0004,1,1800.0,0.0,1800.0,
OI000011047,O00002746,M0050,1,840.0,0.0,840.0,
OI000011048,O00002746,M0053,1,1681.5,0.0,1681.5,
OI000011049,O00002746,M0002,4,520.0,312.0,1768.0,
OI000011050,O00002747,M0007,1,1280.0,0.0,1280.0,
OI000011051,O00002747,M0011,2,1150.0,0.0,2300.0,
OI000011052,O00002747,M0130,1,1123.5,0.0,1123.5,
OI000011053,O00002747,M0046,2,1558.0,311.6,2804.4,
OI000011054,O00002747,M0007,4,1216.0,0.0,4864.0,
OI000011055,O00002748,M0011,3,1150.0,0.0,3450.0,
OI000011056,O00002748,M0003,1,997.5,0.0,997.5,
OI000011057,O00002749,M0001,2,1480.0,0.0,2960.0,
OI000011058,O00002749,M0033,1,310.0,0.0,310.0,
OI000011059,O00002750,M0001,1,1554.0,155.4,1398.6,
OI000011060,O00002750,M0196,1,1590.0,0.0,1590.0,
OI000011061,O00002750,M0097,1,336.0,0.0,336.0,
OI000011062,O00002750,M0099,1,598.5,0.0,598.5,
OI000011063,O00002750,M0091,1,350.0,0.0,350.0,
OI000011064,O00002750,M0059,3,627.0,188.1,1692.9,
OI000011065,O00002751,M0001,2,1406.0,281.2,2530.8,
OI000011066,O00002751,M0025,1,260.0,0.0,260.0,
OI000011067,O00002751,M0009,1,1577.0,0.0,1577.0,
OI000011068,O00002751,M0010,1,451.5,0.0,451.5,
OI000011069,O00002752,M0016,1,1291.5,0.0,1291.5,
OI000011070,O00002752,M0012,2,570.0,0.0,1140.0,
OI000011071,O00002752,M0064,1,399.0,19.95,379.05,
OI000011072,O00002753,M0001,1,1406.0,0.0,1406.0,Customer request
OI000011073,O00002753,M0015,2,1680.0,0.0,3360.0,
OI000011074,O00002753,M0170,1,900.0,0.0,900.0,
OI000011075,O00002753,M0008,2,880.0,176.0,1584.0,
OI000011076,O00002754,M0054,2,1120.0,0.0,2240.0,Customer request
OI000011077,O00002754,M0042,1,1270.5,0.0,1270.5,
OI000011078,O00002754,M0030,2,283.5,0.0,567.0,
OI000011079,O00002755,M0002,5,494.0,0.0,2470.0,
OI000011080,O00002755,M0121,2,1510.0,0.0,3020.0,
OI000011081,O00002755,M0043,1,1681.5,0.0,1681.5,
OI000011082,O00002755,M0038,1,1320.0,0.0,1320.0,
OI000011083,O00002756,M0173,1,1750.0,0.0,1750.0,
OI000011084,O00002756,M0002,1,520.0,0.0,520.0,
OI000011085,O00002757,M0030,1,270.0,0.0,270.0,
OI000011086,O00002757,M0076,1,660.0,0.0,660.0,
OI000011087,O00002757,M0106,1,940.0,0.0,940.0,
OI000011088,O00002757,M0001,1,1480.0,0.0,1480.0,
OI000011089,O00002757,M0069,2,1111.5,0.0,2223.0,
OI000011090,O00002758,M0176,1,1780.0,0.0,1780.0,
OI000011091,O00002758,M0083,1,513.0,0.0,513.0,
OI000011092,O00002759,M0021,3,1250.0,0.0,3750.0,
OI000011093,O00002759,M0137,2,1770.0,0.0,3540.0,
OI000011094,O00002759,M0139,3,1770.0,0.0,5310.0,
OI000011095,O00002760,M0071,1,630.0,0.0,630.0,
OI000011096,O00002760,M0065,1,850.0,0.0,850.0,
OI000011097,O00002760,M0014,1,1795.5,269.32,1526.18,
OI000011098,O00002760,M0007,2,1280.0,0.0,2560.0,Customer request
OI000011099,O00002761,M0056,1,250.0,0.0,250.0,
OI000011100,O00002761,M0001,2,1554.0,0.0,3108.0,
OI000011101,O00002761,M0123,2,703.0,0.0,1406.0,
OI000011102,O00002761,M0150,1,300.0,0.0,300.0,
OI000011103,O00002761,M0004,4,1800.0,0.0,7200.0,
OI000011104,O00002761,M0044,1,378.0,0.0,378.0,
OI000011105,O00002761,M0004,2,1800.0,0.0,3600.0,
OI000011106,O00002762,M0031,1,1827.0,0.0,1827.0,
OI000011107,O00002762,M0058,4,1350.0,0.0,5400.0,
OI000011108,O00002762,M0018,1,1140.0,0.0,1140.0,
OI000011109,O00002762,M0146,1,250.0,0.0,250.0,
OI000011110,O00002763,M0144,1,560.0,0.0,560.0,
OI000011111,O00002763,M0036,3,1700.5,0.0,5101.5,
OI000011112,O00002763,M0046,1,1558.0,0.0,1558.0,
OI000011113,O00002763,M0001,2,1480.0,0.0,2960.0,
OI000011114,O00002763,M0013,1,1500.0,0.0,1500.0,
OI000011115,O00002763,M0093,3,930.0,139.5,2650.5,
OI000011116,O00002763,M0197,1,330.0,16.5,313.5,
OI000011117,O00002764,M0171,1,1722.0,0.0,1722.0,
OI000011118,O00002764,M0002,1,494.0,0.0,494.0,
OI000011119,O00002764,M0021,1,1187.5,0.0,1187.5,
OI000011120,O00002765,M0001,1,1480.0,0.0,1480.0,
OI000011121,O00002765,M0121,1,1585.5,0.0,1585.5,
OI000011122,O00002765,M0083,1,567.0,0.0,567.0,
OI000011123,O00002765,M0159,1,1092.0,0.0,1092.0,
OI000011124,O00002765,M0032,1,830.0,0.0,830.0,
OI000011125,O00002766,M0002,1,520.0,0.0,520.0,
OI000011126,O00002766,M0046,2,1640.0,0.0,3280.0,
OI000011127,O00002766,M0134,1,766.5,0.0,766.5,
OI000011128,O00002767,M0001,1,1480.0,148.0,1332.0,
OI000011129,O00002767,M0112,1,579.5,0.0,579.5,
OI000011130,O00002767,M0055,1,890.0,0.0,890.0,
OI000011131,O00002767,M0003,2,1050.0,0.0,2100.0,
OI000011132,O00002768,M0063,2,1210.0,0.0,2420.0,Customer request
OI000011133,O00002768,M0001,1,1480.0,0.0,1480.0,
OI000011134,O00002768,M0004,3,1890.0,0.0,5670.0,
OI000011135,O00002768,M0001,1,1480.0,0.0,1480.0,
OI000011136,O00002768,M0046,2,1558.0,0.0,3116.0,
OI000011137,O00002769,M0009,2,1743.0,0.0,3486.0,
OI000011138,O00002769,M0009,3,1577.0,0.0,4731.0,
OI000011139,O00002769,M0060,1,1180.0,0.0,1180.0,
OI000011140,O00002769,M0002,5,520.0,0.0,2600.0,
OI000011141,O00002770,M0057,3,525.0,0.0,1575.0,
OI000011142,O00002770,M0074,1,684.0,0.0,684.0,
OI000011143,O00002770,M0129,1,1760.0,0.0,1760.0,Customer request
OI000011144,O00002770,M0067,1,1512.0,0.0,1512.0,
OI000011145,O00002770,M0062,2,1060.5,0.0,2121.0,
OI000011146,O00002771,M0063,1,1210.0,0.0,1210.0,
OI000011147,O00002771,M0001,1,1554.0,0.0,1554.0,
OI000011148,O00002771,M0023,2,551.0,0.0,1102.0,
OI000011149,O00002771,M0040,1,430.0,0.0,430.0,Customer request
OI000011150,O00002772,M0065,2,892.5,0.0,1785.0,
OI000011151,O00002772,M0010,1,408.5,0.0,408.5,
OI000011152,O00002772,M0068,2,920.0,0.0,1840.0,
OI000011153,O00002772,M0018,1,1200.0,0.0,1200.0,
OI000011154,O00002773,M0079,1,1102.5,0.0,1102.5,
OI000011155,O00002773,M0004,3,1800.0,0.0,5400.0,
OI000011156,O00002773,M0010,1,451.5,0.0,451.5,
OI000011157,O00002773,M0173,1,1750.0,0.0,1750.0,
OI000011158,O00002774,M0092,2,934.5,0.0,1869.0,
OI000011159,O00002774,M0148,2,1180.0,118.0,2242.0,
OI000011160,O00002774,M0005,1,430.0,0.0,430.0,
OI000011161,O00002774,M0169,2,1180.0,0.0,2360.0,
OI000011162,O00002774,M0088,1,1140.0,0.0,1140.0,
OI000011163,O00002774,M0048,2,1580.0,0.0,3160.0,
OI000011164,O00002774,M0001,1,1480.0,74.0,1406.0,
OI000011165,O00002775,M0001,1,1554.0,0.0,1554.0,
OI000011166,O00002775,M0097,1,336.0,0.0,336.0,
OI000011167,O00002775,M0066,1,580.0,58.0,522.0,
OI000011168,O00002775,M0005,3,430.0,0.0,1290.0,
OI000011169,O00002776,M0023,1,580.0,0.0,580.0,
OI000011170,O00002776,M0063,1,1270.5,0.0,1270.5,
OI000011171,O00002776,M0001,1,1480.0,0.0,1480.0,
OI000011172,O00002777,M0068,2,920.0,0.0,1840.0,
OI000011173,O00002777,M0019,1,630.0,0.0,630.0,
OI000011174,O00002777,M0002,1,546.0,27.3,518.7,
OI000011175,O00002778,M0004,1,1800.0,0.0,1800.0,
OI000011176,O00002778,M0022,4,1178.0,0.0,4712.0,
OI000011177,O00002778,M0055,2,890.0,0.0,1780.0,
OI000011178,O00002779,M0013,1,1500.0,0.0,1500.0,
OI000011179,O00002779,M0002,1,494.0,0.0,494.0,
OI000011180,O00002779,M0117,1,1140.0,0.0,1140.0,
OI000011181,O00002779,M0032,1,830.0,0.0,830.0,
OI000011182,O00002780,M0009,2,1660.0,498.0,2822.0,
OI000011183,O00002780,M0070,1,1548.5,0.0,1548.5,Customer request
OI000011184,O00002780,M0013,3,1500.0,0.0,4500.0,
OI000011185,O00002781,M0015,1,1680.0,0.0,1680.0,
OI000011186,O00002781,M0009,1,1743.0,261.45,1481.55,Customer request
OI000011187,O00002781,M0015,1,1680.0,0.0,1680.0,
OI000011188,O00002781,M0008,1,880.0,0.0,880.0,
OI000011189,O00002781,M0190,1,361.0,18.05,342.95,
OI000011190,O00002781,M0008,1,880.0,0.0,880.0,
OI000011191,O00002782,M0060,1,1121.0,0.0,1121.0,
OI000011192,O00002782,M0005,1,408.5,0.0,408.5,
OI000011193,O00002782,M0041,2,1482.0,0.0,2964.0,
OI000011194,O00002782,M0033,1,310.0,0.0,310.0,
OI000011195,O00002783,M0041,1,1482.0,74.1,1407.9,
OI000011196,O00002783,M0015,1,1680.0,0.0,1680.0,
OI000011197,O00002784,M0135,1,1540.0,231.0,1309.0,
OI000011198,O00002784,M0010,1,430.0,0.0,430.0,
OI000011199,O00002784,M0135,1,1540.0,0.0,1540.0,
OI000011200,O00002784,M0019,1,630.0,0.0,630.0,
OI000011201,O00002784,M0062,1,1010.0,0.0,1010.0,
OI000011202,O00002785,M0001,2,1480.0,0.0,2960.0,
OI000011203,O00002785,M0023,1,580.0,0.0,580.0,
OI000011204,O00002785,M0061,3,880.0,0.0,2640.0,Customer request
OI000011205,O00002785,M0010,2,430.0,0.0,860.0,
OI000011206,O00002785,M0012,3,541.5,0.0,1624.5,
OI000011207,O00002786,M0018,1,1200.0,60.0,1140.0,
OI000011208,O00002787,M0008,3,880.0,0.0,2640.0,
OI000011209,O00002788,M0050,1,760.0,0.0,760.0,
OI000011210,O00002788,M0001,1,1480.0,0.0,1480.0,
OI000011211,O00002788,M0119,2,228.0,0.0,456.0,
OI000011212,O00002788,M0178,2,273.0,0.0,546.0,
OI000011213,O00002789,M0004,3,1710.0,0.0,5130.0,
OI000011214,O00002789,M0006,1,1790.0,0.0,1790.0,
OI000011215,O00002790,M0172,1,1806.0,0.0,1806.0,
OI000011216,O00002790,M0004,4,1800.0,0.0,7200.0,
OI000011217,O00002790,M0002,2,520.0,0.0,1040.0,
OI000011218,O00002790,M0104,2,200.0,0.0,400.0,
OI000011219,O00002791,M0068,2,920.0,0.0,1840.0,
OI000011220,O00002791,M0069,2,1111.5,111.15,2111.85,
OI000011221,O00002791,M0006,1,1790.0,0.0,1790.0,
OI000011222,O00002791,M0016,1,1291.5,0.0,1291.5,
OI000011223,O00002792,M0003,5,1050.0,525.0,4725.0,
OI000011224,O00002792,M0003,2,997.5,0.0,1995.0,
OI000011225,O00002792,M0031,1,1653.0,0.0,1653.0,
OI000011226,O00002792,M0067,2,1440.0,0.0,2880.0,
OI000011227,O00002793,M0012,1,541.5,0.0,541.5,
OI000011228,O00002793,M0028,1,870.0,0.0,870.0,
OI000011229,O00002793,M0014,1,1710.0,0.0,1710.0,
OI000011230,O00002793,M0155,1,503.5,0.0,503.5,
OI000011231,O00002793,M0075,4,1624.5,0.0,6498.0,
OI000011232,O00002794,M0055,3,890.0,0.0,2670.0,
OI000011233,O00002794,M0083,2,567.0,0.0,1134.0,
OI000011234,O00002794,M0008,1,880.0,0.0,880.0,
OI000011235,O00002794,M0163,1,1390.0,208.5,1181.5,
OI000011236,O00002795,M0005,2,451.5,0.0,903.0,
OI000011237,O00002795,M0003,2,997.5,199.5,1795.5,
OI000011238,O00002796,M0151,1,590.0,0.0,590.0,
OI000011239,O00002796,M0008,1,880.0,0.0,880.0,
OI000011240,O00002796,M0126,2,1520.0,0.0,3040.0,
OI000011241,O00002796,M0010,1,451.5,0.0,451.5,
OI000011242,O00002796,M0010,1,430.0,0.0,430.0,
OI000011243,O00002797,M0177,3,210.0,0.0,630.0,
OI000011244,O00002797,M0181,1,266.0,0.0,266.0,
OI000011245,O00002797,M0179,1,1440.0,0.0,1440.0,
OI000011246,O00002797,M0003,1,1102.5,0.0,1102.5,Customer request
OI000011247,O00002797,M0044,1,360.0,0.0,360.0,
OI000011248,O00002798,M0001,1,1480.0,0.0,1480.0,
OI000011249,O00002798,M0071,1,630.0,0.0,630.0,
OI000011250,O00002798,M0066,1,609.0,0.0,609.0,
OI000011251,O00002799,M0196,1,1590.0,0.0,1590.0,
OI000011252,O00002799,M0138,2,700.0,0.0,1400.0,
OI000011253,O00002799,M0006,1,1879.5,0.0,1879.5,
OI000011254,O00002799,M0024,2,580.0,0.0,1160.0,
OI000011255,O00002800,M0008,3,836.0,0.0,2508.0,
OI000011256,O00002800,M0001,1,1554.0,155.4,1398.6,
OI000011257,O00002800,M0017,1,730.0,0.0,730.0,
OI000011258,O00002801,M0002,1,546.0,0.0,546.0,
OI000011259,O00002801,M0094,2,598.5,0.0,1197.0,
OI000011260,O00002801,M0018,1,1260.0,0.0,1260.0,
OI000011261,O00002802,M0001,2,1480.0,0.0,2960.0,
OI000011262,O00002802,M0008,1,924.0,0.0,924.0,
OI000011263,O00002802,M0013,1,1500.0,0.0,1500.0,
OI000011264,O00002803,M0025,1,273.0,0.0,273.0,
OI000011265,O00002803,M0069,2,1170.0,0.0,2340.0,
OI000011266,O00002803,M0102,3,504.0,0.0,1512.0,
OI000011267,O00002803,M0192,3,540.0,162.0,1458.0,
OI000011268,O00002804,M0128,3,1123.5,0.0,3370.5,
OI000011269,O00002804,M0026,2,450.0,0.0,900.0,
OI000011270,O00002804,M0002,1,546.0,0.0,546.0,
OI000011271,O00002804,M0065,1,807.5,0.0,807.5,
OI000011272,O00002804,M0021,2,1250.0,0.0,2500.0,
OI000011273,O00002804,M0019,1,598.5,0.0,598.5,
OI000011274,O00002804,M0013,1,1500.0,0.0,1500.0,
OI000011275,O00002805,M0004,1,1800.0,0.0,1800.0,
OI000011276,O00002805,M0002,1,546.0,0.0,546.0,
OI000011277,O00002805,M0114,1,672.0,0.0,672.0,
OI000011278,O00002806,M0004,1,1710.0,0.0,1710.0,
OI000011279,O00002806,M0074,2,720.0,0.0,1440.0,
OI000011280,O00002807,M0082,1,590.0,0.0,590.0,
OI000011281,O00002807,M0011,1,1150.0,0.0,1150.0,
OI000011282,O00002807,M0041,1,1560.0,0.0,1560.0,
OI000011283,O00002807,M0078,1,1197.0,0.0,1197.0,
OI000011284,O00002807,M0003,1,1050.0,0.0,1050.0,
OI000011285,O00002807,M0004,1,1710.0,0.0,1710.0,
OI000011286,O00002808,M0079,1,1050.0,0.0,1050.0,
OI000011287,O00002808,M0009,2,1660.0,0.0,3320.0,
OI000011288,O00002808,M0002,1,520.0,0.0,520.0,
OI000011289,O00002808,M0035,1,874.0,131.1,742.9,
OI000011290,O00002809,M0109,1,1420.0,0.0,1420.0,
OI000011291,O00002809,M0011,1,1150.0,0.0,1150.0,
OI000011292,O00002809,M0008,1,924.0,0.0,924.0,
OI000011293,O00002809,M0005,1,408.5,0.0,408.5,
OI000011294,O00002809,M0028,1,826.5,0.0,826.5,
OI000011295,O00002810,M0044,1,378.0,0.0,378.0,
OI000011296,O00002810,M0003,1,1050.0,0.0,1050.0,Customer request
OI000011297,O00002810,M0107,1,342.0,0.0,342.0,
OI000011298,O00002810,M0036,1,1790.0,0.0,1790.0,
OI000011299,O00002810,M0042,1,1210.0,0.0,1210.0,
OI000011300,O00002810,M0002,1,520.0,0.0,520.0,
OI000011301,O00002811,M0055,1,845.5,0.0,845.5,
OI000011302,O00002811,M0068,3,920.0,0.0,2760.0,
OI000011303,O00002811,M0019,2,661.5,198.45,1124.55,
OI000011304,O00002811,M0049,1,1450.0,0.0,1450.0,
OI000011305,O00002812,M0006,1,1790.0,0.0,1790.0,
OI000011306,O00002812,M0059,2,627.0,0.0,1254.0,
OI000011307,O00002812,M0037,1,1690.5,0.0,1690.5,
OI000011308,O00002812,M0046,1,1558.0,0.0,1558.0,
OI000011309,O00002813,M0007,1,1280.0,0.0,1280.0,
OI000011310,O00002814,M0103,2,1092.5,0.0,2185.0,
OI000011311,O00002814,M0117,1,1197.0,0.0,1197.0,
OI000011312,O00002814,M0002,2,520.0,0.0,1040.0,
OI000011313,O00002814,M0134,2,730.0,146.0,1314.0,
OI000011314,O00002814,M0098,2,1230.0,0.0,2460.0,
OI000011315,O00002814,M0040,3,408.5,0.0,1225.5,
OI000011316,O00002814,M0001,1,1480.0,0.0,1480.0,
OI000011317,O00002815,M0035,1,966.0,0.0,966.0,
OI000011318,O00002815,M0027,1,790.0,0.0,790.0,
OI000011319,O00002815,M0006,2,1790.0,358.0,3222.0,
OI000011320,O00002815,M0120,1,1827.0,182.7,1644.3,
OI000011321,O00002816,M0012,1,570.0,0.0,570.0,
OI000011322,O00002816,M0046,2,1558.0,0.0,3116.0,
OI000011323,O00002816,M0025,2,260.0,0.0,520.0,
OI000011324,O00002817,M0139,1,1770.0,0.0,1770.0,
OI000011325,O00002817,M0032,1,830.0,0.0,830.0,
OI000011326,O00002817,M0009,1,1660.0,166.0,1494.0,
OI000011327,O00002817,M0081,1,920.0,0.0,920.0,
OI000011328,O00002817,M0095,2,241.5,0.0,483.0,
OI000011329,O00002818,M0165,1,540.0,0.0,540.0,
OI000011330,O00002818,M0088,1,1083.0,0.0,1083.0,
OI000011331,O00002818,M0001,1,1480.0,0.0,1480.0,
OI000011332,O00002819,M0118,1,1310.0,0.0,1310.0,
OI000011333,O00002819,M0029,2,627.0,0.0,1254.0,
OI000011334,O00002819,M0003,1,1050.0,0.0,1050.0,
OI000011335,O00002820,M0188,1,290.0,0.0,290.0,
OI000011336,O00002820,M0061,1,880.0,0.0,880.0,
OI000011337,O00002820,M0145,1,1672.0,0.0,1672.0,
OI000011338,O00002820,M0004,3,1710.0,0.0,5130.0,
OI000011339,O00002820,M0098,1,1291.5,0.0,1291.5,
OI000011340,O00002821,M0049,1,1450.0,217.5,1232.5,
OI000011341,O00002821,M0017,2,730.0,0.0,1460.0,
OI000011342,O00002822,M0005,4,430.0,0.0,1720.0,
OI000011343,O00002822,M0013,5,1500.0,0.0,7500.0,
OI000011344,O00002822,M0037,1,1610.0,0.0,1610.0,
OI000011345,O00002822,M0084,1,1617.0,0.0,1617.0,
OI000011346,O00002823,M0023,4,551.0,0.0,2204.0,
OI000011347,O00002823,M0018,4,1200.0,0.0,4800.0,
OI000011348,O00002823,M0001,1,1406.0,0.0,1406.0,Customer request
OI000011349,O00002823,M0173,1,1662.5,0.0,1662.5,
OI000011350,O00002823,M0096,2,730.0,0.0,1460.0,
OI000011351,O00002824,M0198,1,680.0,0.0,680.0,
OI000011352,O00002824,M0158,1,710.0,0.0,710.0,
OI000011353,O00002825,M0132,1,1681.5,0.0,1681.5,
OI000011354,O00002825,M0001,2,1480.0,0.0,2960.0,
OI000011355,O00002825,M0053,1,1770.0,0.0,1770.0,
OI000011356,O00002825,M0006,1,1879.5,0.0,1879.5,
OI000011357,O00002826,M0140,2,1590.0,0.0,3180.0,
OI000011358,O00002826,M0114,2,640.0,0.0,1280.0,
OI000011359,O00002827,M0004,4,1800.0,0.0,7200.0,
OI000011360,O00002827,M0102,1,480.0,0.0,480.0,
OI000011361,O00002827,M0193,1,577.5,0.0,577.5,
OI000011362,O00002828,M0015,1,1680.0,0.0,1680.0,Customer request
OI000011363,O00002828,M0015,1,1764.0,0.0,1764.0,
OI000011364,O00002828,M0001,1,1554.0,0.0,1554.0,
OI000011365,O00002828,M0082,1,590.0,0.0,590.0,
OI000011366,O00002829,M0117,1,1140.0,0.0,1140.0,
OI000011367,O00002829,M0001,1,1480.0,0.0,1480.0,
OI000011368,O00002829,M0171,1,1640.0,0.0,1640.0,
OI000011369,O00002829,M0001,2,1406.0,0.0,2812.0,
OI000011370,O00002829,M0043,2,1770.0,0.0,3540.0,
OI000011371,O00002829,M0162,1,313.5,0.0,313.5,
OI000011372,O00002830,M0162,1,330.0,0.0,330.0,
OI000011373,O00002830,M0003,1,1050.0,0.0,1050.0,
OI000011374,O00002830,M0184,1,1040.0,0.0,1040.0,
OI000011375,O00002830,M0008,5,924.0,0.0,4620.0,
OI000011376,O00002830,M0013,1,1500.0,0.0,1500.0,Customer request
OI000011377,O00002830,M0068,1,920.0,0.0,920.0,
OI000011378,O00002831,M0002,1,546.0,0.0,546.0,
OI000011379,O00002831,M0037,2,1690.5,0.0,3381.0,
OI000011380,O00002831,M0113,2,798.0,0.0,1596.0,
OI000011381,O00002832,M0031,3,1740.0,0.0,5220.0,
OI000011382,O00002832,M0001,1,1554.0,0.0,1554.0,
OI000011383,O00002832,M0109,4,1420.0,0.0,5680.0,
OI000011384,O00002833,M0007,1,1344.0,134.4,1209.6,
OI000011385,O00002833,M0109,3,1349.0,0.0,4047.0,
OI000011386,O00002833,M0167,2,588.0,0.0,1176.0,Customer request
OI000011387,O00002833,M0091,5,350.0,0.0,1750.0,
OI000011388,O00002834,M0001,1,1480.0,0.0,1480.0,
OI000011389,O00002834,M0063,1,1270.5,0.0,1270.5,
OI000011390,O00002834,M0008,3,836.0,0.0,2508.0,
OI000011391,O00002834,M0005,1,430.0,0.0,430.0,
OI000011392,O00002834,M0093,2,930.0,0.0,1860.0,
OI000011393,O00002834,M0009,3,1743.0,0.0,5229.0,
OI000011394,O00002835,M0003,1,1050.0,52.5,997.5,
OI000011395,O00002835,M0004,1,1890.0,0.0,1890.0,
OI000011396,O00002835,M0068,2,920.0,0.0,1840.0,
OI000011397,O00002835,M0025,1,247.0,0.0,247.0,
OI000011398,O00002835,M0005,1,430.0,0.0,430.0,
OI000011399,O00002836,M0002,1,546.0,0.0,546.0,
OI000011400,O00002836,M0166,1,370.0,0.0,370.0,
OI000011401,O00002836,M0199,1,440.0,0.0,440.0,
OI000011402,O00002837,M0018,1,1200.0,0.0,1200.0,
OI000011403,O00002837,M0007,2,1216.0,0.0,2432.0,
OI000011404,O00002838,M0001,2,1554.0,0.0,3108.0,
OI000011405,O00002838,M0011,1,1150.0,0.0,1150.0,
OI000011406,O00002839,M0046,1,1558.0,0.0,1558.0,
OI000011407,O00002839,M0035,3,920.0,0.0,2760.0,
OI000011408,O00002840,M0020,1,1054.5,0.0,1054.5,
OI000011409,O00002840,M0015,1,1680.0,0.0,1680.0,
OI000011410,O00002840,M0188,1,290.0,0.0,290.0,
OI000011411,O00002840,M0032,1,788.5,0.0,788.5,
OI000011412,O00002841,M0001,2,1480.0,296.0,2664.0,Customer request
OI000011413,O00002841,M0074,3,720.0,108.0,2052.0,
OI000011414,O00002841,M0046,2,1722.0,0.0,3444.0,Customer request
OI000011415,O00002841,M0003,3,1102.5,0.0,3307.5,
OI000011416,O00002841,M0077,1,1548.5,0.0,1548.5,
OI000011417,O00002841,M0001,1,1480.0,0.0,1480.0,
OI000011418,O00002841,M0082,2,590.0,0.0,1180.0,
OI000011419,O00002841,M0003,2,1050.0,0.0,2100.0,
OI000011420,O00002842,M0192,1,540.0,54.0,486.0,
OI000011421,O00002843,M0033,1,294.5,0.0,294.5,
OI000011422,O00002843,M0001,2,1406.0,0.0,2812.0,
OI000011423,O00002844,M0121,1,1585.5,0.0,1585.5,
OI000011424,O00002844,M0116,1,420.0,0.0,420.0,
OI000011425,O00002844,M0094,1,661.5,0.0,661.5,
OI000011426,O00002844,M0038,1,1320.0,198.0,1122.0,
OI000011427,O00002845,M0006,1,1700.5,0.0,1700.5,
OI000011428,O00002845,M0059,1,660.0,0.0,660.0,
OI000011429,O00002845,M0126,1,1520.0,0.0,1520.0,
OI000011430,O00002846,M0030,1,270.0,0.0,270.0,
OI000011431,O00002846,M0001,1,1406.0,0.0,1406.0,
OI000011432,O00002846,M0187,3,913.5,0.0,2740.5,
OI000011433,O00002846,M0068,2,920.0,0.0,1840.0,
OI000011434,O00002846,M0190,2,399.0,79.8,718.2,
OI000011435,O00002846,M0004,1,1710.0,0.0,1710.0,
OI000011436,O00002846,M0005,1,451.5,0.0,451.5,
OI000011437,O00002846,M0002,1,520.0,0.0,520.0,
OI000011438,O00002846,M0005,1,430.0,0.0,430.0,
OI000011439,O00002847,M0002,2,494.0,0.0,988.0,Customer request
OI000011440,O00002847,M0008,1,880.0,0.0,880.0,
OI000011441,O00002847,M0046,1,1722.0,0.0,1722.0,
OI000011442,O00002848,M0114,1,640.0,0.0,640.0,
OI000011443,O00002848,M0002,1,546.0,0.0,546.0,Customer request
OI000011444,O00002849,M0003,1,997.5,99.75,897.75,
OI000011445,O00002849,M0009,1,1660.0,0.0,1660.0,
OI000011446,O00002850,M0013,1,1575.0,0.0,1575.0,
OI000011447,O00002850,M0143,2,760.0,0.0,1520.0,
OI000011448,O00002850,M0006,1,1790.0,0.0,1790.0,
OI000011449,O00002851,M0003,1,1050.0,0.0,1050.0,
OI000011450,O00002851,M0136,1,740.0,37.0,703.0,Customer request
OI000011451,O00002851,M0140,1,1669.5,0.0,1669.5,
OI000011452,O00002851,M0101,3,550.0,0.0,1650.0,
OI000011453,O00002851,M0017,2,766.5,0.0,1533.0,
OI000011454,O00002852,M0154,3,1660.0,0.0,4980.0,
OI000011455,O00002852,M0023,1,551.0,0.0,551.0,
OI000011456,O00002853,M0104,1,200.0,0.0,200.0,
OI000011457,O00002853,M0023,1,580.0,0.0,580.0,
OI000011458,O00002853,M0029,1,660.0,0.0,660.0,
OI000011459,O00002853,M0131,2,990.0,0.0,1980.0,
OI000011460,O00002853,M0001,1,1480.0,0.0,1480.0,
OI000011461,O00002853,M0009,1,1660.0,0.0,1660.0,
OI000011462,O00002854,M0060,2,1239.0,0.0,2478.0,
OI000011463,O00002854,M0159,1,1040.0,0.0,1040.0,
OI000011464,O00002854,M0001,2,1480.0,0.0,2960.0,
OI000011465,O00002854,M0026,1,450.0,0.0,450.0,
OI000011466,O00002855,M0034,2,1197.0,0.0,2394.0,
OI000011467,O00002855,M0200,2,1218.0,0.0,2436.0,
OI000011468,O00002856,M0074,2,720.0,0.0,1440.0,
OI000011469,O00002856,M0003,2,1050.0,0.0,2100.0,
OI000011470,O00002856,M0041,1,1560.0,0.0,1560.0,
OI000011471,O00002857,M0003,2,1050.0,0.0,2100.0,
OI000011472,O00002857,M0082,1,619.5,0.0,619.5,
OI000011473,O00002857,M0015,2,1596.0,0.0,3192.0,
OI000011474,O00002857,M0064,4,420.0,0.0,1680.0,
OI000011475,O00002858,M0146,1,250.0,0.0,250.0,
OI000011476,O00002858,M0104,1,200.0,0.0,200.0,
OI000011477,O00002858,M0106,1,940.0,0.0,940.0,
OI000011478,O00002859,M0009,1,1660.0,0.0,1660.0,
OI000011479,O00002859,M0048,2,1501.0,0.0,3002.0,
OI000011480,O00002859,M0004,1,1800.0,0.0,1800.0,
OI000011481,O00002860,M0006,2,1790.0,0.0,3580.0,
OI000011482,O00002860,M0077,2,1630.0,0.0,3260.0,
OI000011483,O00002860,M0019,1,630.0,0.0,630.0,
OI000011484,O00002861,M0143,2,800.0,0.0,1600.0,
OI000011485,O00002861,M0030,3,270.0,0.0,810.0,
OI000011486,O00002861,M0001,2,1406.0,0.0,2812.0,
OI000011487,O00002862,M0020,2,1110.0,111.0,2109.0,
OI000011488,O00002862,M0003,1,997.5,0.0,997.5,
OI000011489,O00002862,M0197,3,313.5,0.0,940.5,
OI000011490,O00002863,M0001,3,1480.0,0.0,4440.0,
OI000011491,O00002863,M0042,1,1210.0,181.5,1028.5,
OI000011492,O00002863,M0015,1,1764.0,0.0,1764.0,
OI000011493,O00002863,M0051,2,712.5,142.5,1282.5,
OI000011494,O00002863,M0038,1,1386.0,0.0,1386.0,
OI000011495,O00002863,M0157,5,1460.0,365.0,6935.0,
OI000011496,O00002864,M0004,1,1710.0,0.0,1710.0,
OI000011497,O00002864,M0002,1,494.0,0.0,494.0,
OI000011498,O00002864,M0135,2,1540.0,0.0,3080.0,
OI000011499,O00002864,M0164,1,1206.5,120.65,1085.85,
OI000011500,O00002864,M0014,4,1795.5,0.0,7182.0,
OI000011501,O00002864,M0176,1,1691.0,0.0,1691.0,
OI000011502,O00002865,M0013,1,1500.0,0.0,1500.0,
OI000011503,O00002865,M0046,2,1640.0,0.0,3280.0,
OI000011504,O00002865,M0065,2,850.0,0.0,1700.0,
OI000011505,O00002865,M0197,1,330.0,0.0,330.0,
OI000011506,O00002866,M0004,1,1710.0,0.0,1710.0,
OI000011507,O00002866,M0010,2,430.0,0.0,860.0,
OI000011508,O00002867,M0039,3,1690.0,0.0,5070.0,
OI000011509,O00002867,M0005,5,430.0,0.0,2150.0,
OI000011510,O00002867,M0046,1,1558.0,0.0,1558.0,Customer request
OI000011511,O00002867,M0099,1,570.0,0.0,570.0,
OI000011512,O00002868,M0139,4,1770.0,0.0,7080.0,
OI000011513,O00002868,M0013,1,1500.0,225.0,1275.0,
OI000011514,O00002868,M0004,2,1800.0,0.0,3600.0,
OI000011515,O00002868,M0070,3,1630.0,0.0,4890.0,
OI000011516,O00002868,M0071,1,598.5,0.0,598.5,
OI000011517,O00002869,M0023,2,580.0,0.0,1160.0,Customer request
OI000011518,O00002869,M0048,2,1580.0,0.0,3160.0,Customer request
OI000011519,O00002869,M0106,1,940.0,0.0,940.0,
OI000011520,O00002869,M0084,4,1540.0,0.0,6160.0,
OI000011521,O00002869,M0067,2,1512.0,0.0,3024.0,
OI000011522,O00002870,M0064,5,420.0,0.0,2100.0,
OI000011523,O00002870,M0081,1,874.0,0.0,874.0,
OI000011524,O00002870,M0051,1,712.5,0.0,712.5,
OI000011525,O00002870,M0002,1,546.0,0.0,546.0,
OI000011526,O00002871,M0046,2,1722.0,0.0,3444.0,
OI000011527,O00002871,M0144,1,588.0,0.0,588.0,
OI000011528,O00002871,M0001,1,1554.0,0.0,1554.0,
OI000011529,O00002871,M0019,3,598.5,0.0,1795.5,
OI000011530,O00002872,M0018,1,1140.0,57.0,1083.0,
OI000011531,O00002872,M0007,1,1280.0,0.0,1280.0,
OI000011532,O00002872,M0044,1,360.0,0.0,360.0,
OI000011533,O00002872,M0004,1,1800.0,0.0,1800.0,
OI000011534,O00002872,M0156,1,1280.0,0.0,1280.0,
OI000011535,O00002872,M0003,1,1050.0,0.0,1050.0,
OI000011536,O00002872,M0181,1,266.0,0.0,266.0,
OI000011537,O00002873,M0001,1,1406.0,0.0,1406.0,
OI000011538,O00002873,M0030,1,283.5,0.0,283.5,
OI000011539,O00002873,M0001,4,1406.0,0.0,5624.0,
OI000011540,O00002874,M0138,4,665.0,0.0,2660.0,
OI000011541,O00002874,M0106,1,940.0,0.0,940.0,
OI000011542,O00002874,M0006,3,1790.0,0.0,5370.0,
OI000011543,O00002875,M0003,1,1102.5,0.0,1102.5,
OI000011544,O00002875,M0005,1,451.5,0.0,451.5,
OI000011545,O00002876,M0001,1,1480.0,0.0,1480.0,
OI000011546,O00002876,M0007,2,1280.0,0.0,2560.0,
OI000011547,O00002876,M0001,1,1406.0,0.0,1406.0,
OI000011548,O00002877,M0127,1,808.5,0.0,808.5,
OI000011549,O00002877,M0128,3,1070.0,0.0,3210.0,
OI000011550,O00002878,M0040,4,430.0,258.0,1462.0,Customer request
OI000011551,O00002878,M0158,1,745.5,0.0,745.5,
OI000011552,O00002879,M0014,1,1710.0,0.0,1710.0,
OI000011553,O00002879,M0004,1,1800.0,0.0,1800.0,
OI000011554,O00002879,M0010,1,430.0,43.0,387.0,
OI000011555,O00002880,M0002,1,494.0,0.0,494.0,
OI000011556,O00002880,M0115,2,1140.0,0.0,2280.0,
OI000011557,O00002880,M0093,1,976.5,0.0,976.5,
OI000011558,O00002880,M0004,1,1890.0,0.0,1890.0,
OI000011559,O00002880,M0039,3,1690.0,0.0,5070.0,
OI000011560,O00002880,M0009,2,1660.0,166.0,3154.0,
OI000011561,O00002881,M0003,3,1050.0,0.0,3150.0,
OI000011562,O00002881,M0007,1,1216.0,0.0,1216.0,
OI000011563,O00002882,M0050,2,760.0,0.0,1520.0,
OI000011564,O00002882,M0061,2,880.0,0.0,1760.0,Customer request
OI000011565,O00002883,M0004,3,1800.0,270.0,5130.0,
OI000011566,O00002884,M0097,2,320.0,0.0,640.0,
OI000011567,O00002884,M0045,2,1080.0,0.0,2160.0,
OI000011568,O00002884,M0022,2,1302.0,0.0,2604.0,
OI000011569,O00002884,M0060,3,1180.0,0.0,3540.0,
OI000011570,O00002884,M0013,1,1575.0,0.0,1575.0,
OI000011571,O00002884,M0008,1,924.0,0.0,924.0,
OI000011572,O00002885,M0161,1,410.0,0.0,410.0,
OI000011573,O00002885,M0148,1,1180.0,0.0,1180.0,
OI000011574,O00002885,M0028,2,870.0,261.0,1479.0,
OI000011575,O00002886,M0050,5,840.0,630.0,3570.0,Customer request
OI000011576,O00002886,M0063,1,1270.5,0.0,1270.5,
OI000011577,O00002886,M0062,1,959.5,0.0,959.5,
OI000011578,O00002886,M0036,1,1790.0,0.0,1790.0,
OI000011579,O00002886,M0011,1,1150.0,0.0,1150.0,
OI000011580,O00002887,M0144,1,560.0,0.0,560.0,Customer request
OI000011581,O00002887,M0042,2,1210.0,0.0,2420.0,
OI000011582,O00002887,M0152,1,588.0,0.0,588.0,
OI000011583,O00002887,M0118,1,1244.5,0.0,1244.5,
OI000011584,O00002887,M0061,1,880.0,0.0,880.0,
OI000011585,O00002887,M0077,1,1711.5,0.0,1711.5,
OI000011586,O00002888,M0154,2,1660.0,0.0,3320.0,
OI000011587,O00002888,M0057,1,525.0,0.0,525.0,
OI000011588,O00002888,M0027,1,790.0,0.0,790.0,
OI000011589,O00002888,M0024,1,551.0,0.0,551.0,
OI000011590,O00002888,M0189,1,1500.0,0.0,1500.0,
OI000011591,O00002888,M0090,1,1250.0,0.0,1250.0,
OI000011592,O00002888,M0067,3,1440.0,0.0,4320.0,
OI000011593,O00002889,M0002,1,520.0,0.0,520.0,
OI000011594,O00002889,M0047,1,1610.0,0.0,1610.0,
OI000011595,O00002889,M0004,2,1800.0,180.0,3420.0,
OI000011596,O00002889,M0018,1,1260.0,0.0,1260.0,
OI000011597,O00002890,M0041,2,1638.0,0.0,3276.0,
OI000011598,O00002890,M0001,1,1406.0,0.0,1406.0,
OI000011599,O00002890,M0132,3,1770.0,0.0,5310.0,
OI000011600,O00002891,M0023,3,580.0,87.0,1653.0,
OI000011601,O00002891,M0055,2,934.5,0.0,1869.0,
OI000011602,O00002892,M0005,1,430.0,0.0,430.0,
OI000011603,O00002892,M0075,2,1710.0,0.0,3420.0,
OI000011604,O00002892,M0011,1,1092.5,0.0,1092.5,
OI000011605,O00002892,M0034,1,1323.0,0.0,1323.0,
OI000011606,O00002893,M0012,1,598.5,0.0,598.5,
OI000011607,O00002893,M0060,1,1180.0,0.0,1180.0,
OI000011608,O00002893,M0127,2,731.5,0.0,1463.0,Customer request
OI000011609,O00002893,M0059,2,693.0,0.0,1386.0,
OI000011610,O00002894,M0004,1,1800.0,0.0,1800.0,
OI000011611,O00002894,M0007,2,1280.0,0.0,2560.0,
OI000011612,O00002894,M0035,1,966.0,0.0,966.0,
OI000011613,O00002895,M0008,1,880.0,0.0,880.0,
OI000011614,O00002895,M0005,1,430.0,64.5,365.5,
OI000011615,O00002895,M0001,1,1480.0,0.0,1480.0,
OI000011616,O00002895,M0002,1,520.0,52.0,468.0,
OI000011617,O00002896,M0043,1,1770.0,0.0,1770.0,
OI000011618,O00002896,M0005,1,430.0,0.0,430.0,
OI000011619,O00002896,M0031,1,1740.0,0.0,1740.0,
OI000011620,O00002896,M0059,1,660.0,0.0,660.0,
OI000011621,O00002896,M0007,1,1344.0,0.0,1344.0,
OI000011622,O00002897,M0173,1,1837.5,0.0,1837.5,Customer request
OI000011623,O00002897,M0008,4,836.0,0.0,3344.0,
OI000011624,O00002897,M0004,3,1710.0,0.0,5130.0,
OI000011625,O00002897,M0025,1,247.0,0.0,247.0,
OI000011626,O00002898,M0024,3,551.0,0.0,1653.0,
OI000011627,O00002898,M0130,1,1070.0,160.5,909.5,
OI000011628,O00002898,M0001,1,1480.0,74.0,1406.0,
OI000011629,O00002898,M0008,1,880.0,0.0,880.0,
OI000011630,O00002898,M0139,1,1858.5,0.0,1858.5,
OI000011631,O00002898,M0092,2,890.0,0.0,1780.0,
OI000011632,O00002898,M0001,1,1480.0,0.0,1480.0,
OI000011633,O00002899,M0036,4,1790.0,0.0,7160.0,
OI000011634,O00002899,M0007,2,1280.0,0.0,2560.0,
OI000011635,O00002899,M0194,1,1333.5,0.0,1333.5,
OI000011636,O00002899,M0191,1,1150.0,0.0,1150.0,
OI000011637,O00002899,M0162,1,330.0,0.0,330.0,
OI000011638,O00002900,M0001,1,1480.0,0.0,1480.0,
OI000011639,O00002900,M0151,1,619.5,0.0,619.5,
OI000011640,O00002900,M0012,2,570.0,0.0,1140.0,
OI000011641,O00002901,M0059,1,660.0,0.0,660.0,
OI000011642,O00002902,M0024,2,609.0,0.0,1218.0,
OI000011643,O00002902,M0014,2,1710.0,0.0,3420.0,
OI000011644,O00002902,M0009,1,1660.0,0.0,1660.0,
OI000011645,O00002902,M0022,1,1240.0,0.0,1240.0,
OI000011646,O00002902,M0010,1,430.0,0.0,430.0,
OI000011647,O00002902,M0161,3,410.0,123.0,1107.0,
OI000011648,O00002903,M0023,2,609.0,0.0,1218.0,
OI000011649,O00002903,M0170,2,945.0,0.0,1890.0,
OI000011650,O00002903,M0016,1,1230.0,0.0,1230.0,
OI000011651,O00002903,M0008,1,880.0,0.0,880.0,
OI000011652,O00002904,M0110,1,1650.0,0.0,1650.0,
OI000011653,O00002904,M0035,1,920.0,0.0,920.0,
OI000011654,O00002904,M0004,1,1800.0,180.0,1620.0,
OI000011655,O00002904,M0162,3,330.0,148.5,841.5,
OI000011656,O00002905,M0179,2,1440.0,0.0,2880.0,
OI000011657,O00002905,M0071,2,630.0,0.0,1260.0,
OI000011658,O00002905,M0185,1,1560.0,0.0,1560.0,
OI000011659,O00002906,M0067,1,1440.0,0.0,1440.0,
OI000011660,O00002906,M0055,1,890.0,0.0,890.0,
OI000011661,O00002907,M0117,2,1140.0,0.0,2280.0,
OI000011662,O00002907,M0001,1,1406.0,0.0,1406.0,
OI000011663,O00002908,M0024,1,580.0,0.0,580.0,
OI000011664,O00002908,M0022,4,1240.0,744.0,4216.0,
OI000011665,O00002908,M0054,1,1120.0,0.0,1120.0,
OI000011666,O00002908,M0014,1,1710.0,0.0,1710.0,
OI000011667,O00002908,M0025,1,260.0,0.0,260.0,
OI000011668,O00002908,M0126,1,1444.0,0.0,1444.0,
OI000011669,O00002909,M0172,1,1806.0,0.0,1806.0,
OI000011670,O00002909,M0029,2,660.0,0.0,1320.0,
OI000011671,O00002910,M0076,1,627.0,62.7,564.3,
OI000011672,O00002910,M0039,1,1690.0,0.0,1690.0,
OI000011673,O00002910,M0134,2,730.0,0.0,1460.0,
OI000011674,O00002910,M0008,1,880.0,0.0,880.0,
OI000011675,O00002910,M0132,1,1858.5,0.0,1858.5,
OI000011676,O00002910,M0034,3,1197.0,0.0,3591.0,
OI000011677,O00002910,M0025,2,260.0,0.0,520.0,
OI000011678,O00002910,M0174,1,510.0,76.5,433.5,
OI000011679,O00002911,M0011,2,1150.0,0.0,2300.0,
OI000011680,O00002911,M0002,1,520.0,0.0,520.0,
OI000011681,O00002912,M0067,4,1440.0,0.0,5760.0,
OI000011682,O00002912,M0008,3,880.0,396.0,2244.0,
OI000011683,O00002912,M0059,1,627.0,31.35,595.65,
OI000011684,O00002913,M0001,2,1554.0,0.0,3108.0,
OI000011685,O00002913,M0042,1,1210.0,0.0,1210.0,
OI000011686,O00002913,M0007,2,1344.0,0.0,2688.0,
OI000011687,O00002914,M0001,2,1406.0,0.0,2812.0,
OI000011688,O00002914,M0001,2,1480.0,0.0,2960.0,
OI000011689,O00002914,M0177,1,190.0,0.0,190.0,
OI000011690,O00002914,M0008,1,836.0,0.0,836.0,
OI000011691,O00002915,M0046,3,1558.0,0.0,4674.0,
OI000011692,O00002915,M0029,1,660.0,0.0,660.0,
OI000011693,O00002915,M0015,1,1680.0,0.0,1680.0,
OI000011694,O00002915,M0039,2,1690.0,0.0,3380.0,
OI000011695,O00002916,M0042,1,1270.5,0.0,1270.5,
OI000011696,O00002916,M0121,1,1510.0,0.0,1510.0,
OI000011697,O00002916,M0017,5,730.0,0.0,3650.0,
OI000011698,O00002916,M0014,3,1710.0,0.0,5130.0,
OI000011699,O00002916,M0069,2,1228.5,122.85,2334.15,
OI000011700,O00002917,M0016,1,1230.0,0.0,1230.0,
OI000011701,O00002917,M0033,1,325.5,0.0,325.5,
OI000011702,O00002917,M0004,1,1800.0,0.0,1800.0,
OI000011703,O00002917,M0009,1,1577.0,0.0,1577.0,
OI000011704,O00002918,M0005,1,430.0,0.0,430.0,
OI000011705,O00002918,M0123,1,777.0,0.0,777.0,
OI000011706,O00002918,M0106,1,987.0,0.0,987.0,
OI000011707,O00002919,M0018,3,1260.0,0.0,3780.0,
OI000011708,O00002920,M0023,2,580.0,0.0,1160.0,
OI000011709,O00002920,M0020,2,1110.0,0.0,2220.0,
OI000011710,O00002920,M0005,1,430.0,0.0,430.0,
OI000011711,O00002920,M0101,2,522.5,0.0,1045.0,
OI000011712,O00002920,M0118,1,1375.5,0.0,1375.5,
OI000011713,O00002920,M0052,1,710.0,0.0,710.0,
OI000011714,O00002921,M0087,3,1680.0,0.0,5040.0,
OI000011715,O00002921,M0062,3,1010.0,0.0,3030.0,
OI000011716,O00002921,M0002,2,546.0,0.0,1092.0,
OI000011717,O00002921,M0040,1,430.0,0.0,430.0,
OI000011718,O00002922,M0014,3,1710.0,769.5,4360.5,
OI000011719,O00002922,M0006,2,1790.0,0.0,3580.0,
OI000011720,O00002922,M0065,2,850.0,0.0,1700.0,Customer request
OI000011721,O00002922,M0143,2,800.0,0.0,1600.0,
OI000011722,O00002922,M0200,3,1160.0,174.0,3306.0,
OI000011723,O00002923,M0045,1,1134.0,0.0,1134.0,
OI000011724,O00002924,M0067,1,1368.0,0.0,1368.0,
OI000011725,O00002924,M0061,1,836.0,0.0,836.0,
OI000011726,O00002924,M0073,1,420.0,0.0,420.0,
OI000011727,O00002924,M0007,1,1216.0,0.0,1216.0,
OI000011728,O00002925,M0003,4,997.5,0.0,3990.0,
OI000011729,O00002925,M0020,3,1110.0,0.0,3330.0,Customer request
OI000011730,O00002925,M0027,1,790.0,0.0,790.0,
OI000011731,O00002925,M0094,2,661.5,198.45,1124.55,
OI000011732,O00002926,M0055,1,845.5,0.0,845.5,
OI000011733,O00002926,M0040,1,451.5,0.0,451.5,
OI000011734,O00002926,M0031,1,1740.0,87.0,1653.0,
OI000011735,O00002926,M0006,1,1790.0,0.0,1790.0,
OI000011736,O00002927,M0016,1,1230.0,0.0,1230.0,
OI000011737,O00002927,M0002,1,520.0,78.0,442.0,
OI000011738,O00002928,M0001,1,1480.0,0.0,1480.0,
OI000011739,O00002928,M0001,1,1406.0,0.0,1406.0,Customer request
OI000011740,O00002928,M0002,2,546.0,0.0,1092.0,
OI000011741,O00002928,M0049,1,1377.5,0.0,1377.5,
OI000011742,O00002928,M0184,1,1040.0,52.0,988.0,
OI000011743,O00002928,M0001,1,1406.0,0.0,1406.0,
OI000011744,O00002929,M0101,2,550.0,0.0,1100.0,Customer request
OI000011745,O00002929,M0065,1,892.5,0.0,892.5,
OI000011746,O00002929,M0130,1,1070.0,0.0,1070.0,
OI000011747,O00002929,M0171,1,1640.0,0.0,1640.0,
OI000011748,O00002929,M0112,1,610.0,0.0,610.0,
OI000011749,O00002929,M0106,1,940.0,47.0,893.0,
OI000011750,O00002929,M0002,2,546.0,0.0,1092.0,
OI000011751,O00002930,M0015,1,1680.0,0.0,1680.0,
OI000011752,O00002930,M0053,2,1858.5,0.0,3717.0,
OI000011753,O00002930,M0001,2,1480.0,0.0,2960.0,
OI000011754,O00002930,M0028,2,870.0,0.0,1740.0,
OI000011755,O00002931,M0001,1,1480.0,0.0,1480.0,
OI000011756,O00002931,M0087,3,1680.0,0.0,5040.0,
OI000011757,O00002931,M0008,1,836.0,0.0,836.0,
OI000011758,O00002931,M0091,4,332.5,0.0,1330.0,
OI000011759,O00002931,M0029,2,660.0,0.0,1320.0,
OI000011760,O00002931,M0002,1,520.0,0.0,520.0,
OI000011761,O00002931,M0158,5,710.0,0.0,3550.0,
OI000011762,O00002932,M0074,1,720.0,0.0,720.0,
OI000011763,O00002932,M0081,2,874.0,174.8,1573.2,
OI000011764,O00002932,M0006,3,1790.0,0.0,5370.0,
OI000011765,O00002933,M0002,1,494.0,0.0,494.0,
OI000011766,O00002933,M0175,1,674.5,0.0,674.5,Customer request
OI000011767,O00002933,M0014,2,1795.5,0.0,3591.0,
OI000011768,O00002934,M0006,1,1700.5,0.0,1700.5,Customer request
OI000011769,O00002934,M0139,1,1681.5,0.0,1681.5,
OI000011770,O00002935,M0026,1,450.0,0.0,450.0,
OI000011771,O00002935,M0062,1,1010.0,0.0,1010.0,
OI000011772,O00002935,M0008,1,880.0,88.0,792.0,
OI000011773,O00002935,M0183,1,630.0,0.0,630.0,
OI000011774,O00002936,M0028,1,826.5,0.0,826.5,
OI000011775,O00002936,M0021,1,1250.0,0.0,1250.0,
OI000011776,O00002936,M0001,1,1554.0,0.0,1554.0,
OI000011777,O00002936,M0077,1,1630.0,0.0,1630.0,
OI000011778,O00002936,M0038,2,1320.0,0.0,2640.0,
OI000011779,O00002936,M0182,3,1650.0,0.0,4950.0,
OI000011780,O00002936,M0003,1,1050.0,0.0,1050.0,Customer request
OI000011781,O00002937,M0018,2,1260.0,0.0,2520.0,Customer request
OI000011782,O00002937,M0007,1,1344.0,0.0,1344.0,
OI000011783,O00002937,M0066,1,609.0,0.0,609.0,
OI000011784,O00002938,M0001,2,1480.0,0.0,2960.0,
OI000011785,O00002938,M0196,2,1590.0,477.0,2703.0,
OI000011786,O00002938,M0078,3,1260.0,0.0,3780.0,
OI000011787,O00002939,M0017,3,766.5,0.0,2299.5,
OI000011788,O00002939,M0016,2,1230.0,246.0,2214.0,
OI000011789,O00002940,M0029,3,660.0,0.0,1980.0,
OI000011790,O00002940,M0074,1,720.0,0.0,720.0,
OI000011791,O00002940,M0048,1,1580.0,0.0,1580.0,
OI000011792,O00002940,M0029,1,660.0,0.0,660.0,
OI000011793,O00002940,M0005,2,430.0,0.0,860.0,
OI000011794,O00002940,M0004,1,1890.0,0.0,1890.0,
OI000011795,O00002940,M0156,2,1280.0,384.0,2176.0,
OI000011796,O00002941,M0040,2,430.0,0.0,860.0,Customer request
OI000011797,O00002942,M0046,2,1558.0,0.0,3116.0,Customer request
OI000011798,O00002942,M0022,1,1240.0,0.0,1240.0,
OI000011799,O00002942,M0077,1,1548.5,0.0,1548.5,Customer request
OI000011800,O00002942,M0107,1,342.0,0.0,342.0,
OI000011801,O00002943,M0020,1,1110.0,166.5,943.5,Customer request
OI000011802,O00002943,M0001,3,1406.0,632.7,3585.3,
OI000011803,O00002943,M0007,1,1344.0,0.0,1344.0,
OI000011804,O00002943,M0115,1,1140.0,0.0,1140.0,
OI000011805,O00002944,M0042,2,1210.0,0.0,2420.0,
OI000011806,O00002944,M0140,1,1669.5,0.0,1669.5,
OI000011807,O00002944,M0017,2,730.0,0.0,1460.0,
OI000011808,O00002944,M0011,2,1150.0,0.0,2300.0,
OI000011809,O00002944,M0001,1,1480.0,0.0,1480.0,
OI000011810,O00002944,M0004,1,1710.0,256.5,1453.5,
OI000011811,O00002944,M0013,2,1575.0,0.0,3150.0,
OI000011812,O00002944,M0002,2,520.0,0.0,1040.0,
OI000011813,O00002945,M0051,1,750.0,0.0,750.0,
OI000011814,O00002945,M0195,1,230.0,23.0,207.0,
OI000011815,O00002946,M0001,3,1406.0,0.0,4218.0,Customer request
OI000011816,O00002946,M0018,1,1200.0,0.0,1200.0,
OI000011817,O00002946,M0019,2,661.5,0.0,1323.0,
OI000011818,O00002946,M0001,2,1480.0,0.0,2960.0,
OI000011819,O00002947,M0004,1,1800.0,0.0,1800.0,
OI000011820,O00002947,M0025,1,260.0,0.0,260.0,
OI000011821,O00002948,M0176,1,1869.0,0.0,1869.0,
OI000011822,O00002948,M0044,1,378.0,0.0,378.0,
OI000011823,O00002948,M0002,1,520.0,0.0,520.0,
OI000011824,O00002948,M0087,1,1596.0,0.0,1596.0,
OI000011825,O00002948,M0129,2,1848.0,369.6,3326.4,
OI000011826,O00002948,M0110,1,1650.0,0.0,1650.0,
OI000011827,O00002948,M0114,2,608.0,0.0,1216.0,
OI000011828,O00002949,M0111,1,294.0,0.0,294.0,
OI000011829,O00002949,M0006,1,1790.0,0.0,1790.0,
OI000011830,O00002949,M0048,1,1659.0,0.0,1659.0,
OI000011831,O00002949,M0004,1,1890.0,189.0,1701.0,
OI000011832,O00002949,M0012,1,541.5,0.0,541.5,
OI000011833,O00002949,M0021,3,1250.0,0.0,3750.0,
OI000011834,O00002950,M0022,1,1240.0,0.0,1240.0,
OI000011835,O00002950,M0023,1,580.0,0.0,580.0,
OI000011836,O00002950,M0101,2,550.0,0.0,1100.0,
OI000011837,O00002950,M0054,3,1120.0,0.0,3360.0,
OI000011838,O00002950,M0059,4,660.0,0.0,2640.0,
OI000011839,O00002950,M0096,2,693.5,0.0,1387.0,
OI000011840,O00002951,M0005,2,430.0,0.0,860.0,
OI000011841,O00002951,M0026,3,427.5,0.0,1282.5,Customer request
OI000011842,O00002951,M0129,1,1672.0,0.0,1672.0,
OI000011843,O00002952,M0076,1,660.0,0.0,660.0,
OI000011844,O00002952,M0139,2,1770.0,0.0,3540.0,
OI000011845,O00002952,M0025,1,247.0,0.0,247.0,
OI000011846,O00002952,M0095,1,230.0,0.0,230.0,
OI000011847,O00002952,M0008,1,880.0,0.0,880.0,
OI000011848,O00002953,M0134,1,730.0,0.0,730.0,
OI000011849,O00002953,M0010,3,430.0,0.0,1290.0,
OI000011850,O00002953,M0013,3,1500.0,0.0,4500.0,
OI000011851,O00002953,M0079,2,1102.5,0.0,2205.0,
OI000011852,O00002953,M0089,1,1150.0,0.0,1150.0,
OI000011853,O00002954,M0001,1,1406.0,0.0,1406.0,
OI000011854,O00002954,M0003,1,1050.0,0.0,1050.0,Customer request
OI000011855,O00002954,M0007,1,1344.0,0.0,1344.0,
OI000011856,O00002954,M0200,1,1160.0,0.0,1160.0,
OI000011857,O00002955,M0115,2,1140.0,0.0,2280.0,
OI000011858,O00002955,M0079,1,997.5,0.0,997.5,
OI000011859,O00002956,M0180,1,250.0,0.0,250.0,
OI000011860,O00002957,M0071,1,630.0,0.0,630.0,
OI000011861,O00002957,M0072,1,1407.0,0.0,1407.0,
OI000011862,O00002958,M0148,2,1180.0,0.0,2360.0,
OI000011863,O00002958,M0010,1,430.0,0.0,430.0,
OI000011864,O00002958,M0001,1,1480.0,0.0,1480.0,
OI000011865,O00002959,M0079,1,1102.5,55.12,1047.38,
OI000011866,O00002959,M0003,2,1050.0,0.0,2100.0,Customer request
OI000011867,O00002960,M0009,1,1660.0,0.0,1660.0,
OI000011868,O00002960,M0115,1,1197.0,0.0,1197.0,
OI000011869,O00002960,M0099,1,541.5,0.0,541.5,
OI000011870,O00002960,M0028,1,870.0,0.0,870.0,
OI000011871,O00002961,M0002,1,494.0,0.0,494.0,
OI000011872,O00002961,M0010,1,430.0,0.0,430.0,Customer request
OI000011873,O00002961,M0028,2,870.0,0.0,1740.0,
OI000011874,O00002961,M0096,1,730.0,0.0,730.0,
OI000011875,O00002961,M0192,1,540.0,0.0,540.0,
OI000011876,O00002962,M0055,2,890.0,0.0,1780.0,
OI000011877,O00002962,M0001,1,1480.0,0.0,1480.0,
OI000011878,O00002962,M0006,1,1790.0,0.0,1790.0,
OI000011879,O00002962,M0008,3,924.0,0.0,2772.0,
OI000011880,O00002963,M0057,2,500.0,0.0,1000.0,
OI000011881,O00002963,M0001,3,1480.0,666.0,3774.0,
OI000011882,O00002964,M0033,1,310.0,0.0,310.0,
OI000011883,O00002964,M0198,1,680.0,0.0,680.0,
OI000011884,O00002964,M0096,1,730.0,0.0,730.0,
OI000011885,O00002965,M0096,2,693.5,0.0,1387.0,
OI000011886,O00002965,M0088,1,1140.0,0.0,1140.0,
OI000011887,O00002966,M0070,2,1630.0,0.0,3260.0,
OI000011888,O00002966,M0010,1,451.5,0.0,451.5,
OI000011889,O00002966,M0101,1,522.5,0.0,522.5,
OI000011890,O00002966,M0060,2,1121.0,0.0,2242.0,
OI000011891,O00002967,M0006,1,1790.0,0.0,1790.0,
OI000011892,O00002967,M0189,2,1500.0,0.0,3000.0,
OI000011893,O00002967,M0192,1,540.0,0.0,540.0,
OI000011894,O00002967,M0016,4,1230.0,246.0,4674.0,
OI000011895,O00002968,M0091,3,350.0,0.0,1050.0,
OI000011896,O00002968,M0069,2,1111.5,0.0,2223.0,
OI000011897,O00002969,M0046,1,1722.0,0.0,1722.0,Customer request
OI000011898,O00002969,M0004,1,1800.0,90.0,1710.0,
OI000011899,O00002969,M0027,1,750.5,0.0,750.5,
OI000011900,O00002969,M0083,3,540.0,0.0,1620.0,
OI000011901,O00002970,M0194,1,1270.0,0.0,1270.0,
OI000011902,O00002970,M0053,1,1858.5,0.0,1858.5,
OI000011903,O00002970,M0090,1,1312.5,0.0,1312.5,Customer request
OI000011904,O00002970,M0155,1,556.5,0.0,556.5,
OI000011905,O00002970,M0053,1,1770.0,177.0,1593.0,
OI000011906,O00002970,M0094,2,661.5,0.0,1323.0,
OI000011907,O00002971,M0026,2,472.5,0.0,945.0,Customer request
OI000011908,O00002971,M0010,1,451.5,0.0,451.5,
OI000011909,O00002971,M0030,2,283.5,0.0,567.0,
OI000011910,O00002971,M0002,2,520.0,0.0,1040.0,
OI000011911,O00002972,M0163,1,1390.0,0.0,1390.0,
OI000011912,O00002972,M0011,1,1150.0,0.0,1150.0,
OI000011913,O00002972,M0026,1,450.0,0.0,450.0,
OI000011914,O00002973,M0062,1,1010.0,101.0,909.0,
OI000011915,O00002973,M0032,4,830.0,0.0,3320.0,
OI000011916,O00002974,M0009,2,1743.0,0.0,3486.0,
OI000011917,O00002974,M0192,2,540.0,0.0,1080.0,
OI000011918,O00002974,M0126,1,1520.0,0.0,1520.0,
OI000011919,O00002975,M0002,3,520.0,0.0,1560.0,
OI000011920,O00002975,M0016,1,1230.0,0.0,1230.0,
OI000011921,O00002975,M0005,2,430.0,0.0,860.0,
OI000011922,O00002975,M0028,1,826.5,0.0,826.5,
OI000011923,O00002975,M0005,1,408.5,0.0,408.5,Customer request
OI000011924,O00002975,M0011,2,1150.0,0.0,2300.0,
OI000011925,O00002975,M0035,2,920.0,0.0,1840.0,
OI000011926,O00002976,M0003,1,997.5,0.0,997.5,
OI000011927,O00002976,M0131,2,940.5,0.0,1881.0,
OI000011928,O00002977,M0015,2,1680.0,0.0,3360.0,
OI000011929,O00002977,M0155,2,556.5,0.0,1113.0,
OI000011930,O00002977,M0001,1,1480.0,0.0,1480.0,
OI000011931,O00002978,M0097,1,304.0,0.0,304.0,
OI000011932,O00002978,M0133,1,1000.0,0.0,1000.0,
OI000011933,O00002978,M0192,1,513.0,25.65,487.35,
OI000011934,O00002978,M0003,1,1050.0,0.0,1050.0,
OI000011935,O00002979,M0023,1,551.0,0.0,551.0,
OI000011936,O00002979,M0093,2,930.0,0.0,1860.0,
OI000011937,O00002979,M0034,1,1323.0,0.0,1323.0,
OI000011938,O00002980,M0115,1,1140.0,0.0,1140.0,
OI000011939,O00002980,M0191,1,1207.5,0.0,1207.5,
OI000011940,O00002980,M0092,1,890.0,0.0,890.0,
OI000011941,O00002980,M0087,1,1596.0,0.0,1596.0,
OI000011942,O00002980,M0043,1,1858.5,278.77,1579.73,
OI000011943,O00002980,M0026,1,450.0,0.0,450.0,
OI000011944,O00002981,M0120,2,1827.0,0.0,3654.0,
OI000011945,O00002981,M0006,1,1790.0,0.0,1790.0,
OI000011946,O00002981,M0131,3,940.5,0.0,2821.5,
OI000011947,O00002981,M0121,2,1585.5,0.0,3171.0,
OI000011948,O00002981,M0085,5,1720.0,0.0,8600.0,
OI000011949,O00002981,M0073,1,441.0,0.0,441.0,
OI000011950,O00002982,M0001,1,1480.0,0.0,1480.0,
OI000011951,O00002982,M0195,2,230.0,0.0,460.0,
OI000011952,O00002983,M0018,1,1140.0,0.0,1140.0,
OI000011953,O00002983,M0017,1,766.5,76.65,689.85,
OI000011954,O00002983,M0194,1,1270.0,0.0,1270.0,
OI000011955,O00002984,M0007,1,1280.0,192.0,1088.0,
OI000011956,O00002984,M0175,1,674.5,0.0,674.5,
OI000011957,O00002985,M0017,2,693.5,0.0,1387.0,
OI000011958,O00002985,M0002,1,520.0,78.0,442.0,
OI000011959,O00002985,M0035,1,920.0,92.0,828.0,
OI000011960,O00002985,M0076,1,660.0,0.0,660.0,
OI000011961,O00002985,M0052,1,745.5,0.0,745.5,
OI000011962,O00002985,M0174,1,484.5,48.45,436.05,
OI000011963,O00002985,M0017,1,730.0,73.0,657.0,
OI000011964,O00002986,M0024,1,580.0,0.0,580.0,
OI000011965,O00002986,M0007,2,1280.0,0.0,2560.0,
OI000011966,O00002986,M0045,1,1026.0,0.0,1026.0,
OI000011967,O00002987,M0168,1,1710.0,0.0,1710.0,
OI000011968,O00002987,M0014,1,1710.0,0.0,1710.0,
OI000011969,O00002988,M0002,1,546.0,0.0,546.0,
OI000011970,O00002988,M0015,1,1680.0,0.0,1680.0,
OI000011971,O00002988,M0141,3,1350.0,0.0,4050.0,
OI000011972,O00002989,M0148,1,1180.0,118.0,1062.0,
OI000011973,O00002989,M0002,1,520.0,0.0,520.0,
OI000011974,O00002989,M0094,1,630.0,0.0,630.0,
OI000011975,O00002989,M0003,2,1050.0,0.0,2100.0,
OI000011976,O00002989,M0141,1,1350.0,202.5,1147.5,
OI000011977,O00002989,M0028,1,870.0,0.0,870.0,
OI000011978,O00002990,M0148,1,1180.0,0.0,1180.0,
OI000011979,O00002990,M0001,1,1406.0,0.0,1406.0,
OI000011980,O00002991,M0001,4,1480.0,0.0,5920.0,
OI000011981,O00002991,M0166,1,351.5,0.0,351.5,
OI000011982,O00002991,M0097,2,320.0,0.0,640.0,
OI000011983,O00002991,M0003,1,1102.5,0.0,1102.5,
OI000011984,O00002991,M0144,1,560.0,0.0,560.0,
OI000011985,O00002991,M0128,1,1070.0,0.0,1070.0,
OI000011986,O00002991,M0038,1,1320.0,0.0,1320.0,
OI000011987,O00002992,M0004,1,1710.0,171.0,1539.0,
OI000011988,O00002992,M0021,3,1250.0,0.0,3750.0,
OI000011989,O00002992,M0040,1,430.0,0.0,430.0,
OI000011990,O00002992,M0005,1,408.5,20.42,388.08,
OI000011991,O00002993,M0130,1,1070.0,0.0,1070.0,
OI000011992,O00002993,M0120,5,1653.0,0.0,8265.0,
OI000011993,O00002993,M0001,1,1480.0,0.0,1480.0,
OI000011994,O00002993,M0001,1,1480.0,0.0,1480.0,
OI000011995,O00002994,M0023,1,580.0,0.0,580.0,
OI000011996,O00002994,M0160,2,1837.5,551.25,3123.75,Customer request
OI000011997,O00002994,M0096,2,766.5,0.0,1533.0,
OI000011998,O00002994,M0177,3,200.0,0.0,600.0,
OI000011999,O00002995,M0009,1,1660.0,0.0,1660.0,
OI000012000,O00002995,M0183,2,630.0,0.0,1260.0,
OI000012001,O00002995,M0037,1,1690.5,0.0,1690.5,
OI000012002,O00002995,M0052,1,674.5,0.0,674.5,
OI000012003,O00002996,M0006,2,1700.5,0.0,3401.0,
OI000012004,O00002996,M0026,1,427.5,0.0,427.5,
OI000012005,O00002996,M0092,2,845.5,0.0,1691.0,
OI000012006,O00002996,M0014,1,1795.5,0.0,1795.5,
OI000012007,O00002996,M0001,1,1554.0,0.0,1554.0,
OI000012008,O00002996,M0121,1,1510.0,0.0,1510.0,
OI000012009,O00002996,M0001,1,1480.0,148.0,1332.0,
OI000012010,O00002997,M0002,4,546.0,0.0,2184.0,
OI000012011,O00002997,M0058,1,1417.5,0.0,1417.5,
OI000012012,O00002998,M0066,1,580.0,0.0,580.0,
OI000012013,O00002998,M0040,1,430.0,0.0,430.0,
OI000012014,O00002998,M0001,3,1406.0,0.0,4218.0,
OI000012015,O00002999,M0099,1,598.5,0.0,598.5,
OI000012016,O00003000,M0049,1,1522.5,0.0,1522.5,
OI000012017,O00003000,M0066,1,551.0,0.0,551.0,
OI000012018,O00003000,M0001,2,1554.0,0.0,3108.0,
OI000012019,O00003001,M0002,2,520.0,0.0,1040.0,
OI000012020,O00003001,M0080,4,913.5,0.0,3654.0,
OI000012021,O00003001,M0068,1,920.0,0.0,920.0,
OI000012022,O00003002,M0005,1,451.5,0.0,451.5,
OI000012023,O00003002,M0032,2,788.5,0.0,1577.0,
OI000012024,O00003002,M0011,1,1150.0,0.0,1150.0,
OI000012025,O00003003,M0055,2,934.5,0.0,1869.0,
OI000012026,O00003003,M0106,2,940.0,0.0,1880.0,
OI000012027,O00003003,M0004,2,1800.0,0.0,3600.0,
OI000012028,O00003004,M0061,2,880.0,0.0,1760.0,
OI000012029,O00003004,M0023,1,580.0,0.0,580.0,
OI000012030,O00003004,M0005,1,451.5,67.72,383.78,
OI000012031,O00003004,M0018,1,1200.0,120.0,1080.0,
OI000012032,O00003004,M0002,2,494.0,0.0,988.0,
OI000012033,O00003004,M0063,2,1210.0,0.0,2420.0,
OI000012034,O00003005,M0199,1,440.0,0.0,440.0,
OI000012035,O00003005,M0084,4,1463.0,0.0,5852.0,
OI000012036,O00003005,M0127,1,731.5,0.0,731.5,
OI000012037,O00003006,M0006,3,1879.5,281.92,5356.58,
OI000012038,O00003006,M0002,1,520.0,0.0,520.0,
OI000012039,O00003007,M0001,4,1480.0,296.0,5624.0,
OI000012040,O00003007,M0083,1,540.0,0.0,540.0,
OI000012041,O00003007,M0116,2,441.0,0.0,882.0,
OI000012042,O00003007,M0004,1,1800.0,0.0,1800.0,
OI000012043,O00003007,M0028,1,826.5,41.32,785.18,
OI000012044,O00003008,M0047,4,1690.5,0.0,6762.0,Customer request
OI000012045,O00003008,M0177,1,190.0,0.0,190.0,
OI000012046,O00003008,M0155,2,503.5,100.7,906.3,
OI000012047,O00003008,M0001,1,1480.0,0.0,1480.0,Customer request
OI000012048,O00003009,M0001,1,1480.0,0.0,1480.0,
OI000012049,O00003009,M0178,1,273.0,0.0,273.0,
OI000012050,O00003009,M0001,1,1406.0,0.0,1406.0,
OI000012051,O00003009,M0046,1,1722.0,0.0,1722.0,Customer request
OI000012052,O00003009,M0002,1,520.0,0.0,520.0,
OI000012053,O00003010,M0065,1,892.5,0.0,892.5,
OI000012054,O00003010,M0004,2,1800.0,0.0,3600.0,
OI000012055,O00003010,M0001,2,1554.0,0.0,3108.0,
OI000012056,O00003010,M0009,2,1660.0,166.0,3154.0,
OI000012057,O00003010,M0037,3,1690.5,0.0,5071.5,
OI000012058,O00003010,M0037,1,1610.0,0.0,1610.0,
OI000012059,O00003011,M0094,3,630.0,0.0,1890.0,
OI000012060,O00003011,M0001,1,1480.0,0.0,1480.0,
OI000012061,O00003011,M0001,1,1480.0,0.0,1480.0,
OI000012062,O00003011,M0078,1,1260.0,0.0,1260.0,Customer request
OI000012063,O00003011,M0175,1,710.0,0.0,710.0,
OI000012064,O00003011,M0005,1,451.5,0.0,451.5,
OI000012065,O00003012,M0003,1,1050.0,0.0,1050.0,
OI000012066,O00003012,M0013,4,1425.0,0.0,5700.0,
OI000012067,O00003012,M0075,1,1710.0,0.0,1710.0,
OI000012068,O00003013,M0093,1,930.0,0.0,930.0,Customer request
OI000012069,O00003013,M0166,2,370.0,0.0,740.0,
OI000012070,O00003013,M0107,1,360.0,0.0,360.0,Customer request
OI000012071,O00003013,M0001,1,1480.0,0.0,1480.0,Customer request
OI000012072,O00003013,M0005,2,430.0,0.0,860.0,
OI000012073,O00003013,M0014,1,1624.5,0.0,1624.5,
OI000012074,O00003014,M0171,4,1558.0,0.0,6232.0,
OI000012075,O00003014,M0051,2,750.0,0.0,1500.0,
OI000012076,O00003014,M0198,1,680.0,0.0,680.0,
OI000012077,O00003015,M0011,4,1092.5,0.0,4370.0,
OI000012078,O00003016,M0159,2,1040.0,0.0,2080.0,
OI000012079,O00003016,M0074,1,756.0,0.0,756.0,
OI000012080,O00003017,M0142,1,730.0,0.0,730.0,
OI000012081,O00003017,M0159,1,1040.0,0.0,1040.0,
OI000012082,O00003017,M0025,1,247.0,0.0,247.0,
OI000012083,O00003017,M0136,1,703.0,0.0,703.0,
OI000012084,O00003017,M0191,1,1092.5,0.0,1092.5,
OI000012085,O00003018,M0065,1,807.5,0.0,807.5,
OI000012086,O00003018,M0008,1,880.0,0.0,880.0,
OI000012087,O00003018,M0008,1,880.0,0.0,880.0,
OI000012088,O00003018,M0090,4,1187.5,0.0,4750.0,
OI000012089,O00003018,M0012,1,570.0,0.0,570.0,
OI000012090,O00003018,M0020,1,1110.0,0.0,1110.0,
OI000012091,O00003019,M0036,1,1790.0,0.0,1790.0,
OI000012092,O00003019,M0154,1,1577.0,0.0,1577.0,
OI000012093,O00003020,M0078,1,1323.0,0.0,1323.0,
OI000012094,O00003020,M0010,1,408.5,0.0,408.5,
OI000012095,O00003021,M0003,2,1050.0,315.0,1785.0,
OI000012096,O00003021,M0009,3,1743.0,0.0,5229.0,
OI000012097,O00003021,M0013,2,1500.0,0.0,3000.0,
OI000012098,O00003021,M0084,1,1540.0,0.0,1540.0,
OI000012099,O00003021,M0022,3,1240.0,0.0,3720.0,
OI000012100,O00003022,M0199,2,440.0,132.0,748.0,
OI000012101,O00003022,M0001,1,1406.0,210.9,1195.1,
OI000012102,O00003023,M0014,1,1624.5,0.0,1624.5,
OI000012103,O00003023,M0002,1,520.0,0.0,520.0,
OI000012104,O00003023,M0015,1,1680.0,0.0,1680.0,
OI000012105,O00003023,M0023,1,580.0,0.0,580.0,
OI000012106,O00003023,M0144,5,560.0,0.0,2800.0,
OI000012107,O00003023,M0022,3,1178.0,0.0,3534.0,
OI000012108,O00003024,M0001,1,1406.0,0.0,1406.0,
OI000012109,O00003024,M0176,1,1691.0,0.0,1691.0,
OI000012110,O00003024,M0003,1,1050.0,0.0,1050.0,Customer request
OI000012111,O00003025,M0097,2,304.0,0.0,608.0,
OI000012112,O00003025,M0005,2,451.5,0.0,903.0,
OI000012113,O00003026,M0160,1,1837.5,0.0,1837.5,
OI000012114,O00003026,M0006,1,1790.0,0.0,1790.0,
OI000012115,O00003026,M0129,1,1760.0,0.0,1760.0,
OI000012116,O00003026,M0020,1,1110.0,0.0,1110.0,
OI000012117,O00003027,M0024,2,609.0,60.9,1157.1,
OI000012118,O00003027,M0056,1,250.0,0.0,250.0,
OI000012119,O00003028,M0030,2,270.0,0.0,540.0,
OI000012120,O00003028,M0013,1,1500.0,0.0,1500.0,
OI000012121,O00003028,M0007,1,1280.0,0.0,1280.0,
OI000012122,O00003028,M0008,3,924.0,0.0,2772.0,
OI000012123,O00003028,M0075,3,1710.0,0.0,5130.0,
OI000012124,O00003028,M0002,1,520.0,0.0,520.0,
OI000012125,O00003029,M0042,2,1210.0,0.0,2420.0,
OI000012126,O00003029,M0017,3,730.0,0.0,2190.0,
OI000012127,O00003030,M0014,1,1710.0,0.0,1710.0,
OI000012128,O00003030,M0079,3,1102.5,0.0,3307.5,
OI000012129,O00003030,M0032,1,830.0,0.0,830.0,
OI000012130,O00003030,M0001,1,1480.0,0.0,1480.0,
OI000012131,O00003031,M0153,1,1848.0,0.0,1848.0,
OI000012132,O00003031,M0147,3,988.0,0.0,2964.0,
OI000012133,O00003031,M0022,1,1178.0,0.0,1178.0,
OI000012134,O00003031,M0001,1,1480.0,222.0,1258.0,
OI000012135,O00003031,M0001,1,1406.0,0.0,1406.0,
OI000012136,O00003031,M0030,1,283.5,0.0,283.5,
OI000012137,O00003032,M0002,1,546.0,0.0,546.0,
OI000012138,O00003032,M0024,1,580.0,0.0,580.0,
OI000012139,O00003032,M0004,2,1890.0,0.0,3780.0,Customer request
OI000012140,O00003033,M0108,1,430.0,0.0,430.0,
OI000012141,O00003033,M0016,2,1230.0,369.0,2091.0,
OI000012142,O00003033,M0017,3,730.0,0.0,2190.0,
OI000012143,O00003033,M0001,1,1554.0,0.0,1554.0,
OI000012144,O00003033,M0062,2,1010.0,0.0,2020.0,
OI000012145,O00003033,M0097,1,320.0,32.0,288.0,
OI000012146,O00003033,M0008,1,880.0,0.0,880.0,
OI000012147,O00003034,M0053,1,1770.0,0.0,1770.0,
OI000012148,O00003035,M0060,3,1180.0,0.0,3540.0,
OI000012149,O00003036,M0056,4,262.5,0.0,1050.0,
OI000012150,O00003036,M0074,2,756.0,75.6,1436.4,
OI000012151,O00003036,M0101,1,550.0,0.0,550.0,
OI000012152,O00003036,M0092,1,890.0,0.0,890.0,
OI000012153,O00003036,M0044,1,342.0,0.0,342.0,
OI000012154,O00003037,M0167,1,532.0,0.0,532.0,
OI000012155,O00003037,M0100,2,1790.0,0.0,3580.0,
OI000012156,O00003038,M0144,1,560.0,0.0,560.0,
OI000012157,O00003038,M0033,1,325.5,0.0,325.5,
OI000012158,O00003038,M0074,2,720.0,0.0,1440.0,
OI000012159,O00003038,M0132,1,1770.0,0.0,1770.0,
OI000012160,O00003038,M0038,1,1320.0,0.0,1320.0,
OI000012161,O00003038,M0137,1,1770.0,177.0,1593.0,
OI000012162,O00003038,M0082,3,590.0,0.0,1770.0,
OI000012163,O00003039,M0091,2,332.5,0.0,665.0,
OI000012164,O00003039,M0162,3,330.0,0.0,990.0,
OI000012165,O00003039,M0012,1,570.0,0.0,570.0,
OI000012166,O00003039,M0049,5,1522.5,0.0,7612.5,
OI000012167,O00003040,M0008,1,836.0,0.0,836.0,
OI000012168,O00003040,M0036,2,1790.0,0.0,3580.0,
OI000012169,O00003040,M0024,1,609.0,60.9,548.1,
OI000012170,O00003040,M0025,4,273.0,0.0,1092.0,
OI000012171,O00003040,M0005,1,408.5,0.0,408.5,
OI000012172,O00003041,M0055,2,890.0,0.0,1780.0,
OI000012173,O00003041,M0105,5,1375.5,0.0,6877.5,
OI000012174,O00003041,M0008,2,836.0,167.2,1504.8,Customer request
OI000012175,O00003041,M0002,2,520.0,0.0,1040.0,
OI000012176,O00003041,M0007,2,1216.0,0.0,2432.0,
OI000012177,O00003042,M0091,4,350.0,0.0,1400.0,
OI000012178,O00003042,M0001,2,1480.0,0.0,2960.0,
OI000012179,O00003042,M0054,1,1120.0,0.0,1120.0,
OI000012180,O00003042,M0114,1,672.0,0.0,672.0,
OI000012181,O00003042,M0107,2,342.0,0.0,684.0,
OI000012182,O00003042,M0193,1,550.0,0.0,550.0,
OI000012183,O00003043,M0103,1,1150.0,0.0,1150.0,
OI000012184,O00003043,M0003,2,997.5,0.0,1995.0,Customer request
OI000012185,O00003043,M0014,1,1710.0,0.0,1710.0,
OI000012186,O00003044,M0006,1,1790.0,0.0,1790.0,
OI000012187,O00003044,M0016,2,1168.5,0.0,2337.0,
OI000012188,O00003044,M0058,2,1350.0,0.0,2700.0,
OI000012189,O00003044,M0009,1,1660.0,0.0,1660.0,
OI000012190,O00003045,M0003,1,997.5,0.0,997.5,
OI000012191,O00003045,M0078,1,1197.0,0.0,1197.0,
OI000012192,O00003045,M0002,2,520.0,0.0,1040.0,
OI000012193,O00003045,M0172,1,1634.0,163.4,1470.6,
OI000012194,O00003045,M0054,1,1120.0,0.0,1120.0,
OI000012195,O00003046,M0094,3,630.0,0.0,1890.0,
OI000012196,O00003046,M0116,1,420.0,0.0,420.0,
OI000012197,O00003046,M0059,2,693.0,0.0,1386.0,
OI000012198,O00003046,M0075,1,1624.5,81.23,1543.27,Customer request
OI000012199,O00003046,M0103,1,1150.0,172.5,977.5,
OI000012200,O00003046,M0025,1,260.0,0.0,260.0,
OI000012201,O00003047,M0001,2,1406.0,0.0,2812.0,
OI000012202,O00003047,M0182,1,1567.5,0.0,1567.5,
OI000012203,O00003047,M0007,1,1280.0,0.0,1280.0,
OI000012204,O00003047,M0003,4,1050.0,0.0,4200.0,
OI000012205,O00003047,M0158,1,710.0,0.0,710.0,
OI000012206,O00003047,M0038,1,1320.0,0.0,1320.0,
OI000012207,O00003048,M0009,2,1660.0,0.0,3320.0,
OI000012208,O00003048,M0164,1,1270.0,0.0,1270.0,
OI000012209,O00003048,M0129,1,1672.0,0.0,1672.0,
OI000012210,O00003049,M0025,1,260.0,0.0,260.0,
OI000012211,O00003049,M0176,1,1780.0,0.0,1780.0,
OI000012212,O00003049,M0002,1,546.0,0.0,546.0,
OI000012213,O00003049,M0167,2,560.0,0.0,1120.0,
OI000012214,O00003050,M0026,4,450.0,90.0,1710.0,
OI000012215,O00003050,M0026,1,450.0,0.0,450.0,
OI000012216,O00003050,M0025,3,260.0,0.0,780.0,
OI000012217,O00003050,M0022,3,1302.0,0.0,3906.0,
OI000012218,O00003050,M0038,1,1386.0,0.0,1386.0,
OI000012219,O00003050,M0198,1,680.0,0.0,680.0,
OI000012220,O00003050,M0001,1,1480.0,0.0,1480.0,
OI000012221,O00003051,M0032,1,830.0,0.0,830.0,
OI000012222,O00003051,M0009,1,1660.0,249.0,1411.0,
OI000012223,O00003051,M0004,2,1890.0,0.0,3780.0,
OI000012224,O00003052,M0160,2,1662.5,332.5,2992.5,
OI000012225,O00003052,M0017,1,766.5,38.33,728.17,
OI000012226,O00003052,M0039,1,1690.0,0.0,1690.0,
OI000012227,O00003052,M0163,1,1320.5,0.0,1320.5,
OI000012228,O00003052,M0028,1,826.5,0.0,826.5,
OI000012229,O00003053,M0009,2,1577.0,157.7,2996.3,
OI000012230,O00003053,M0002,1,546.0,0.0,546.0,Customer request
OI000012231,O00003053,M0049,1,1450.0,145.0,1305.0,
OI000012232,O00003053,M0154,1,1577.0,0.0,1577.0,
OI000012233,O00003053,M0002,1,520.0,52.0,468.0,
OI000012234,O00003053,M0024,2,580.0,0.0,1160.0,
OI000012235,O00003054,M0065,2,807.5,0.0,1615.0,
OI000012236,O00003054,M0002,2,520.0,0.0,1040.0,
OI000012237,O00003054,M0002,2,520.0,0.0,1040.0,
OI000012238,O00003054,M0005,1,430.0,0.0,430.0,
OI000012239,O00003054,M0003,3,1050.0,0.0,3150.0,
OI000012240,O00003054,M0016,1,1230.0,0.0,1230.0,
OI000012241,O00003055,M0020,1,1110.0,0.0,1110.0,
OI000012242,O00003056,M0025,1,260.0,0.0,260.0,
OI000012243,O00003056,M0030,1,270.0,40.5,229.5,
OI000012244,O00003056,M0001,1,1480.0,0.0,1480.0,
OI000012245,O00003056,M0064,2,399.0,0.0,798.0,
OI000012246,O00003056,M0084,1,1540.0,0.0,1540.0,
OI000012247,O00003056,M0003,1,1102.5,55.12,1047.38,
OI000012248,O00003057,M0006,2,1790.0,179.0,3401.0,
OI000012249,O00003057,M0009,1,1660.0,0.0,1660.0,
OI000012250,O00003057,M0020,3,1110.0,0.0,3330.0,
OI000012251,O00003057,M0019,1,598.5,29.92,568.58,
OI000012252,O00003057,M0005,1,451.5,0.0,451.5,
OI000012253,O00003057,M0001,3,1554.0,0.0,4662.0,
OI000012254,O00003058,M0010,1,451.5,0.0,451.5,
OI000012255,O00003058,M0099,1,570.0,28.5,541.5,
OI000012256,O00003058,M0001,4,1480.0,0.0,5920.0,
OI000012257,O00003059,M0015,1,1680.0,0.0,1680.0,
OI000012258,O00003059,M0005,2,451.5,0.0,903.0,
OI000012259,O00003060,M0078,3,1260.0,0.0,3780.0,
OI000012260,O00003060,M0012,1,570.0,0.0,570.0,
OI000012261,O00003060,M0018,1,1200.0,0.0,1200.0,
OI000012262,O00003060,M0156,2,1280.0,0.0,2560.0,
OI000012263,O00003060,M0052,1,710.0,71.0,639.0,
OI000012264,O00003061,M0116,2,420.0,0.0,840.0,
OI000012265,O00003061,M0070,2,1630.0,0.0,3260.0,
OI000012266,O00003062,M0178,1,247.0,0.0,247.0,
OI000012267,O00003062,M0044,1,360.0,0.0,360.0,Customer request
OI000012268,O00003062,M0007,1,1216.0,0.0,1216.0,
OI000012269,O00003062,M0073,4,399.0,0.0,1596.0,
OI000012270,O00003062,M0114,1,640.0,0.0,640.0,
OI000012271,O00003062,M0182,1,1567.5,0.0,1567.5,
OI000012272,O00003062,M0054,1,1120.0,0.0,1120.0,
OI000012273,O00003063,M0115,1,1197.0,0.0,1197.0,
OI000012274,O00003063,M0077,1,1711.5,171.15,1540.35,
OI000012275,O00003063,M0098,1,1168.5,0.0,1168.5,
OI000012276,O00003063,M0049,2,1522.5,0.0,3045.0,
OI000012277,O00003063,M0010,2,408.5,0.0,817.0,
OI000012278,O00003063,M0002,1,520.0,0.0,520.0,
OI000012279,O00003063,M0080,1,870.0,0.0,870.0,
OI000012280,O00003064,M0118,1,1244.5,0.0,1244.5,
OI000012281,O00003064,M0097,1,320.0,0.0,320.0,
OI000012282,O00003065,M0001,1,1480.0,0.0,1480.0,
OI000012283,O00003066,M0001,1,1480.0,0.0,1480.0,
OI000012284,O00003066,M0002,1,546.0,0.0,546.0,
OI000012285,O00003066,M0116,1,399.0,0.0,399.0,
OI000012286,O00003066,M0052,1,674.5,0.0,674.5,
OI000012287,O00003066,M0048,1,1580.0,0.0,1580.0,
OI000012288,O00003067,M0005,1,430.0,0.0,430.0,
OI000012289,O00003067,M0001,1,1480.0,148.0,1332.0,
OI000012290,O00003067,M0105,2,1310.0,0.0,2620.0,
OI000012291,O00003068,M0118,1,1310.0,0.0,1310.0,Customer request
OI000012292,O00003068,M0007,1,1280.0,0.0,1280.0,
OI000012293,O00003068,M0117,1,1140.0,0.0,1140.0,
OI000012294,O00003068,M0011,1,1092.5,0.0,1092.5,Customer request
OI000012295,O00003068,M0111,1,266.0,0.0,266.0,
OI000012296,O00003069,M0001,1,1480.0,0.0,1480.0,
OI000012297,O00003069,M0014,3,1710.0,0.0,5130.0,
OI000012298,O00003070,M0096,1,693.5,104.02,589.48,Customer request
OI000012299,O00003070,M0009,2,1660.0,0.0,3320.0,
OI000012300,O00003070,M0001,2,1480.0,0.0,2960.0,
OI000012301,O00003070,M0003,2,1102.5,0.0,2205.0,
OI000012302,O00003070,M0179,1,1368.0,0.0,1368.0,
OI000012303,O00003070,M0050,1,760.0,0.0,760.0,
OI000012304,O00003071,M0004,2,1710.0,0.0,3420.0,
OI000012305,O00003071,M0061,1,924.0,0.0,924.0,
OI000012306,O00003071,M0055,1,890.0,0.0,890.0,
OI000012307,O00003071,M0020,1,1165.5,0.0,1165.5,
OI000012308,O00003072,M0065,1,850.0,0.0,850.0,
OI000012309,O00003072,M0002,1,520.0,26.0,494.0,
OI000012310,O00003072,M0012,5,541.5,0.0,2707.5,
OI000012311,O00003073,M0001,2,1480.0,0.0,2960.0,
OI000012312,O00003073,M0155,1,530.0,0.0,530.0,
OI000012313,O00003074,M0145,5,1760.0,440.0,8360.0,
OI000012314,O00003074,M0005,1,430.0,0.0,430.0,
OI000012315,O00003074,M0077,1,1630.0,163.0,1467.0,
OI000012316,O00003075,M0112,1,610.0,61.0,549.0,
OI000012317,O00003075,M0019,1,598.5,0.0,598.5,
OI000012318,O00003075,M0113,2,882.0,264.6,1499.4,
OI000012319,O00003075,M0030,2,270.0,0.0,540.0,
OI000012320,O00003075,M0106,2,987.0,197.4,1776.6,
OI000012321,O00003075,M0092,4,934.5,0.0,3738.0,Customer request
OI000012322,O00003075,M0042,1,1210.0,0.0,1210.0,
OI000012323,O00003076,M0033,1,310.0,0.0,310.0,
OI000012324,O00003076,M0010,1,430.0,0.0,430.0,
OI000012325,O00003076,M0020,2,1165.5,0.0,2331.0,
OI000012326,O00003076,M0018,3,1200.0,0.0,3600.0,Customer request
OI000012327,O00003077,M0002,1,520.0,0.0,520.0,
OI000012328,O00003077,M0035,1,920.0,0.0,920.0,
OI000012329,O00003077,M0046,1,1640.0,0.0,1640.0,
OI000012330,O00003078,M0183,3,661.5,0.0,1984.5,
OI000012331,O00003078,M0009,3,1660.0,0.0,4980.0,
OI000012332,O00003078,M0019,1,661.5,0.0,661.5,
OI000012333,O00003078,M0040,2,430.0,0.0,860.0,
OI000012334,O00003079,M0128,1,1123.5,0.0,1123.5,
OI000012335,O00003079,M0008,1,880.0,0.0,880.0,
OI000012336,O00003079,M0006,1,1790.0,0.0,1790.0,
OI000012337,O00003080,M0037,4,1610.0,0.0,6440.0,
OI000012338,O00003080,M0003,1,1050.0,0.0,1050.0,Customer request
OI000012339,O00003080,M0073,2,441.0,0.0,882.0,
OI000012340,O00003080,M0130,1,1123.5,0.0,1123.5,
OI000012341,O00003080,M0001,2,1480.0,0.0,2960.0,
OI000012342,O00003080,M0005,2,451.5,0.0,903.0,
OI000012343,O00003081,M0045,1,1080.0,0.0,1080.0,
OI000012344,O00003081,M0117,1,1197.0,0.0,1197.0,
OI000012345,O00003081,M0030,2,270.0,0.0,540.0,Customer request
OI000012346,O00003081,M0101,1,577.5,0.0,577.5,
OI000012347,O00003082,M0021,2,1250.0,0.0,2500.0,
OI000012348,O00003082,M0017,2,730.0,0.0,1460.0,
OI000012349,O00003082,M0004,1,1710.0,0.0,1710.0,
OI000012350,O00003083,M0003,2,1102.5,0.0,2205.0,
OI000012351,O00003083,M0088,1,1197.0,0.0,1197.0,
OI000012352,O00003084,M0004,3,1800.0,270.0,5130.0,
OI000012353,O00003084,M0020,1,1110.0,0.0,1110.0,
OI000012354,O00003084,M0039,2,1690.0,507.0,2873.0,
OI000012355,O00003084,M0008,2,880.0,0.0,1760.0,
OI000012356,O00003084,M0119,2,240.0,0.0,480.0,
OI000012357,O00003085,M0019,1,598.5,0.0,598.5,
OI000012358,O00003085,M0016,1,1230.0,0.0,1230.0,
OI000012359,O00003085,M0004,2,1800.0,0.0,3600.0,
OI000012360,O00003085,M0006,5,1879.5,0.0,9397.5,
OI000012361,O00003086,M0010,1,430.0,0.0,430.0,
OI000012362,O00003086,M0014,1,1710.0,0.0,1710.0,
OI000012363,O00003086,M0075,1,1710.0,0.0,1710.0,
OI000012364,O00003087,M0198,1,714.0,0.0,714.0,
OI000012365,O00003087,M0033,1,310.0,0.0,310.0,
OI000012366,O00003087,M0076,1,660.0,0.0,660.0,
OI000012367,O00003088,M0007,2,1216.0,0.0,2432.0,
OI000012368,O00003088,M0172,1,1720.0,0.0,1720.0,
OI000012369,O00003088,M0111,2,280.0,0.0,560.0,
OI000012370,O00003088,M0070,1,1630.0,0.0,1630.0,
OI000012371,O00003089,M0011,2,1207.5,0.0,2415.0,
OI000012372,O00003089,M0002,1,520.0,0.0,520.0,
OI000012373,O00003089,M0183,2,630.0,0.0,1260.0,
OI000012374,O00003090,M0082,2,590.0,0.0,1180.0,
OI000012375,O00003090,M0003,1,997.5,0.0,997.5,
OI000012376,O00003090,M0040,3,430.0,0.0,1290.0,
OI000012377,O00003090,M0052,1,710.0,0.0,710.0,
OI000012378,O00003091,M0024,1,580.0,0.0,580.0,
OI000012379,O00003091,M0027,1,829.5,0.0,829.5,
OI000012380,O00003091,M0039,2,1690.0,0.0,3380.0,
OI000012381,O00003091,M0107,1,360.0,0.0,360.0,
OI000012382,O00003091,M0111,1,280.0,0.0,280.0,
OI000012383,O00003091,M0179,1,1440.0,216.0,1224.0,
OI000012384,O00003091,M0004,2,1890.0,378.0,3402.0,
OI000012385,O00003092,M0002,2,520.0,0.0,1040.0,
OI000012386,O00003092,M0052,1,710.0,0.0,710.0,
OI000012387,O00003092,M0075,3,1710.0,0.0,5130.0,
OI000012388,O00003092,M0013,2,1500.0,0.0,3000.0,
OI000012389,O00003092,M0192,2,567.0,0.0,1134.0,
OI000012390,O00003093,M0123,1,703.0,0.0,703.0,
OI000012391,O00003093,M0030,2,270.0,0.0,540.0,
OI000012392,O00003093,M0081,1,920.0,0.0,920.0,
OI000012393,O00003094,M0025,2,273.0,0.0,546.0,
OI000012394,O00003094,M0005,1,430.0,21.5,408.5,
OI000012395,O00003094,M0003,1,1050.0,0.0,1050.0,Customer request
OI000012396,O00003094,M0010,1,430.0,0.0,430.0,
OI000012397,O00003095,M0146,1,262.5,0.0,262.5,
OI000012398,O00003095,M0016,2,1168.5,0.0,2337.0,
OI000012399,O00003096,M0152,2,560.0,0.0,1120.0,
OI000012400,O00003096,M0106,2,940.0,0.0,1880.0,
OI000012401,O00003097,M0051,1,750.0,0.0,750.0,
OI000012402,O00003097,M0147,1,988.0,148.2,839.8,
OI000012403,O00003097,M0004,2,1800.0,0.0,3600.0,
OI000012404,O00003097,M0001,1,1554.0,0.0,1554.0,
OI000012405,O00003097,M0090,2,1312.5,0.0,2625.0,
OI000012406,O00003097,M0151,1,590.0,0.0,590.0,Customer request
OI000012407,O00003097,M0017,1,730.0,0.0,730.0,
OI000012408,O00003098,M0001,1,1554.0,0.0,1554.0,
OI000012409,O00003098,M0095,1,218.5,0.0,218.5,
OI000012410,O00003098,M0015,1,1596.0,0.0,1596.0,
OI000012411,O00003098,M0047,1,1690.5,0.0,1690.5,
OI000012412,O00003099,M0005,1,430.0,0.0,430.0,
OI000012413,O00003099,M0069,1,1111.5,0.0,1111.5,
OI000012414,O00003100,M0037,4,1529.5,0.0,6118.0,
OI000012415,O00003100,M0001,1,1406.0,0.0,1406.0,
OI000012416,O00003100,M0001,3,1480.0,0.0,4440.0,
OI000012417,O00003100,M0023,2,580.0,0.0,1160.0,
OI000012418,O00003101,M0004,1,1800.0,0.0,1800.0,
OI000012419,O00003101,M0151,3,560.5,0.0,1681.5,
OI000012420,O00003101,M0002,1,520.0,0.0,520.0,
OI000012421,O00003102,M0079,1,997.5,0.0,997.5,
OI000012422,O00003102,M0014,1,1624.5,0.0,1624.5,
OI000012423,O00003102,M0165,1,540.0,0.0,540.0,
OI000012424,O00003103,M0003,1,1102.5,110.25,992.25,
OI000012425,O00003104,M0099,2,598.5,0.0,1197.0,
OI000012426,O00003104,M0178,1,247.0,12.35,234.65,
OI000012427,O00003104,M0177,1,200.0,0.0,200.0,
OI000012428,O00003104,M0007,1,1280.0,0.0,1280.0,
OI000012429,O00003105,M0010,2,430.0,0.0,860.0,
OI000012430,O00003105,M0003,1,1050.0,0.0,1050.0,
OI000012431,O00003105,M0016,1,1168.5,0.0,1168.5,
OI000012432,O00003106,M0069,1,1228.5,0.0,1228.5,
OI000012433,O00003106,M0001,1,1480.0,0.0,1480.0,
OI000012434,O00003106,M0061,3,880.0,0.0,2640.0,
OI000012435,O00003107,M0001,1,1554.0,0.0,1554.0,
OI000012436,O00003107,M0065,2,850.0,0.0,1700.0,
OI000012437,O00003107,M0122,1,470.0,47.0,423.0,
OI000012438,O00003108,M0015,1,1680.0,0.0,1680.0,
OI000012439,O00003108,M0019,1,630.0,0.0,630.0,
OI000012440,O00003108,M0082,3,590.0,0.0,1770.0,
OI000012441,O00003108,M0110,1,1567.5,0.0,1567.5,
OI000012442,O00003108,M0200,1,1102.0,0.0,1102.0,
OI000012443,O00003109,M0038,1,1320.0,0.0,1320.0,
OI000012444,O00003110,M0128,2,1070.0,0.0,2140.0,
OI000012445,O00003110,M0001,1,1480.0,0.0,1480.0,
OI000012446,O00003110,M0002,1,520.0,0.0,520.0,
OI000012447,O00003110,M0135,1,1540.0,0.0,1540.0,
OI000012448,O00003110,M0017,1,730.0,0.0,730.0,
OI000012449,O00003111,M0006,1,1790.0,0.0,1790.0,Customer request
OI000012450,O00003111,M0019,1,598.5,0.0,598.5,
OI000012451,O00003111,M0036,1,1700.5,0.0,1700.5,
OI000012452,O00003112,M0012,1,570.0,0.0,570.0,
OI000012453,O00003112,M0005,3,430.0,193.5,1096.5,
OI000012454,O00003112,M0001,1,1554.0,0.0,1554.0,
OI000012455,O00003112,M0095,3,230.0,0.0,690.0,
OI000012456,O00003112,M0150,2,300.0,0.0,600.0,
OI000012457,O00003113,M0001,2,1554.0,0.0,3108.0,
OI000012458,O00003113,M0014,2,1710.0,0.0,3420.0,
OI000012459,O00003114,M0145,2,1760.0,0.0,3520.0,
OI000012460,O00003114,M0001,1,1554.0,0.0,1554.0,
OI000012461,O00003114,M0084,2,1540.0,0.0,3080.0,
OI000012462,O00003115,M0007,1,1280.0,0.0,1280.0,
OI000012463,O00003115,M0097,1,320.0,0.0,320.0,
OI000012464,O00003115,M0069,2,1111.5,0.0,2223.0,
OI000012465,O00003115,M0168,1,1710.0,0.0,1710.0,
OI000012466,O00003115,M0011,1,1150.0,0.0,1150.0,
OI000012467,O00003115,M0003,3,1050.0,0.0,3150.0,
OI000012468,O00003115,M0031,1,1827.0,0.0,1827.0,
OI000012469,O00003116,M0192,1,513.0,0.0,513.0,
OI000012470,O00003116,M0001,1,1554.0,0.0,1554.0,
OI000012471,O00003117,M0004,4,1890.0,756.0,6804.0,
OI000012472,O00003118,M0129,1,1672.0,0.0,1672.0,
OI000012473,O00003118,M0071,1,630.0,0.0,630.0,
OI000012474,O00003118,M0021,1,1250.0,0.0,1250.0,
OI000012475,O00003119,M0031,1,1740.0,0.0,1740.0,
OI000012476,O00003119,M0007,1,1344.0,0.0,1344.0,
OI000012477,O00003119,M0180,1,262.5,0.0,262.5,
OI000012478,O00003119,M0013,2,1500.0,0.0,3000.0,Customer request
OI000012479,O00003119,M0017,1,730.0,0.0,730.0,
OI000012480,O00003119,M0027,2,790.0,0.0,1580.0,
OI000012481,O00003120,M0005,1,451.5,0.0,451.5,
OI000012482,O00003120,M0005,1,430.0,0.0,430.0,
OI000012483,O00003120,M0050,1,760.0,0.0,760.0,
OI000012484,O00003120,M0098,1,1230.0,0.0,1230.0,
OI000012485,O00003120,M0090,1,1187.5,118.75,1068.75,
OI000012486,O00003121,M0043,1,1770.0,0.0,1770.0,
OI000012487,O00003121,M0058,1,1350.0,0.0,1350.0,
OI000012488,O00003122,M0042,1,1210.0,0.0,1210.0,
OI000012489,O00003122,M0137,1,1858.5,185.85,1672.65,
OI000012490,O00003123,M0017,2,766.5,0.0,1533.0,
OI000012491,O00003123,M0002,2,494.0,0.0,988.0,
OI000012492,O00003123,M0023,3,551.0,165.3,1487.7,
OI000012493,O00003123,M0135,1,1463.0,0.0,1463.0,
OI000012494,O00003123,M0149,-1,920.0,0.0,2760.0,
OI000012495,O00003124,M0047,2,1610.0,0.0,3220.0,
OI000012496,O00003124,M0001,2,1480.0,0.0,2960.0,
OI000012497,O00003124,M0081,5,920.0,460.0,4140.0,
OI000012498,O00003124,M0062,1,1010.0,50.5,959.5,
OI000012499,O00003124,M0025,2,260.0,0.0,520.0,
OI000012500,O00003124,M0004,1,1800.0,0.0,1800.0,
OI000012501,O00003125,M0051,1,750.0,0.0,750.0,
OI000012502,O00003125,M0029,2,693.0,0.0,1386.0,
OI000012503,O00003125,M0001,1,1480.0,0.0,1480.0,
OI000012504,O00003126,M0018,1,1260.0,189.0,1071.0,
OI000012505,O00003126,M0167,1,560.0,0.0,560.0,
OI000012506,O00003126,M0020,1,1165.5,0.0,1165.5,
OI000012507,O00003126,M0022,1,1178.0,176.7,1001.3,
OI000012508,O00003126,M0041,2,1560.0,468.0,2652.0,
OI000012509,O00003127,M0010,1,430.0,0.0,430.0,
OI000012510,O00003127,M0001,1,1480.0,148.0,1332.0,
OI000012511,O00003127,M0050,1,800.0,0.0,800.0,
OI000012512,O00003127,M0031,1,1827.0,0.0,1827.0,
OI000012513,O00003127,M0070,1,1711.5,0.0,1711.5,
OI000012514,O00003127,M0028,1,913.5,0.0,913.5,
OI000012515,O00003128,M0007,1,1344.0,0.0,1344.0,
OI000012516,O00003128,M0017,1,730.0,0.0,730.0,
OI000012517,O00003128,M0001,1,1554.0,0.0,1554.0,
OI000012518,O00003128,M0003,1,997.5,0.0,997.5,
OI000012519,O00003128,M0102,2,504.0,0.0,1008.0,Customer request
OI000012520,O00003128,M0164,1,1206.5,0.0,1206.5,
OI000012521,O00003128,M0015,1,1764.0,0.0,1764.0,Customer request
OI000012522,O00003128,M0162,1,330.0,33.0,297.0,
OI000012523,O00003129,M0058,2,1417.5,0.0,2835.0,
OI000012524,O00003129,M0009,1,1660.0,0.0,1660.0,
OI000012525,O00003129,M0050,2,840.0,0.0,1680.0,
OI000012526,O00003129,M0110,1,1650.0,0.0,1650.0,
OI000012527,O00003129,M0102,2,504.0,0.0,1008.0,
OI000012528,O00003129,M0142,2,730.0,0.0,1460.0,
OI000012529,O00003129,M0102,1,456.0,0.0,456.0,
OI000012530,O00003130,M0073,1,420.0,0.0,420.0,
OI000012531,O00003130,M0017,1,730.0,0.0,730.0,Customer request
OI000012532,O00003130,M0004,2,1710.0,0.0,3420.0,
OI000012533,O00003131,M0002,1,546.0,0.0,546.0,
OI000012534,O00003131,M0112,2,610.0,0.0,1220.0,
OI000012535,O00003131,M0095,1,230.0,0.0,230.0,
OI000012536,O00003131,M0146,2,250.0,0.0,500.0,
OI000012537,O00003132,M0001,3,1554.0,0.0,4662.0,
OI000012538,O00003132,M0058,1,1350.0,0.0,1350.0,
OI000012539,O00003132,M0080,2,913.5,0.0,1827.0,
OI000012540,O00003133,M0020,1,1165.5,0.0,1165.5,
OI000012541,O00003133,M0037,2,1690.5,0.0,3381.0,Customer request
OI000012542,O00003133,M0031,2,1740.0,0.0,3480.0,
OI000012543,O00003133,M0023,1,580.0,0.0,580.0,
OI000012544,O00003133,M0010,1,408.5,0.0,408.5,
OI000012545,O00003133,M0194,2,1206.5,0.0,2413.0,
OI000012546,O00003133,M0141,1,1350.0,0.0,1350.0,
OI000012547,O00003134,M0102,2,480.0,48.0,912.0,
OI000012548,O00003134,M0123,2,703.0,0.0,1406.0,
OI000012549,O00003134,M0121,1,1434.5,0.0,1434.5,
OI000012550,O00003134,M0001,1,1480.0,0.0,1480.0,
OI000012551,O00003134,M0045,1,1080.0,0.0,1080.0,
OI000012552,O00003135,M0027,1,790.0,0.0,790.0,
OI000012553,O00003135,M0005,4,430.0,0.0,1720.0,
OI000012554,O00003135,M0008,2,880.0,0.0,1760.0,
OI000012555,O00003136,M0003,1,1102.5,0.0,1102.5,
OI000012556,O00003136,M0028,3,870.0,0.0,2610.0,
OI000012557,O00003136,M0008,1,880.0,0.0,880.0,
OI000012558,O00003136,M0005,3,430.0,0.0,1290.0,
OI000012559,O00003136,M0040,1,430.0,0.0,430.0,
OI000012560,O00003136,M0005,1,408.5,0.0,408.5,
OI000012561,O00003137,M0047,1,1610.0,0.0,1610.0,
OI000012562,O00003137,M0003,1,997.5,0.0,997.5,
OI000012563,O00003138,M0076,2,660.0,0.0,1320.0,
OI000012564,O00003138,M0010,2,430.0,43.0,817.0,
OI000012565,O00003139,M0094,1,630.0,0.0,630.0,
OI000012566,O00003139,M0106,3,940.0,0.0,2820.0,
OI000012567,O00003139,M0192,1,540.0,81.0,459.0,
OI000012568,O00003140,M0001,2,1554.0,0.0,3108.0,
OI000012569,O00003140,M0110,1,1650.0,0.0,1650.0,
OI000012570,O00003141,M0029,3,660.0,0.0,1980.0,
OI000012571,O00003141,M0002,3,520.0,0.0,1560.0,
OI000012572,O00003141,M0092,1,890.0,0.0,890.0,
OI000012573,O00003141,M0001,2,1480.0,0.0,2960.0,
OI000012574,O00003141,M0134,1,730.0,36.5,693.5,
OI000012575,O00003142,M0057,2,500.0,0.0,1000.0,
OI000012576,O00003142,M0004,1,1800.0,0.0,1800.0,
OI000012577,O00003142,M0069,2,1111.5,0.0,2223.0,
OI000012578,O00003142,M0004,2,1800.0,0.0,3600.0,
OI000012579,O00003143,M0043,3,1858.5,0.0,5575.5,
OI000012580,O00003143,M0001,2,1554.0,0.0,3108.0,
OI000012581,O00003143,M0166,1,370.0,0.0,370.0,
OI000012582,O00003143,M0001,1,1480.0,0.0,1480.0,
OI000012583,O00003143,M0089,1,1150.0,0.0,1150.0,
OI000012584,O00003143,M0076,2,660.0,0.0,1320.0,
OI000012585,O00003144,M0061,1,880.0,0.0,880.0,
OI000012586,O00003144,M0001,1,1480.0,0.0,1480.0,
OI000012587,O00003144,M0062,2,1060.5,0.0,2121.0,
OI000012588,O00003144,M0052,2,674.5,0.0,1349.0,
OI000012589,O00003144,M0057,2,525.0,0.0,1050.0,
OI000012590,O00003145,M0038,1,1386.0,138.6,1247.4,
OI000012591,O00003145,M0012,2,541.5,0.0,1083.0,
OI000012592,O00003145,M0006,4,1700.5,0.0,6802.0,
OI000012593,O00003145,M0025,1,260.0,0.0,260.0,
OI000012594,O00003146,M0017,1,693.5,0.0,693.5,Customer request
OI000012595,O00003146,M0071,1,630.0,0.0,630.0,
OI000012596,O00003146,M0008,1,836.0,83.6,752.4,
OI000012597,O00003146,M0104,1,210.0,0.0,210.0,
OI000012598,O00003146,M0189,2,1500.0,0.0,3000.0,
OI000012599,O00003146,M0074,1,684.0,0.0,684.0,
OI000012600,O00003146,M0033,1,310.0,0.0,310.0,
OI000012601,O00003147,M0004,1,1800.0,0.0,1800.0,
OI000012602,O00003147,M0190,1,399.0,19.95,379.05,
OI000012603,O00003147,M0008,1,880.0,0.0,880.0,
OI000012604,O00003147,M0043,1,1858.5,0.0,1858.5,
OI000012605,O00003147,M0024,1,551.0,0.0,551.0,
OI000012606,O00003147,M0005,1,451.5,0.0,451.5,
OI000012607,O00003147,M0100,2,1790.0,0.0,3580.0,
OI000012608,O00003148,M0002,2,546.0,0.0,1092.0,
OI000012609,O00003148,M0022,1,1240.0,0.0,1240.0,
OI000012610,O00003148,M0005,1,430.0,0.0,430.0,
OI000012611,O00003149,M0040,3,430.0,0.0,1290.0,
OI000012612,O00003149,M0131,2,1039.5,311.85,1767.15,
OI000012613,O00003149,M0144,1,532.0,0.0,532.0,
OI000012614,O00003149,M0036,1,1879.5,0.0,1879.5,
OI000012615,O00003150,M0007,1,1280.0,0.0,1280.0,
OI000012616,O00003150,M0017,3,730.0,0.0,2190.0,
OI000012617,O00003151,M0071,3,661.5,0.0,1984.5,
OI000012618,O00003151,M0009,1,1577.0,0.0,1577.0,
OI000012619,O00003151,M0003,1,997.5,0.0,997.5,
OI000012620,O00003152,M0009,1,1660.0,0.0,1660.0,
OI000012621,O00003152,M0002,1,494.0,0.0,494.0,
OI000012622,O00003152,M0009,3,1743.0,261.45,4967.55,
OI000012623,O00003152,M0001,1,1406.0,0.0,1406.0,Customer request
OI000012624,O00003152,M0001,1,1406.0,0.0,1406.0,
OI000012625,O00003153,M0130,1,1070.0,0.0,1070.0,Customer request
OI000012626,O00003153,M0004,1,1710.0,0.0,1710.0,
OI000012627,O00003153,M0124,1,1029.0,102.9,926.1,
OI000012628,O00003153,M0198,1,646.0,0.0,646.0,
OI000012629,O00003153,M0018,4,1200.0,0.0,4800.0,Customer request
OI000012630,O00003154,M0024,1,580.0,0.0,580.0,
OI000012631,O00003154,M0009,1,1660.0,166.0,1494.0,
OI000012632,O00003154,M0002,1,520.0,0.0,520.0,
OI000012633,O00003154,M0058,1,1417.5,0.0,1417.5,
OI000012634,O00003154,M0126,2,1596.0,0.0,3192.0,
OI000012635,O00003155,M0066,1,580.0,0.0,580.0,
OI000012636,O00003155,M0002,1,520.0,0.0,520.0,
OI000012637,O00003155,M0051,1,750.0,0.0,750.0,
OI000012638,O00003155,M0059,2,660.0,0.0,1320.0,
OI000012639,O00003156,M0071,1,630.0,0.0,630.0,
OI000012640,O00003156,M0001,1,1480.0,0.0,1480.0,Customer request
OI000012641,O00003156,M0074,1,720.0,0.0,720.0,
OI000012642,O00003156,M0051,1,712.5,71.25,641.25,
OI000012643,O00003156,M0134,2,766.5,0.0,1533.0,
OI000012644,O00003156,M0004,1,1800.0,0.0,1800.0,
OI000012645,O00003157,M0001,2,1480.0,0.0,2960.0,
OI000012646,O00003157,M0112,5,640.5,0.0,3202.5,
OI000012647,O00003157,M0002,1,546.0,0.0,546.0,
OI000012648,O00003157,M0017,1,730.0,0.0,730.0,
OI000012649,O00003157,M0134,2,730.0,219.0,1241.0,
OI000012650,O00003158,M0009,1,1660.0,0.0,1660.0,
OI000012651,O00003158,M0023,1,580.0,0.0,580.0,
OI000012652,O00003158,M0053,1,1858.5,0.0,1858.5,
OI000012653,O00003158,M0058,1,1350.0,0.0,1350.0,
OI000012654,O00003159,M0048,1,1580.0,0.0,1580.0,
OI000012655,O00003159,M0001,1,1480.0,74.0,1406.0,
OI000012656,O00003160,M0099,1,570.0,0.0,570.0,
OI000012657,O00003160,M0105,1,1310.0,65.5,1244.5,
OI000012658,O00003160,M0002,1,494.0,0.0,494.0,
OI000012659,O00003160,M0086,1,1653.0,0.0,1653.0,
OI000012660,O00003161,M0032,2,871.5,0.0,1743.0,
OI000012661,O00003161,M0001,1,1554.0,0.0,1554.0,
OI000012662,O00003161,M0073,1,441.0,0.0,441.0,
OI000012663,O00003161,M0026,1,450.0,22.5,427.5,
OI000012664,O00003161,M0003,1,1102.5,0.0,1102.5,
OI000012665,O00003161,M0004,1,1710.0,0.0,1710.0,Customer request
OI000012666,O00003161,M0092,1,934.5,0.0,934.5,
OI000012667,O00003162,M0171,5,1640.0,0.0,8200.0,
OI000012668,O00003162,M0004,1,1710.0,0.0,1710.0,
OI000012669,O00003162,M0019,1,630.0,0.0,630.0,
OI000012670,O00003162,M0012,1,570.0,0.0,570.0,
OI000012671,O00003162,M0047,1,1690.5,0.0,1690.5,
OI000012672,O00003162,M0005,1,430.0,21.5,408.5,
OI000012673,O00003162,M0045,3,1080.0,0.0,3240.0,
OI000012674,O00003162,M0119,2,228.0,0.0,456.0,
OI000012675,O00003163,M0059,1,693.0,0.0,693.0,
OI000012676,O00003163,M0005,1,451.5,0.0,451.5,
OI000012677,O00003163,M0089,2,1150.0,0.0,2300.0,
OI000012678,O00003163,M0026,1,472.5,0.0,472.5,
OI000012679,O00003163,M0002,1,546.0,0.0,546.0,
OI000012680,O00003163,M0012,2,541.5,0.0,1083.0,
OI000012681,O00003164,M0007,1,1280.0,0.0,1280.0,
OI000012682,O00003164,M0124,1,980.0,0.0,980.0,
OI000012683,O00003164,M0006,1,1879.5,0.0,1879.5,
OI000012684,O00003164,M0033,2,310.0,0.0,620.0,
OI000012685,O00003164,M0062,3,1010.0,0.0,3030.0,
OI000012686,O00003164,M0001,1,1554.0,0.0,1554.0,
OI000012687,O00003164,M0003,1,1102.5,0.0,1102.5,
OI000012688,O00003165,M0102,5,456.0,114.0,2166.0,
OI000012689,O00003165,M0013,1,1500.0,0.0,1500.0,
OI000012690,O00003165,M0075,1,1710.0,0.0,1710.0,
OI000012691,O00003165,M0093,3,930.0,0.0,2790.0,
OI000012692,O00003166,M0059,1,693.0,0.0,693.0,
OI000012693,O00003166,M0046,1,1640.0,0.0,1640.0,
OI000012694,O00003166,M0031,1,1740.0,261.0,1479.0,
OI000012695,O00003166,M0018,1,1200.0,0.0,1200.0,
OI000012696,O00003166,M0003,1,1102.5,0.0,1102.5,
OI000012697,O00003166,M0185,1,1560.0,0.0,1560.0,
OI000012698,O00003167,M0059,1,660.0,0.0,660.0,Customer request
OI000012699,O00003168,M0005,2,430.0,43.0,817.0,
OI000012700,O00003168,M0121,2,1434.5,0.0,2869.0,Customer request
OI000012701,O00003168,M0115,3,1140.0,0.0,3420.0,Customer request
OI000012702,O00003168,M0090,1,1250.0,0.0,1250.0,
OI000012703,O00003168,M0002,1,520.0,0.0,520.0,
OI000012704,O00003169,M0001,1,1554.0,0.0,1554.0,
OI000012705,O00003169,M0077,1,1630.0,0.0,1630.0,
OI000012706,O00003169,M0005,1,430.0,0.0,430.0,
OI000012707,O00003169,M0123,1,703.0,0.0,703.0,
OI000012708,O00003169,M0067,1,1440.0,0.0,1440.0,
OI000012709,O00003169,M0016,1,1230.0,0.0,1230.0,
OI000012710,O00003169,M0030,2,270.0,0.0,540.0,
OI000012711,O00003170,M0032,1,830.0,0.0,830.0,
OI000012712,O00003170,M0017,1,730.0,0.0,730.0,
OI000012713,O00003170,M0004,1,1800.0,0.0,1800.0,
OI000012714,O00003170,M0197,1,346.5,17.32,329.18,
OI000012715,O00003170,M0089,1,1150.0,0.0,1150.0,
OI000012716,O00003171,M0003,1,1050.0,0.0,1050.0,
OI000012717,O00003171,M0001,3,1554.0,0.0,4662.0,
OI000012718,O00003172,M0013,1,1500.0,0.0,1500.0,
OI000012719,O00003172,M0041,2,1638.0,0.0,3276.0,
OI000012720,O00003172,M0167,1,560.0,0.0,560.0,
OI000012721,O00003172,M0003,1,1050.0,0.0,1050.0,
OI000012722,O00003172,M0023,1,609.0,0.0,609.0,
OI000012723,O00003172,M0004,1,1710.0,0.0,1710.0,
OI000012724,O00003173,M0001,1,1554.0,0.0,1554.0,
OI000012725,O00003174,M0050,2,800.0,0.0,1600.0,
OI000012726,O00003174,M0002,1,546.0,0.0,546.0,
OI000012727,O00003174,M0080,1,826.5,0.0,826.5,
OI000012728,O00003174,M0040,1,430.0,0.0,430.0,
OI000012729,O00003174,M0006,2,1790.0,0.0,3580.0,
OI000012730,O00003174,M0105,2,1310.0,0.0,2620.0,
OI000012731,O00003174,M0074,2,756.0,226.8,1285.2,Customer request
OI000012732,O00003175,M0055,1,934.5,0.0,934.5,
OI000012733,O00003176,M0005,1,451.5,22.58,428.92,
OI000012734,O00003176,M0076,2,693.0,0.0,1386.0,
OI000012735,O00003176,M0038,4,1254.0,0.0,5016.0,
OI000012736,O00003176,M0037,2,1610.0,0.0,3220.0,
OI000012737,O00003176,M0002,1,494.0,0.0,494.0,
OI000012738,O00003177,M0003,1,1050.0,0.0,1050.0,
OI000012739,O00003177,M0001,3,1406.0,0.0,4218.0,
OI000012740,O00003177,M0007,1,1344.0,0.0,1344.0,
OI000012741,O00003177,M0031,1,1740.0,0.0,1740.0,
OI000012742,O00003177,M0015,1,1680.0,0.0,1680.0,
OI000012743,O00003177,M0078,1,1260.0,0.0,1260.0,
OI000012744,O00003177,M0020,1,1110.0,111.0,999.0,
OI000012745,O00003177,M0002,1,494.0,0.0,494.0,
OI000012746,O00003177,M0082,1,590.0,0.0,590.0,
OI000012747,O00003178,M0004,2,1800.0,0.0,3600.0,
OI000012748,O00003178,M0011,2,1150.0,0.0,2300.0,
OI000012749,O00003179,M0032,2,830.0,0.0,1660.0,
OI000012750,O00003179,M0041,2,1482.0,0.0,2964.0,
OI000012751,O00003179,M0010,1,430.0,0.0,430.0,
OI000012752,O00003180,M0026,1,427.5,0.0,427.5,
OI000012753,O00003180,M0001,1,1406.0,0.0,1406.0,
OI000012754,O00003180,M0003,3,1102.5,0.0,3307.5,
OI000012755,O00003180,M0049,2,1522.5,0.0,3045.0,
OI000012756,O00003181,M0001,1,1480.0,0.0,1480.0,
OI000012757,O00003181,M0004,1,1890.0,0.0,1890.0,
OI000012758,O00003181,M0056,1,250.0,0.0,250.0,Customer request
OI000012759,O00003182,M0006,1,1790.0,0.0,1790.0,
OI000012760,O00003182,M0114,2,608.0,0.0,1216.0,
OI000012761,O00003182,M0018,1,1260.0,0.0,1260.0,
OI000012762,O00003182,M0078,1,1197.0,0.0,1197.0,
OI000012763,O00003183,M0142,2,730.0,0.0,1460.0,
OI000012764,O00003183,M0024,2,609.0,0.0,1218.0,
OI000012765,O00003184,M0067,1,1512.0,0.0,1512.0,
OI000012766,O00003184,M0124,1,980.0,0.0,980.0,
OI000012767,O00003184,M0007,1,1280.0,0.0,1280.0,
OI000012768,O00003184,M0142,2,766.5,0.0,1533.0,
OI000012769,O00003184,M0131,1,940.5,0.0,940.5,
OI000012770,O00003185,M0001,1,1480.0,0.0,1480.0,Customer request
OI000012771,O00003185,M0027,1,790.0,0.0,790.0,
OI000012772,O00003185,M0002,1,520.0,0.0,520.0,
OI000012773,O00003185,M0142,1,693.5,0.0,693.5,Customer request
OI000012774,O00003185,M0007,1,1216.0,0.0,1216.0,
OI000012775,O00003186,M0016,2,1230.0,0.0,2460.0,
OI000012776,O00003186,M0167,3,560.0,0.0,1680.0,
OI000012777,O00003186,M0042,1,1210.0,0.0,1210.0,
OI000012778,O00003187,M0161,2,410.0,82.0,738.0,
OI000012779,O00003187,M0026,1,450.0,0.0,450.0,
OI000012780,O00003187,M0191,2,1207.5,0.0,2415.0,
OI000012781,O00003188,M0176,1,1869.0,0.0,1869.0,
OI000012782,O00003188,M0001,1,1480.0,148.0,1332.0,
OI000012783,O00003188,M0019,2,598.5,179.55,1017.45,
OI000012784,O00003188,M0173,1,1662.5,0.0,1662.5,
OI000012785,O00003189,M0112,1,610.0,0.0,610.0,
OI000012786,O00003189,M0005,1,430.0,0.0,430.0,
OI000012787,O00003189,M0141,1,1350.0,0.0,1350.0,
OI000012788,O00003190,M0005,2,430.0,0.0,860.0,
OI000012789,O00003190,M0166,2,351.5,0.0,703.0,
OI000012790,O00003190,M0002,2,494.0,0.0,988.0,
OI000012791,O00003190,M0171,4,1722.0,0.0,6888.0,
OI000012792,O00003191,M0002,1,494.0,0.0,494.0,
OI000012793,O00003191,M0006,1,1790.0,0.0,1790.0,
OI000012794,O00003192,M0043,1,1770.0,0.0,1770.0,
OI000012795,O00003193,M0004,2,1800.0,0.0,3600.0,
OI000012796,O00003193,M0018,1,1140.0,0.0,1140.0,
OI000012797,O00003193,M0004,1,1710.0,0.0,1710.0,
OI000012798,O00003193,M0041,1,1560.0,156.0,1404.0,
OI000012799,O00003194,M0052,3,710.0,0.0,2130.0,
OI000012800,O00003194,M0006,3,1790.0,0.0,5370.0,
OI000012801,O00003194,M0010,1,451.5,0.0,451.5,
OI000012802,O00003194,M0086,3,1653.0,0.0,4959.0,
OI000012803,O00003194,M0002,2,520.0,0.0,1040.0,
OI000012804,O00003194,M0025,2,260.0,0.0,520.0,
OI000012805,O00003195,M0010,1,430.0,0.0,430.0,
OI000012806,O00003195,M0020,1,1165.5,0.0,1165.5,
OI000012807,O00003195,M0120,1,1740.0,0.0,1740.0,
OI000012808,O00003196,M0189,1,1575.0,0.0,1575.0,
OI000012809,O00003196,M0004,2,1710.0,0.0,3420.0,
OI000012810,O00003196,M0001,1,1554.0,155.4,1398.6,
OI000012811,O00003196,M0005,2,430.0,129.0,731.0,
OI000012812,O00003196,M0136,2,740.0,74.0,1406.0,
OI000012813,O00003197,M0139,1,1681.5,0.0,1681.5,
OI000012814,O00003197,M0009,1,1577.0,0.0,1577.0,
OI000012815,O00003197,M0012,1,541.5,0.0,541.5,
OI000012816,O00003197,M0065,1,807.5,0.0,807.5,
OI000012817,O00003198,M0013,2,1500.0,0.0,3000.0,
OI000012818,O00003198,M0150,2,315.0,0.0,630.0,
OI000012819,O00003198,M0107,3,342.0,0.0,1026.0,
OI000012820,O00003198,M0015,2,1680.0,0.0,3360.0,
OI000012821,O00003199,M0185,2,1638.0,491.4,2784.6,
OI000012822,O00003199,M0088,1,1197.0,0.0,1197.0,
OI000012823,O00003199,M0092,1,890.0,0.0,890.0,
OI000012824,O00003199,M0178,1,260.0,0.0,260.0,
OI000012825,O00003200,M0022,2,1240.0,124.0,2356.0,
OI000012826,O00003200,M0001,2,1406.0,0.0,2812.0,
OI000012827,O00003200,M0195,2,230.0,0.0,460.0,
OI000012828,O00003200,M0165,4,540.0,0.0,2160.0,
OI000012829,O00003201,M0182,4,1650.0,0.0,6600.0,
OI000012830,O00003201,M0028,2,870.0,261.0,1479.0,
OI000012831,O00003202,M0004,2,1800.0,0.0,3600.0,
OI000012832,O00003202,M0005,1,408.5,0.0,408.5,
OI000012833,O00003202,M0028,1,826.5,123.98,702.52,
OI000012834,O00003203,M0068,2,920.0,0.0,1840.0,
OI000012835,O00003203,M0027,2,790.0,0.0,1580.0,
OI000012836,O00003204,M0018,4,1200.0,0.0,4800.0,
OI000012837,O00003204,M0180,1,250.0,0.0,250.0,
OI000012838,O00003204,M0061,2,880.0,176.0,1584.0,
OI000012839,O00003204,M0020,1,1054.5,0.0,1054.5,
OI000012840,O00003204,M0071,1,630.0,0.0,630.0,
OI000012841,O00003205,M0104,1,190.0,0.0,190.0,
OI000012842,O00003205,M0016,1,1230.0,123.0,1107.0,
OI000012843,O00003205,M0028,2,826.5,82.65,1570.35,
OI000012844,O00003205,M0059,1,660.0,0.0,660.0,
OI000012845,O00003205,M0058,3,1350.0,0.0,4050.0,
OI000012846,O00003206,M0004,1,1800.0,0.0,1800.0,
OI000012847,O00003206,M0031,1,1740.0,0.0,1740.0,
OI000012848,O00003206,M0008,2,836.0,0.0,1672.0,
OI000012849,O00003206,M0155,3,530.0,0.0,1590.0,
OI000012850,O00003206,M0031,2,1740.0,174.0,3306.0,
OI000012851,O00003207,M0095,1,241.5,0.0,241.5,
OI000012852,O00003207,M0001,1,1480.0,0.0,1480.0,
OI000012853,O00003207,M0017,1,730.0,109.5,620.5,
OI000012854,O00003207,M0003,2,1102.5,0.0,2205.0,
OI000012855,O00003207,M0018,1,1200.0,0.0,1200.0,
OI000012856,O00003207,M0105,2,1310.0,0.0,2620.0,
OI000012857,O00003208,M0161,1,410.0,61.5,348.5,
OI000012858,O00003208,M0156,2,1216.0,0.0,2432.0,
OI000012859,O00003208,M0002,1,546.0,0.0,546.0,
OI000012860,O00003208,M0010,2,430.0,0.0,860.0,
OI000012861,O00003208,M0064,1,441.0,44.1,396.9,
OI000012862,O00003208,M0005,1,430.0,0.0,430.0,Customer request
OI000012863,O00003209,M0001,2,1480.0,296.0,2664.0,
OI000012864,O00003210,M0175,1,745.5,0.0,745.5,
OI000012865,O00003210,M0012,1,570.0,0.0,570.0,
OI000012866,O00003210,M0021,2,1250.0,0.0,2500.0,
OI000012867,O00003210,M0008,2,924.0,0.0,1848.0,
OI000012868,O00003210,M0012,1,598.5,0.0,598.5,
OI000012869,O00003210,M0180,3,250.0,0.0,750.0,
OI000012870,O00003210,M0005,1,451.5,0.0,451.5,
OI000012871,O00003210,M0031,2,1653.0,0.0,3306.0,
OI000012872,O00003211,M0058,1,1350.0,0.0,1350.0,
OI000012873,O00003211,M0006,1,1790.0,0.0,1790.0,
OI000012874,O00003212,M0079,1,1050.0,0.0,1050.0,
OI000012875,O00003212,M0069,1,1111.5,55.58,1055.92,
OI000012876,O00003212,M0176,1,1780.0,0.0,1780.0,
OI000012877,O00003212,M0026,1,450.0,0.0,450.0,
OI000012878,O00003213,M0017,1,730.0,0.0,730.0,
OI000012879,O00003213,M0015,3,1680.0,0.0,5040.0,
OI000012880,O00003214,M0015,2,1680.0,0.0,3360.0,
OI000012881,O00003214,M0001,1,1406.0,0.0,1406.0,
OI000012882,O00003214,M0006,5,1700.5,0.0,8502.5,
OI000012883,O00003215,M0002,3,494.0,0.0,1482.0,Customer request
OI000012884,O00003215,M0140,2,1590.0,0.0,3180.0,
OI000012885,O00003215,M0001,1,1480.0,148.0,1332.0,
OI000012886,O00003215,M0015,3,1680.0,0.0,5040.0,
OI000012887,O00003215,M0006,2,1879.5,563.85,3195.15,
OI000012888,O00003215,M0060,1,1180.0,0.0,1180.0,Customer request
OI000012889,O00003215,M0012,2,598.5,0.0,1197.0,
OI000012890,O00003216,M0001,2,1406.0,0.0,2812.0,
OI000012891,O00003217,M0146,2,250.0,50.0,450.0,
OI000012892,O00003217,M0058,4,1350.0,0.0,5400.0,
OI000012893,O00003217,M0001,2,1480.0,0.0,2960.0,Customer request
OI000012894,O00003218,M0069,1,1111.5,0.0,1111.5,
OI000012895,O00003218,M0006,2,1790.0,179.0,3401.0,
OI000012896,O00003218,M0180,1,237.5,0.0,237.5,
OI000012897,O00003218,M0024,1,580.0,0.0,580.0,
OI000012898,O00003218,M0006,1,1790.0,0.0,1790.0,
OI000012899,O00003219,M0001,1,1480.0,0.0,1480.0,
OI000012900,O00003219,M0001,1,1480.0,0.0,1480.0,
OI000012901,O00003219,M0001,1,1480.0,0.0,1480.0,
OI000012902,O00003219,M0001,1,1480.0,0.0,1480.0,Customer request
OI000012903,O00003220,M0040,1,430.0,0.0,430.0,
OI000012904,O00003220,M0125,1,336.0,0.0,336.0,
OI000012905,O00003220,M0014,1,1795.5,0.0,1795.5,
OI000012906,O00003220,M0014,1,1624.5,0.0,1624.5,
OI000012907,O00003220,M0002,1,520.0,0.0,520.0,
OI000012908,O00003220,M0001,3,1480.0,444.0,3996.0,
OI000012909,O00003220,M0174,1,535.5,0.0,535.5,
OI000012910,O00003221,M0026,1,427.5,0.0,427.5,
OI000012911,O00003221,M0085,1,1720.0,0.0,1720.0,
OI000012912,O00003221,M0134,3,730.0,219.0,1971.0,
OI000012913,O00003221,M0002,2,546.0,0.0,1092.0,
OI000012914,O00003221,M0008,1,836.0,0.0,836.0,
OI000012915,O00003222,M0032,3,830.0,0.0,2490.0,Customer request
OI000012916,O00003222,M0010,1,408.5,40.85,367.65,
OI000012917,O00003222,M0001,1,1480.0,0.0,1480.0,
OI000012918,O00003223,M0145,2,1760.0,0.0,3520.0,
OI000012919,O00003223,M0007,1,1280.0,0.0,1280.0,
OI000012920,O00003223,M0001,3,1480.0,0.0,4440.0,Customer request
OI000012921,O00003224,M0021,1,1250.0,0.0,1250.0,
OI000012922,O00003224,M0108,4,408.5,0.0,1634.0,
OI000012923,O00003224,M0004,3,1800.0,0.0,5400.0,
OI000012924,O00003224,M0023,1,551.0,0.0,551.0,
OI000012925,O00003225,M0004,2,1890.0,189.0,3591.0,
OI000012926,O00003225,M0114,1,640.0,0.0,640.0,
OI000012927,O00003225,M0035,1,920.0,0.0,920.0,
OI000012928,O00003225,M0045,1,1026.0,0.0,1026.0,
OI000012929,O00003225,M0089,2,1092.5,327.75,1857.25,
OI000012930,O00003225,M0168,1,1795.5,0.0,1795.5,
OI000012931,O00003226,M0002,1,546.0,27.3,518.7,
OI000012932,O00003226,M0125,2,304.0,0.0,608.0,
OI000012933,O00003226,M0028,3,870.0,0.0,2610.0,
OI000012934,O00003226,M0059,1,660.0,0.0,660.0,
OI000012935,O00003227,M0127,2,808.5,0.0,1617.0,
OI000012936,O00003227,M0012,1,570.0,0.0,570.0,
OI000012937,O00003227,M0135,1,1617.0,0.0,1617.0,
OI000012938,O00003227,M0057,1,525.0,0.0,525.0,
OI000012939,O00003227,M0009,1,1743.0,0.0,1743.0,
OI000012940,O00003227,M0158,1,745.5,0.0,745.5,
OI000012941,O00003228,M0001,1,1480.0,0.0,1480.0,
OI000012942,O00003228,M0048,1,1580.0,0.0,1580.0,
OI000012943,O00003228,M0001,1,1480.0,0.0,1480.0,
OI000012944,O00003228,M0002,1,494.0,0.0,494.0,
OI000012945,O00003229,M0002,1,520.0,52.0,468.0,
OI000012946,O00003229,M0146,1,250.0,0.0,250.0,
OI000012947,O00003229,M0041,1,1560.0,0.0,1560.0,
OI000012948,O00003229,M0008,1,880.0,132.0,748.0,
OI000012949,O00003230,M0018,2,1200.0,0.0,2400.0,
OI000012950,O00003230,M0121,4,1585.5,0.0,6342.0,
OI000012951,O00003230,M0044,2,360.0,0.0,720.0,
OI000012952,O00003230,M0001,2,1406.0,0.0,2812.0,
OI000012953,O00003231,M0135,1,1540.0,77.0,1463.0,
OI000012954,O00003231,M0038,1,1320.0,198.0,1122.0,
OI000012955,O00003231,M0005,1,430.0,0.0,430.0,
OI000012956,O00003232,M0079,1,1050.0,0.0,1050.0,
OI000012957,O00003232,M0037,1,1529.5,229.42,1300.08,
OI000012958,O00003232,M0004,2,1800.0,0.0,3600.0,
OI000012959,O00003233,M0061,1,880.0,88.0,792.0,
OI000012960,O00003233,M0059,1,627.0,0.0,627.0,
OI000012961,O00003233,M0175,1,710.0,0.0,710.0,
OI000012962,O00003233,M0008,1,924.0,0.0,924.0,
OI000012963,O00003233,M0040,1,430.0,64.5,365.5,
OI000012964,O00003233,M0012,5,570.0,0.0,2850.0,
OI000012965,O00003233,M0010,3,430.0,0.0,1290.0,
OI000012966,O00003233,M0032,3,788.5,0.0,2365.5,
OI000012967,O00003233,M0079,1,1050.0,0.0,1050.0,
OI000012968,O00003234,M0051,1,787.5,0.0,787.5,
OI000012969,O00003234,M0002,1,546.0,0.0,546.0,
OI000012970,O00003235,M0159,1,988.0,0.0,988.0,
OI000012971,O00003235,M0077,2,1711.5,0.0,3423.0,
OI000012972,O00003236,M0045,1,1026.0,0.0,1026.0,
OI000012973,O00003236,M0003,2,1102.5,0.0,2205.0,
OI000012974,O00003236,M0003,1,1050.0,0.0,1050.0,
OI000012975,O00003236,M0010,4,430.0,0.0,1720.0,Customer request
OI000012976,O00003237,M0159,2,1040.0,0.0,2080.0,
OI000012977,O00003237,M0003,4,1050.0,0.0,4200.0,
OI000012978,O00003238,M0062,1,1010.0,0.0,1010.0,
OI000012979,O00003238,M0060,1,1239.0,0.0,1239.0,
OI000012980,O00003238,M0002,1,520.0,0.0,520.0,
OI000012981,O00003238,M0076,1,660.0,0.0,660.0,
OI000012982,O00003239,M0028,1,870.0,0.0,870.0,
OI000012983,O00003239,M0032,2,830.0,0.0,1660.0,
OI000012984,O00003239,M0001,2,1480.0,0.0,2960.0,
OI000012985,O00003239,M0147,1,1092.0,54.6,1037.4,
OI000012986,O00003239,M0052,1,745.5,0.0,745.5,Customer request
OI000012987,O00003240,M0051,1,787.5,0.0,787.5,
OI000012988,O00003240,M0018,1,1200.0,0.0,1200.0,
OI000012989,O00003240,M0075,3,1624.5,0.0,4873.5,
OI000012990,O00003240,M0119,1,240.0,0.0,240.0,
OI000012991,O00003241,M0031,4,1740.0,696.0,6264.0,Customer request
OI000012992,O00003241,M0039,1,1690.0,0.0,1690.0,
OI000012993,O00003241,M0005,1,430.0,0.0,430.0,
OI000012994,O00003241,M0014,1,1624.5,0.0,1624.5,
OI000012995,O00003241,M0027,3,829.5,0.0,2488.5,
OI000012996,O00003241,M0064,1,441.0,0.0,441.0,
OI000012997,O00003242,M0164,1,1333.5,0.0,1333.5,
OI000012998,O00003242,M0003,1,1050.0,0.0,1050.0,
OI000012999,O00003242,M0036,1,1700.5,0.0,1700.5,
OI000013000,O00003242,M0052,2,710.0,0.0,1420.0,Customer request
OI000013001,O00003243,M0116,1,399.0,0.0,399.0,
OI000013002,O00003243,M0124,1,931.0,0.0,931.0,
OI000013003,O00003243,M0064,1,420.0,0.0,420.0,
OI000013004,O00003243,M0005,1,430.0,0.0,430.0,
OI000013005,O00003243,M0100,4,1700.5,1020.3,5781.7,
OI000013006,O00003243,M0045,4,1080.0,0.0,4320.0,
OI000013007,O00003243,M0179,5,1368.0,0.0,6840.0,
OI000013008,O00003243,M0175,1,710.0,71.0,639.0,
OI000013009,O00003244,M0040,2,430.0,0.0,860.0,
OI000013010,O00003244,M0170,2,900.0,0.0,1800.0,
OI000013011,O00003244,M0001,1,1480.0,0.0,1480.0,
OI000013012,O00003244,M0156,1,1344.0,0.0,1344.0,
OI000013013,O00003244,M0181,2,266.0,0.0,532.0,
OI000013014,O00003244,M0189,1,1500.0,0.0,1500.0,
OI000013015,O00003245,M0099,1,541.5,0.0,541.5,
OI000013016,O00003245,M0004,1,1710.0,85.5,1624.5,
OI000013017,O00003245,M0186,2,1620.0,0.0,3240.0,
OI000013018,O00003245,M0022,2,1240.0,0.0,2480.0,
OI000013019,O00003245,M0027,1,790.0,0.0,790.0,
OI000013020,O00003245,M0001,1,1406.0,0.0,1406.0,
OI000013021,O00003246,M0013,3,1500.0,0.0,4500.0,
OI000013022,O00003246,M0008,1,924.0,0.0,924.0,
OI000013023,O00003246,M0024,1,609.0,0.0,609.0,
OI000013024,O00003247,M0008,4,880.0,0.0,3520.0,
OI000013025,O00003247,M0024,1,580.0,87.0,493.0,
OI000013026,O00003247,M0003,1,1050.0,0.0,1050.0,
OI000013027,O00003247,M0174,1,535.5,0.0,535.5,
OI000013028,O00003248,M0065,1,892.5,0.0,892.5,
OI000013029,O00003248,M0194,1,1270.0,0.0,1270.0,Customer request
OI000013030,O00003248,M0001,1,1554.0,155.4,1398.6,
OI000013031,O00003248,M0121,3,1510.0,0.0,4530.0,
OI000013032,O00003249,M0002,1,520.0,0.0,520.0,
OI000013033,O00003249,M0097,1,320.0,0.0,320.0,
OI000013034,O00003249,M0159,1,1040.0,156.0,884.0,
OI000013035,O00003250,M0003,5,1050.0,0.0,5250.0,Customer request
OI000013036,O00003250,M0176,4,1869.0,0.0,7476.0,
OI000013037,O00003250,M0023,2,580.0,0.0,1160.0,
OI000013038,O00003250,M0013,2,1500.0,150.0,2850.0,
OI000013039,O00003251,M0105,1,1375.5,0.0,1375.5,
OI000013040,O00003251,M0128,1,1070.0,0.0,1070.0,
OI000013041,O00003251,M0121,3,1510.0,453.0,4077.0,Customer request
OI000013042,O00003251,M0055,1,890.0,0.0,890.0,
OI000013043,O00003251,M0010,1,451.5,22.58,428.92,
OI000013044,O00003252,M0009,1,1660.0,0.0,1660.0,
OI000013045,O00003252,M0006,2,1879.5,0.0,3759.0,
OI000013046,O00003253,M0003,1,1050.0,105.0,945.0,
OI000013047,O00003253,M0018,1,1200.0,0.0,1200.0,
OI000013048,O00003253,M0129,1,1760.0,0.0,1760.0,
OI000013049,O00003254,M0198,1,680.0,0.0,680.0,
OI000013050,O00003254,M0073,2,420.0,0.0,840.0,
OI000013051,O00003254,M0003,1,997.5,0.0,997.5,
OI000013052,O00003254,M0067,2,1512.0,0.0,3024.0,
OI000013053,O00003255,M0009,1,1660.0,0.0,1660.0,
OI000013054,O00003256,M0079,1,1050.0,0.0,1050.0,
OI000013055,O00003256,M0006,1,1700.5,0.0,1700.5,
OI000013056,O00003257,M0004,1,1800.0,0.0,1800.0,
OI000013057,O00003257,M0057,1,525.0,0.0,525.0,
OI000013058,O00003257,M0070,1,1630.0,0.0,1630.0,
OI000013059,O00003257,M0004,3,1800.0,0.0,5400.0,
OI000013060,O00003257,M0033,1,294.5,0.0,294.5,
OI000013061,O00003257,M0140,2,1590.0,0.0,3180.0,
OI000013062,O00003257,M0070,2,1630.0,0.0,3260.0,
OI000013063,O00003258,M0068,1,920.0,0.0,920.0,
OI000013064,O00003258,M0081,1,920.0,0.0,920.0,
OI000013065,O00003258,M0014,1,1624.5,0.0,1624.5,
OI000013066,O00003258,M0005,3,451.5,0.0,1354.5,
OI000013067,O00003259,M0084,1,1617.0,0.0,1617.0,Customer request
OI000013068,O00003259,M0111,1,266.0,0.0,266.0,
OI000013069,O00003259,M0146,1,250.0,0.0,250.0,
OI000013070,O00003259,M0105,2,1375.5,0.0,2751.0,
OI000013071,O00003259,M0014,1,1624.5,0.0,1624.5,
OI000013072,O00003260,M0027,1,829.5,0.0,829.5,
OI000013073,O00003260,M0100,1,1700.5,0.0,1700.5,
OI000013074,O00003260,M0038,1,1386.0,0.0,1386.0,
OI000013075,O00003260,M0041,4,1560.0,624.0,5616.0,
OI000013076,O00003260,M0169,1,1121.0,0.0,1121.0,
OI000013077,O00003261,M0177,3,200.0,0.0,600.0,
OI000013078,O00003261,M0093,2,930.0,0.0,1860.0,
OI000013079,O00003261,M0110,2,1650.0,495.0,2805.0,
OI000013080,O00003261,M0008,2,836.0,167.2,1504.8,
OI000013081,O00003262,M0048,2,1580.0,0.0,3160.0,
OI000013082,O00003262,M0028,1,870.0,0.0,870.0,
OI000013083,O00003262,M0001,2,1480.0,0.0,2960.0,
OI000013084,O00003262,M0141,4,1350.0,0.0,5400.0,
OI000013085,O00003262,M0010,1,430.0,0.0,430.0,
OI000013086,O00003262,M0164,1,1206.5,0.0,1206.5,
OI000013087,O00003263,M0058,1,1282.5,0.0,1282.5,
OI000013088,O00003263,M0112,2,610.0,0.0,1220.0,
OI000013089,O00003263,M0026,1,427.5,0.0,427.5,
OI000013090,O00003263,M0004,1,1800.0,0.0,1800.0,
OI000013091,O00003263,M0137,2,1770.0,0.0,3540.0,
OI000013092,O00003264,M0101,1,550.0,0.0,550.0,
OI000013093,O00003264,M0091,1,350.0,0.0,350.0,
OI000013094,O00003264,M0005,4,430.0,0.0,1720.0,
OI000013095,O00003265,M0035,1,920.0,0.0,920.0,
OI000013096,O00003265,M0012,1,570.0,0.0,570.0,
OI000013097,O00003265,M0052,1,745.5,0.0,745.5,
OI000013098,O00003265,M0037,1,1690.5,0.0,1690.5,
OI000013099,O00003265,M0004,1,1710.0,0.0,1710.0,
OI000013100,O00003265,M0055,2,845.5,0.0,1691.0,
OI000013101,O00003265,M0001,1,1406.0,0.0,1406.0,
OI000013102,O00003266,M0001,1,1480.0,0.0,1480.0,
OI000013103,O00003266,M0004,4,1800.0,0.0,7200.0,
OI000013104,O00003266,M0045,1,1080.0,0.0,1080.0,
OI000013105,O00003266,M0093,1,930.0,0.0,930.0,
OI000013106,O00003266,M0100,2,1790.0,0.0,3580.0,
OI000013107,O00003266,M0009,1,1660.0,0.0,1660.0,
OI000013108,O00003267,M0017,1,730.0,0.0,730.0,
OI000013109,O00003268,M0006,1,1790.0,268.5,1521.5,
OI000013110,O00003268,M0001,1,1406.0,0.0,1406.0,
OI000013111,O00003268,M0031,1,1740.0,0.0,1740.0,
OI000013112,O00003269,M0039,2,1690.0,0.0,3380.0,
OI000013113,O00003269,M0165,1,540.0,0.0,540.0,
OI000013114,O00003269,M0078,1,1260.0,0.0,1260.0,
OI000013115,O00003269,M0165,1,567.0,0.0,567.0,
OI000013116,O00003269,M0009,1,1660.0,0.0,1660.0,
OI000013117,O00003269,M0082,4,590.0,0.0,2360.0,
OI000013118,O00003270,M0049,3,1450.0,0.0,4350.0,
OI000013119,O00003270,M0010,1,408.5,40.85,367.65,Customer request
OI000013120,O00003271,M0005,1,430.0,0.0,430.0,
OI000013121,O00003271,M0010,1,430.0,0.0,430.0,
OI000013122,O00003271,M0189,1,1500.0,0.0,1500.0,
OI000013123,O00003272,M0001,1,1480.0,0.0,1480.0,
OI000013124,O00003272,M0151,3,560.5,0.0,1681.5,
OI000013125,O00003272,M0097,2,336.0,0.0,672.0,
OI000013126,O00003273,M0039,1,1605.5,160.55,1444.95,
OI000013127,O00003273,M0130,1,1070.0,0.0,1070.0,
OI000013128,O00003273,M0001,1,1406.0,0.0,1406.0,
OI000013129,O00003274,M0039,1,1690.0,0.0,1690.0,
OI000013130,O00003274,M0009,1,1660.0,0.0,1660.0,
OI000013131,O00003274,M0001,1,1480.0,0.0,1480.0,
OI000013132,O00003274,M0054,4,1064.0,0.0,4256.0,
OI000013133,O00003275,M0063,1,1270.5,0.0,1270.5,
OI000013134,O00003275,M0048,1,1580.0,0.0,1580.0,Customer request
OI000013135,O00003275,M0018,2,1260.0,0.0,2520.0,
OI000013136,O00003276,M0108,1,430.0,0.0,430.0,
OI000013137,O00003276,M0013,1,1425.0,0.0,1425.0,
OI000013138,O00003277,M0051,2,750.0,0.0,1500.0,
OI000013139,O00003277,M0198,3,680.0,204.0,1836.0,
OI000013140,O00003277,M0125,1,320.0,0.0,320.0,
OI000013141,O00003277,M0060,2,1121.0,0.0,2242.0,
OI000013142,O00003277,M0067,1,1440.0,0.0,1440.0,
OI000013143,O00003278,M0123,1,740.0,0.0,740.0,
OI000013144,O00003278,M0004,1,1710.0,0.0,1710.0,Customer request
OI000013145,O00003278,M0002,2,546.0,0.0,1092.0,
OI000013146,O00003279,M0006,2,1790.0,0.0,3580.0,
OI000013147,O00003279,M0088,1,1197.0,0.0,1197.0,
OI000013148,O00003280,M0096,1,730.0,109.5,620.5,
OI000013149,O00003280,M0001,2,1480.0,148.0,2812.0,
OI000013150,O00003280,M0001,1,1480.0,0.0,1480.0,
OI000013151,O00003280,M0190,2,399.0,0.0,798.0,Customer request
OI000013152,O00003281,M0030,2,270.0,0.0,540.0,
OI000013153,O00003281,M0037,3,1690.5,253.58,4817.92,
OI000013154,O00003281,M0052,2,674.5,0.0,1349.0,
OI000013155,O00003282,M0181,1,294.0,29.4,264.6,
OI000013156,O00003282,M0003,1,1050.0,0.0,1050.0,
OI000013157,O00003283,M0057,1,525.0,0.0,525.0,
OI000013158,O00003283,M0001,2,1406.0,0.0,2812.0,
OI000013159,O00003283,M0034,1,1260.0,0.0,1260.0,
OI000013160,O00003284,M0023,1,580.0,0.0,580.0,
OI000013161,O00003284,M0008,1,836.0,0.0,836.0,
OI000013162,O00003284,M0023,2,551.0,0.0,1102.0,
OI000013163,O00003284,M0074,1,720.0,0.0,720.0,
OI000013164,O00003284,M0123,2,777.0,0.0,1554.0,
OI000013165,O00003285,M0101,1,550.0,0.0,550.0,
OI000013166,O00003285,M0047,1,1610.0,0.0,1610.0,
OI000013167,O00003285,M0147,3,1092.0,0.0,3276.0,
OI000013168,O00003285,M0073,1,420.0,0.0,420.0,
OI000013169,O00003285,M0122,5,470.0,0.0,2350.0,
OI000013170,O00003285,M0019,2,630.0,0.0,1260.0,
OI000013171,O00003285,M0074,1,720.0,72.0,648.0,
OI000013172,O00003285,M0001,5,1480.0,0.0,7400.0,
OI000013173,O00003286,M0177,2,200.0,60.0,340.0,
OI000013174,O00003286,M0056,2,250.0,0.0,500.0,
OI000013175,O00003286,M0129,2,1848.0,0.0,3696.0,
OI000013176,O00003286,M0029,3,660.0,0.0,1980.0,
OI000013177,O00003287,M0001,2,1480.0,0.0,2960.0,
OI000013178,O00003287,M0030,1,270.0,0.0,270.0,
OI000013179,O00003287,M0082,1,590.0,0.0,590.0,
OI000013180,O00003287,M0001,1,1480.0,0.0,1480.0,
OI000013181,O00003288,M0002,1,546.0,0.0,546.0,Customer request
OI000013182,O00003288,M0001,1,1480.0,0.0,1480.0,
OI000013183,O00003288,M0002,1,546.0,0.0,546.0,
OI000013184,O00003288,M0053,1,1681.5,84.08,1597.42,
OI000013185,O00003288,M0137,4,1858.5,1115.1,6318.9,
OI000013186,O00003289,M0027,1,790.0,39.5,750.5,
OI000013187,O00003289,M0110,1,1567.5,0.0,1567.5,
OI000013188,O00003289,M0019,1,630.0,0.0,630.0,
OI000013189,O00003289,M0129,1,1760.0,0.0,1760.0,
OI000013190,O00003290,M0003,1,1050.0,0.0,1050.0,
OI000013191,O00003290,M0044,1,360.0,0.0,360.0,
OI000013192,O00003290,M0035,3,920.0,0.0,2760.0,Customer request
OI000013193,O00003290,M0002,1,520.0,0.0,520.0,
OI000013194,O00003291,M0007,1,1280.0,0.0,1280.0,
OI000013195,O00003291,M0029,3,627.0,0.0,1881.0,
OI000013196,O00003291,M0097,3,320.0,0.0,960.0,
OI000013197,O00003291,M0151,1,590.0,0.0,590.0,
OI000013198,O00003292,M0085,1,1720.0,0.0,1720.0,
OI000013199,O00003292,M0010,1,451.5,0.0,451.5,
OI000013200,O00003292,M0002,2,520.0,0.0,1040.0,
OI000013201,O00003292,M0036,2,1700.5,0.0,3401.0,
OI000013202,O00003293,M0014,1,1795.5,0.0,1795.5,
OI000013203,O00003293,M0042,2,1210.0,0.0,2420.0,
OI000013204,O00003293,M0019,3,630.0,0.0,1890.0,
OI000013205,O00003293,M0017,1,730.0,0.0,730.0,
OI000013206,O00003293,M0154,1,1660.0,0.0,1660.0,
OI000013207,O00003293,M0066,1,580.0,0.0,580.0,
OI000013208,O00003294,M0066,2,551.0,0.0,1102.0,
OI000013209,O00003294,M0003,1,1050.0,0.0,1050.0,
OI000013210,O00003294,M0018,1,1200.0,0.0,1200.0,
OI000013211,O00003294,M0094,1,630.0,0.0,630.0,
OI000013212,O00003294,M0043,2,1770.0,0.0,3540.0,
OI000013213,O00003295,M0026,5,450.0,0.0,2250.0,
OI000013214,O00003295,M0185,1,1560.0,0.0,1560.0,
OI000013215,O00003295,M0003,1,1102.5,0.0,1102.5,
OI000013216,O00003295,M0003,3,1102.5,0.0,3307.5,
OI000013217,O00003295,M0042,1,1270.5,127.05,1143.45,
OI000013218,O00003296,M0019,1,630.0,0.0,630.0,
OI000013219,O00003296,M0029,2,660.0,0.0,1320.0,
OI000013220,O00003296,M0039,1,1690.0,0.0,1690.0,
OI000013221,O00003296,M0003,1,997.5,0.0,997.5,
OI000013222,O00003296,M0008,1,880.0,0.0,880.0,Customer request
OI000013223,O00003297,M0038,3,1320.0,0.0,3960.0,
OI000013224,O00003297,M0005,1,430.0,0.0,430.0,
OI000013225,O00003297,M0122,3,446.5,0.0,1339.5,
OI000013226,O00003298,M0101,1,550.0,0.0,550.0,
OI000013227,O00003298,M0043,1,1770.0,0.0,1770.0,
OI000013228,O00003299,M0031,2,1740.0,174.0,3306.0,
OI000013229,O00003299,M0163,1,1390.0,0.0,1390.0,
OI000013230,O00003300,M0090,2,1250.0,0.0,2500.0,
OI000013231,O00003300,M0001,2,1480.0,0.0,2960.0,
OI000013232,O00003300,M0006,2,1879.5,0.0,3759.0,
OI000013233,O00003301,M0001,1,1406.0,0.0,1406.0,
OI000013234,O00003302,M0197,2,330.0,0.0,660.0,Customer request
OI000013235,O00003302,M0021,1,1187.5,0.0,1187.5,
OI000013236,O00003302,M0003,1,1050.0,0.0,1050.0,
OI000013237,O00003302,M0015,1,1680.0,0.0,1680.0,
OI000013238,O00003302,M0189,1,1575.0,0.0,1575.0,
OI000013239,O00003303,M0003,1,1102.5,0.0,1102.5,
OI000013240,O00003303,M0015,1,1680.0,0.0,1680.0,
OI000013241,O00003303,M0009,1,1660.0,0.0,1660.0,
OI000013242,O00003304,M0103,5,1092.5,0.0,5462.5,Customer request
OI000013243,O00003304,M0001,3,1480.0,0.0,4440.0,
OI000013244,O00003304,M0171,1,1722.0,0.0,1722.0,
OI000013245,O00003304,M0134,1,766.5,0.0,766.5,
OI000013246,O00003305,M0015,1,1764.0,0.0,1764.0,
OI000013247,O00003305,M0149,2,874.0,262.2,1485.8,
OI000013248,O00003306,M0022,1,1240.0,0.0,1240.0,
OI000013249,O00003306,M0010,4,430.0,172.0,1548.0,
OI000013250,O00003306,M0019,1,598.5,0.0,598.5,
OI000013251,O00003306,M0116,1,399.0,0.0,399.0,
OI000013252,O00003307,M0042,5,1210.0,0.0,6050.0,
OI000013253,O00003307,M0006,1,1700.5,0.0,1700.5,
OI000013254,O00003307,M0001,1,1480.0,0.0,1480.0,
OI000013255,O00003308,M0051,1,750.0,0.0,750.0,
OI000013256,O00003308,M0114,2,672.0,0.0,1344.0,
OI000013257,O00003308,M0129,2,1848.0,0.0,3696.0,
OI000013258,O00003308,M0115,1,1140.0,0.0,1140.0,
OI000013259,O00003308,M0034,1,1197.0,0.0,1197.0,
OI000013260,O00003308,M0016,2,1230.0,0.0,2460.0,Customer request
OI000013261,O00003308,M0187,1,870.0,0.0,870.0,
OI000013262,O00003308,M0159,1,988.0,0.0,988.0,
OI000013263,O00003308,M0090,2,1250.0,0.0,2500.0,
OI000013264,O00003309,M0022,1,1240.0,186.0,1054.0,
OI000013265,O00003309,M0186,1,1620.0,0.0,1620.0,
OI000013266,O00003309,M0016,2,1168.5,0.0,2337.0,
OI000013267,O00003310,M0070,2,1630.0,326.0,2934.0,
OI000013268,O00003310,M0010,2,408.5,0.0,817.0,
OI000013269,O00003310,M0120,2,1740.0,522.0,2958.0,
OI000013270,O00003311,M0131,2,990.0,0.0,1980.0,
OI000013271,O00003311,M0033,2,325.5,97.65,553.35,
OI000013272,O00003312,M0042,1,1210.0,121.0,1089.0,
OI000013273,O00003312,M0172,2,1806.0,541.8,3070.2,
OI000013274,O00003312,M0003,1,1050.0,0.0,1050.0,
OI000013275,O00003312,M0027,1,790.0,39.5,750.5,
OI000013276,O00003312,M0036,1,1700.5,0.0,1700.5,
OI000013277,O00003312,M0113,2,798.0,0.0,1596.0,
OI000013278,O00003312,M0099,1,541.5,0.0,541.5,
OI000013279,O00003313,M0050,1,840.0,0.0,840.0,
OI000013280,O00003314,M0003,2,1050.0,0.0,2100.0,
OI000013281,O00003314,M0019,5,630.0,0.0,3150.0,Customer request
OI000013282,O00003315,M0002,2,520.0,156.0,884.0,
OI000013283,O00003315,M0003,1,1050.0,0.0,1050.0,
OI000013284,O00003315,M0006,1,1700.5,0.0,1700.5,
OI000013285,O00003315,M0013,2,1575.0,0.0,3150.0,
OI000013286,O00003315,M0023,2,551.0,0.0,1102.0,Customer request
OI000013287,O00003315,M0080,1,913.5,0.0,913.5,
OI000013288,O00003316,M0001,2,1480.0,0.0,2960.0,
OI000013289,O00003316,M0136,1,703.0,0.0,703.0,
OI000013290,O00003316,M0196,5,1590.0,397.5,7552.5,
OI000013291,O00003316,M0180,1,250.0,0.0,250.0,
OI000013292,O00003316,M0021,1,1250.0,0.0,1250.0,
OI000013293,O00003316,M0019,1,630.0,0.0,630.0,
OI000013294,O00003317,M0035,1,920.0,0.0,920.0,
OI000013295,O00003317,M0065,2,807.5,0.0,1615.0,
OI000013296,O00003317,M0009,1,1743.0,0.0,1743.0,Customer request
OI000013297,O00003317,M0062,3,1060.5,0.0,3181.5,
OI000013298,O00003317,M0011,1,1092.5,0.0,1092.5,
OI000013299,O00003317,M0064,1,420.0,0.0,420.0,
OI000013300,O00003318,M0062,1,1060.5,53.03,1007.47,
OI000013301,O00003318,M0001,1,1554.0,0.0,1554.0,
OI000013302,O00003318,M0135,2,1463.0,0.0,2926.0,
OI000013303,O00003318,M0005,1,408.5,0.0,408.5,
OI000013304,O00003318,M0196,1,1510.5,0.0,1510.5,
OI000013305,O00003319,M0040,2,430.0,0.0,860.0,
OI000013306,O00003320,M0017,1,730.0,0.0,730.0,
OI000013307,O00003320,M0002,1,520.0,0.0,520.0,
OI000013308,O00003320,M0069,2,1170.0,0.0,2340.0,
OI000013309,O00003321,M0015,2,1680.0,0.0,3360.0,
OI000013310,O00003321,M0180,1,237.5,0.0,237.5,
OI000013311,O00003321,M0129,1,1672.0,0.0,1672.0,
OI000013312,O00003322,M0002,1,494.0,0.0,494.0,
OI000013313,O00003322,M0026,3,450.0,0.0,1350.0,
OI000013314,O00003322,M0024,5,580.0,145.0,2755.0,
OI000013315,O00003322,M0077,1,1630.0,244.5,1385.5,
OI000013316,O00003323,M0008,1,924.0,0.0,924.0,
OI000013317,O00003323,M0121,1,1510.0,0.0,1510.0,
OI000013318,O00003323,M0169,1,1180.0,0.0,1180.0,
OI000013319,O00003323,M0040,2,430.0,0.0,860.0,
OI000013320,O00003323,M0161,1,410.0,0.0,410.0,Customer request
OI000013321,O00003324,M0012,1,570.0,0.0,570.0,Customer request
OI000013322,O00003324,M0011,1,1150.0,0.0,1150.0,
OI000013323,O00003325,M0081,1,920.0,0.0,920.0,
OI000013324,O00003325,M0024,1,580.0,0.0,580.0,
OI000013325,O00003326,M0009,1,1660.0,0.0,1660.0,Customer request
OI000013326,O00003326,M0011,1,1092.5,0.0,1092.5,
OI000013327,O00003327,M0119,2,240.0,24.0,456.0,
OI000013328,O00003327,M0060,1,1121.0,0.0,1121.0,
OI000013329,O00003327,M0104,1,200.0,0.0,200.0,
OI000013330,O00003327,M0020,2,1110.0,0.0,2220.0,
OI000013331,O00003327,M0167,1,560.0,0.0,560.0,
OI000013332,O00003328,M0144,1,560.0,0.0,560.0,
OI000013333,O00003328,M0001,3,1480.0,0.0,4440.0,
OI000013334,O00003328,M0015,1,1680.0,0.0,1680.0,
OI000013335,O00003329,M0001,1,1480.0,0.0,1480.0,
OI000013336,O00003330,M0007,4,1280.0,0.0,5120.0,
OI000013337,O00003330,M0161,2,430.5,0.0,861.0,
OI000013338,O00003330,M0146,3,250.0,0.0,750.0,
OI000013339,O00003330,M0001,1,1406.0,0.0,1406.0,
OI000013340,O00003330,M0001,1,1480.0,0.0,1480.0,
OI000013341,O00003331,M0060,1,1180.0,0.0,1180.0,
OI000013342,O00003331,M0006,5,1879.5,0.0,9397.5,
OI000013343,O00003331,M0001,1,1480.0,0.0,1480.0,
OI000013344,O00003331,M0119,2,240.0,0.0,480.0,
OI000013345,O00003331,M0017,1,730.0,36.5,693.5,
OI000013346,O00003332,M0021,1,1312.5,0.0,1312.5,
OI000013347,O00003332,M0002,1,520.0,0.0,520.0,Customer request
OI000013348,O00003332,M0028,1,913.5,0.0,913.5,
OI000013349,O00003332,M0098,2,1291.5,258.3,2324.7,
OI000013350,O00003332,M0010,2,430.0,0.0,860.0,
OI000013351,O00003332,M0117,1,1140.0,0.0,1140.0,
OI000013352,O00003332,M0061,2,880.0,0.0,1760.0,
OI000013353,O00003333,M0020,3,1110.0,0.0,3330.0,
OI000013354,O00003333,M0032,2,871.5,0.0,1743.0,
OI000013355,O00003333,M0002,1,520.0,0.0,520.0,
OI000013356,O00003334,M0146,2,250.0,0.0,500.0,
OI000013357,O00003335,M0146,1,250.0,0.0,250.0,
OI000013358,O00003335,M0017,2,730.0,0.0,1460.0,
OI000013359,O00003335,M0063,1,1270.5,0.0,1270.5,
OI000013360,O00003335,M0094,2,661.5,0.0,1323.0,
OI000013361,O00003335,M0117,1,1197.0,0.0,1197.0,
OI000013362,O00003335,M0082,1,619.5,0.0,619.5,
OI000013363,O00003336,M0032,3,830.0,124.5,2365.5,
OI000013364,O00003336,M0074,2,720.0,0.0,1440.0,
OI000013365,O00003336,M0172,3,1806.0,812.7,4605.3,
OI000013366,O00003337,M0027,2,790.0,0.0,1580.0,
OI000013367,O00003337,M0002,1,494.0,0.0,494.0,
OI000013368,O00003337,M0110,2,1650.0,0.0,3300.0,
OI000013369,O00003337,M0081,1,920.0,0.0,920.0,
OI000013370,O00003337,M0010,1,451.5,0.0,451.5,
OI000013371,O00003337,M0047,2,1610.0,0.0,3220.0,
OI000013372,O00003338,M0001,2,1480.0,0.0,2960.0,
OI000013373,O00003338,M0028,1,870.0,0.0,870.0,
OI000013374,O00003339,M0019,1,630.0,0.0,630.0,
OI000013375,O00003339,M0007,2,1280.0,0.0,2560.0,
OI000013376,O00003339,M0003,1,1102.5,0.0,1102.5,
OI000013377,O00003340,M0013,5,1500.0,0.0,7500.0,
OI000013378,O00003340,M0166,1,351.5,0.0,351.5,
OI000013379,O00003340,M0034,2,1323.0,0.0,2646.0,
OI000013380,O00003340,M0005,1,408.5,0.0,408.5,
OI000013381,O00003340,M0120,1,1740.0,0.0,1740.0,
OI000013382,O00003340,M0008,2,880.0,264.0,1496.0,
OI000013383,O00003340,M0108,1,451.5,22.58,428.92,
OI000013384,O00003341,M0001,1,1480.0,0.0,1480.0,
OI000013385,O00003341,M0160,1,1750.0,0.0,1750.0,Customer request
OI000013386,O00003341,M0037,1,1529.5,0.0,1529.5,
OI000013387,O00003342,M0094,1,630.0,0.0,630.0,
OI000013388,O00003342,M0011,1,1150.0,0.0,1150.0,Customer request
OI000013389,O00003342,M0125,1,320.0,0.0,320.0,
OI000013390,O00003342,M0072,1,1340.0,0.0,1340.0,
OI000013391,O00003342,M0001,1,1554.0,0.0,1554.0,
OI000013392,O00003343,M0001,1,1480.0,0.0,1480.0,
OI000013393,O00003343,M0015,1,1680.0,0.0,1680.0,
OI000013394,O00003343,M0001,1,1480.0,0.0,1480.0,
OI000013395,O00003344,M0001,2,1480.0,0.0,2960.0,
OI000013396,O00003345,M0016,2,1230.0,0.0,2460.0,
OI000013397,O00003345,M0006,1,1879.5,0.0,1879.5,
OI000013398,O00003345,M0014,1,1710.0,0.0,1710.0,
OI000013399,O00003345,M0019,1,630.0,0.0,630.0,
OI000013400,O00003346,M0002,2,546.0,0.0,1092.0,
OI000013401,O00003346,M0051,1,712.5,0.0,712.5,
OI000013402,O00003346,M0014,1,1710.0,85.5,1624.5,
OI000013403,O00003346,M0093,2,976.5,0.0,1953.0,
OI000013404,O00003347,M0195,2,230.0,0.0,460.0,
OI000013405,O00003347,M0017,2,730.0,0.0,1460.0,
OI000013406,O00003347,M0087,1,1680.0,0.0,1680.0,
OI000013407,O00003347,M0010,1,451.5,0.0,451.5,
OI000013408,O00003347,M0111,1,280.0,0.0,280.0,Customer request
OI000013409,O00003347,M0070,1,1630.0,0.0,1630.0,
OI000013410,O00003347,M0007,5,1280.0,0.0,6400.0,
OI000013411,O00003347,M0026,1,472.5,23.62,448.88,
OI000013412,O00003347,M0109,1,1420.0,71.0,1349.0,Customer request
OI000013413,O00003347,M0077,2,1630.0,0.0,3260.0,
OI000013414,O00003347,M0001,4,1480.0,0.0,5920.0,
OI000013415,O00003348,M0001,1,1480.0,0.0,1480.0,
OI000013416,O00003348,M0091,1,367.5,0.0,367.5,
OI000013417,O00003348,M0025,1,247.0,0.0,247.0,
OI000013418,O00003348,M0033,2,325.5,0.0,651.0,
OI000013419,O00003348,M0181,2,280.0,0.0,560.0,
OI000013420,O00003349,M0003,2,1050.0,0.0,2100.0,
OI000013421,O00003349,M0001,1,1480.0,0.0,1480.0,
OI000013422,O00003349,M0004,3,1800.0,0.0,5400.0,
OI000013423,O00003349,M0078,1,1260.0,0.0,1260.0,
OI000013424,O00003349,M0004,1,1800.0,0.0,1800.0,
OI000013425,O00003350,M0036,1,1790.0,0.0,1790.0,
OI000013426,O00003350,M0129,1,1760.0,0.0,1760.0,
OI000013427,O00003350,M0122,1,446.5,0.0,446.5,
OI000013428,O00003350,M0005,1,451.5,0.0,451.5,
OI000013429,O00003351,M0147,1,1040.0,104.0,936.0,
OI000013430,O00003351,M0197,1,330.0,33.0,297.0,
OI000013431,O00003351,M0186,1,1620.0,0.0,1620.0,
OI000013432,O00003351,M0144,1,560.0,0.0,560.0,
OI000013433,O00003352,M0001,1,1406.0,0.0,1406.0,
OI000013434,O00003352,M0056,1,250.0,0.0,250.0,
OI000013435,O00003353,M0023,1,580.0,0.0,580.0,
OI000013436,O00003353,M0009,1,1660.0,0.0,1660.0,
OI000013437,O00003353,M0011,1,1150.0,0.0,1150.0,
OI000013438,O00003353,M0169,2,1180.0,0.0,2360.0,
OI000013439,O00003353,M0174,1,510.0,76.5,433.5,
OI000013440,O00003353,M0002,1,494.0,0.0,494.0,
OI000013441,O00003354,M0005,1,430.0,0.0,430.0,
OI000013442,O00003354,M0157,1,1460.0,0.0,1460.0,
OI000013443,O00003355,M0053,2,1858.5,0.0,3717.0,
OI000013444,O00003355,M0076,1,693.0,0.0,693.0,
OI000013445,O00003355,M0014,1,1795.5,0.0,1795.5,
OI000013446,O00003355,M0007,1,1344.0,0.0,1344.0,
OI000013447,O00003355,M0024,2,580.0,0.0,1160.0,
OI000013448,O00003356,M0013,2,1500.0,0.0,3000.0,
OI000013449,O00003356,M0170,1,900.0,90.0,810.0,
OI000013450,O00003356,M0004,2,1800.0,0.0,3600.0,
OI000013451,O00003356,M0196,1,1510.5,0.0,1510.5,
OI000013452,O00003357,M0151,4,560.5,0.0,2242.0,
OI000013453,O00003357,M0044,1,360.0,0.0,360.0,
OI000013454,O00003357,M0013,1,1500.0,0.0,1500.0,
OI000013455,O00003357,M0081,1,966.0,0.0,966.0,
OI000013456,O00003358,M0029,1,693.0,0.0,693.0,
OI000013457,O00003358,M0016,1,1230.0,0.0,1230.0,
OI000013458,O00003359,M0013,1,1500.0,0.0,1500.0,
OI000013459,O00003359,M0002,2,520.0,0.0,1040.0,
OI000013460,O00003359,M0023,1,580.0,0.0,580.0,Customer request
OI000013461,O00003359,M0007,2,1280.0,0.0,2560.0,
OI000013462,O00003359,M0001,1,1480.0,0.0,1480.0,
OI000013463,O00003360,M0006,2,1790.0,0.0,3580.0,
OI000013464,O00003360,M0006,1,1700.5,0.0,1700.5,
OI000013465,O00003360,M0010,2,408.5,0.0,817.0,
OI000013466,O00003361,M0171,1,1722.0,258.3,1463.7,
OI000013467,O00003361,M0148,1,1121.0,0.0,1121.0,
OI000013468,O00003361,M0001,1,1480.0,0.0,1480.0,
OI000013469,O00003361,M0007,2,1280.0,0.0,2560.0,
OI000013470,O00003361,M0024,1,609.0,0.0,609.0,
OI000013471,O00003361,M0009,1,1577.0,0.0,1577.0,
OI000013472,O00003361,M0018,2,1260.0,0.0,2520.0,
OI000013473,O00003362,M0118,1,1310.0,0.0,1310.0,
OI000013474,O00003362,M0043,2,1681.5,0.0,3363.0,
OI000013475,O00003363,M0021,2,1312.5,0.0,2625.0,
OI000013476,O00003363,M0029,1,660.0,0.0,660.0,
OI000013477,O00003363,M0009,1,1660.0,0.0,1660.0,
OI000013478,O00003363,M0005,1,430.0,0.0,430.0,Customer request
OI000013479,O00003364,M0005,1,430.0,43.0,387.0,
OI000013480,O00003364,M0106,1,893.0,0.0,893.0,
OI000013481,O00003364,M0005,1,430.0,0.0,430.0,
OI000013482,O00003364,M0154,2,1660.0,0.0,3320.0,
OI000013483,O00003364,M0024,1,551.0,0.0,551.0,
OI000013484,O00003364,M0037,4,1529.5,0.0,6118.0,Customer request
OI000013485,O00003364,M0052,2,710.0,0.0,1420.0,
OI000013486,O00003365,M0011,1,1150.0,0.0,1150.0,
OI000013487,O00003365,M0146,1,250.0,12.5,237.5,
OI000013488,O00003365,M0051,1,750.0,0.0,750.0,
OI000013489,O00003365,M0148,2,1239.0,0.0,2478.0,
OI000013490,O00003365,M0033,2,310.0,0.0,620.0,
OI000013491,O00003365,M0001,1,1406.0,0.0,1406.0,
OI000013492,O00003365,M0001,1,1480.0,0.0,1480.0,
OI000013493,O00003365,M0011,1,1150.0,172.5,977.5,
OI000013494,O00003366,M0125,1,336.0,0.0,336.0,
OI000013495,O00003366,M0008,2,880.0,0.0,1760.0,
OI000013496,O00003366,M0029,1,693.0,0.0,693.0,
OI000013497,O00003367,M0005,3,451.5,0.0,1354.5,
OI000013498,O00003367,M0090,1,1250.0,0.0,1250.0,
OI000013499,O00003367,M0066,3,551.0,0.0,1653.0,Customer request
OI000013500,O00003367,M0150,1,300.0,0.0,300.0,
OI000013501,O00003368,M0014,3,1710.0,0.0,5130.0,
OI000013502,O00003368,M0192,1,513.0,0.0,513.0,
OI000013503,O00003368,M0138,1,665.0,0.0,665.0,
OI000013504,O00003368,M0024,5,551.0,413.25,2341.75,
OI000013505,O00003368,M0131,2,990.0,0.0,1980.0,
OI000013506,O00003369,M0021,1,1250.0,0.0,1250.0,
OI000013507,O00003369,M0102,1,456.0,0.0,456.0,
OI000013508,O00003370,M0015,1,1764.0,0.0,1764.0,
OI000013509,O00003370,M0007,1,1280.0,0.0,1280.0,
OI000013510,O00003370,M0086,1,1740.0,0.0,1740.0,
OI000013511,O00003370,M0181,1,280.0,0.0,280.0,
OI000013512,O00003371,M0082,1,619.5,30.98,588.52,
OI000013513,O00003371,M0187,2,870.0,0.0,1740.0,
OI000013514,O00003371,M0158,3,710.0,0.0,2130.0,
OI000013515,O00003372,M0022,3,1240.0,0.0,3720.0,
OI000013516,O00003372,M0032,2,830.0,0.0,1660.0,
OI000013517,O00003373,M0004,1,1800.0,0.0,1800.0,
OI000013518,O00003373,M0023,1,609.0,0.0,609.0,Customer request
OI000013519,O00003373,M0095,1,230.0,0.0,230.0,
OI000013520,O00003373,M0035,4,920.0,0.0,3680.0,
OI000013521,O00003373,M0186,1,1620.0,0.0,1620.0,
OI000013522,O00003373,M0002,1,520.0,0.0,520.0,
OI000013523,O00003374,M0033,2,294.5,0.0,589.0,
OI000013524,O00003374,M0037,2,1529.5,152.95,2906.05,
OI000013525,O00003374,M0003,1,1050.0,0.0,1050.0,
OI000013526,O00003375,M0106,1,893.0,0.0,893.0,
OI000013527,O00003375,M0114,1,608.0,0.0,608.0,
OI000013528,O00003375,M0147,1,1040.0,0.0,1040.0,
OI000013529,O00003375,M0166,1,370.0,0.0,370.0,
OI000013530,O00003375,M0089,1,1207.5,181.12,1026.38,
OI000013531,O00003376,M0123,1,777.0,0.0,777.0,Customer request
OI000013532,O00003376,M0001,1,1554.0,77.7,1476.3,Customer request
OI000013533,O00003376,M0017,1,730.0,0.0,730.0,
OI000013534,O00003376,M0009,2,1660.0,0.0,3320.0,
OI000013535,O00003376,M0105,1,1310.0,0.0,1310.0,
OI000013536,O00003376,M0011,1,1092.5,0.0,1092.5,
OI000013537,O00003376,M0032,1,871.5,0.0,871.5,
OI000013538,O00003376,M0021,1,1187.5,118.75,1068.75,
OI000013539,O00003377,M0092,1,934.5,0.0,934.5,
OI000013540,O00003377,M0045,1,1080.0,0.0,1080.0,
OI000013541,O00003377,M0018,3,1140.0,0.0,3420.0,
OI000013542,O00003378,M0003,1,1102.5,0.0,1102.5,
OI000013543,O00003378,M0004,1,1800.0,0.0,1800.0,
OI000013544,O00003378,M0081,2,920.0,0.0,1840.0,
OI000013545,O00003378,M0001,1,1406.0,0.0,1406.0,
OI000013546,O00003379,M0023,2,551.0,0.0,1102.0,
OI000013547,O00003379,M0083,1,540.0,0.0,540.0,
OI000013548,O00003379,M0015,2,1680.0,504.0,2856.0,
OI000013549,O00003379,M0061,1,880.0,0.0,880.0,
OI000013550,O00003379,M0096,3,730.0,0.0,2190.0,
OI000013551,O00003379,M0139,1,1681.5,0.0,1681.5,
OI000013552,O00003379,M0006,2,1790.0,0.0,3580.0,
OI000013553,O00003380,M0076,1,660.0,0.0,660.0,
OI000013554,O00003380,M0041,2,1638.0,0.0,3276.0,
OI000013555,O00003380,M0026,1,450.0,0.0,450.0,
OI000013556,O00003380,M0021,3,1187.5,0.0,3562.5,
OI000013557,O00003381,M0136,4,740.0,0.0,2960.0,
OI000013558,O00003381,M0004,1,1800.0,0.0,1800.0,
OI000013559,O00003381,M0099,1,570.0,0.0,570.0,
OI000013560,O00003381,M0001,1,1554.0,0.0,1554.0,
OI000013561,O00003382,M0039,1,1774.5,0.0,1774.5,
OI000013562,O00003382,M0003,1,1102.5,0.0,1102.5,
OI000013563,O00003382,M0026,2,450.0,0.0,900.0,
OI000013564,O00003382,M0029,1,693.0,0.0,693.0,
OI000013565,O00003383,M0084,2,1463.0,0.0,2926.0,
OI000013566,O00003383,M0005,1,451.5,0.0,451.5,
OI000013567,O00003383,M0010,4,430.0,86.0,1634.0,
OI000013568,O00003383,M0032,1,871.5,0.0,871.5,
OI000013569,O00003384,M0092,2,890.0,0.0,1780.0,
OI000013570,O00003384,M0039,2,1774.5,0.0,3549.0,
OI000013571,O00003385,M0105,2,1310.0,0.0,2620.0,Customer request
OI000013572,O00003385,M0062,1,1010.0,0.0,1010.0,
OI000013573,O00003385,M0157,1,1460.0,0.0,1460.0,
OI000013574,O00003385,M0066,1,551.0,0.0,551.0,
OI000013575,O00003386,M0014,1,1795.5,0.0,1795.5,
OI000013576,O00003386,M0002,1,520.0,0.0,520.0,
OI000013577,O00003386,M0076,4,627.0,0.0,2508.0,
OI000013578,O00003386,M0191,1,1150.0,57.5,1092.5,
OI000013579,O00003386,M0030,1,270.0,0.0,270.0,
OI000013580,O00003386,M0003,1,1102.5,0.0,1102.5,
OI000013581,O00003386,M0012,1,598.5,0.0,598.5,
OI000013582,O00003387,M0020,2,1110.0,0.0,2220.0,
OI000013583,O00003387,M0003,1,997.5,0.0,997.5,
OI000013584,O00003387,M0013,2,1575.0,0.0,3150.0,
OI000013585,O00003387,M0106,1,940.0,0.0,940.0,
OI000013586,O00003387,M0011,2,1150.0,0.0,2300.0,
OI000013587,O00003387,M0200,2,1160.0,0.0,2320.0,Customer request
OI000013588,O00003388,M0010,2,430.0,0.0,860.0,
OI000013589,O00003388,M0002,1,494.0,0.0,494.0,
OI000013590,O00003388,M0103,2,1150.0,0.0,2300.0,
OI000013591,O00003389,M0002,1,520.0,0.0,520.0,
OI000013592,O00003389,M0001,1,1480.0,0.0,1480.0,Customer request
OI000013593,O00003389,M0018,3,1140.0,0.0,3420.0,
OI000013594,O00003390,M0149,1,920.0,0.0,920.0,
OI000013595,O00003390,M0044,3,378.0,0.0,1134.0,
OI000013596,O00003390,M0157,1,1460.0,0.0,1460.0,
OI000013597,O00003390,M0136,1,740.0,0.0,740.0,
OI000013598,O00003390,M0001,2,1480.0,0.0,2960.0,
OI000013599,O00003390,M0001,1,1480.0,0.0,1480.0,
OI000013600,O00003390,M0010,1,430.0,64.5,365.5,
OI000013601,O00003391,M0141,1,1282.5,0.0,1282.5,
OI000013602,O00003391,M0032,2,830.0,0.0,1660.0,
OI000013603,O00003392,M0177,1,200.0,0.0,200.0,
OI000013604,O00003392,M0010,1,451.5,0.0,451.5,
OI000013605,O00003393,M0024,1,551.0,0.0,551.0,
OI000013606,O00003393,M0001,1,1554.0,0.0,1554.0,
OI000013607,O00003393,M0136,2,703.0,0.0,1406.0,
OI000013608,O00003394,M0003,1,1050.0,0.0,1050.0,
OI000013609,O00003395,M0193,1,522.5,0.0,522.5,
OI000013610,O00003395,M0010,4,451.5,0.0,1806.0,
OI000013611,O00003395,M0171,3,1558.0,0.0,4674.0,
OI000013612,O00003395,M0066,2,580.0,0.0,1160.0,
OI000013613,O00003395,M0045,3,1080.0,486.0,2754.0,
OI000013614,O00003396,M0002,2,494.0,0.0,988.0,
OI000013615,O00003396,M0002,2,546.0,0.0,1092.0,
OI000013616,O00003396,M0008,1,924.0,0.0,924.0,
OI000013617,O00003397,M0015,1,1596.0,0.0,1596.0,
OI000013618,O00003397,M0053,1,1770.0,0.0,1770.0,
OI000013619,O00003397,M0004,1,1800.0,0.0,1800.0,Customer request
OI000013620,O00003397,M0072,1,1340.0,0.0,1340.0,
OI000013621,O00003397,M0001,1,1480.0,0.0,1480.0,
OI000013622,O00003397,M0133,2,1000.0,0.0,2000.0,
OI000013623,O00003397,M0138,1,735.0,0.0,735.0,
OI000013624,O00003398,M0147,1,988.0,0.0,988.0,
OI000013625,O00003398,M0021,1,1312.5,0.0,1312.5,
OI000013626,O00003399,M0003,1,997.5,0.0,997.5,
OI000013627,O00003399,M0033,2,310.0,0.0,620.0,
OI000013628,O00003400,M0092,1,845.5,0.0,845.5,
OI000013629,O00003400,M0008,3,924.0,0.0,2772.0,
OI000013630,O00003400,M0065,1,850.0,0.0,850.0,
OI000013631,O00003401,M0001,1,1480.0,0.0,1480.0,
OI000013632,O00003401,M0112,1,610.0,0.0,610.0,
OI000013633,O00003402,M0006,1,1700.5,0.0,1700.5,
OI000013634,O00003402,M0154,2,1660.0,0.0,3320.0,
OI000013635,O00003402,M0039,2,1774.5,0.0,3549.0,
OI000013636,O00003402,M0016,1,1291.5,0.0,1291.5,Customer request
OI000013637,O00003402,M0085,2,1720.0,0.0,3440.0,Customer request
OI000013638,O00003403,M0011,2,1150.0,115.0,2185.0,
OI000013639,O00003403,M0079,1,1050.0,0.0,1050.0,
OI000013640,O00003403,M0011,2,1207.5,0.0,2415.0,
OI000013641,O00003403,M0125,2,304.0,0.0,608.0,
OI000013642,O00003404,M0190,1,361.0,0.0,361.0,
OI000013643,O00003404,M0063,3,1210.0,0.0,3630.0,
OI000013644,O00003404,M0038,2,1320.0,0.0,2640.0,
OI000013645,O00003404,M0026,1,472.5,0.0,472.5,
OI000013646,O00003404,M0162,1,313.5,0.0,313.5,
OI000013647,O00003405,M0023,3,580.0,87.0,1653.0,
OI000013648,O00003405,M0111,2,280.0,0.0,560.0,
OI000013649,O00003406,M0001,2,1406.0,421.8,2390.2,
OI000013650,O00003406,M0145,4,1672.0,0.0,6688.0,
OI000013651,O00003406,M0017,1,766.5,38.33,728.17,
OI000013652,O00003407,M0009,1,1660.0,0.0,1660.0,
OI000013653,O00003408,M0003,1,1102.5,0.0,1102.5,
OI000013654,O00003408,M0001,3,1480.0,0.0,4440.0,
OI000013655,O00003408,M0140,1,1590.0,0.0,1590.0,
OI000013656,O00003408,M0012,3,598.5,0.0,1795.5,
OI000013657,O00003409,M0185,1,1482.0,0.0,1482.0,
OI000013658,O00003409,M0021,2,1312.5,0.0,2625.0,
OI000013659,O00003410,M0172,1,1720.0,0.0,1720.0,
OI000013660,O00003410,M0063,2,1210.0,0.0,2420.0,
OI000013661,O00003410,M0003,1,1050.0,0.0,1050.0,
OI000013662,O00003410,M0011,1,1150.0,0.0,1150.0,Customer request
OI000013663,O00003411,M0168,2,1795.5,0.0,3591.0,
OI000013664,O00003411,M0022,1,1178.0,176.7,1001.3,
OI000013665,O00003411,M0001,1,1480.0,0.0,1480.0,
OI000013666,O00003412,M0013,1,1500.0,150.0,1350.0,
OI000013667,O00003412,M0138,1,700.0,0.0,700.0,
OI000013668,O00003413,M0199,1,440.0,0.0,440.0,
OI000013669,O00003413,M0001,1,1480.0,74.0,1406.0,
OI000013670,O00003413,M0027,1,790.0,0.0,790.0,
OI000013671,O00003413,M0007,1,1280.0,0.0,1280.0,
OI000013672,O00003414,M0190,2,399.0,0.0,798.0,
OI000013673,O00003414,M0017,2,730.0,0.0,1460.0,
OI000013674,O00003414,M0165,3,513.0,0.0,1539.0,
OI000013675,O00003414,M0052,1,745.5,37.28,708.22,
OI000013676,O00003414,M0145,1,1760.0,0.0,1760.0,
OI000013677,O00003415,M0173,2,1662.5,0.0,3325.0,
OI000013678,O00003415,M0002,1,546.0,0.0,546.0,
OI000013679,O00003415,M0005,2,451.5,0.0,903.0,
OI000013680,O00003416,M0008,2,836.0,0.0,1672.0,
OI000013681,O00003417,M0037,1,1529.5,0.0,1529.5,
OI000013682,O00003417,M0007,1,1280.0,0.0,1280.0,
OI000013683,O00003417,M0165,1,540.0,81.0,459.0,
OI000013684,O00003418,M0004,2,1800.0,0.0,3600.0,
OI000013685,O00003418,M0004,2,1710.0,0.0,3420.0,
OI000013686,O00003418,M0003,1,1050.0,0.0,1050.0,Customer request
OI000013687,O00003418,M0023,1,580.0,0.0,580.0,
OI000013688,O00003419,M0001,1,1480.0,0.0,1480.0,
OI000013689,O00003419,M0069,1,1111.5,0.0,1111.5,
OI000013690,O00003420,M0007,1,1280.0,0.0,1280.0,Customer request
OI000013691,O00003420,M0165,1,540.0,81.0,459.0,
OI000013692,O00003420,M0004,1,1890.0,0.0,1890.0,
OI000013693,O00003420,M0002,3,520.0,0.0,1560.0,
OI000013694,O00003420,M0019,1,630.0,0.0,630.0,
OI000013695,O00003420,M0007,2,1280.0,0.0,2560.0,
OI000013696,O00003420,M0134,1,693.5,0.0,693.5,
OI000013697,O00003421,M0035,2,920.0,0.0,1840.0,
OI000013698,O00003421,M0028,1,870.0,0.0,870.0,
OI000013699,O00003421,M0099,1,541.5,0.0,541.5,
OI000013700,O00003421,M0062,2,1010.0,0.0,2020.0,
OI000013701,O00003421,M0001,1,1480.0,0.0,1480.0,
OI000013702,O00003421,M0070,3,1630.0,0.0,4890.0,
OI000013703,O00003422,M0078,1,1197.0,0.0,1197.0,
OI000013704,O00003422,M0004,2,1800.0,360.0,3240.0,
OI000013705,O00003423,M0077,1,1630.0,0.0,1630.0,
OI000013706,O00003423,M0197,1,346.5,0.0,346.5,
OI000013707,O00003423,M0010,1,430.0,0.0,430.0,
OI000013708,O00003423,M0001,1,1480.0,0.0,1480.0,
OI000013709,O00003424,M0127,1,770.0,0.0,770.0,
OI000013710,O00003424,M0005,1,408.5,0.0,408.5,
OI000013711,O00003424,M0099,1,570.0,0.0,570.0,
OI000013712,O00003424,M0019,2,598.5,0.0,1197.0,
OI000013713,O00003424,M0150,1,300.0,0.0,300.0,
OI000013714,O00003425,M0169,2,1121.0,0.0,2242.0,
OI000013715,O00003425,M0018,1,1140.0,0.0,1140.0,
OI000013716,O00003425,M0190,1,380.0,0.0,380.0,
OI000013717,O00003426,M0001,1,1554.0,0.0,1554.0,
OI000013718,O00003426,M0043,3,1858.5,0.0,5575.5,
OI000013719,O00003426,M0086,2,1740.0,0.0,3480.0,
OI000013720,O00003426,M0022,1,1302.0,0.0,1302.0,
OI000013721,O00003426,M0063,1,1210.0,0.0,1210.0,
OI000013722,O00003426,M0011,1,1150.0,0.0,1150.0,
OI000013723,O00003426,M0001,3,1554.0,0.0,4662.0,Customer request
OI000013724,O00003427,M0120,1,1740.0,0.0,1740.0,
OI000013725,O00003427,M0010,1,430.0,0.0,430.0,
OI000013726,O00003427,M0005,1,430.0,0.0,430.0,
OI000013727,O00003428,M0005,1,451.5,0.0,451.5,
OI000013728,O00003428,M0115,1,1197.0,0.0,1197.0,
OI000013729,O00003429,M0001,2,1480.0,0.0,2960.0,
OI000013730,O00003429,M0031,1,1740.0,0.0,1740.0,
OI000013731,O00003429,M0005,1,451.5,0.0,451.5,
OI000013732,O00003429,M0062,1,1010.0,0.0,1010.0,
OI000013733,O00003430,M0106,3,940.0,0.0,2820.0,
OI000013734,O00003430,M0042,3,1210.0,0.0,3630.0,
OI000013735,O00003430,M0053,1,1858.5,0.0,1858.5,
OI000013736,O00003431,M0055,3,890.0,0.0,2670.0,
OI000013737,O00003431,M0044,5,342.0,0.0,1710.0,
OI000013738,O00003431,M0006,2,1879.5,0.0,3759.0,
OI000013739,O00003432,M0062,1,1010.0,0.0,1010.0,
OI000013740,O00003432,M0098,1,1230.0,123.0,1107.0,
OI000013741,O00003432,M0116,1,420.0,0.0,420.0,
OI000013742,O00003433,M0002,2,520.0,0.0,1040.0,
OI000013743,O00003433,M0018,1,1260.0,0.0,1260.0,
OI000013744,O00003433,M0016,1,1230.0,0.0,1230.0,
OI000013745,O00003433,M0160,1,1750.0,0.0,1750.0,
OI000013746,O00003433,M0063,1,1149.5,0.0,1149.5,
OI000013747,O00003434,M0028,1,870.0,130.5,739.5,
OI000013748,O00003434,M0178,2,273.0,0.0,546.0,
OI000013749,O00003434,M0003,1,1050.0,0.0,1050.0,
OI000013750,O00003434,M0015,4,1596.0,0.0,6384.0,
OI000013751,O00003435,M0056,1,237.5,0.0,237.5,
OI000013752,O00003435,M0033,4,310.0,0.0,1240.0,
OI000013753,O00003435,M0048,1,1501.0,150.1,1350.9,
OI000013754,O00003436,M0093,3,883.5,397.58,2252.92,
OI000013755,O00003436,M0073,3,399.0,0.0,1197.0,
OI000013756,O00003436,M0063,1,1270.5,127.05,1143.45,
OI000013757,O00003436,M0079,2,997.5,0.0,1995.0,
OI000013758,O00003437,M0100,2,1790.0,0.0,3580.0,
OI000013759,O00003437,M0005,2,408.5,0.0,817.0,
OI000013760,O00003437,M0071,1,630.0,0.0,630.0,
OI000013761,O00003437,M0065,1,807.5,121.12,686.38,
OI000013762,O00003438,M0076,1,660.0,0.0,660.0,
OI000013763,O00003438,M0007,1,1280.0,0.0,1280.0,
OI000013764,O00003438,M0009,1,1743.0,0.0,1743.0,
OI000013765,O00003438,M0096,4,730.0,0.0,2920.0,
OI000013766,O00003438,M0017,1,730.0,0.0,730.0,Customer request
OI000013767,O00003438,M0159,2,1040.0,0.0,2080.0,
OI000013768,O00003438,M0002,1,520.0,0.0,520.0,
OI000013769,O00003438,M0004,2,1800.0,360.0,3240.0,
OI000013770,O00003438,M0004,1,1800.0,180.0,1620.0,
OI000013771,O00003438,M0009,2,1577.0,0.0,3154.0,
OI000013772,O00003439,M0149,1,920.0,0.0,920.0,
OI000013773,O00003439,M0016,4,1168.5,0.0,4674.0,
OI000013774,O00003439,M0026,1,450.0,0.0,450.0,
OI000013775,O00003440,M0021,1,1312.5,0.0,1312.5,
OI000013776,O00003440,M0109,1,1420.0,0.0,1420.0,
OI000013777,O00003440,M0016,1,1291.5,0.0,1291.5,
OI000013778,O00003440,M0119,1,240.0,0.0,240.0,
OI000013779,O00003440,M0029,1,660.0,0.0,660.0,
OI000013780,O00003441,M0007,1,1280.0,0.0,1280.0,
OI000013781,O00003441,M0022,2,1240.0,0.0,2480.0,
OI000013782,O00003441,M0018,1,1260.0,0.0,1260.0,
OI000013783,O00003441,M0007,2,1280.0,0.0,2560.0,
OI000013784,O00003442,M0002,1,520.0,0.0,520.0,
OI000013785,O00003442,M0123,2,740.0,222.0,1258.0,
OI000013786,O00003443,M0034,1,1197.0,0.0,1197.0,
OI000013787,O00003443,M0007,1,1216.0,0.0,1216.0,
OI000013788,O00003443,M0022,1,1240.0,0.0,1240.0,
OI000013789,O00003443,M0051,2,750.0,0.0,1500.0,
OI000013790,O00003444,M0080,3,870.0,0.0,2610.0,
OI000013791,O00003444,M0054,2,1120.0,0.0,2240.0,
OI000013792,O00003444,M0006,2,1790.0,0.0,3580.0,
OI000013793,O00003444,M0002,2,494.0,0.0,988.0,
OI000013794,O00003444,M0001,5,1480.0,0.0,7400.0,
OI000013795,O00003445,M0002,2,546.0,0.0,1092.0,
OI000013796,O00003445,M0014,2,1624.5,0.0,3249.0,
OI000013797,O00003445,M0014,1,1710.0,0.0,1710.0,
OI000013798,O00003445,M0188,1,290.0,0.0,290.0,
OI000013799,O00003446,M0001,1,1480.0,0.0,1480.0,
OI000013800,O00003446,M0057,1,525.0,0.0,525.0,
OI000013801,O00003446,M0033,1,310.0,0.0,310.0,
OI000013802,O00003446,M0003,1,1050.0,0.0,1050.0,
OI000013803,O00003446,M0172,1,1720.0,0.0,1720.0,
OI000013804,O00003446,M0111,1,280.0,42.0,238.0,
OI000013805,O00003447,M0006,1,1700.5,0.0,1700.5,
OI000013806,O00003447,M0010,1,408.5,0.0,408.5,
OI000013807,O00003447,M0005,1,430.0,0.0,430.0,
OI000013808,O00003448,M0011,4,1150.0,0.0,4600.0,
OI000013809,O00003448,M0006,1,1700.5,0.0,1700.5,
OI000013810,O00003448,M0008,1,836.0,0.0,836.0,
OI000013811,O00003448,M0034,2,1323.0,0.0,2646.0,
OI000013812,O00003449,M0013,1,1425.0,0.0,1425.0,
OI000013813,O00003449,M0030,1,270.0,27.0,243.0,
OI000013814,O00003449,M0001,2,1406.0,0.0,2812.0,
OI000013815,O00003449,M0087,1,1680.0,0.0,1680.0,
OI000013816,O00003449,M0162,3,313.5,0.0,940.5,
OI000013817,O00003449,M0198,2,680.0,0.0,1360.0,
OI000013818,O00003450,M0005,1,430.0,0.0,430.0,
OI000013819,O00003450,M0017,2,766.5,0.0,1533.0,
OI000013820,O00003451,M0186,1,1620.0,0.0,1620.0,
OI000013821,O00003451,M0005,1,451.5,45.15,406.35,
OI000013822,O00003451,M0038,2,1254.0,0.0,2508.0,
OI000013823,O00003451,M0107,3,342.0,0.0,1026.0,
OI000013824,O00003451,M0001,1,1406.0,140.6,1265.4,
OI000013825,O00003451,M0002,1,494.0,0.0,494.0,
OI000013826,O00003452,M0005,1,430.0,0.0,430.0,
OI000013827,O00003452,M0025,1,260.0,0.0,260.0,
OI000013828,O00003453,M0001,1,1480.0,0.0,1480.0,
OI000013829,O00003453,M0022,1,1240.0,0.0,1240.0,
OI000013830,O00003453,M0003,1,1050.0,0.0,1050.0,
OI000013831,O00003453,M0126,2,1444.0,0.0,2888.0,
OI000013832,O00003453,M0029,1,660.0,0.0,660.0,
OI000013833,O00003454,M0001,3,1480.0,0.0,4440.0,
OI000013834,O00003454,M0026,1,450.0,0.0,450.0,
OI000013835,O00003454,M0029,1,627.0,0.0,627.0,
OI000013836,O00003455,M0010,1,451.5,0.0,451.5,
OI000013837,O00003455,M0016,1,1230.0,0.0,1230.0,Customer request
OI000013838,O00003455,M0184,1,988.0,0.0,988.0,
OI000013839,O00003455,M0007,1,1344.0,201.6,1142.4,
OI000013840,O00003455,M0068,2,920.0,0.0,1840.0,
OI000013841,O00003456,M0064,1,399.0,0.0,399.0,
OI000013842,O00003456,M0021,1,1312.5,0.0,1312.5,
OI000013843,O00003456,M0164,1,1206.5,0.0,1206.5,
OI000013844,O00003456,M0096,1,730.0,0.0,730.0,
OI000013845,O00003457,M0001,2,1480.0,0.0,2960.0,
OI000013846,O00003457,M0029,1,693.0,69.3,623.7,
OI000013847,O00003457,M0002,1,520.0,0.0,520.0,
OI000013848,O00003457,M0009,1,1660.0,249.0,1411.0,
OI000013849,O00003458,M0007,1,1280.0,0.0,1280.0,
OI000013850,O00003458,M0091,2,350.0,0.0,700.0,
OI000013851,O00003458,M0007,1,1280.0,0.0,1280.0,
OI000013852,O00003458,M0196,2,1669.5,0.0,3339.0,
OI000013853,O00003458,M0003,1,1050.0,0.0,1050.0,
OI000013854,O00003458,M0020,2,1165.5,0.0,2331.0,Customer request
OI000013855,O00003459,M0030,1,270.0,0.0,270.0,
OI000013856,O00003459,M0022,2,1178.0,0.0,2356.0,
OI000013857,O00003459,M0002,3,494.0,0.0,1482.0,
OI000013858,O00003460,M0006,3,1790.0,0.0,5370.0,
OI000013859,O00003460,M0035,3,874.0,0.0,2622.0,
OI000013860,O00003460,M0107,1,360.0,0.0,360.0,Customer request
OI000013861,O00003460,M0071,3,661.5,0.0,1984.5,
OI000013862,O00003460,M0039,1,1690.0,0.0,1690.0,
OI000013863,O00003461,M0188,1,290.0,0.0,290.0,
OI000013864,O00003461,M0093,1,930.0,0.0,930.0,
OI000013865,O00003461,M0133,1,1050.0,0.0,1050.0,
OI000013866,O00003462,M0001,1,1480.0,0.0,1480.0,
OI000013867,O00003462,M0006,2,1790.0,0.0,3580.0,
OI000013868,O00003462,M0080,1,870.0,0.0,870.0,
OI000013869,O00003462,M0009,3,1577.0,0.0,4731.0,
OI000013870,O00003462,M0014,1,1624.5,0.0,1624.5,
OI000013871,O00003463,M0048,1,1659.0,0.0,1659.0,
OI000013872,O00003463,M0039,2,1774.5,0.0,3549.0,
OI000013873,O00003463,M0006,1,1879.5,0.0,1879.5,
OI000013874,O00003463,M0139,2,1770.0,0.0,3540.0,
OI000013875,O00003463,M0056,3,237.5,0.0,712.5,
OI000013876,O00003464,M0070,1,1630.0,0.0,1630.0,Customer request
OI000013877,O00003464,M0118,2,1375.5,0.0,2751.0,
OI000013878,O00003465,M0002,3,520.0,234.0,1326.0,
OI000013879,O00003465,M0028,1,913.5,0.0,913.5,
OI000013880,O00003465,M0002,2,520.0,0.0,1040.0,
OI000013881,O00003465,M0001,1,1406.0,0.0,1406.0,
OI000013882,O00003465,M0081,2,920.0,0.0,1840.0,
OI000013883,O00003466,M0103,1,1150.0,0.0,1150.0,
OI000013884,O00003466,M0001,1,1554.0,0.0,1554.0,
OI000013885,O00003467,M0123,1,703.0,70.3,632.7,
OI000013886,O00003467,M0009,1,1660.0,83.0,1577.0,
OI000013887,O00003467,M0062,2,1010.0,0.0,2020.0,
OI000013888,O00003467,M0070,1,1630.0,0.0,1630.0,
OI000013889,O00003467,M0073,1,399.0,0.0,399.0,
OI000013890,O00003468,M0045,1,1080.0,0.0,1080.0,
OI000013891,O00003468,M0002,1,520.0,0.0,520.0,
OI000013892,O00003468,M0002,1,494.0,0.0,494.0,
OI000013893,O00003468,M0003,2,997.5,0.0,1995.0,
OI000013894,O00003469,M0158,1,710.0,0.0,710.0,
OI000013895,O00003469,M0005,2,408.5,81.7,735.3,
OI000013896,O00003469,M0003,2,1050.0,0.0,2100.0,
OI000013897,O00003469,M0194,1,1270.0,0.0,1270.0,
OI000013898,O00003469,M0001,2,1406.0,0.0,2812.0,
OI000013899,O00003470,M0098,2,1230.0,0.0,2460.0,
OI000013900,O00003470,M0124,1,980.0,0.0,980.0,
OI000013901,O00003470,M0064,2,420.0,0.0,840.0,
OI000013902,O00003470,M0186,1,1701.0,0.0,1701.0,
OI000013903,O00003470,M0013,1,1575.0,0.0,1575.0,
OI000013904,O00003471,M0002,2,494.0,0.0,988.0,
OI000013905,O00003471,M0007,1,1344.0,0.0,1344.0,
OI000013906,O00003471,M0002,1,520.0,0.0,520.0,
OI000013907,O00003471,M0030,1,270.0,0.0,270.0,
OI000013908,O00003472,M0181,3,280.0,0.0,840.0,
OI000013909,O00003472,M0034,1,1323.0,0.0,1323.0,
OI000013910,O00003472,M0012,1,598.5,0.0,598.5,
OI000013911,O00003473,M0151,1,590.0,0.0,590.0,
OI000013912,O00003473,M0053,1,1858.5,278.77,1579.73,
OI000013913,O00003473,M0163,4,1459.5,0.0,5838.0,
OI000013914,O00003474,M0181,1,280.0,28.0,252.0,
OI000013915,O00003474,M0166,1,388.5,0.0,388.5,Customer request
OI000013916,O00003474,M0072,1,1407.0,70.35,1336.65,
OI000013917,O00003474,M0032,1,871.5,0.0,871.5,
OI000013918,O00003475,M0010,5,430.0,0.0,2150.0,
OI000013919,O00003475,M0169,1,1239.0,123.9,1115.1,
OI000013920,O00003475,M0039,1,1690.0,0.0,1690.0,Customer request
OI000013921,O00003476,M0198,1,680.0,68.0,612.0,
OI000013922,O00003476,M0157,2,1533.0,0.0,3066.0,
OI000013923,O00003476,M0017,1,730.0,0.0,730.0,
OI000013924,O00003477,M0137,2,1858.5,0.0,3717.0,
OI000013925,O00003477,M0037,1,1610.0,0.0,1610.0,
OI000013926,O00003478,M0087,1,1764.0,0.0,1764.0,
OI000013927,O00003478,M0029,1,660.0,0.0,660.0,
OI000013928,O00003478,M0194,1,1270.0,0.0,1270.0,
OI000013929,O00003479,M0019,1,598.5,0.0,598.5,
OI000013930,O00003479,M0002,5,520.0,0.0,2600.0,
OI000013931,O00003480,M0130,1,1123.5,0.0,1123.5,
OI000013932,O00003481,M0092,1,845.5,0.0,845.5,
OI000013933,O00003481,M0003,2,997.5,0.0,1995.0,
OI000013934,O00003481,M0032,1,788.5,0.0,788.5,
OI000013935,O00003481,M0068,3,920.0,0.0,2760.0,
OI000013936,O00003482,M0020,1,1165.5,0.0,1165.5,
OI000013937,O00003482,M0152,3,588.0,0.0,1764.0,Customer request
OI000013938,O00003482,M0169,1,1239.0,0.0,1239.0,
OI000013939,O00003483,M0134,4,730.0,0.0,2920.0,
OI000013940,O00003483,M0036,1,1790.0,89.5,1700.5,Customer request
OI000013941,O00003483,M0025,2,260.0,0.0,520.0,
OI000013942,O00003483,M0047,1,1610.0,0.0,1610.0,
OI000013943,O00003484,M0034,1,1197.0,0.0,1197.0,
OI000013944,O00003484,M0002,4,494.0,0.0,1976.0,
OI000013945,O00003484,M0102,3,480.0,0.0,1440.0,
OI000013946,O00003484,M0168,1,1710.0,0.0,1710.0,
OI000013947,O00003484,M0030,3,270.0,81.0,729.0,Customer request
OI000013948,O00003484,M0001,2,1480.0,0.0,2960.0,
OI000013949,O00003485,M0012,1,541.5,0.0,541.5,
OI000013950,O00003485,M0002,3,494.0,0.0,1482.0,
OI000013951,O00003485,M0189,1,1575.0,236.25,1338.75,
OI000013952,O00003485,M0003,3,1050.0,0.0,3150.0,
OI000013953,O00003485,M0002,1,494.0,0.0,494.0,
OI000013954,O00003486,M0035,2,920.0,0.0,1840.0,
OI000013955,O00003486,M0001,2,1480.0,0.0,2960.0,
OI000013956,O00003486,M0057,2,500.0,0.0,1000.0,
OI000013957,O00003486,M0134,1,730.0,0.0,730.0,
OI000013958,O00003486,M0007,3,1280.0,0.0,3840.0,
OI000013959,O00003487,M0161,2,410.0,0.0,820.0,
OI000013960,O00003487,M0060,2,1180.0,0.0,2360.0,
OI000013961,O00003487,M0004,1,1890.0,94.5,1795.5,Customer request
OI000013962,O00003487,M0060,1,1180.0,0.0,1180.0,
OI000013963,O00003488,M0001,1,1480.0,222.0,1258.0,
OI000013964,O00003488,M0014,1,1624.5,0.0,1624.5,
OI000013965,O00003488,M0001,3,1480.0,0.0,4440.0,
OI000013966,O00003488,M0023,2,551.0,0.0,1102.0,
OI000013967,O00003488,M0119,3,252.0,0.0,756.0,
OI000013968,O00003489,M0074,1,684.0,0.0,684.0,
OI000013969,O00003489,M0005,1,430.0,0.0,430.0,
OI000013970,O00003489,M0004,1,1800.0,0.0,1800.0,
OI000013971,O00003490,M0076,2,660.0,0.0,1320.0,
OI000013972,O00003490,M0065,1,850.0,0.0,850.0,
OI000013973,O00003490,M0003,1,1050.0,0.0,1050.0,
OI000013974,O00003490,M0067,1,1440.0,144.0,1296.0,
OI000013975,O00003491,M0100,1,1790.0,89.5,1700.5,
OI000013976,O00003491,M0095,1,241.5,0.0,241.5,
OI000013977,O00003492,M0019,2,661.5,0.0,1323.0,
OI000013978,O00003492,M0112,3,610.0,0.0,1830.0,
OI000013979,O00003493,M0018,1,1200.0,0.0,1200.0,
OI000013980,O00003493,M0060,1,1239.0,0.0,1239.0,Customer request
OI000013981,O00003493,M0093,1,930.0,0.0,930.0,
OI000013982,O00003493,M0091,1,350.0,0.0,350.0,
OI000013983,O00003494,M0014,1,1710.0,0.0,1710.0,
OI000013984,O00003494,M0044,2,360.0,0.0,720.0,
OI000013985,O00003494,M0053,1,1858.5,0.0,1858.5,
OI000013986,O00003494,M0006,2,1790.0,537.0,3043.0,
OI000013987,O00003494,M0001,2,1480.0,296.0,2664.0,
OI000013988,O00003495,M0002,5,546.0,0.0,2730.0,Customer request
OI000013989,O00003495,M0001,1,1480.0,0.0,1480.0,
OI000013990,O00003495,M0010,1,430.0,0.0,430.0,
OI000013991,O00003496,M0012,1,570.0,0.0,570.0,
OI000013992,O00003496,M0133,3,1000.0,0.0,3000.0,
OI000013993,O00003496,M0002,1,546.0,0.0,546.0,
OI000013994,O00003496,M0004,4,1710.0,0.0,6840.0,
OI000013995,O00003496,M0054,1,1064.0,0.0,1064.0,
OI000013996,O00003496,M0027,1,829.5,0.0,829.5,
OI000013997,O00003497,M0197,2,313.5,0.0,627.0,
OI000013998,O00003497,M0093,1,976.5,0.0,976.5,
OI000013999,O00003497,M0008,3,924.0,0.0,2772.0,
OI000014000,O00003497,M0081,1,966.0,0.0,966.0,
OI000014001,O00003498,M0006,1,1790.0,0.0,1790.0,
OI000014002,O00003498,M0069,1,1170.0,0.0,1170.0,
OI000014003,O00003498,M0001,1,1406.0,0.0,1406.0,
OI000014004,O00003498,M0005,2,451.5,0.0,903.0,
OI000014005,O00003499,M0002,2,520.0,0.0,1040.0,
OI000014006,O00003499,M0022,2,1240.0,0.0,2480.0,
OI000014007,O00003500,M0040,1,430.0,0.0,430.0,
OI000014008,O00003500,M0008,2,836.0,0.0,1672.0,
OI000014009,O00003500,M0188,1,275.5,0.0,275.5,Customer request
OI000014010,O00003500,M0020,1,1110.0,166.5,943.5,
OI000014011,O00003501,M0042,1,1270.5,0.0,1270.5,
OI000014012,O00003501,M0026,1,450.0,0.0,450.0,
OI000014013,O00003501,M0132,1,1858.5,0.0,1858.5,
OI000014014,O00003501,M0016,1,1230.0,0.0,1230.0,
OI000014015,O00003502,M0169,1,1239.0,0.0,1239.0,
OI000014016,O00003502,M0109,2,1420.0,0.0,2840.0,
OI000014017,O00003503,M0001,2,1480.0,0.0,2960.0,
OI000014018,O00003503,M0141,1,1350.0,0.0,1350.0,
OI000014019,O00003504,M0004,1,1800.0,0.0,1800.0,Customer request
OI000014020,O00003504,M0001,4,1480.0,592.0,5328.0,
OI000014021,O00003504,M0006,1,1790.0,0.0,1790.0,
OI000014022,O00003504,M0002,2,520.0,0.0,1040.0,
OI000014023,O00003504,M0055,4,845.5,0.0,3382.0,
OI000014024,O00003504,M0024,2,580.0,0.0,1160.0,
OI000014025,O00003505,M0028,1,826.5,0.0,826.5,
OI000014026,O00003505,M0053,1,1858.5,0.0,1858.5,
OI000014027,O00003505,M0031,1,1827.0,0.0,1827.0,
OI000014028,O00003505,M0196,1,1669.5,0.0,1669.5,
OI000014029,O00003505,M0055,1,845.5,0.0,845.5,
OI000014030,O00003505,M0047,1,1610.0,0.0,1610.0,
OI000014031,O00003506,M0020,2,1110.0,0.0,2220.0,Customer request
OI000014032,O00003506,M0024,1,580.0,58.0,522.0,
OI000014033,O00003506,M0194,2,1270.0,0.0,2540.0,
OI000014034,O00003506,M0001,1,1406.0,70.3,1335.7,
OI000014035,O00003506,M0003,1,1050.0,0.0,1050.0,
OI000014036,O00003507,M0013,3,1425.0,0.0,4275.0,
OI000014037,O00003507,M0150,1,285.0,0.0,285.0,
OI000014038,O00003507,M0167,2,560.0,0.0,1120.0,
OI000014039,O00003507,M0001,1,1480.0,0.0,1480.0,
OI000014040,O00003507,M0003,1,1102.5,0.0,1102.5,
OI000014041,O00003507,M0140,1,1590.0,0.0,1590.0,
OI000014042,O00003508,M0008,1,924.0,0.0,924.0,
OI000014043,O00003508,M0019,1,598.5,0.0,598.5,
OI000014044,O00003508,M0001,1,1480.0,0.0,1480.0,
OI000014045,O00003508,M0030,2,270.0,0.0,540.0,
OI000014046,O00003509,M0133,2,1000.0,0.0,2000.0,
OI000014047,O00003509,M0015,1,1680.0,0.0,1680.0,
OI000014048,O00003509,M0140,3,1590.0,0.0,4770.0,
OI000014049,O00003510,M0014,2,1710.0,0.0,3420.0,
OI000014050,O00003510,M0063,1,1210.0,0.0,1210.0,
OI000014051,O00003510,M0010,2,-100.0,0.0,860.0,
OI000014052,O00003510,M0034,1,1197.0,179.55,1017.45,
OI000014053,O00003510,M0118,1,1310.0,0.0,1310.0,
OI000014054,O00003510,M0126,1,1444.0,0.0,1444.0,
OI000014055,O00003510,M0001,1,1480.0,0.0,1480.0,
OI000014056,O00003511,M0162,1,313.5,0.0,313.5,
OI000014057,O00003511,M0035,1,920.0,0.0,920.0,
OI000014058,O00003511,M0006,1,1879.5,0.0,1879.5,
OI000014059,O00003511,M0119,1,240.0,0.0,240.0,
OI000014060,O00003511,M0058,1,1350.0,0.0,1350.0,
OI000014061,O00003511,M0033,2,325.5,0.0,651.0,
OI000014062,O00003512,M0111,3,280.0,0.0,840.0,
OI000014063,O00003512,M0005,1,430.0,0.0,430.0,Customer request
OI000014064,O00003512,M0046,2,1640.0,0.0,3280.0,
OI000014065,O00003512,M0179,1,1440.0,0.0,1440.0,
OI000014066,O00003512,M0058,2,1350.0,0.0,2700.0,
OI000014067,O00003513,M0049,3,1522.5,0.0,4567.5,
OI000014068,O00003513,M0001,2,1480.0,0.0,2960.0,
OI000014069,O00003513,M0004,3,1800.0,0.0,5400.0,
OI000014070,O00003513,M0052,1,710.0,0.0,710.0,
OI000014071,O00003514,M0075,1,1710.0,0.0,1710.0,Customer request
OI000014072,O00003514,M0148,1,1180.0,59.0,1121.0,
OI000014073,O00003515,M0135,2,1540.0,0.0,3080.0,
OI000014074,O00003516,M0015,1,1596.0,0.0,1596.0,
OI000014075,O00003516,M0071,1,630.0,63.0,567.0,
OI000014076,O00003516,M0026,1,450.0,0.0,450.0,
OI000014077,O00003517,M0028,2,870.0,0.0,1740.0,
OI000014078,O00003517,M0171,2,1640.0,164.0,3116.0,
OI000014079,O00003517,M0084,2,1617.0,161.7,3072.3,
OI000014080,O00003517,M0183,1,630.0,0.0,630.0,
OI000014081,O00003518,M0098,1,1291.5,64.58,1226.92,
OI000014082,O00003518,M0082,1,560.5,0.0,560.5,
OI000014083,O00003518,M0022,1,1240.0,0.0,1240.0,
OI000014084,O00003518,M0002,2,494.0,0.0,988.0,
OI000014085,O00003519,M0056,2,250.0,0.0,500.0,
OI000014086,O00003519,M0027,1,750.5,0.0,750.5,
OI000014087,O00003520,M0048,2,1659.0,0.0,3318.0,
OI000014088,O00003520,M0009,1,1577.0,0.0,1577.0,
OI000014089,O00003521,M0005,1,430.0,0.0,430.0,
OI000014090,O00003521,M0008,2,880.0,0.0,1760.0,
OI000014091,O00003521,M0063,1,1270.5,0.0,1270.5,
OI000014092,O00003522,M0175,2,674.5,0.0,1349.0,
OI000014093,O00003522,M0196,2,1510.5,151.05,2869.95,
OI000014094,O00003522,M0110,2,1567.5,0.0,3135.0,
OI000014095,O00003523,M0177,1,210.0,0.0,210.0,
OI000014096,O00003523,M0009,1,1577.0,0.0,1577.0,
OI000014097,O00003523,M0001,1,1480.0,0.0,1480.0,Customer request
OI000014098,O00003523,M0005,3,430.0,0.0,1290.0,
OI000014099,O00003524,M0057,1,-100.0,0.0,475.0,
OI000014100,O00003524,M0148,1,1180.0,0.0,1180.0,
OI000014101,O00003525,M0155,1,556.5,0.0,556.5,
OI000014102,O00003525,M0118,2,1310.0,0.0,2620.0,
OI000014103,O00003525,M0094,2,661.5,0.0,1323.0,
OI000014104,O00003525,M0010,1,430.0,0.0,430.0,
OI000014105,O00003525,M0002,1,520.0,0.0,520.0,
OI000014106,O00003526,M0036,1,1790.0,0.0,1790.0,
OI000014107,O00003526,M0013,2,1500.0,0.0,3000.0,
OI000014108,O00003526,M0003,2,1050.0,0.0,2100.0,
OI000014109,O00003526,M0026,1,450.0,0.0,450.0,
OI000014110,O00003527,M0036,1,1790.0,0.0,1790.0,
OI000014111,O00003527,M0098,1,1168.5,0.0,1168.5,
OI000014112,O00003527,M0110,2,1567.5,0.0,3135.0,Customer request
OI000014113,O00003527,M0027,1,750.5,0.0,750.5,
OI000014114,O00003528,M0158,2,674.5,0.0,1349.0,
OI000014115,O00003528,M0103,1,1092.5,0.0,1092.5,
OI000014116,O00003528,M0022,2,1240.0,0.0,2480.0,
OI000014117,O00003528,M0014,1,1624.5,0.0,1624.5,
OI000014118,O00003529,M0011,1,1150.0,0.0,1150.0,
OI000014119,O00003529,M0026,1,472.5,0.0,472.5,
OI000014120,O00003529,M0012,3,570.0,0.0,1710.0,
OI000014121,O00003530,M0027,2,790.0,0.0,1580.0,
OI000014122,O00003530,M0045,1,1080.0,0.0,1080.0,
OI000014123,O00003531,M0004,1,1800.0,90.0,1710.0,
OI000014124,O00003531,M0106,4,940.0,0.0,3760.0,
OI000014125,O00003531,M0002,2,520.0,52.0,988.0,
OI000014126,O00003532,M0019,2,598.5,0.0,1197.0,
OI000014127,O00003532,M0004,3,1890.0,0.0,5670.0,
OI000014128,O00003532,M0010,1,430.0,0.0,430.0,
OI000014129,O00003532,M0026,2,472.5,0.0,945.0,
OI000014130,O00003532,M0089,1,1207.5,60.38,1147.12,
OI000014131,O00003533,M0056,1,250.0,0.0,250.0,
OI000014132,O00003533,M0015,1,1764.0,0.0,1764.0,
OI000014133,O00003534,M0048,1,1501.0,0.0,1501.0,
OI000014134,O00003534,M0010,1,430.0,0.0,430.0,
OI000014135,O00003535,M0122,2,470.0,47.0,893.0,
OI000014136,O00003535,M0029,1,660.0,0.0,660.0,
OI000014137,O00003535,M0079,1,997.5,0.0,997.5,
OI000014138,O00003535,M0011,1,1150.0,0.0,1150.0,Customer request
OI000014139,O00003535,M0068,1,966.0,0.0,966.0,Customer request
OI000014140,O00003535,M0161,3,410.0,0.0,1230.0,
OI000014141,O00003536,M0002,1,520.0,0.0,520.0,
OI000014142,O00003536,M0048,1,1580.0,0.0,1580.0,
OI000014143,O00003536,M0032,1,788.5,0.0,788.5,
OI000014144,O00003537,M0038,1,1254.0,0.0,1254.0,
OI000014145,O00003537,M0005,1,430.0,0.0,430.0,
OI000014146,O00003538,M0001,2,1406.0,0.0,2812.0,
OI000014147,O00003538,M0001,1,1480.0,0.0,1480.0,
OI000014148,O00003538,M0009,3,1660.0,0.0,4980.0,
OI000014149,O00003538,M0128,2,1070.0,0.0,2140.0,
OI000014150,O00003538,M0109,2,1420.0,0.0,2840.0,
OI000014151,O00003538,M0198,1,646.0,0.0,646.0,
OI000014152,O00003538,M0086,1,1740.0,174.0,1566.0,
OI000014153,O00003538,M0014,4,1710.0,0.0,6840.0,
OI000014154,O00003539,M0157,1,1460.0,0.0,1460.0,
OI000014155,O00003539,M0103,1,1092.5,0.0,1092.5,
OI000014156,O00003539,M0074,1,756.0,0.0,756.0,
OI000014157,O00003539,M0037,5,1610.0,0.0,8050.0,
OI000014158,O00003539,M0079,2,1050.0,210.0,1890.0,Customer request
OI000014159,O00003539,M0178,1,260.0,0.0,260.0,
OI000014160,O00003539,M0132,1,1770.0,177.0,1593.0,
OI000014161,O00003540,M0005,3,451.5,0.0,1354.5,
OI000014162,O00003540,M0002,1,494.0,0.0,494.0,
OI000014163,O00003540,M0001,1,1406.0,0.0,1406.0,
OI000014164,O00003541,M0078,1,1260.0,0.0,1260.0,
OI000014165,O00003541,M0009,4,1743.0,0.0,6972.0,
OI000014166,O00003541,M0080,1,826.5,0.0,826.5,
OI000014167,O00003541,M0004,2,1800.0,0.0,3600.0,
OI000014168,O00003541,M0023,1,580.0,0.0,580.0,
OI000014169,O00003542,M0001,1,1480.0,0.0,1480.0,
OI000014170,O00003542,M0002,2,494.0,0.0,988.0,Customer request
OI000014171,O00003542,M0002,1,520.0,52.0,468.0,
OI000014172,O00003542,M0103,1,1150.0,115.0,1035.0,
OI000014173,O00003543,M0150,2,300.0,0.0,600.0,
OI000014174,O00003543,M0004,2,1710.0,171.0,3249.0,
OI000014175,O00003543,M0035,2,874.0,0.0,1748.0,
OI000014176,O00003543,M0003,1,1050.0,0.0,1050.0,
OI000014177,O00003543,M0099,1,570.0,0.0,570.0,
OI000014178,O00003544,M0115,2,1140.0,0.0,2280.0,Customer request
OI000014179,O00003544,M0101,3,550.0,0.0,1650.0,
OI000014180,O00003545,M0007,1,1280.0,0.0,1280.0,
OI000014181,O00003545,M0013,1,1425.0,0.0,1425.0,
OI000014182,O00003545,M0005,1,430.0,21.5,408.5,
OI000014183,O00003545,M0001,2,1406.0,0.0,2812.0,
OI000014184,O00003545,M0001,1,1480.0,0.0,1480.0,
OI000014185,O00003546,M0193,1,550.0,0.0,550.0,
OI000014186,O00003546,M0155,2,556.5,0.0,1113.0,
OI000014187,O00003546,M0002,2,546.0,54.6,1037.4,
OI000014188,O00003546,M0026,1,450.0,0.0,450.0,
OI000014189,O00003547,M0186,2,1701.0,0.0,3402.0,
OI000014190,O00003547,M0001,1,1406.0,140.6,1265.4,
OI000014191,O00003547,M0066,3,551.0,0.0,1653.0,
OI000014192,O00003547,M0002,3,520.0,0.0,1560.0,
OI000014193,O00003547,M0014,3,1710.0,0.0,5130.0,
OI000014194,O00003547,M0001,1,1480.0,0.0,1480.0,
OI000014195,O00003547,M0049,1,1450.0,0.0,1450.0,
OI000014196,O00003548,M0075,1,1624.5,243.68,1380.82,
OI000014197,O00003548,M0001,1,1406.0,140.6,1265.4,
OI000014198,O00003548,M0032,1,871.5,0.0,871.5,
OI000014199,O00003548,M0010,1,430.0,0.0,430.0,
OI000014200,O00003549,M0077,2,1630.0,0.0,3260.0,
OI000014201,O00003549,M0033,2,310.0,0.0,620.0,Customer request
OI000014202,O00003549,M0001,1,1480.0,0.0,1480.0,
OI000014203,O00003549,M0008,4,880.0,0.0,3520.0,
OI000014204,O00003549,M0030,1,256.5,0.0,256.5,
OI000014205,O00003550,M0002,2,520.0,0.0,1040.0,
OI000014206,O00003550,M0142,1,730.0,109.5,620.5,
OI000014207,O00003550,M0147,1,1040.0,0.0,1040.0,
OI000014208,O00003550,M0002,4,520.0,0.0,2080.0,
OI000014209,O00003550,M0141,1,1350.0,0.0,1350.0,
OI000014210,O00003550,M0044,2,378.0,0.0,756.0,Customer request
OI000014211,O00003551,M0133,1,1050.0,0.0,1050.0,
OI000014212,O00003551,M0056,1,250.0,37.5,212.5,Customer request
OI000014213,O00003552,M0156,1,1280.0,128.0,1152.0,
OI000014214,O00003552,M0026,5,450.0,0.0,2250.0,
OI000014215,O00003552,M0199,1,418.0,0.0,418.0,
OI000014216,O00003552,M0129,2,1848.0,0.0,3696.0,
OI000014217,O00003552,M0056,2,250.0,0.0,500.0,Customer request
OI000014218,O00003553,M0018,1,1200.0,0.0,1200.0,
OI000014219,O00003553,M0053,1,1770.0,0.0,1770.0,
OI000014220,O00003553,M0083,1,540.0,54.0,486.0,
OI000014221,O00003553,M0013,3,1500.0,0.0,4500.0,
OI000014222,O00003554,M0038,1,1320.0,0.0,1320.0,Customer request
OI000014223,O00003554,M0144,1,532.0,0.0,532.0,
OI000014224,O00003555,M0174,2,510.0,0.0,1020.0,
OI000014225,O00003555,M0054,1,1120.0,0.0,1120.0,
OI000014226,O00003556,M0003,1,1050.0,0.0,1050.0,
OI000014227,O00003556,M0095,1,218.5,0.0,218.5,
OI000014228,O00003556,M0007,1,1216.0,0.0,1216.0,
OI000014229,O00003556,M0001,2,1480.0,296.0,2664.0,
OI000014230,O00003556,M0016,2,1230.0,0.0,2460.0,
OI000014231,O00003557,M0008,2,836.0,0.0,1672.0,
OI000014232,O00003557,M0034,1,1323.0,0.0,1323.0,
OI000014233,O00003557,M0001,1,1406.0,0.0,1406.0,
OI000014234,O00003557,M0069,2,1170.0,0.0,2340.0,
OI000014235,O00003557,M0023,1,609.0,0.0,609.0,
OI000014236,O00003557,M0008,1,880.0,0.0,880.0,
OI000014237,O00003557,M0008,3,880.0,0.0,2640.0,
OI000014238,O00003557,M0001,1,1406.0,0.0,1406.0,
OI000014239,O00003558,M0006,1,1790.0,0.0,1790.0,
OI000014240,O00003558,M0002,1,520.0,52.0,468.0,
OI000014241,O00003558,M0023,1,580.0,0.0,580.0,
OI000014242,O00003558,M0031,2,1740.0,348.0,3132.0,
OI000014243,O00003559,M0116,1,399.0,0.0,399.0,
OI000014244,O00003560,M0043,2,1770.0,0.0,3540.0,
OI000014245,O00003560,M0047,1,1690.5,0.0,1690.5,
OI000014246,O00003561,M0002,1,546.0,0.0,546.0,
OI000014247,O00003561,M0014,2,1710.0,0.0,3420.0,
OI000014248,O00003561,M0106,1,940.0,94.0,846.0,
OI000014249,O00003561,M0046,3,1640.0,0.0,4920.0,
OI000014250,O00003561,M0016,1,1291.5,0.0,1291.5,
OI000014251,O00003562,M0022,1,1302.0,0.0,1302.0,
OI000014252,O00003562,M0002,1,494.0,0.0,494.0,
OI000014253,O00003562,M0001,1,1480.0,0.0,1480.0,
OI000014254,O00003562,M0003,1,1050.0,0.0,1050.0,
OI000014255,O00003563,M0010,1,451.5,0.0,451.5,
OI000014256,O00003563,M0009,1,1743.0,261.45,1481.55,Customer request
OI000014257,O00003563,M0075,1,1624.5,0.0,1624.5,
OI000014258,O00003563,M0003,1,1050.0,0.0,1050.0,
OI000014259,O00003563,M0093,1,930.0,0.0,930.0,
OI000014260,O00003563,M0077,1,1630.0,0.0,1630.0,
OI000014261,O00003563,M0003,1,1050.0,0.0,1050.0,
OI000014262,O00003563,M0064,4,420.0,252.0,1428.0,
OI000014263,O00003563,M0012,1,541.5,0.0,541.5,
OI000014264,O00003564,M0002,3,520.0,0.0,1560.0,
OI000014265,O00003564,M0055,1,890.0,0.0,890.0,
OI000014266,O00003564,M0104,2,200.0,0.0,400.0,
OI000014267,O00003564,M0180,2,250.0,0.0,500.0,
OI000014268,O00003564,M0040,1,430.0,43.0,387.0,
OI000014269,O00003565,M0043,1,1770.0,0.0,1770.0,
OI000014270,O00003565,M0026,1,450.0,0.0,450.0,
OI000014271,O00003565,M0011,1,1150.0,0.0,1150.0,
OI000014272,O00003565,M0003,1,1102.5,0.0,1102.5,
OI000014273,O00003566,M0010,1,451.5,22.58,428.92,
OI000014274,O00003566,M0013,2,1575.0,0.0,3150.0,
OI000014275,O00003566,M0085,3,1634.0,0.0,4902.0,
OI000014276,O00003566,M0003,1,997.5,0.0,997.5,
OI000014277,O00003566,M0004,2,1800.0,540.0,3060.0,
OI000014278,O00003566,M0185,1,1560.0,0.0,1560.0,
OI000014279,O00003566,M0001,2,1480.0,0.0,2960.0,
OI000014280,O00003567,M0162,2,346.5,0.0,693.0,
OI000014281,O00003568,M0003,3,1102.5,0.0,3307.5,
OI000014282,O00003568,M0037,1,1690.5,0.0,1690.5,
OI000014283,O00003568,M0018,1,1200.0,0.0,1200.0,
OI000014284,O00003569,M0019,1,630.0,0.0,630.0,
OI000014285,O00003569,M0075,2,1795.5,0.0,3591.0,
OI000014286,O00003569,M0063,4,1210.0,0.0,4840.0,
OI000014287,O00003569,M0169,1,1121.0,56.05,1064.95,
OI000014288,O00003570,M0080,2,870.0,0.0,1740.0,
OI000014289,O00003570,M0051,1,787.5,0.0,787.5,
OI000014290,O00003570,M0004,1,1800.0,0.0,1800.0,
OI000014291,O00003571,M0028,2,826.5,0.0,1653.0,
OI000014292,O00003571,M0031,1,1827.0,0.0,1827.0,Customer request
OI000014293,O00003571,M0058,2,1417.5,0.0,2835.0,
OI000014294,O00003572,M0015,2,1680.0,0.0,3360.0,
OI000014295,O00003572,M0003,3,997.5,0.0,2992.5,
OI000014296,O00003572,M0139,2,1770.0,0.0,3540.0,
OI000014297,O00003572,M0001,2,1480.0,0.0,2960.0,
OI000014298,O00003573,M0003,2,1102.5,0.0,2205.0,
OI000014299,O00003573,M0025,1,260.0,0.0,260.0,
OI000014300,O00003573,M0143,2,800.0,0.0,1600.0,
OI000014301,O00003573,M0002,1,520.0,0.0,520.0,
OI000014302,O00003573,M0086,1,1740.0,0.0,1740.0,
OI000014303,O00003573,M0009,2,1577.0,0.0,3154.0,
OI000014304,O00003573,M0001,2,1554.0,0.0,3108.0,
OI000014305,O00003573,M0146,1,250.0,0.0,250.0,
OI000014306,O00003574,M0185,1,1638.0,0.0,1638.0,
OI000014307,O00003574,M0003,1,1050.0,0.0,1050.0,
OI000014308,O00003574,M0147,1,1040.0,0.0,1040.0,
OI000014309,O00003574,M0061,1,924.0,0.0,924.0,
OI000014310,O00003575,M0005,1,408.5,0.0,408.5,
OI000014311,O00003575,M0067,1,1440.0,0.0,1440.0,
OI000014312,O00003575,M0111,1,280.0,28.0,252.0,
OI000014313,O00003575,M0031,1,1740.0,0.0,1740.0,
OI000014314,O00003576,M0153,1,1760.0,0.0,1760.0,
OI000014315,O00003576,M0036,1,1790.0,268.5,1521.5,
OI000014316,O00003576,M0004,1,1710.0,0.0,1710.0,
OI000014317,O00003576,M0077,3,1630.0,0.0,4890.0,
OI000014318,O00003576,M0068,1,920.0,0.0,920.0,
OI000014319,O00003576,M0059,2,660.0,0.0,1320.0,
OI000014320,O00003576,M0139,1,1770.0,0.0,1770.0,Customer request
OI000014321,O00003577,M0036,3,1700.5,0.0,5101.5,
OI000014322,O00003577,M0076,2,693.0,0.0,1386.0,
OI000014323,O00003577,M0175,1,710.0,0.0,710.0,
OI000014324,O00003577,M0003,1,1050.0,52.5,997.5,
OI000014325,O00003578,M0017,1,766.5,0.0,766.5,
OI000014326,O00003578,M0006,1,1790.0,0.0,1790.0,
OI000014327,O00003578,M0012,1,570.0,0.0,570.0,
OI000014328,O00003579,M0033,3,310.0,0.0,930.0,
OI000014329,O00003579,M0124,2,980.0,0.0,1960.0,
OI000014330,O00003579,M0019,1,630.0,0.0,630.0,
OI000014331,O00003579,M0041,2,1560.0,0.0,3120.0,
OI000014332,O00003580,M0111,1,280.0,0.0,280.0,
OI000014333,O00003580,M0162,2,330.0,33.0,627.0,
OI000014334,O00003581,M0014,3,1710.0,0.0,5130.0,
OI000014335,O00003581,M0004,3,1890.0,567.0,5103.0,Customer request
OI000014336,O00003581,M0046,1,1722.0,258.3,1463.7,
OI000014337,O00003582,M0146,1,250.0,0.0,250.0,
OI000014338,O00003582,M0007,1,1280.0,64.0,1216.0,
OI000014339,O00003582,M0031,2,1653.0,165.3,3140.7,
OI000014340,O00003583,M0029,1,660.0,0.0,660.0,
OI000014341,O00003583,M0161,1,410.0,0.0,410.0,
OI000014342,O00003583,M0025,2,260.0,0.0,520.0,
OI000014343,O00003584,M0037,2,1610.0,0.0,3220.0,
OI000014344,O00003584,M0003,1,1050.0,0.0,1050.0,
OI000014345,O00003585,M0026,1,450.0,0.0,450.0,
OI000014346,O00003585,M0013,1,1500.0,0.0,1500.0,
OI000014347,O00003585,M0006,2,1700.5,0.0,3401.0,
OI000014348,O00003585,M0033,2,310.0,0.0,620.0,
OI000014349,O00003585,M0096,1,730.0,0.0,730.0,
OI000014350,O00003586,M0004,2,1800.0,0.0,3600.0,
OI000014351,O00003586,M0003,1,1102.5,0.0,1102.5,
OI000014352,O00003586,M0002,2,520.0,0.0,1040.0,
OI000014353,O00003586,M0094,1,630.0,0.0,630.0,
OI000014354,O00003586,M0102,3,480.0,0.0,1440.0,
OI000014355,O00003587,M0143,1,800.0,0.0,800.0,
OI000014356,O00003587,M0180,1,237.5,0.0,237.5,
OI000014357,O00003587,M0016,1,1230.0,184.5,1045.5,
OI000014358,O00003587,M0013,2,1500.0,0.0,3000.0,
OI000014359,O00003587,M0196,4,1590.0,0.0,6360.0,
OI000014360,O00003588,M0003,1,997.5,0.0,997.5,
OI000014361,O00003588,M0001,1,1406.0,0.0,1406.0,
OI000014362,O00003588,M0017,1,766.5,0.0,766.5,
OI000014363,O00003588,M0002,4,520.0,0.0,2080.0,
OI000014364,O00003589,M0017,2,730.0,0.0,1460.0,
OI000014365,O00003589,M0020,4,1110.0,222.0,4218.0,Customer request
OI000014366,O00003589,M0058,2,1282.5,0.0,2565.0,
OI000014367,O00003589,M0088,2,1083.0,0.0,2166.0,
OI000014368,O00003589,M0061,1,880.0,0.0,880.0,
OI000014369,O00003589,M0076,3,660.0,0.0,1980.0,
OI000014370,O00003589,M0016,1,1168.5,58.42,1110.08,
OI000014371,O00003589,M0025,1,273.0,0.0,273.0,
OI000014372,O00003590,M0078,1,1323.0,0.0,1323.0,
OI000014373,O00003591,M0003,4,1050.0,630.0,3570.0,
OI000014374,O00003591,M0078,1,1323.0,0.0,1323.0,
OI000014375,O00003591,M0174,2,510.0,0.0,1020.0,
OI000014376,O00003591,M0004,2,1890.0,0.0,3780.0,
OI000014377,O00003591,M0018,1,1260.0,126.0,1134.0,
OI000014378,O00003591,M0046,4,1558.0,0.0,6232.0,
OI000014379,O00003592,M0080,1,913.5,0.0,913.5,Customer request
OI000014380,O00003593,M0007,2,1280.0,384.0,2176.0,
OI000014381,O00003593,M0046,1,1640.0,0.0,1640.0,Customer request
OI000014382,O00003593,M0165,1,540.0,0.0,540.0,
OI000014383,O00003593,M0015,1,1680.0,0.0,1680.0,
OI000014384,O00003593,M0043,3,1770.0,0.0,5310.0,
OI000014385,O00003594,M0055,2,845.5,169.1,1521.9,
OI000014386,O00003594,M0143,2,760.0,0.0,1520.0,
OI000014387,O00003594,M0011,1,1150.0,0.0,1150.0,
OI000014388,O00003594,M0136,1,740.0,0.0,740.0,
OI000014389,O00003594,M0067,1,1440.0,0.0,1440.0,
OI000014390,O00003594,M0079,1,1102.5,0.0,1102.5,
OI000014391,O00003594,M0001,1,1480.0,0.0,1480.0,
OI000014392,O00003595,M0015,1,1680.0,84.0,1596.0,
OI000014393,O00003595,M0002,2,546.0,0.0,1092.0,
OI000014394,O00003595,M0042,1,1270.5,0.0,1270.5,
OI000014395,O00003595,M0121,1,1510.0,0.0,1510.0,
OI000014396,O00003595,M0020,1,1054.5,0.0,1054.5,Customer request
OI000014397,O00003596,M0006,1,1790.0,89.5,1700.5,
OI000014398,O00003596,M0010,1,430.0,0.0,430.0,
OI000014399,O00003596,M0044,1,342.0,0.0,342.0,
OI000014400,O00003596,M0095,2,230.0,0.0,460.0,
OI000014401,O00003597,M0071,1,598.5,0.0,598.5,
OI000014402,O00003597,M0169,4,1239.0,0.0,4956.0,
OI000014403,O00003597,M0141,1,1350.0,0.0,1350.0,
OI000014404,O00003598,M0002,1,520.0,0.0,520.0,
OI000014405,O00003598,M0075,1,1710.0,0.0,1710.0,
OI000014406,O00003598,M0018,3,1200.0,0.0,3600.0,
OI000014407,O00003598,M0013,3,1575.0,708.75,4016.25,
OI000014408,O00003599,M0028,2,913.5,0.0,1827.0,
OI000014409,O00003599,M0095,2,230.0,0.0,460.0,
OI000014410,O00003599,M0021,1,1250.0,0.0,1250.0,
OI000014411,O00003599,M0115,3,1140.0,0.0,3420.0,
OI000014412,O00003600,M0027,1,829.5,0.0,829.5,
OI000014413,O00003600,M0001,1,1480.0,0.0,1480.0,
OI000014414,O00003600,M0056,2,237.5,0.0,475.0,
OI000014415,O00003601,M0100,1,1879.5,93.98,1785.52,
OI000014416,O00003601,M0011,2,1150.0,0.0,2300.0,
OI000014417,O00003602,M0006,1,1879.5,281.92,1597.58,
OI000014418,O00003602,M0059,1,627.0,0.0,627.0,Customer request
OI000014419,O00003602,M0014,1,1710.0,0.0,1710.0,
OI000014420,O00003602,M0151,2,590.0,0.0,1180.0,
OI000014421,O00003602,M0095,1,230.0,0.0,230.0,
OI000014422,O00003602,M0026,1,427.5,0.0,427.5,
OI000014423,O00003602,M0187,2,913.5,0.0,1827.0,
OI000014424,O00003603,M0014,3,1710.0,0.0,5130.0,
OI000014425,O00003603,M0024,1,551.0,0.0,551.0,
OI000014426,O00003603,M0061,1,836.0,0.0,836.0,
OI000014427,O00003603,M0033,1,310.0,0.0,310.0,
OI000014428,O00003604,M0014,2,1710.0,0.0,3420.0,
OI000014429,O00003604,M0021,1,1250.0,0.0,1250.0,
OI000014430,O00003604,M0132,1,1770.0,177.0,1593.0,
OI000014431,O00003604,M0005,2,430.0,0.0,860.0,
OI000014432,O00003604,M0011,1,1092.5,0.0,1092.5,
OI000014433,O00003604,M0005,1,408.5,0.0,408.5,
OI000014434,O00003605,M0033,2,294.5,0.0,589.0,
OI000014435,O00003605,M0003,1,1050.0,0.0,1050.0,
OI000014436,O00003605,M0004,1,1800.0,0.0,1800.0,
OI000014437,O00003605,M0120,2,1740.0,0.0,3480.0,
OI000014438,O00003605,M0075,1,1795.5,0.0,1795.5,
OI000014439,O00003606,M0004,1,1800.0,0.0,1800.0,
OI000014440,O00003606,M0017,1,730.0,0.0,730.0,
OI000014441,O00003606,M0156,3,1280.0,0.0,3840.0,
OI000014442,O00003606,M0135,1,1540.0,0.0,1540.0,
OI000014443,O00003606,M0062,1,1010.0,0.0,1010.0,
OI000014444,O00003607,M0009,1,1660.0,0.0,1660.0,
OI000014445,O00003607,M0016,2,1230.0,0.0,2460.0,
OI000014446,O00003607,M0062,3,1010.0,0.0,3030.0,
OI000014447,O00003607,M0042,4,1270.5,508.2,4573.8,
OI000014448,O00003607,M0042,1,1210.0,121.0,1089.0,
OI000014449,O00003608,M0021,2,1187.5,237.5,2137.5,
OI000014450,O00003608,M0002,2,546.0,0.0,1092.0,
OI000014451,O00003608,M0002,2,520.0,0.0,1040.0,
OI000014452,O00003609,M0120,2,1653.0,0.0,3306.0,
OI000014453,O00003609,M0141,1,1282.5,0.0,1282.5,
OI000014454,O00003609,M0145,1,1848.0,0.0,1848.0,
OI000014455,O00003610,M0028,1,913.5,0.0,913.5,Customer request
OI000014456,O00003610,M0166,1,370.0,0.0,370.0,
OI000014457,O00003610,M0121,1,1585.5,0.0,1585.5,
OI000014458,O00003610,M0017,2,730.0,0.0,1460.0,
OI000014459,O00003611,M0006,1,1790.0,268.5,1521.5,
OI000014460,O00003611,M0083,3,540.0,0.0,1620.0,
OI000014461,O00003611,M0082,1,590.0,0.0,590.0,
OI000014462,O00003611,M0144,1,560.0,0.0,560.0,
OI000014463,O00003612,M0001,1,1406.0,0.0,1406.0,
OI000014464,O00003613,M0014,4,1795.5,0.0,7182.0,
OI000014465,O00003613,M0001,4,1406.0,0.0,5624.0,
OI000014466,O00003613,M0005,2,430.0,0.0,860.0,
OI000014467,O00003613,M0019,1,630.0,0.0,630.0,
OI000014468,O00003613,M0002,1,520.0,0.0,520.0,
OI000014469,O00003614,M0115,4,1197.0,0.0,4788.0,
OI000014470,O00003614,M0005,2,408.5,0.0,817.0,
OI000014471,O00003614,M0020,2,1165.5,0.0,2331.0,
OI000014472,O00003614,M0107,3,360.0,0.0,1080.0,
OI000014473,O00003615,M0002,2,520.0,0.0,1040.0,
OI000014474,O00003616,M0054,1,1064.0,0.0,1064.0,
OI000014475,O00003616,M0168,1,1795.5,0.0,1795.5,
OI000014476,O00003616,M0025,1,260.0,0.0,260.0,
OI000014477,O00003616,M0007,1,1280.0,0.0,1280.0,
OI000014478,O00003616,M0170,4,900.0,180.0,3420.0,
OI000014479,O00003617,M0001,1,1480.0,0.0,1480.0,
OI000014480,O00003617,M0011,1,1150.0,0.0,1150.0,Customer request
OI000014481,O00003617,M0113,1,840.0,0.0,840.0,
OI000014482,O00003617,M0003,1,1050.0,0.0,1050.0,
OI000014483,O00003617,M0002,1,494.0,0.0,494.0,
OI000014484,O00003617,M0026,2,472.5,0.0,945.0,
OI000014485,O00003617,M0012,1,598.5,0.0,598.5,
OI000014486,O00003618,M0106,1,987.0,0.0,987.0,
OI000014487,O00003619,M0013,3,1575.0,0.0,4725.0,
OI000014488,O00003619,M0066,2,580.0,0.0,1160.0,
OI000014489,O00003619,M0042,1,1270.5,190.58,1079.92,
OI000014490,O00003619,M0049,1,1377.5,206.62,1170.88,
OI000014491,O00003619,M0033,1,310.0,15.5,294.5,
OI000014492,O00003620,M0003,1,1050.0,157.5,892.5,
OI000014493,O00003620,M0001,1,1406.0,0.0,1406.0,
OI000014494,O00003620,M0039,2,1605.5,160.55,3050.45,Customer request
OI000014495,O00003620,M0061,1,880.0,0.0,880.0,
OI000014496,O00003620,M0082,1,590.0,0.0,590.0,
OI000014497,O00003621,M0081,1,920.0,0.0,920.0,
OI000014498,O00003621,M0086,3,1827.0,0.0,5481.0,
OI000014499,O00003621,M0001,2,1406.0,0.0,2812.0,
OI000014500,O00003621,M0006,1,1790.0,0.0,1790.0,
OI000014501,O00003621,M0083,1,513.0,0.0,513.0,
OI000014502,O00003622,M0002,2,546.0,0.0,1092.0,
OI000014503,O00003622,M0004,1,1890.0,0.0,1890.0,
OI000014504,O00003622,M0063,1,1210.0,0.0,1210.0,
OI000014505,O00003622,M0110,1,1732.5,0.0,1732.5,
OI000014506,O00003622,M0004,2,1800.0,0.0,3600.0,
OI000014507,O00003622,M0040,1,451.5,0.0,451.5,
OI000014508,O00003623,M0004,2,1890.0,0.0,3780.0,
OI000014509,O00003623,M0005,1,430.0,0.0,430.0,
OI000014510,O00003623,M0029,1,660.0,99.0,561.0,
OI000014511,O00003623,M0067,1,1440.0,0.0,1440.0,
OI000014512,O00003624,M0044,5,360.0,0.0,1800.0,
OI000014513,O00003625,M0002,1,546.0,81.9,464.1,Customer request
OI000014514,O00003625,M0009,1,1577.0,0.0,1577.0,
OI000014515,O00003625,M0167,1,560.0,0.0,560.0,
OI000014516,O00003626,M0056,1,262.5,0.0,262.5,
OI000014517,O00003626,M0063,1,1210.0,60.5,1149.5,
OI000014518,O00003627,M0005,1,408.5,20.42,388.08,
OI000014519,O00003627,M0177,1,200.0,0.0,200.0,
OI000014520,O00003627,M0005,2,430.0,0.0,860.0,
OI000014521,O00003627,M0007,1,1280.0,0.0,1280.0,
OI000014522,O00003627,M0033,5,294.5,0.0,1472.5,
OI000014523,O00003627,M0031,1,1653.0,0.0,1653.0,
OI000014524,O00003627,M0001,1,1480.0,0.0,1480.0,
OI000014525,O00003628,M0087,1,1596.0,0.0,1596.0,Customer request
OI000014526,O00003628,M0002,2,494.0,0.0,988.0,
OI000014527,O00003628,M0001,1,1480.0,0.0,1480.0,
OI000014528,O00003628,M0033,2,310.0,0.0,620.0,Customer request
OI000014529,O00003629,M0001,2,1480.0,0.0,2960.0,
OI000014530,O00003630,M0005,5,430.0,0.0,2150.0,
OI000014531,O00003631,M0018,1,1260.0,0.0,1260.0,
OI000014532,O00003631,M0050,1,800.0,0.0,800.0,
OI000014533,O00003632,M0101,2,550.0,0.0,1100.0,
OI000014534,O00003632,M0009,1,1660.0,0.0,1660.0,
OI000014535,O00003633,M0027,2,829.5,0.0,1659.0,
OI000014536,O00003633,M0175,1,745.5,0.0,745.5,
OI000014537,O00003633,M0018,1,1260.0,0.0,1260.0,
OI000014538,O00003633,M0077,1,1711.5,256.72,1454.78,
OI000014539,O00003633,M0008,1,880.0,0.0,880.0,
OI000014540,O00003634,M0055,2,845.5,84.55,1606.45,
OI000014541,O00003634,M0109,4,1420.0,0.0,5680.0,
OI000014542,O00003634,M0155,2,556.5,0.0,1113.0,Customer request
OI000014543,O00003634,M0167,1,560.0,0.0,560.0,
OI000014544,O00003634,M0010,1,430.0,0.0,430.0,
OI000014545,O00003635,M0005,1,430.0,0.0,430.0,
OI000014546,O00003635,M0112,1,640.5,0.0,640.5,
OI000014547,O00003635,M0056,3,262.5,0.0,787.5,
OI000014548,O00003635,M0020,1,1165.5,0.0,1165.5,
OI000014549,O00003635,M0001,1,1480.0,0.0,1480.0,
OI000014550,O00003636,M0011,1,1092.5,0.0,1092.5,
OI000014551,O00003636,M0002,2,520.0,0.0,1040.0,
OI000014552,O00003636,M0030,2,270.0,0.0,540.0,Customer request
OI000014553,O00003636,M0117,1,1140.0,0.0,1140.0,
OI000014554,O00003637,M0011,1,1150.0,0.0,1150.0,
OI000014555,O00003637,M0015,2,1680.0,0.0,3360.0,
OI000014556,O00003638,M0101,1,550.0,0.0,550.0,
OI000014557,O00003638,M0025,1,260.0,0.0,260.0,
OI000014558,O00003638,M0066,2,551.0,0.0,1102.0,
OI000014559,O00003638,M0004,1,1890.0,0.0,1890.0,
OI000014560,O00003639,M0007,1,1280.0,0.0,1280.0,
OI000014561,O00003639,M0057,1,475.0,0.0,475.0,
OI000014562,O00003639,M0002,2,520.0,0.0,1040.0,Customer request
OI000014563,O00003639,M0004,1,1890.0,0.0,1890.0,
OI000014564,O00003640,M0011,2,1150.0,345.0,1955.0,
OI000014565,O00003640,M0004,1,1800.0,0.0,1800.0,
OI000014566,O00003640,M0187,1,870.0,0.0,870.0,
OI000014567,O00003640,M0007,1,1280.0,0.0,1280.0,
OI000014568,O00003640,M0175,3,710.0,0.0,2130.0,
OI000014569,O00003641,M0125,2,320.0,0.0,640.0,Customer request
OI000014570,O00003642,M0013,1,1575.0,0.0,1575.0,
OI000014571,O00003642,M0040,1,430.0,0.0,430.0,
OI000014572,O00003642,M0013,1,1500.0,0.0,1500.0,
OI000014573,O00003642,M0075,1,1710.0,0.0,1710.0,
OI000014574,O00003643,M0015,2,1680.0,0.0,3360.0,
OI000014575,O00003643,M0027,1,790.0,0.0,790.0,
OI000014576,O00003643,M0080,2,870.0,0.0,1740.0,
OI000014577,O00003644,M0021,1,1250.0,0.0,1250.0,
OI000014578,O00003645,M0071,2,630.0,0.0,1260.0,
OI000014579,O00003645,M0016,1,1230.0,0.0,1230.0,
OI000014580,O00003645,M0019,1,661.5,0.0,661.5,
OI000014581,O00003645,M0012,1,570.0,0.0,570.0,
OI000014582,O00003646,M0194,1,1270.0,0.0,1270.0,
OI000014583,O00003646,M0032,1,871.5,0.0,871.5,
OI000014584,O00003646,M0006,1,1790.0,0.0,1790.0,
OI000014585,O00003647,M0043,1,1858.5,0.0,1858.5,
OI000014586,O00003647,M0027,1,790.0,0.0,790.0,
OI000014587,O00003647,M0099,1,541.5,0.0,541.5,
OI000014588,O00003648,M0166,1,370.0,55.5,314.5,
OI000014589,O00003648,M0002,1,520.0,0.0,520.0,
OI000014590,O00003648,M0190,1,399.0,0.0,399.0,Customer request
OI000014591,O00003648,M0004,1,1710.0,0.0,1710.0,
OI000014592,O00003648,M0008,2,880.0,0.0,1760.0,
OI000014593,O00003648,M0098,1,1291.5,0.0,1291.5,
OI000014594,O00003649,M0003,1,1102.5,0.0,1102.5,
OI000014595,O00003649,M0113,1,840.0,0.0,840.0,
OI000014596,O00003649,M0067,1,1440.0,0.0,1440.0,
OI000014597,O00003649,M0109,1,1349.0,0.0,1349.0,
OI000014598,O00003649,M0042,1,1270.5,0.0,1270.5,
OI000014599,O00003650,M0191,1,1150.0,0.0,1150.0,
OI000014600,O00003650,M0048,2,1580.0,0.0,3160.0,
OI000014601,O00003650,M0018,1,1140.0,0.0,1140.0,Customer request
OI000014602,O00003650,M0182,1,1650.0,247.5,1402.5,
OI000014603,O00003650,M0001,2,1480.0,0.0,2960.0,
OI000014604,O00003650,M0034,1,1260.0,0.0,1260.0,
OI000014605,O00003651,M0057,3,500.0,0.0,1500.0,
OI000014606,O00003651,M0014,1,1710.0,0.0,1710.0,
OI000014607,O00003652,M0002,2,520.0,0.0,1040.0,
OI000014608,O00003652,M0020,1,1165.5,0.0,1165.5,
OI000014609,O00003652,M0111,2,294.0,0.0,588.0,
OI000014610,O00003652,M0044,1,360.0,0.0,360.0,
OI000014611,O00003652,M0092,1,890.0,0.0,890.0,
OI000014612,O00003653,M0079,1,1102.5,0.0,1102.5,
OI000014613,O00003653,M0009,2,1743.0,0.0,3486.0,
OI000014614,O00003653,M0007,1,1280.0,0.0,1280.0,
OI000014615,O00003653,M0104,1,190.0,0.0,190.0,
OI000014616,O00003653,M0004,1,1800.0,0.0,1800.0,
OI000014617,O00003653,M0043,1,1770.0,177.0,1593.0,
OI000014618,O00003654,M0176,2,1869.0,0.0,3738.0,
OI000014619,O00003654,M0036,2,1790.0,537.0,3043.0,
OI000014620,O00003654,M0109,1,1420.0,0.0,1420.0,
OI000014621,O00003654,M0007,1,1280.0,192.0,1088.0,
OI000014622,O00003655,M0001,1,1480.0,0.0,1480.0,
OI000014623,O00003655,M0014,2,1710.0,0.0,3420.0,
OI000014624,O00003655,M0045,1,1026.0,0.0,1026.0,
OI000014625,O00003656,M0059,1,660.0,0.0,660.0,
OI000014626,O00003656,M0037,2,1610.0,0.0,3220.0,
OI000014627,O00003657,M0022,2,1240.0,0.0,2480.0,
OI000014628,O00003657,M0192,3,540.0,0.0,1620.0,
OI000014629,O00003658,M0071,1,630.0,0.0,630.0,
OI000014630,O00003658,M0175,2,710.0,0.0,1420.0,
OI000014631,O00003658,M0004,2,1800.0,0.0,3600.0,
OI000014632,O00003658,M0200,1,1160.0,0.0,1160.0,
OI000014633,O00003658,M0075,2,1710.0,0.0,3420.0,
OI000014634,O00003658,M0185,2,1482.0,0.0,2964.0,
OI000014635,O00003659,M0051,1,712.5,0.0,712.5,
OI000014636,O00003659,M0003,1,997.5,0.0,997.5,
OI000014637,O00003659,M0014,3,1795.5,0.0,5386.5,
OI000014638,O00003659,M0001,3,1480.0,0.0,4440.0,
OI000014639,O00003660,M0003,2,1050.0,105.0,1995.0,
OI000014640,O00003660,M0200,2,1218.0,365.4,2070.6,
OI000014641,O00003660,M0156,1,1280.0,0.0,1280.0,
OI000014642,O00003660,M0149,1,920.0,0.0,920.0,
OI000014643,O00003660,M0001,5,1480.0,0.0,7400.0,
OI000014644,O00003660,M0025,2,273.0,0.0,546.0,
OI000014645,O00003661,M0100,1,1790.0,0.0,1790.0,
OI000014646,O00003661,M0006,1,1790.0,0.0,1790.0,
OI000014647,O00003661,M0021,1,1250.0,0.0,1250.0,
OI000014648,O00003661,M0005,1,430.0,0.0,430.0,
OI000014649,O00003661,M0072,1,1340.0,0.0,1340.0,
OI000014650,O00003662,M0075,1,1795.5,0.0,1795.5,Customer request
OI000014651,O00003662,M0009,4,1660.0,0.0,6640.0,
OI000014652,O00003662,M0028,1,870.0,0.0,870.0,
OI000014653,O00003662,M0025,1,260.0,0.0,260.0,
OI000014654,O00003663,M0099,1,570.0,28.5,541.5,
OI000014655,O00003663,M0068,1,874.0,87.4,786.6,
OI000014656,O00003663,M0001,1,1480.0,0.0,1480.0,
OI000014657,O00003664,M0003,2,1050.0,0.0,2100.0,
OI000014658,O00003664,M0122,1,470.0,0.0,470.0,
OI000014659,O00003664,M0181,1,280.0,0.0,280.0,
OI000014660,O00003664,M0058,1,1350.0,0.0,1350.0,
OI000014661,O00003665,M0015,2,1680.0,0.0,3360.0,
OI000014662,O00003665,M0006,3,1790.0,0.0,5370.0,
OI000014663,O00003665,M0087,1,1680.0,0.0,1680.0,
OI000014664,O00003666,M0058,4,1350.0,0.0,5400.0,Customer request
OI000014665,O00003666,M0153,2,1760.0,528.0,2992.0,
OI000014666,O00003666,M0150,2,300.0,0.0,600.0,
OI000014667,O00003666,M0011,1,1207.5,0.0,1207.5,
OI000014668,O00003666,M0108,1,430.0,0.0,430.0,
OI000014669,O00003666,M0007,3,1216.0,0.0,3648.0,
OI000014670,O00003666,M0100,4,1790.0,0.0,7160.0,
OI000014671,O00003667,M0004,2,1710.0,0.0,3420.0,
OI000014672,O00003667,M0014,1,1710.0,0.0,1710.0,Customer request
OI000014673,O00003667,M0002,1,546.0,27.3,518.7,
OI000014674,O00003667,M0010,1,430.0,0.0,430.0,
OI000014675,O00003668,M0011,1,1150.0,0.0,1150.0,
OI000014676,O00003668,M0066,1,580.0,0.0,580.0,
OI000014677,O00003668,M0079,2,997.5,0.0,1995.0,
OI000014678,O00003668,M0047,1,1690.5,0.0,1690.5,
OI000014679,O00003668,M0096,3,730.0,0.0,2190.0,
OI000014680,O00003668,M0025,2,247.0,0.0,494.0,
OI000014681,O00003669,M0056,1,250.0,0.0,250.0,
OI000014682,O00003669,M0015,2,1680.0,0.0,3360.0,
OI000014683,O00003669,M0035,4,874.0,0.0,3496.0,
OI000014684,O00003670,M0003,1,1050.0,0.0,1050.0,
OI000014685,O00003670,M0052,1,710.0,0.0,710.0,
OI000014686,O00003670,M0005,1,430.0,0.0,430.0,
OI000014687,O00003671,M0026,1,427.5,0.0,427.5,
OI000014688,O00003671,M0065,4,850.0,0.0,3400.0,
OI000014689,O00003671,M0022,1,1240.0,0.0,1240.0,
OI000014690,O00003672,M0006,2,1790.0,0.0,3580.0,
OI000014691,O00003672,M0065,1,850.0,0.0,850.0,
OI000014692,O00003672,M0127,1,808.5,0.0,808.5,
OI000014693,O00003672,M0032,2,871.5,174.3,1568.7,
OI000014694,O00003672,M0041,1,1560.0,0.0,1560.0,
OI000014695,O00003672,M0018,2,1260.0,0.0,2520.0,
OI000014696,O00003673,M0046,1,1640.0,0.0,1640.0,
OI000014697,O00003673,M0031,1,1653.0,0.0,1653.0,
OI000014698,O00003673,M0088,2,1197.0,0.0,2394.0,
OI000014699,O00003673,M0007,1,1344.0,0.0,1344.0,
OI000014700,O00003674,M0029,1,693.0,0.0,693.0,
OI000014701,O00003674,M0011,2,1207.5,0.0,2415.0,
OI000014702,O00003674,M0002,1,520.0,0.0,520.0,
OI000014703,O00003674,M0017,1,693.5,0.0,693.5,
OI000014704,O00003675,M0175,3,710.0,0.0,2130.0,
OI000014705,O00003675,M0026,1,472.5,0.0,472.5,
OI000014706,O00003675,M0039,2,1690.0,0.0,3380.0,
OI000014707,O00003675,M0087,1,1680.0,0.0,1680.0,
OI000014708,O00003675,M0192,1,540.0,0.0,540.0,
OI000014709,O00003675,M0020,1,1110.0,0.0,1110.0,
OI000014710,O00003675,M0034,1,1260.0,0.0,1260.0,
OI000014711,O00003675,M0183,1,630.0,0.0,630.0,
OI000014712,O00003676,M0022,1,1240.0,0.0,1240.0,
OI000014713,O00003676,M0103,2,1207.5,0.0,2415.0,
OI000014714,O00003677,M0024,2,580.0,0.0,1160.0,
OI000014715,O00003677,M0006,1,1700.5,255.08,1445.42,
OI000014716,O00003677,M0166,1,351.5,0.0,351.5,
OI000014717,O00003677,M0078,1,1260.0,0.0,1260.0,
OI000014718,O00003677,M0132,1,1770.0,0.0,1770.0,
OI000014719,O00003678,M0002,1,546.0,0.0,546.0,
OI000014720,O00003678,M0076,2,693.0,207.9,1178.1,
OI000014721,O00003678,M0059,3,627.0,0.0,1881.0,
OI000014722,O00003679,M0029,1,660.0,0.0,660.0,
OI000014723,O00003679,M0003,2,1050.0,0.0,2100.0,
OI000014724,O00003679,M0020,2,1165.5,116.55,2214.45,
OI000014725,O00003679,M0054,2,1120.0,0.0,2240.0,
OI000014726,O00003680,M0068,2,874.0,0.0,1748.0,
OI000014727,O00003680,M0002,1,546.0,0.0,546.0,
OI000014728,O00003680,M0024,4,580.0,0.0,2320.0,
OI000014729,O00003680,M0022,2,1178.0,0.0,2356.0,
OI000014730,O00003680,M0102,1,480.0,0.0,480.0,Customer request
OI000014731,O00003681,M0001,1,1554.0,77.7,1476.3,
OI000014732,O00003681,M0102,1,456.0,0.0,456.0,
OI000014733,O00003681,M0101,2,550.0,0.0,1100.0,
OI000014734,O00003681,M0074,2,720.0,0.0,1440.0,
OI000014735,O00003682,M0148,1,1239.0,0.0,1239.0,
OI000014736,O00003682,M0027,2,790.0,0.0,1580.0,
OI000014737,O00003682,M0002,1,494.0,0.0,494.0,
OI000014738,O00003682,M0012,1,598.5,0.0,598.5,
OI000014739,O00003682,M0052,2,710.0,0.0,1420.0,
OI000014740,O00003683,M0012,1,570.0,0.0,570.0,Customer request
OI000014741,O00003683,M0057,1,475.0,0.0,475.0,
OI000014742,O00003683,M0001,1,1480.0,0.0,1480.0,
OI000014743,O00003683,M0001,5,1480.0,0.0,7400.0,
OI000014744,O00003684,M0001,2,1480.0,0.0,2960.0,
OI000014745,O00003684,M0187,1,870.0,0.0,870.0,
OI000014746,O00003684,M0008,1,880.0,0.0,880.0,
OI000014747,O00003685,M0105,2,1310.0,0.0,2620.0,
OI000014748,O00003685,M0142,1,730.0,0.0,730.0,
OI000014749,O00003685,M0003,1,1102.5,0.0,1102.5,
OI000014750,O00003686,M0005,1,430.0,0.0,430.0,
OI000014751,O00003686,M0017,1,730.0,0.0,730.0,
OI000014752,O00003686,M0032,1,830.0,0.0,830.0,
OI000014753,O00003686,M0037,1,1690.5,0.0,1690.5,
OI000014754,O00003686,M0017,1,730.0,0.0,730.0,
OI000014755,O00003686,M0047,1,1610.0,0.0,1610.0,
OI000014756,O00003686,M0085,5,1720.0,0.0,8600.0,
OI000014757,O00003687,M0074,5,720.0,0.0,3600.0,
OI000014758,O00003687,M0001,1,1554.0,0.0,1554.0,
OI000014759,O00003687,M0048,2,1501.0,0.0,3002.0,
OI000014760,O00003687,M0078,1,1323.0,0.0,1323.0,
OI000014761,O00003688,M0005,5,430.0,0.0,2150.0,
OI000014762,O00003688,M0050,1,840.0,0.0,840.0,
OI000014763,O00003688,M0002,1,520.0,0.0,520.0,
OI000014764,O00003688,M0065,1,850.0,0.0,850.0,
OI000014765,O00003689,M0054,1,1120.0,0.0,1120.0,
OI000014766,O00003689,M0007,1,1344.0,0.0,1344.0,
OI000014767,O00003689,M0137,3,1858.5,0.0,5575.5,
OI000014768,O00003690,M0109,1,1420.0,0.0,1420.0,
OI000014769,O00003690,M0086,4,1827.0,0.0,7308.0,
OI000014770,O00003690,M0026,1,472.5,47.25,425.25,Customer request
OI000014771,O00003690,M0006,1,1790.0,0.0,1790.0,
OI000014772,O00003691,M0100,1,1700.5,0.0,1700.5,
OI000014773,O00003691,M0005,1,408.5,61.28,347.22,
OI000014774,O00003691,M0030,2,256.5,0.0,513.0,
OI000014775,O00003692,M0017,1,766.5,0.0,766.5,
OI000014776,O00003692,M0005,2,408.5,0.0,817.0,
OI000014777,O00003693,M0053,1,1770.0,0.0,1770.0,
OI000014778,O00003693,M0190,3,380.0,0.0,1140.0,
OI000014779,O00003693,M0028,3,870.0,0.0,2610.0,
OI000014780,O00003693,M0031,2,1740.0,0.0,3480.0,
OI000014781,O00003693,M0016,2,1168.5,0.0,2337.0,
OI000014782,O00003693,M0006,2,1700.5,0.0,3401.0,
OI000014783,O00003693,M0009,2,1660.0,0.0,3320.0,
OI000014784,O00003694,M0137,2,1770.0,0.0,3540.0,
OI000014785,O00003695,M0172,1,1720.0,258.0,1462.0,
OI000014786,O00003695,M0117,2,1140.0,0.0,2280.0,
OI000014787,O00003696,M0001,2,1480.0,0.0,2960.0,
OI000014788,O00003696,M0051,2,787.5,0.0,1575.0,
OI000014789,O00003696,M0040,1,430.0,0.0,430.0,
OI000014790,O00003696,M0098,1,1230.0,0.0,1230.0,
OI000014791,O00003696,M0100,1,1700.5,0.0,1700.5,
OI000014792,O00003696,M0023,2,580.0,0.0,1160.0,
OI000014793,O00003697,M0009,2,1660.0,0.0,3320.0,
OI000014794,O00003698,M0002,1,494.0,0.0,494.0,
OI000014795,O00003698,M0052,1,710.0,0.0,710.0,Customer request
OI000014796,O00003698,M0008,3,880.0,0.0,2640.0,
OI000014797,O00003698,M0181,1,280.0,0.0,280.0,
OI000014798,O00003698,M0001,1,1406.0,0.0,1406.0,
OI000014799,O00003699,M0181,1,294.0,0.0,294.0,
OI000014800,O00003699,M0031,1,1740.0,0.0,1740.0,
OI000014801,O00003699,M0051,1,750.0,0.0,750.0,
OI000014802,O00003700,M0046,1,1558.0,0.0,1558.0,
OI000014803,O00003700,M0090,1,1312.5,0.0,1312.5,
OI000014804,O00003701,M0002,1,520.0,0.0,520.0,
OI000014805,O00003701,M0143,5,840.0,0.0,4200.0,
OI000014806,O00003701,M0104,1,200.0,0.0,200.0,Customer request
OI000014807,O00003701,M0126,1,1444.0,0.0,1444.0,
OI000014808,O00003702,M0029,1,660.0,0.0,660.0,
OI000014809,O00003702,M0074,2,756.0,0.0,1512.0,
OI000014810,O00003702,M0025,2,247.0,24.7,469.3,Customer request
OI000014811,O00003702,M0003,1,1050.0,0.0,1050.0,
OI000014812,O00003702,M0010,2,408.5,0.0,817.0,
OI000014813,O00003703,M0009,1,1660.0,0.0,1660.0,
OI000014814,O00003703,M0004,2,1800.0,360.0,3240.0,
OI000014815,O00003703,M0007,2,1216.0,0.0,2432.0,
OI000014816,O00003703,M0031,3,1740.0,783.0,4437.0,
OI000014817,O00003703,M0021,2,1312.5,0.0,2625.0,Customer request
OI000014818,O00003704,M0012,1,541.5,0.0,541.5,
OI000014819,O00003704,M0152,3,532.0,0.0,1596.0,
OI000014820,O00003704,M0099,2,570.0,0.0,1140.0,
OI000014821,O00003705,M0001,1,1480.0,148.0,1332.0,
OI000014822,O00003705,M0044,2,360.0,0.0,720.0,
OI000014823,O00003705,M0074,1,720.0,0.0,720.0,
OI000014824,O00003705,M0001,1,1480.0,0.0,1480.0,
OI000014825,O00003705,M0002,1,520.0,0.0,520.0,
OI000014826,O00003706,M0009,1,1660.0,0.0,1660.0,
OI000014827,O00003706,M0053,1,1770.0,0.0,1770.0,
OI000014828,O00003706,M0159,-1,1040.0,0.0,1040.0,
OI000014829,O00003707,M0029,1,660.0,66.0,594.0,
OI000014830,O00003707,M0190,1,380.0,19.0,361.0,
OI000014831,O00003708,M0166,2,370.0,0.0,740.0,Customer request
OI000014832,O00003708,M0058,1,1417.5,0.0,1417.5,
OI000014833,O00003708,M0026,1,472.5,0.0,472.5,
OI000014834,O00003709,M0069,2,1170.0,0.0,2340.0,Customer request
OI000014835,O00003709,M0104,1,210.0,0.0,210.0,
OI000014836,O00003709,M0169,5,1180.0,0.0,5900.0,
OI000014837,O00003709,M0091,2,367.5,0.0,735.0,
OI000014838,O00003709,M0018,1,1140.0,0.0,1140.0,
OI000014839,O00003710,M0031,1,1740.0,0.0,1740.0,
OI000014840,O00003711,M0001,1,1554.0,233.1,1320.9,
OI000014841,O00003711,M0001,1,1406.0,210.9,1195.1,
OI000014842,O00003711,M0009,2,1660.0,0.0,3320.0,
OI000014843,O00003711,M0109,1,1420.0,0.0,1420.0,
OI000014844,O00003712,M0012,3,541.5,0.0,1624.5,
OI000014845,O00003712,M0002,1,520.0,0.0,520.0,
OI000014846,O00003712,M0015,1,1596.0,0.0,1596.0,
OI000014847,O00003713,M0011,2,1092.5,0.0,2185.0,
OI000014848,O00003713,M0194,1,1270.0,0.0,1270.0,
OI000014849,O00003713,M0184,2,1040.0,0.0,2080.0,
OI000014850,O00003714,M0085,2,1720.0,0.0,3440.0,
OI000014851,O00003715,M0118,1,1310.0,0.0,1310.0,
OI000014852,O00003716,M0007,1,1280.0,0.0,1280.0,
OI000014853,O00003716,M0038,1,1320.0,0.0,1320.0,
OI000014854,O00003716,M0200,1,1102.0,0.0,1102.0,
OI000014855,O00003716,M0012,1,570.0,0.0,570.0,
OI000014856,O00003717,M0193,4,522.5,0.0,2090.0,
OI000014857,O00003717,M0004,1,1800.0,0.0,1800.0,
OI000014858,O00003717,M0054,2,1120.0,0.0,2240.0,
OI000014859,O00003717,M0100,1,1700.5,0.0,1700.5,
OI000014860,O00003717,M0048,3,1580.0,0.0,4740.0,
OI000014861,O00003717,M0011,2,1150.0,0.0,2300.0,
OI000014862,O00003717,M0112,3,579.5,0.0,1738.5,
OI000014863,O00003718,M0005,2,430.0,0.0,860.0,
OI000014864,O00003718,M0022,2,1240.0,0.0,2480.0,
OI000014865,O00003718,M0009,1,1660.0,0.0,1660.0,
OI000014866,O00003719,M0031,2,1653.0,495.9,2810.1,
OI000014867,O00003719,M0017,1,693.5,34.68,658.82,
OI000014868,O00003719,M0004,1,1800.0,0.0,1800.0,
OI000014869,O00003719,M0087,1,1680.0,0.0,1680.0,
OI000014870,O00003719,M0004,2,1710.0,0.0,3420.0,
OI000014871,O00003720,M0039,1,1774.5,0.0,1774.5,
OI000014872,O00003720,M0108,3,430.0,0.0,1290.0,
OI000014873,O00003721,M0029,2,660.0,0.0,1320.0,
OI000014874,O00003721,M0142,1,693.5,0.0,693.5,
OI000014875,O00003721,M0022,1,1240.0,0.0,1240.0,
OI000014876,O00003722,M0184,1,1040.0,0.0,1040.0,Customer request
OI000014877,O00003722,M0001,2,1480.0,0.0,2960.0,
OI000014878,O00003722,M0104,1,200.0,0.0,1199.0,
OI000014879,O00003722,M0077,1,1630.0,81.5,1548.5,
OI000014880,O00003723,M0052,1,710.0,0.0,710.0,
OI000014881,O00003723,M0010,1,430.0,0.0,430.0,
OI000014882,O00003723,M0052,2,674.5,0.0,1349.0,
OI000014883,O00003723,M0049,1,1450.0,0.0,1450.0,
OI000014884,O00003723,M0003,1,1102.5,0.0,1102.5,
OI000014885,O00003724,M0139,1,1770.0,0.0,1770.0,
OI000014886,O00003724,M0037,1,1610.0,0.0,1610.0,
OI000014887,O00003724,M0002,1,520.0,0.0,520.0,
OI000014888,O00003725,M0018,1,1140.0,0.0,1140.0,
OI000014889,O00003725,M0006,1,1879.5,0.0,1879.5,
OI000014890,O00003725,M0004,1,1800.0,0.0,1800.0,
OI000014891,O00003725,M0171,2,1722.0,0.0,3444.0,
OI000014892,O00003725,M0067,2,1440.0,0.0,2880.0,
OI000014893,O00003726,M0010,3,408.5,0.0,1225.5,
OI000014894,O00003726,M0068,1,920.0,0.0,920.0,Customer request
OI000014895,O00003726,M0108,3,430.0,0.0,1290.0,
OI000014896,O00003727,M0011,1,1092.5,0.0,1092.5,
OI000014897,O00003727,M0192,2,567.0,56.7,1077.3,
OI000014898,O00003727,M0140,1,1510.5,0.0,1510.5,
OI000014899,O00003727,M0106,1,893.0,0.0,893.0,
OI000014900,O00003728,M0079,1,1050.0,0.0,1050.0,
OI000014901,O00003729,M0001,1,1480.0,222.0,1258.0,
OI000014902,O00003729,M0001,1,1480.0,0.0,1480.0,Customer request
OI000014903,O00003729,M0004,1,1710.0,0.0,1710.0,
OI000014904,O00003730,M0156,1,1216.0,0.0,1216.0,
OI000014905,O00003730,M0006,1,1790.0,0.0,1790.0,
OI000014906,O00003730,M0075,1,1710.0,0.0,1710.0,
OI000014907,O00003730,M0189,1,1500.0,0.0,1500.0,
OI000014908,O00003730,M0166,3,370.0,0.0,1110.0,
OI000014909,O00003731,M0019,2,661.5,0.0,1323.0,
OI000014910,O00003731,M0069,1,1170.0,0.0,1170.0,
OI000014911,O00003731,M0093,1,883.5,0.0,883.5,
OI000014912,O00003731,M0040,2,430.0,43.0,817.0,
OI000014913,O00003731,M0035,1,874.0,0.0,874.0,
OI000014914,O00003732,M0006,1,1879.5,0.0,1879.5,
OI000014915,O00003732,M0068,5,874.0,437.0,3933.0,
OI000014916,O00003732,M0010,2,430.0,0.0,860.0,
OI000014917,O00003732,M0011,1,1150.0,0.0,1150.0,
OI000014918,O00003732,M0008,1,836.0,0.0,836.0,
OI000014919,O00003732,M0001,2,1480.0,296.0,2664.0,
OI000014920,O00003732,M0124,1,980.0,0.0,980.0,
OI000014921,O00003732,M0132,1,1681.5,0.0,1681.5,
OI000014922,O00003733,M0081,1,874.0,0.0,874.0,
OI000014923,O00003733,M0162,3,346.5,0.0,1039.5,
OI000014924,O00003733,M0057,1,475.0,0.0,475.0,
OI000014925,O00003733,M0059,1,660.0,0.0,660.0,
OI000014926,O00003734,M0143,1,840.0,42.0,798.0,
OI000014927,O00003734,M0005,1,451.5,45.15,406.35,
OI000014928,O00003735,M0023,2,551.0,0.0,1102.0,
OI000014929,O00003735,M0076,2,660.0,0.0,1320.0,
OI000014930,O00003735,M0008,1,880.0,0.0,880.0,
OI000014931,O00003735,M0006,2,1790.0,0.0,3580.0,Customer request
OI000014932,O00003735,M0148,1,1180.0,0.0,1180.0,
OI000014933,O00003735,M0198,1,646.0,0.0,646.0,Customer request
OI000014934,O00003736,M0017,1,693.5,104.02,589.48,Customer request
OI000014935,O00003736,M0006,1,1790.0,0.0,1790.0,
OI000014936,O00003737,M0019,1,630.0,0.0,630.0,
OI000014937,O00003737,M0010,2,430.0,0.0,860.0,
OI000014938,O00003737,M0115,1,1140.0,0.0,1140.0,
OI000014939,O00003737,M0149,2,920.0,0.0,1840.0,
OI000014940,O00003737,M0018,1,1260.0,0.0,1260.0,
OI000014941,O00003738,M0050,1,800.0,0.0,800.0,
OI000014942,O00003739,M0002,1,520.0,0.0,520.0,
OI000014943,O00003739,M0026,1,450.0,0.0,450.0,
OI000014944,O00003739,M0001,1,1480.0,148.0,1332.0,
OI000014945,O00003740,M0066,1,580.0,0.0,580.0,
OI000014946,O00003740,M0004,1,1710.0,0.0,1710.0,
OI000014947,O00003740,M0138,2,700.0,0.0,1400.0,
OI000014948,O00003740,M0056,1,250.0,0.0,250.0,
OI000014949,O00003740,M0162,1,330.0,0.0,330.0,
OI000014950,O00003740,M0167,1,588.0,88.2,499.8,
OI000014951,O00003741,M0004,1,1800.0,0.0,1800.0,
OI000014952,O00003741,M0034,2,1260.0,0.0,2520.0,
OI000014953,O00003741,M0005,2,430.0,0.0,860.0,
OI000014954,O00003741,M0025,2,260.0,0.0,520.0,
OI000014955,O00003741,M0025,1,273.0,0.0,273.0,
OI000014956,O00003742,M0085,1,1720.0,0.0,1720.0,
OI000014957,O00003742,M0187,1,826.5,0.0,826.5,
OI000014958,O00003742,M0056,1,250.0,0.0,250.0,
OI000014959,O00003742,M0113,2,840.0,0.0,1680.0,
OI000014960,O00003742,M0019,5,630.0,0.0,3150.0,
OI000014961,O00003743,M0001,1,1406.0,0.0,1406.0,Customer request
OI000014962,O00003743,M0034,1,1260.0,0.0,1260.0,
OI000014963,O00003743,M0150,2,285.0,0.0,570.0,
OI000014964,O00003743,M0007,2,1344.0,268.8,2419.2,
OI000014965,O00003743,M0008,1,836.0,41.8,794.2,
OI000014966,O00003743,M0002,1,494.0,74.1,419.9,
OI000014967,O00003743,M0199,2,440.0,0.0,880.0,
OI000014968,O00003744,M0020,1,1054.5,0.0,1054.5,
OI000014969,O00003744,M0010,2,430.0,0.0,860.0,
OI000014970,O00003744,M0161,3,410.0,0.0,1230.0,
OI000014971,O00003744,M0111,1,280.0,0.0,280.0,
OI000014972,O00003745,M0138,1,700.0,0.0,700.0,
OI000014973,O00003745,M0173,1,1837.5,0.0,1837.5,
OI000014974,O00003745,M0129,1,1760.0,0.0,1760.0,
OI000014975,O00003746,M0192,1,540.0,0.0,540.0,
OI000014976,O00003746,M0059,1,693.0,0.0,693.0,
OI000014977,O00003746,M0007,3,1280.0,0.0,3840.0,
OI000014978,O00003746,M0004,1,1710.0,0.0,1710.0,
OI000014979,O00003747,M0050,1,800.0,0.0,800.0,
OI000014980,O00003747,M0015,1,1764.0,0.0,1764.0,
OI000014981,O00003747,M0003,5,1102.5,0.0,5512.5,
OI000014982,O00003747,M0106,2,893.0,267.9,1518.1,
OI000014983,O00003748,M0014,1,1710.0,0.0,1710.0,
OI000014984,O00003748,M0024,2,609.0,0.0,1218.0,
OI000014985,O00003748,M0052,1,710.0,0.0,710.0,
OI000014986,O00003748,M0019,2,630.0,0.0,1260.0,
OI000014987,O00003748,M0133,4,950.0,0.0,3800.0,
OI000014988,O00003748,M0191,2,1150.0,0.0,2300.0,
OI000014989,O00003749,M0017,1,730.0,0.0,730.0,
OI000014990,O00003749,M0004,3,1710.0,0.0,5130.0,
OI000014991,O00003749,M0009,1,1577.0,0.0,1577.0,
OI000014992,O00003749,M0067,3,1440.0,0.0,4320.0,
OI000014993,O00003749,M0002,4,520.0,0.0,2080.0,
OI000014994,O00003750,M0067,1,1512.0,0.0,1512.0,
OI000014995,O00003750,M0036,1,1790.0,0.0,1790.0,
OI000014996,O00003750,M0001,2,1480.0,0.0,2960.0,
OI000014997,O00003750,M0020,1,1054.5,0.0,1054.5,
OI000014998,O00003750,M0006,2,1790.0,0.0,3580.0,
OI000014999,O00003751,M0003,1,1050.0,0.0,1050.0,
OI000015000,O00003751,M0168,1,1795.5,0.0,1795.5,Customer request
OI000015001,O00003751,M0010,2,430.0,0.0,860.0,
OI000015002,O00003752,M0031,1,1653.0,247.95,1405.05,Customer request
OI000015003,O00003752,M0052,1,710.0,0.0,710.0,
OI000015004,O00003753,M0056,1,262.5,0.0,262.5,
OI000015005,O00003753,M0017,1,730.0,0.0,730.0,
OI000015006,O00003753,M0008,1,880.0,0.0,880.0,
OI000015007,O00003753,M0043,1,1770.0,0.0,1770.0,
OI000015008,O00003754,M0105,2,1310.0,0.0,2620.0,
OI000015009,O00003754,M0146,1,250.0,0.0,250.0,
OI000015010,O00003754,M0048,1,1580.0,79.0,1501.0,
OI000015011,O00003754,M0036,2,1790.0,0.0,3580.0,
OI000015012,O00003754,M0181,1,294.0,0.0,294.0,
OI000015013,O00003754,M0005,1,408.5,0.0,408.5,
OI000015014,O00003754,M0001,1,1480.0,0.0,1480.0,
OI000015015,O00003754,M0030,2,256.5,0.0,513.0,
OI000015016,O00003755,M0001,1,1554.0,0.0,1554.0,
OI000015017,O00003755,M0001,1,1406.0,0.0,1406.0,
OI000015018,O00003756,M0001,1,1480.0,0.0,1480.0,Customer request
OI000015019,O00003756,M0054,2,1176.0,0.0,2352.0,
OI000015020,O00003756,M0055,1,890.0,0.0,890.0,
OI000015021,O00003757,M0007,1,1344.0,0.0,1344.0,
OI000015022,O00003757,M0024,2,580.0,116.0,1044.0,
OI000015023,O00003757,M0021,1,1250.0,0.0,1250.0,
OI000015024,O00003757,M0030,2,270.0,0.0,540.0,
OI000015025,O00003758,M0005,2,430.0,0.0,860.0,
OI000015026,O00003758,M0112,1,610.0,0.0,610.0,
OI000015027,O00003758,M0009,1,1577.0,0.0,1577.0,
OI000015028,O00003758,M0012,3,570.0,0.0,1710.0,
OI000015029,O00003759,M0061,1,924.0,0.0,924.0,
OI000015030,O00003759,M0190,1,380.0,0.0,380.0,
OI000015031,O00003759,M0005,2,430.0,0.0,860.0,
OI000015032,O00003759,M0015,1,1596.0,0.0,1596.0,Customer request
OI000015033,O00003759,M0016,2,1230.0,0.0,2460.0,
OI000015034,O00003759,M0036,1,1879.5,0.0,1879.5,
OI000015035,O00003760,M0120,2,1740.0,0.0,3480.0,
OI000015036,O00003760,M0082,1,590.0,0.0,590.0,
OI000015037,O00003760,M0005,1,430.0,0.0,430.0,
OI000015038,O00003760,M0078,1,1323.0,0.0,1323.0,
OI000015039,O00003761,M0002,1,520.0,0.0,520.0,
OI000015040,O00003761,M0005,1,408.5,0.0,408.5,
OI000015041,O00003761,M0018,1,1260.0,0.0,1260.0,
OI000015042,O00003761,M0014,1,1710.0,85.5,1624.5,
OI000015043,O00003761,M0135,2,1540.0,0.0,3080.0,
OI000015044,O00003762,M0199,1,462.0,0.0,462.0,Customer request
OI000015045,O00003762,M0005,1,430.0,0.0,430.0,
OI000015046,O00003762,M0063,1,1210.0,0.0,1210.0,
OI000015047,O00003763,M0046,1,1558.0,0.0,1558.0,Customer request
OI000015048,O00003763,M0096,1,693.5,0.0,693.5,
OI000015049,O00003763,M0074,1,684.0,0.0,684.0,
OI000015050,O00003763,M0009,1,1660.0,0.0,1660.0,
OI000015051,O00003763,M0123,5,777.0,0.0,3885.0,
OI000015052,O00003763,M0028,1,870.0,0.0,870.0,
OI000015053,O00003764,M0164,2,1270.0,0.0,2540.0,
OI000015054,O00003764,M0042,3,1210.0,544.5,3085.5,
OI000015055,O00003764,M0010,1,451.5,0.0,451.5,
OI000015056,O00003764,M0147,1,1040.0,0.0,1040.0,
OI000015057,O00003764,M0117,2,1140.0,0.0,2280.0,
OI000015058,O00003765,M0171,1,1640.0,246.0,1394.0,
OI000015059,O00003765,M0145,1,1760.0,0.0,1760.0,Customer request
OI000015060,O00003765,M0007,2,1216.0,0.0,2432.0,
OI000015061,O00003765,M0113,1,840.0,0.0,840.0,
OI000015062,O00003765,M0048,4,1580.0,0.0,6320.0,
OI000015063,O00003765,M0019,1,630.0,0.0,630.0,
OI000015064,O00003766,M0001,3,1480.0,0.0,4440.0,
OI000015065,O00003766,M0074,5,720.0,0.0,3600.0,
OI000015066,O00003766,M0128,1,1123.5,168.52,954.98,
OI000015067,O00003766,M0051,1,750.0,0.0,750.0,
OI000015068,O00003767,M0011,4,1092.5,0.0,4370.0,
OI000015069,O00003767,M0001,3,1480.0,0.0,4440.0,
OI000015070,O00003767,M0063,1,1210.0,0.0,1210.0,
OI000015071,O00003767,M0019,1,630.0,0.0,630.0,
OI000015072,O00003767,M0031,1,1740.0,0.0,1740.0,
OI000015073,O00003767,M0042,1,1210.0,0.0,1210.0,
OI000015074,O00003768,M0096,1,730.0,0.0,730.0,
OI000015075,O00003768,M0038,1,1320.0,0.0,1320.0,
OI000015076,O00003768,M0036,1,1790.0,0.0,1790.0,
OI000015077,O00003768,M0029,1,660.0,0.0,660.0,
OI000015078,O00003768,M0022,1,1240.0,0.0,1240.0,
OI000015079,O00003768,M0055,2,934.5,0.0,1869.0,
OI000015080,O00003769,M0001,1,1406.0,0.0,1406.0,
OI000015081,O00003769,M0081,1,874.0,0.0,874.0,
OI000015082,O00003769,M0011,2,1092.5,0.0,2185.0,
OI000015083,O00003770,M0016,2,1291.5,0.0,2583.0,
OI000015084,O00003770,M0053,2,1770.0,0.0,3540.0,
OI000015085,O00003770,M0007,2,1344.0,0.0,2688.0,Customer request
OI000015086,O00003770,M0063,1,1210.0,0.0,1210.0,
OI000015087,O00003770,M0003,3,1050.0,0.0,3150.0,
OI000015088,O00003771,M0061,1,880.0,0.0,880.0,
OI000015089,O00003771,M0079,2,997.5,0.0,1995.0,
OI000015090,O00003771,M0074,1,720.0,0.0,720.0,
OI000015091,O00003771,M0098,1,1230.0,0.0,1230.0,
OI000015092,O00003771,M0034,1,1260.0,0.0,1260.0,
OI000015093,O00003772,M0133,1,1000.0,0.0,1000.0,
OI000015094,O00003772,M0006,2,1790.0,0.0,3580.0,
OI000015095,O00003773,M0017,2,730.0,0.0,1460.0,
OI000015096,O00003773,M0176,1,1691.0,0.0,1691.0,
OI000015097,O00003773,M0103,2,1150.0,0.0,2300.0,
OI000015098,O00003773,M0087,2,1680.0,0.0,3360.0,
OI000015099,O00003774,M0078,2,1260.0,378.0,2142.0,
OI000015100,O00003774,M0002,3,494.0,0.0,1482.0,
OI000015101,O00003774,M0173,3,1750.0,0.0,5250.0,
OI000015102,O00003775,M0010,1,451.5,0.0,451.5,Customer request
OI000015103,O00003775,M0003,1,997.5,0.0,997.5,
OI000015104,O00003775,M0001,1,1480.0,0.0,1480.0,
OI000015105,O00003776,M0017,3,730.0,0.0,2190.0,
OI000015106,O00003776,M0067,1,1440.0,0.0,1440.0,
OI000015107,O00003776,M0018,2,1200.0,0.0,2400.0,
OI000015108,O00003776,M0110,1,1567.5,0.0,1567.5,
OI000015109,O00003776,M0004,1,1890.0,0.0,1890.0,
OI000015110,O00003776,M0004,1,1710.0,0.0,1710.0,Customer request
OI000015111,O00003777,M0008,2,880.0,0.0,1760.0,
OI000015112,O00003778,M0001,1,1480.0,0.0,1480.0,
OI000015113,O00003778,M0122,4,446.5,0.0,1786.0,
OI000015114,O00003778,M0003,2,1102.5,0.0,2205.0,
OI000015115,O00003778,M0017,1,730.0,73.0,657.0,
OI000015116,O00003778,M0026,2,450.0,0.0,900.0,
OI000015117,O00003778,M0006,2,1790.0,0.0,3580.0,
OI000015118,O00003778,M0141,3,1350.0,0.0,4050.0,Customer request
OI000015119,O00003779,M0085,1,1806.0,0.0,1806.0,
OI000015120,O00003779,M0001,2,1480.0,0.0,2960.0,
OI000015121,O00003779,M0023,1,609.0,0.0,609.0,
OI000015122,O00003779,M0003,3,1050.0,0.0,3150.0,
OI000015123,O00003779,M0058,1,1350.0,202.5,1147.5,
OI000015124,O00003779,M0031,1,1653.0,0.0,1653.0,
OI000015125,O00003780,M0110,1,1567.5,0.0,1567.5,
OI000015126,O00003780,M0070,2,1630.0,0.0,3260.0,
OI000015127,O00003780,M0114,1,640.0,0.0,640.0,
OI000015128,O00003780,M0138,1,700.0,0.0,700.0,
OI000015129,O00003781,M0004,2,1800.0,0.0,3600.0,
OI000015130,O00003781,M0046,2,1640.0,0.0,3280.0,
OI000015131,O00003781,M0003,1,997.5,0.0,997.5,
OI000015132,O00003781,M0007,2,1280.0,0.0,2560.0,
OI000015133,O00003781,M0006,1,1790.0,0.0,1790.0,
OI000015134,O00003782,M0014,1,1710.0,0.0,1710.0,
OI000015135,O00003782,M0102,1,456.0,0.0,456.0,
OI000015136,O00003782,M0011,1,1150.0,0.0,1150.0,
OI000015137,O00003782,M0088,1,1140.0,0.0,1140.0,
OI000015138,O00003782,M0001,1,1554.0,0.0,1554.0,
OI000015139,O00003782,M0045,1,1080.0,0.0,1080.0,
OI000015140,O00003783,M0009,3,1743.0,0.0,5229.0,
OI000015141,O00003783,M0087,3,1596.0,0.0,4788.0,
OI000015142,O00003783,M0195,1,230.0,0.0,230.0,
OI000015143,O00003783,M0037,3,1610.0,0.0,4830.0,
OI000015144,O00003783,M0037,3,1610.0,0.0,4830.0,
OI000015145,O00003784,M0186,1,1701.0,0.0,1701.0,
OI000015146,O00003784,M0015,2,1680.0,0.0,3360.0,
OI000015147,O00003784,M0018,1,1200.0,180.0,1020.0,
OI000015148,O00003784,M0073,2,420.0,126.0,714.0,
OI000015149,O00003784,M0030,1,283.5,28.35,255.15,
OI000015150,O00003784,M0096,2,766.5,0.0,1533.0,
OI000015151,O00003785,M0020,2,1110.0,0.0,2220.0,
OI000015152,O00003785,M0071,1,630.0,0.0,630.0,
OI000015153,O00003785,M0096,1,766.5,0.0,766.5,
OI000015154,O00003785,M0059,1,660.0,0.0,660.0,
OI000015155,O00003785,M0005,1,408.5,0.0,408.5,
OI000015156,O00003785,M0034,1,1197.0,0.0,1197.0,
OI000015157,O00003786,M0182,1,1732.5,0.0,1732.5,
OI000015158,O00003786,M0002,3,520.0,78.0,1482.0,
OI000015159,O00003786,M0076,3,660.0,0.0,1980.0,
OI000015160,O00003786,M0102,1,504.0,0.0,504.0,
OI000015161,O00003786,M0067,1,1440.0,0.0,1440.0,
OI000015162,O00003786,M0002,1,494.0,0.0,494.0,
OI000015163,O00003787,M0001,2,1406.0,0.0,2812.0,
OI000015164,O00003787,M0033,1,310.0,0.0,310.0,
OI000015165,O00003788,M0012,2,541.5,0.0,1083.0,
OI000015166,O00003788,M0018,1,1140.0,57.0,1083.0,
OI000015167,O00003788,M0008,1,836.0,41.8,794.2,
OI000015168,O00003789,M0114,1,608.0,0.0,608.0,
OI000015169,O00003789,M0126,2,1520.0,0.0,3040.0,
OI000015170,O00003790,M0001,2,1554.0,0.0,3108.0,
OI000015171,O00003790,M0112,1,610.0,61.0,549.0,
OI000015172,O00003791,M0067,5,1368.0,0.0,6840.0,
OI000015173,O00003791,M0025,1,260.0,0.0,260.0,
OI000015174,O00003791,M0002,1,546.0,27.3,518.7,
OI000015175,O00003791,M0066,1,580.0,0.0,580.0,
OI000015176,O00003791,M0008,1,836.0,0.0,836.0,
OI000015177,O00003792,M0040,1,408.5,0.0,408.5,
OI000015178,O00003792,M0006,1,1700.5,0.0,1700.5,
OI000015179,O00003792,M0138,3,700.0,0.0,2100.0,
OI000015180,O00003792,M0014,1,1710.0,0.0,1710.0,
OI000015181,O00003793,M0071,5,661.5,330.75,2976.75,
OI000015182,O00003793,M0031,3,1740.0,0.0,5220.0,
OI000015183,O00003793,M0155,2,530.0,0.0,1060.0,
OI000015184,O00003794,M0006,2,1790.0,0.0,3580.0,
OI000015185,O00003794,M0176,2,1780.0,0.0,3560.0,
OI000015186,O00003794,M0090,2,1187.5,0.0,2375.0,
OI000015187,O00003795,M0075,2,1710.0,0.0,3420.0,Customer request
OI000015188,O00003795,M0122,2,446.5,0.0,893.0,
OI000015189,O00003795,M0062,2,1010.0,0.0,2020.0,
OI000015190,O00003796,M0002,1,520.0,0.0,520.0,
OI000015191,O00003796,M0074,1,720.0,0.0,720.0,
OI000015192,O00003797,M0023,3,609.0,0.0,1827.0,
OI000015193,O00003797,M0040,1,451.5,0.0,451.5,
OI000015194,O00003797,M0020,2,1054.5,0.0,2109.0,
OI000015195,O00003797,M0004,2,1800.0,0.0,3600.0,
OI000015196,O00003797,M0029,1,627.0,0.0,627.0,
OI000015197,O00003797,M0001,1,1406.0,0.0,1406.0,
OI000015198,O00003797,M0001,2,1554.0,310.8,2797.2,
OI000015199,O00003797,M0037,2,1610.0,0.0,3220.0,
OI000015200,O00003797,M0004,2,1890.0,0.0,3780.0,
OI000015201,O00003798,M0055,1,845.5,0.0,845.5,
OI000015202,O00003798,M0005,2,451.5,0.0,903.0,
OI000015203,O00003798,M0109,1,1420.0,0.0,1420.0,
OI000015204,O00003798,M0003,4,1050.0,0.0,4200.0,
OI000015205,O00003798,M0024,1,580.0,0.0,580.0,
OI000015206,O00003798,M0027,1,790.0,79.0,711.0,
OI000015207,O00003799,M0054,2,1176.0,0.0,2352.0,
OI000015208,O00003799,M0019,1,630.0,0.0,630.0,
OI000015209,O00003799,M0063,2,1210.0,242.0,2178.0,
OI000015210,O00003800,M0095,1,230.0,0.0,230.0,
OI000015211,O00003800,M0002,1,494.0,0.0,494.0,
OI000015212,O00003800,M0001,1,1554.0,0.0,1554.0,
OI000015213,O00003800,M0068,1,920.0,0.0,920.0,
OI000015214,O00003801,M0128,1,1070.0,0.0,1070.0,
OI000015215,O00003801,M0029,5,627.0,313.5,2821.5,
OI000015216,O00003801,M0057,1,500.0,75.0,425.0,
OI000015217,O00003802,M0010,1,430.0,0.0,430.0,
OI000015218,O00003802,M0137,1,1770.0,0.0,1770.0,
OI000015219,O00003802,M0097,1,336.0,0.0,336.0,
OI000015220,O00003802,M0047,2,1690.5,0.0,3381.0,
OI000015221,O00003802,M0011,1,1092.5,0.0,1092.5,
OI000015222,O00003802,M0023,2,609.0,0.0,1218.0,
OI000015223,O00003802,M0009,2,1660.0,0.0,3320.0,
OI000015224,O00003802,M0022,1,1178.0,0.0,1178.0,
OI000015225,O00003802,M0001,2,1480.0,0.0,2960.0,
OI000015226,O00003802,M0002,3,520.0,0.0,1560.0,
OI000015227,O00003802,M0006,1,1790.0,0.0,1790.0,Customer request
OI000015228,O00003803,M0150,1,285.0,0.0,285.0,
OI000015229,O00003803,M0027,1,790.0,0.0,790.0,
OI000015230,O00003803,M0029,2,660.0,0.0,1320.0,
OI000015231,O00003803,M0036,1,1790.0,0.0,1790.0,
OI000015232,O00003804,M0032,1,788.5,0.0,788.5,
OI000015233,O00003804,M0002,1,494.0,0.0,494.0,
OI000015234,O00003804,M0012,1,570.0,0.0,570.0,
OI000015235,O00003804,M0001,1,1480.0,0.0,1480.0,Customer request
OI000015236,O00003805,M0001,1,1480.0,0.0,1480.0,
OI000015237,O00003805,M0001,2,1554.0,0.0,3108.0,
OI000015238,O00003805,M0147,1,1040.0,0.0,1040.0,
OI000015239,O00003806,M0006,2,1790.0,0.0,3580.0,
OI000015240,O00003806,M0001,1,1480.0,0.0,1480.0,
OI000015241,O00003806,M0001,2,1480.0,0.0,2960.0,
OI000015242,O00003807,M0053,1,1858.5,0.0,1858.5,Customer request
OI000015243,O00003807,M0053,1,1858.5,0.0,1858.5,
OI000015244,O00003807,M0008,1,880.0,0.0,880.0,
OI000015245,O00003807,M0009,1,1660.0,0.0,1660.0,
OI000015246,O00003807,M0013,1,1500.0,0.0,1500.0,
OI000015247,O00003807,M0014,2,1624.5,0.0,3249.0,
OI000015248,O00003807,M0099,1,598.5,0.0,598.5,
OI000015249,O00003807,M0168,5,1624.5,0.0,8122.5,
OI000015250,O00003808,M0047,2,1610.0,0.0,3220.0,
OI000015251,O00003808,M0018,1,1200.0,60.0,1140.0,
OI000015252,O00003808,M0010,2,430.0,0.0,860.0,
OI000015253,O00003809,M0118,2,1310.0,0.0,2620.0,
OI000015254,O00003809,M0002,5,520.0,0.0,2600.0,
OI000015255,O00003810,M0022,3,1240.0,0.0,3720.0,
OI000015256,O00003810,M0065,1,807.5,0.0,807.5,
OI000015257,O00003810,M0007,2,1280.0,0.0,2560.0,
OI000015258,O00003811,M0003,2,1050.0,0.0,2100.0,
OI000015259,O00003811,M0062,3,959.5,0.0,2878.5,
OI000015260,O00003811,M0050,1,800.0,0.0,800.0,
OI000015261,O00003812,M0054,1,1120.0,0.0,1120.0,
OI000015262,O00003812,M0188,1,275.5,0.0,275.5,
OI000015263,O00003812,M0012,1,570.0,0.0,570.0,
OI000015264,O00003812,M0192,1,540.0,0.0,540.0,
OI000015265,O00003812,M0001,2,1480.0,0.0,2960.0,
OI000015266,O00003812,M0001,1,1480.0,148.0,1332.0,
OI000015267,O00003813,M0130,1,1016.5,152.48,864.02,
OI000015268,O00003813,M0012,1,598.5,0.0,598.5,
OI000015269,O00003813,M0015,2,1680.0,0.0,3360.0,
OI000015270,O00003814,M0001,1,1480.0,0.0,1480.0,
OI000015271,O00003814,M0001,1,1480.0,0.0,1480.0,
OI000015272,O00003815,M0057,1,525.0,0.0,525.0,
OI000015273,O00003815,M0035,2,920.0,0.0,1840.0,
OI000015274,O00003815,M0082,1,590.0,0.0,590.0,
OI000015275,O00003815,M0006,1,1879.5,0.0,1879.5,
OI000015276,O00003815,M0125,1,304.0,0.0,304.0,Customer request
OI000015277,O00003816,M0008,1,880.0,0.0,880.0,
OI000015278,O00003816,M0024,2,580.0,0.0,1160.0,
OI000015279,O00003817,M0016,1,1230.0,0.0,1230.0,
OI000015280,O00003817,M0129,3,1848.0,0.0,5544.0,
OI000015281,O00003817,M0115,1,1140.0,0.0,1140.0,
OI000015282,O00003817,M0023,3,580.0,0.0,1740.0,
OI000015283,O00003818,M0015,1,1596.0,0.0,1596.0,
OI000015284,O00003818,M0102,4,480.0,0.0,1920.0,
OI000015285,O00003818,M0005,1,408.5,0.0,408.5,
OI000015286,O00003818,M0168,1,1710.0,256.5,1453.5,
OI000015287,O00003818,M0011,1,1150.0,0.0,1150.0,
OI000015288,O00003818,M0026,1,450.0,0.0,450.0,
OI000015289,O00003818,M0110,1,1567.5,0.0,1567.5,
OI000015290,O00003818,M0105,2,1310.0,0.0,2620.0,
OI000015291,O00003819,M0072,1,1340.0,0.0,1340.0,
OI000015292,O00003819,M0002,1,546.0,0.0,546.0,
OI000015293,O00003819,M0007,2,1344.0,0.0,2688.0,
OI000015294,O00003819,M0078,1,1197.0,0.0,1197.0,
OI000015295,O00003819,M0130,2,1016.5,0.0,2033.0,
OI000015296,O00003820,M0004,1,1890.0,0.0,1890.0,
OI000015297,O00003820,M0194,1,1270.0,0.0,1270.0,
OI000015298,O00003820,M0054,1,1120.0,0.0,1120.0,
OI000015299,O00003821,M0115,4,1140.0,684.0,3876.0,
OI000015300,O00003821,M0102,1,480.0,0.0,480.0,
OI000015301,O00003821,M0002,1,546.0,0.0,546.0,
OI000015302,O00003821,M0013,1,1425.0,0.0,1425.0,
OI000015303,O00003821,M0026,1,472.5,0.0,472.5,
OI000015304,O00003822,M0008,2,924.0,92.4,1755.6,
OI000015305,O00003823,M0069,1,1111.5,0.0,1111.5,
OI000015306,O00003823,M0042,1,1270.5,0.0,1270.5,
OI000015307,O00003823,M0190,5,380.0,0.0,1900.0,
OI000015308,O00003824,M0004,1,1800.0,0.0,1800.0,
OI000015309,O00003824,M0042,1,1210.0,0.0,1210.0,
OI000015310,O00003824,M0148,1,1239.0,0.0,1239.0,
OI000015311,O00003824,M0001,1,1480.0,0.0,1480.0,
OI000015312,O00003825,M0031,2,1740.0,0.0,3480.0,Customer request
OI000015313,O00003825,M0005,1,451.5,22.58,428.92,
OI000015314,O00003825,M0177,1,200.0,0.0,200.0,
OI000015315,O00003825,M0065,1,850.0,0.0,850.0,
OI000015316,O00003825,M0008,1,836.0,0.0,836.0,
OI000015317,O00003825,M0195,1,230.0,11.5,218.5,
OI000015318,O00003826,M0006,1,1700.5,0.0,1700.5,
OI000015319,O00003826,M0012,1,570.0,28.5,541.5,
OI000015320,O00003826,M0068,1,874.0,0.0,874.0,Customer request
OI000015321,O00003827,M0043,3,1770.0,0.0,5310.0,
OI000015322,O00003827,M0116,1,399.0,0.0,399.0,
OI000015323,O00003827,M0066,1,580.0,0.0,580.0,
OI000015324,O00003828,M0045,1,1134.0,0.0,1134.0,
OI000015325,O00003828,M0013,1,1500.0,0.0,1500.0,
OI000015326,O00003829,M0010,2,430.0,0.0,860.0,
OI000015327,O00003829,M0002,4,520.0,0.0,2080.0,
OI000015328,O00003829,M0019,1,598.5,0.0,598.5,
OI000015329,O00003829,M0103,4,1150.0,0.0,4600.0,
OI000015330,O00003830,M0009,1,1660.0,0.0,1660.0,
OI000015331,O00003830,M0140,3,1669.5,0.0,5008.5,Customer request
OI000015332,O00003830,M0107,1,342.0,0.0,342.0,
OI000015333,O00003831,M0199,1,440.0,0.0,440.0,
OI000015334,O00003831,M0082,1,560.5,0.0,560.5,
OI000015335,O00003831,M0001,4,1480.0,0.0,5920.0,
OI000015336,O00003831,M0048,1,1580.0,0.0,1580.0,
OI000015337,O00003831,M0010,1,451.5,0.0,451.5,
OI000015338,O00003831,M0172,1,1634.0,0.0,1634.0,
OI000015339,O00003831,M0078,1,1197.0,0.0,1197.0,
OI000015340,O00003832,M0101,1,550.0,0.0,550.0,
OI000015341,O00003832,M0042,2,1149.5,0.0,2299.0,
OI000015342,O00003832,M0182,3,1650.0,0.0,4950.0,Customer request
OI000015343,O00003832,M0004,1,1800.0,0.0,1800.0,
OI000015344,O00003833,M0018,2,1140.0,0.0,2280.0,
OI000015345,O00003833,M0032,2,830.0,249.0,1411.0,
OI000015346,O00003833,M0040,1,430.0,0.0,430.0,
OI000015347,O00003833,M0098,1,1230.0,0.0,1230.0,Customer request
OI000015348,O00003834,M0083,2,513.0,0.0,1026.0,
OI000015349,O00003834,M0001,1,1554.0,0.0,1554.0,
OI000015350,O00003835,M0081,1,874.0,0.0,874.0,
OI000015351,O00003835,M0008,1,880.0,0.0,880.0,
OI000015352,O00003835,M0020,1,1165.5,0.0,1165.5,
OI000015353,O00003835,M0025,1,273.0,0.0,273.0,
OI000015354,O00003835,M0073,1,420.0,0.0,420.0,
OI000015355,O00003835,M0069,1,1111.5,0.0,1111.5,
OI000015356,O00003835,M0017,1,693.5,0.0,693.5,
OI000015357,O00003836,M0112,1,640.5,0.0,640.5,
OI000015358,O00003836,M0002,3,520.0,0.0,1560.0,
OI000015359,O00003836,M0006,3,1700.5,0.0,5101.5,
OI000015360,O00003836,M0021,1,1187.5,0.0,1187.5,
OI000015361,O00003837,M0006,4,1790.0,0.0,7160.0,
OI000015362,O00003837,M0162,1,330.0,0.0,330.0,
OI000015363,O00003837,M0162,2,313.5,0.0,627.0,
OI000015364,O00003837,M0004,1,1800.0,180.0,1620.0,
OI000015365,O00003837,M0020,1,1110.0,0.0,1110.0,Customer request
OI000015366,O00003837,M0196,1,1510.5,0.0,1510.5,
OI000015367,O00003838,M0001,1,1480.0,0.0,1480.0,
OI000015368,O00003838,M0001,1,1480.0,0.0,1480.0,
OI000015369,O00003838,M0123,1,740.0,0.0,740.0,
OI000015370,O00003838,M0017,1,730.0,0.0,730.0,
OI000015371,O00003838,M0083,2,567.0,0.0,1134.0,
OI000015372,O00003838,M0054,1,1064.0,0.0,1064.0,
OI000015373,O00003838,M0073,1,420.0,0.0,420.0,
OI000015374,O00003839,M0005,1,408.5,61.28,347.22,
OI000015375,O00003839,M0039,3,1774.5,0.0,5323.5,Customer request
OI000015376,O00003839,M0060,3,1180.0,0.0,3540.0,
OI000015377,O00003839,M0040,2,430.0,0.0,860.0,
OI000015378,O00003840,M0170,1,945.0,0.0,945.0,
OI000015379,O00003840,M0001,3,1480.0,0.0,4440.0,
OI000015380,O00003840,M0005,2,430.0,0.0,860.0,
OI000015381,O00003840,M0001,1,1554.0,0.0,1554.0,
OI000015382,O00003841,M0180,1,250.0,0.0,250.0,
OI000015383,O00003841,M0006,1,1790.0,0.0,1790.0,
OI000015384,O00003841,M0086,1,1740.0,0.0,1740.0,
OI000015385,O00003841,M0003,1,1050.0,0.0,1050.0,
OI000015386,O00003841,M0001,1,1480.0,0.0,1480.0,
OI000015387,O00003841,M0005,1,430.0,0.0,430.0,
OI000015388,O00003841,M0009,3,1660.0,0.0,4980.0,
OI000015389,O00003841,M0026,2,427.5,0.0,855.0,Customer request
OI000015390,O00003842,M0001,1,1480.0,0.0,1480.0,
OI000015391,O00003842,M0053,1,1681.5,0.0,1681.5,
OI000015392,O00003843,M0063,1,1270.5,63.53,1206.97,
OI000015393,O00003843,M0010,1,451.5,0.0,451.5,
OI000015394,O00003843,M0008,1,924.0,0.0,924.0,
OI000015395,O00003843,M0004,3,1710.0,0.0,5130.0,
OI000015396,O00003843,M0005,2,451.5,0.0,903.0,
OI000015397,O00003843,M0061,1,880.0,0.0,880.0,
OI000015398,O00003843,M0051,2,712.5,0.0,1425.0,
OI000015399,O00003843,M0155,2,530.0,0.0,1060.0,
OI000015400,O00003844,M0117,2,1140.0,0.0,2280.0,
OI000015401,O00003844,M0045,1,1080.0,0.0,1080.0,
OI000015402,O00003845,M0004,1,1800.0,0.0,1800.0,
OI000015403,O00003845,M0012,1,570.0,0.0,570.0,
OI000015404,O00003845,M0028,1,870.0,0.0,870.0,
OI000015405,O00003845,M0021,3,1312.5,0.0,3937.5,
OI000015406,O00003845,M0001,1,1480.0,0.0,1480.0,
OI000015407,O00003846,M0015,1,1596.0,0.0,1596.0,
OI000015408,O00003846,M0004,1,1800.0,0.0,1800.0,
OI000015409,O00003846,M0045,2,1080.0,0.0,2160.0,
OI000015410,O00003847,M0163,1,1390.0,0.0,1390.0,
OI000015411,O00003847,M0003,1,1050.0,0.0,1050.0,
OI000015412,O00003848,M0131,1,1039.5,0.0,1039.5,
OI000015413,O00003848,M0008,2,880.0,0.0,1760.0,
OI000015414,O00003848,M0071,1,630.0,0.0,630.0,
OI000015415,O00003849,M0051,4,750.0,0.0,3000.0,
OI000015416,O00003849,M0006,1,1790.0,0.0,1790.0,
OI000015417,O00003849,M0016,1,1230.0,0.0,1230.0,
OI000015418,O00003850,M0039,2,1605.5,0.0,3211.0,Customer request
OI000015419,O00003850,M0154,3,1577.0,0.0,4731.0,
OI000015420,O00003850,M0004,1,1800.0,0.0,1800.0,
OI000015421,O00003851,M0013,2,1500.0,0.0,3000.0,
OI000015422,O00003851,M0197,1,330.0,0.0,330.0,Customer request
OI000015423,O00003851,M0103,1,1092.5,0.0,1092.5,
OI000015424,O00003851,M0017,1,730.0,0.0,730.0,
OI000015425,O00003852,M0003,3,1050.0,0.0,3150.0,
OI000015426,O00003852,M0032,1,830.0,0.0,830.0,
OI000015427,O00003852,M0046,1,1558.0,0.0,1558.0,
OI000015428,O00003853,M0008,1,836.0,0.0,836.0,Customer request
OI000015429,O00003853,M0078,1,1260.0,0.0,1260.0,
OI000015430,O00003853,M0038,4,1320.0,0.0,5280.0,
OI000015431,O00003853,M0015,1,1764.0,0.0,1764.0,
OI000015432,O00003854,M0009,1,1743.0,0.0,1743.0,
OI000015433,O00003854,M0009,2,1577.0,315.4,2838.6,
OI000015434,O00003854,M0103,1,1207.5,0.0,1207.5,
OI000015435,O00003855,M0031,3,1653.0,0.0,4959.0,
OI000015436,O00003855,M0009,1,1743.0,0.0,1743.0,
OI000015437,O00003855,M0103,1,1092.5,0.0,1092.5,
OI000015438,O00003855,M0001,1,1480.0,0.0,1480.0,
OI000015439,O00003855,M0198,1,680.0,68.0,612.0,
OI000015440,O00003855,M0143,1,760.0,0.0,760.0,
OI000015441,O00003856,M0087,2,1764.0,0.0,3528.0,
OI000015442,O00003856,M0008,1,880.0,0.0,880.0,
OI000015443,O00003856,M0144,1,588.0,0.0,588.0,
OI000015444,O00003856,M0113,1,840.0,0.0,840.0,
OI000015445,O00003857,M0107,1,378.0,0.0,378.0,
OI000015446,O00003857,M0004,2,1890.0,0.0,3780.0,
OI000015447,O00003857,M0053,1,1770.0,0.0,1770.0,
OI000015448,O00003857,M0148,1,1121.0,0.0,1121.0,
OI000015449,O00003857,M0032,2,830.0,0.0,1660.0,
OI000015450,O00003857,M0040,1,430.0,64.5,365.5,
OI000015451,O00003857,M0020,1,1110.0,0.0,1110.0,
OI000015452,O00003858,M0066,1,580.0,0.0,580.0,
OI000015453,O00003858,M0131,1,940.5,0.0,940.5,Customer request
OI000015454,O00003858,M0033,2,310.0,0.0,620.0,
OI000015455,O00003859,M0183,2,630.0,0.0,1260.0,
OI000015456,O00003859,M0019,1,630.0,31.5,598.5,
OI000015457,O00003859,M0002,1,546.0,0.0,546.0,
OI000015458,O00003859,M0001,1,1554.0,233.1,1320.9,
OI000015459,O00003859,M0045,1,1080.0,0.0,1080.0,
OI000015460,O00003860,M0112,4,610.0,0.0,2440.0,
OI000015461,O00003860,M0126,1,1444.0,0.0,1444.0,
OI000015462,O00003860,M0180,1,250.0,37.5,212.5,
OI000015463,O00003860,M0036,1,1879.5,0.0,1879.5,
OI000015464,O00003861,M0005,1,451.5,0.0,451.5,
OI000015465,O00003861,M0068,3,966.0,0.0,2898.0,
OI000015466,O00003861,M0145,1,1760.0,0.0,1760.0,
OI000015467,O00003861,M0004,1,1800.0,0.0,1800.0,
OI000015468,O00003862,M0014,1,1710.0,0.0,1710.0,
OI000015469,O00003863,M0101,2,550.0,0.0,1100.0,
OI000015470,O00003863,M0006,1,1790.0,0.0,1790.0,
OI000015471,O00003863,M0148,1,1180.0,0.0,1180.0,
OI000015472,O00003864,M0123,2,740.0,222.0,1258.0,
OI000015473,O00003864,M0032,1,830.0,0.0,830.0,
OI000015474,O00003864,M0199,2,440.0,0.0,880.0,
OI000015475,O00003864,M0010,1,408.5,0.0,408.5,
OI000015476,O00003864,M0164,2,1206.5,0.0,2413.0,
OI000015477,O00003865,M0010,1,408.5,0.0,408.5,
OI000015478,O00003865,M0073,2,441.0,0.0,882.0,
OI000015479,O00003865,M0091,1,350.0,0.0,350.0,
OI000015480,O00003866,M0061,1,836.0,125.4,710.6,
OI000015481,O00003866,M0037,1,1610.0,0.0,1610.0,
OI000015482,O00003866,M0062,2,1060.5,0.0,2121.0,
OI000015483,O00003867,M0001,1,1406.0,0.0,1406.0,
OI000015484,O00003867,M0140,1,1590.0,0.0,1590.0,
OI000015485,O00003867,M0037,1,1690.5,0.0,1690.5,
OI000015486,O00003867,M0029,1,693.0,0.0,693.0,
OI000015487,O00003867,M0045,3,1080.0,0.0,3240.0,
OI000015488,O00003868,M0044,2,360.0,0.0,720.0,
OI000015489,O00003868,M0083,2,540.0,162.0,918.0,
OI000015490,O00003869,M0002,1,520.0,0.0,520.0,
OI000015491,O00003869,M0168,1,1710.0,171.0,1539.0,
OI000015492,O00003869,M0168,2,1710.0,0.0,3420.0,
OI000015493,O00003870,M0001,2,1554.0,0.0,3108.0,
OI000015494,O00003870,M0035,4,920.0,0.0,3680.0,
OI000015495,O00003870,M0084,1,1540.0,0.0,1540.0,
OI000015496,O00003870,M0009,1,1743.0,0.0,1743.0,
OI000015497,O00003870,M0058,2,1350.0,0.0,2700.0,
OI000015498,O00003871,M0063,3,1149.5,0.0,3448.5,
OI000015499,O00003871,M0006,2,1700.5,0.0,3401.0,
OI000015500,O00003871,M0005,1,408.5,0.0,408.5,
OI000015501,O00003871,M0090,2,1250.0,0.0,2500.0,
OI000015502,O00003871,M0077,1,1630.0,0.0,1630.0,
OI000015503,O00003871,M0132,5,1770.0,0.0,8850.0,
OI000015504,O00003871,M0141,1,1282.5,0.0,1282.5,
OI000015505,O00003871,M0003,1,1050.0,0.0,1050.0,
OI000015506,O00003872,M0108,2,451.5,0.0,903.0,
OI000015507,O00003872,M0065,1,850.0,0.0,850.0,
OI000015508,O00003872,M0060,2,1180.0,0.0,2360.0,
OI000015509,O00003872,M0008,1,836.0,0.0,836.0,
OI000015510,O00003873,M0118,5,1310.0,0.0,6550.0,
OI000015511,O00003873,M0195,2,230.0,0.0,460.0,
OI000015512,O00003873,M0004,2,1890.0,0.0,3780.0,
OI000015513,O00003873,M0086,2,1740.0,0.0,3480.0,
OI000015514,O00003874,M0017,1,730.0,0.0,730.0,
OI000015515,O00003874,M0004,1,1710.0,0.0,1710.0,Customer request
OI000015516,O00003874,M0003,1,1050.0,157.5,892.5,
OI000015517,O00003874,M0005,2,430.0,0.0,860.0,
OI000015518,O00003874,M0127,2,770.0,0.0,1540.0,
OI000015519,O00003875,M0039,2,1690.0,0.0,3380.0,
OI000015520,O00003875,M0145,2,1672.0,0.0,3344.0,Customer request
OI000015521,O00003875,M0153,1,1760.0,0.0,1760.0,
OI000015522,O00003875,M0003,3,1050.0,0.0,3150.0,
OI000015523,O00003876,M0056,1,262.5,0.0,262.5,
OI000015524,O00003876,M0001,1,1406.0,70.3,1335.7,
OI000015525,O00003877,M0008,3,880.0,0.0,2640.0,
OI000015526,O00003877,M0004,2,1800.0,0.0,3600.0,
OI000015527,O00003877,M0122,2,470.0,0.0,940.0,
OI000015528,O00003878,M0015,3,1680.0,0.0,5040.0,
OI000015529,O00003878,M0197,1,346.5,0.0,346.5,
OI000015530,O00003878,M0003,2,997.5,0.0,1995.0,
OI000015531,O00003878,M0006,3,1790.0,0.0,5370.0,
OI000015532,O00003878,M0060,2,1121.0,0.0,2242.0,
OI000015533,O00003879,M0183,2,630.0,0.0,1260.0,
OI000015534,O00003879,M0084,1,1540.0,0.0,1540.0,
OI000015535,O00003879,M0002,1,520.0,0.0,520.0,
OI000015536,O00003879,M0020,3,1110.0,0.0,3330.0,
OI000015537,O00003879,M0198,1,646.0,0.0,646.0,
OI000015538,O00003880,M0001,1,1480.0,0.0,1480.0,
OI000015539,O00003880,M0009,2,1743.0,0.0,3486.0,
OI000015540,O00003881,M0002,1,520.0,0.0,520.0,
OI000015541,O00003881,M0114,2,672.0,134.4,1209.6,Customer request
OI000015542,O00003881,M0120,5,1740.0,0.0,8700.0,
OI000015543,O00003882,M0013,1,1500.0,0.0,1500.0,Customer request
OI000015544,O00003882,M0013,1,1500.0,0.0,1500.0,
OI000015545,O00003883,M0112,1,610.0,0.0,610.0,
OI000015546,O00003883,M0003,2,997.5,0.0,1995.0,
OI000015547,O00003883,M0115,5,1197.0,299.25,5685.75,Customer request
OI000015548,O00003883,M0002,1,546.0,54.6,491.4,
OI000015549,O00003884,M0010,1,430.0,64.5,365.5,
OI000015550,O00003884,M0032,3,830.0,124.5,2365.5,
OI000015551,O00003884,M0002,2,520.0,0.0,1040.0,
OI000015552,O00003884,M0001,1,1554.0,0.0,1554.0,
OI000015553,O00003884,M0008,2,880.0,0.0,1760.0,
OI000015554,O00003885,M0047,1,1690.5,169.05,1521.45,
OI000015555,O00003885,M0112,1,579.5,0.0,579.5,
OI000015556,O00003885,M0084,3,1540.0,0.0,4620.0,
OI000015557,O00003885,M0039,1,1605.5,0.0,1605.5,
OI000015558,O00003886,M0064,1,420.0,0.0,420.0,
OI000015559,O00003886,M0038,1,1320.0,0.0,1320.0,
OI000015560,O00003886,M0038,1,1320.0,0.0,1320.0,
OI000015561,O00003886,M0001,1,1406.0,0.0,1406.0,
OI000015562,O00003886,M0017,1,693.5,0.0,693.5,
OI000015563,O00003887,M0041,1,1560.0,0.0,1560.0,Customer request
OI000015564,O00003887,M0048,1,1501.0,150.1,1350.9,
OI000015565,O00003888,M0033,1,325.5,0.0,325.5,
OI000015566,O00003888,M0074,1,720.0,108.0,612.0,
OI000015567,O00003888,M0016,1,1230.0,0.0,1230.0,
OI000015568,O00003888,M0003,1,1102.5,0.0,1102.5,
OI000015569,O00003889,M0001,1,1554.0,0.0,1554.0,
OI000015570,O00003889,M0044,1,342.0,0.0,342.0,
OI000015571,O00003889,M0031,1,1740.0,0.0,1740.0,Customer request
OI000015572,O00003889,M0006,2,1790.0,0.0,3580.0,
OI000015573,O00003889,M0006,1,1790.0,0.0,1790.0,
OI000015574,O00003890,M0046,2,1558.0,0.0,3116.0,
OI000015575,O00003890,M0002,1,520.0,0.0,520.0,
OI000015576,O00003890,M0003,1,997.5,0.0,997.5,
OI000015577,O00003891,M0007,2,1280.0,384.0,2176.0,
OI000015578,O00003891,M0141,2,1417.5,0.0,2835.0,
OI000015579,O00003891,M0076,2,660.0,0.0,1320.0,
OI000015580,O00003891,M0041,1,1560.0,0.0,1560.0,
OI000015581,O00003891,M0016,1,1291.5,0.0,1291.5,
OI000015582,O00003891,M0021,1,1187.5,0.0,1187.5,
OI000015583,O00003892,M0004,1,1800.0,0.0,1800.0,
OI000015584,O00003892,M0122,1,470.0,23.5,446.5,
OI000015585,O00003893,M0004,2,1890.0,0.0,3780.0,
OI000015586,O00003893,M0093,4,883.5,0.0,3534.0,
OI000015587,O00003893,M0007,1,1280.0,0.0,1280.0,
OI000015588,O00003893,M0092,2,890.0,0.0,1780.0,
OI000015589,O00003894,M0010,2,430.0,0.0,860.0,
OI000015590,O00003895,M0190,1,380.0,57.0,323.0,
OI000015591,O00003895,M0158,2,710.0,0.0,1420.0,
OI000015592,O00003895,M0138,1,735.0,0.0,735.0,
OI000015593,O00003895,M0004,2,1800.0,0.0,3600.0,
OI000015594,O00003895,M0002,1,494.0,24.7,469.3,
OI000015595,O00003895,M0181,3,280.0,0.0,840.0,
OI000015596,O00003896,M0023,2,580.0,0.0,1160.0,
OI000015597,O00003896,M0137,1,1770.0,0.0,1770.0,
OI000015598,O00003896,M0030,3,270.0,0.0,810.0,
OI000015599,O00003896,M0061,2,836.0,0.0,1672.0,
OI000015600,O00003896,M0091,1,332.5,0.0,332.5,
OI000015601,O00003897,M0037,2,1610.0,0.0,3220.0,
OI000015602,O00003897,M0166,3,370.0,0.0,1110.0,Customer request
OI000015603,O00003898,M0001,3,1480.0,0.0,4440.0,
OI000015604,O00003898,M0120,1,1827.0,0.0,1827.0,
OI000015605,O00003898,M0071,1,630.0,0.0,630.0,
OI000015606,O00003898,M0012,2,598.5,0.0,1197.0,
OI000015607,O00003898,M0027,4,790.0,0.0,3160.0,
OI000015608,O00003899,M0027,1,790.0,39.5,750.5,
OI000015609,O00003899,M0001,2,1480.0,0.0,2960.0,
OI000015610,O00003899,M0037,1,1610.0,0.0,1610.0,
OI000015611,O00003899,M0001,2,1480.0,0.0,2960.0,
OI000015612,O00003900,M0034,2,1260.0,0.0,2520.0,
OI000015613,O00003900,M0005,1,430.0,0.0,430.0,
OI000015614,O00003900,M0120,3,1740.0,0.0,5220.0,
OI000015615,O00003900,M0001,1,1406.0,0.0,1406.0,
OI000015616,O00003901,M0010,1,451.5,67.72,383.78,
OI000015617,O00003901,M0020,2,1110.0,0.0,2220.0,
OI000015618,O00003901,M0050,1,800.0,0.0,800.0,
OI000015619,O00003902,M0193,2,550.0,0.0,1100.0,
OI000015620,O00003902,M0003,2,997.5,0.0,1995.0,
OI000015621,O00003902,M0016,2,1230.0,0.0,2460.0,
OI000015622,O00003902,M0069,1,1170.0,0.0,1170.0,
OI000015623,O00003903,M0016,1,1291.5,0.0,1291.5,
OI000015624,O00003903,M0007,1,1344.0,0.0,1344.0,
OI000015625,O00003903,M0112,1,610.0,0.0,610.0,
OI000015626,O00003904,M0004,1,1890.0,0.0,1890.0,
OI000015627,O00003904,M0013,1,1575.0,236.25,1338.75,
OI000015628,O00003904,M0007,1,1216.0,0.0,1216.0,
OI000015629,O00003904,M0179,3,1440.0,648.0,3672.0,
OI000015630,O00003904,M0121,1,1510.0,0.0,1510.0,
OI000015631,O00003905,M0026,1,427.5,0.0,427.5,
OI000015632,O00003905,M0122,1,446.5,0.0,446.5,
OI000015633,O00003905,M0070,2,1630.0,0.0,3260.0,Customer request
OI000015634,O00003906,M0015,4,1680.0,0.0,6720.0,
OI000015635,O00003906,M0005,1,430.0,0.0,430.0,
OI000015636,O00003907,M0015,1,1680.0,0.0,1680.0,
OI000015637,O00003907,M0034,1,1260.0,0.0,1260.0,
OI000015638,O00003907,M0005,3,430.0,0.0,1290.0,
OI000015639,O00003908,M0008,1,880.0,44.0,836.0,
OI000015640,O00003908,M0060,1,1239.0,0.0,1239.0,
OI000015641,O00003908,M0081,1,920.0,0.0,920.0,
OI000015642,O00003909,M0025,2,273.0,0.0,546.0,
OI000015643,O00003909,M0183,1,598.5,0.0,598.5,
OI000015644,O00003909,M0011,1,1207.5,0.0,1207.5,
OI000015645,O00003909,M0154,1,1660.0,249.0,1411.0,
OI000015646,O00003910,M0009,4,1660.0,996.0,5644.0,
OI000015647,O00003910,M0085,1,1720.0,0.0,1720.0,
OI000015648,O00003910,M0200,1,1218.0,182.7,1035.3,
OI000015649,O00003911,M0120,1,1740.0,0.0,1740.0,
OI000015650,O00003911,M0028,2,913.5,0.0,1827.0,
OI000015651,O00003911,M0002,1,546.0,0.0,546.0,
OI000015652,O00003911,M0182,1,1567.5,0.0,1567.5,
OI000015653,O00003911,M0080,1,870.0,0.0,870.0,
OI000015654,O00003911,M0121,1,1585.5,0.0,1585.5,
OI000015655,O00003912,M0044,2,360.0,0.0,720.0,
OI000015656,O00003913,M0028,1,870.0,0.0,870.0,
OI000015657,O00003913,M0001,1,1480.0,0.0,1480.0,
OI000015658,O00003913,M0001,1,1554.0,0.0,1554.0,
OI000015659,O00003913,M0046,1,1640.0,0.0,1640.0,
OI000015660,O00003913,M0004,1,1710.0,256.5,1453.5,
OI000015661,O00003914,M0067,1,1440.0,0.0,1440.0,
OI000015662,O00003914,M0177,3,210.0,0.0,630.0,
OI000015663,O00003914,M0014,1,1795.5,179.55,1615.95,
OI000015664,O00003914,M0085,1,1720.0,0.0,1720.0,
OI000015665,O00003914,M0154,1,1743.0,174.3,1568.7,
OI000015666,O00003914,M0124,1,980.0,0.0,980.0,
OI000015667,O00003915,M0002,3,494.0,0.0,1482.0,
OI000015668,O00003915,M0068,2,874.0,0.0,1748.0,
OI000015669,O00003915,M0010,1,451.5,0.0,451.5,
OI000015670,O00003916,M0150,2,300.0,30.0,570.0,
OI000015671,O00003916,M0004,1,1710.0,0.0,1710.0,
OI000015672,O00003916,M0006,1,1790.0,0.0,1790.0,
OI000015673,O00003916,M0030,2,283.5,0.0,567.0,
OI000015674,O00003917,M0012,1,570.0,0.0,570.0,
OI000015675,O00003918,M0015,1,1596.0,0.0,1596.0,
OI000015676,O00003918,M0021,3,1250.0,0.0,3750.0,Customer request
OI000015677,O00003918,M0003,1,1102.5,0.0,1102.5,
OI000015678,O00003918,M0002,2,520.0,0.0,1040.0,
OI000015679,O00003918,M0005,1,451.5,0.0,451.5,
OI000015680,O00003919,M0037,1,1610.0,0.0,1610.0,
OI000015681,O00003919,M0019,2,630.0,0.0,1260.0,
OI000015682,O00003919,M0065,1,850.0,85.0,765.0,
OI000015683,O00003920,M0072,1,1273.0,0.0,1273.0,
OI000015684,O00003920,M0056,3,250.0,0.0,750.0,
OI000015685,O00003920,M0006,1,1700.5,0.0,1700.5,
OI000015686,O00003921,M0055,1,890.0,0.0,890.0,
OI000015687,O00003921,M0042,1,1210.0,0.0,1210.0,
OI000015688,O00003922,M0058,1,1282.5,0.0,1282.5,
OI000015689,O00003922,M0007,1,1216.0,0.0,1216.0,
OI000015690,O00003922,M0194,1,1206.5,0.0,1206.5,
OI000015691,O00003923,M0193,1,550.0,27.5,522.5,
OI000015692,O00003923,M0139,1,1858.5,0.0,1858.5,
OI000015693,O00003923,M0007,1,1280.0,0.0,1280.0,
OI000015694,O00003924,M0090,3,1312.5,0.0,3937.5,
OI000015695,O00003924,M0002,2,546.0,163.8,928.2,
OI000015696,O00003924,M0156,1,1344.0,0.0,1344.0,
OI000015697,O00003924,M0006,1,1790.0,0.0,1790.0,
OI000015698,O00003924,M0023,2,609.0,0.0,1218.0,
OI000015699,O00003925,M0060,1,1180.0,0.0,1180.0,
OI000015700,O00003925,M0015,1,1680.0,0.0,1680.0,
OI000015701,O00003925,M0007,1,1280.0,0.0,1280.0,
OI000015702,O00003925,M0104,3,190.0,0.0,570.0,
OI000015703,O00003925,M0111,1,294.0,0.0,294.0,
OI000015704,O00003925,M0028,3,913.5,0.0,2740.5,
OI000015705,O00003926,M0010,1,408.5,61.28,347.22,
OI000015706,O00003926,M0077,1,1630.0,0.0,1630.0,
OI000015707,O00003926,M0148,2,1239.0,0.0,2478.0,
OI000015708,O00003926,M0108,1,451.5,0.0,451.5,
OI000015709,O00003927,M0042,1,1210.0,0.0,1210.0,
OI000015710,O00003928,M0001,1,1480.0,0.0,1480.0,
OI000015711,O00003928,M0157,1,1460.0,0.0,1460.0,
OI000015712,O00003928,M0152,3,560.0,0.0,1680.0,
OI000015713,O00003928,M0007,1,1280.0,0.0,1280.0,
OI000015714,O00003928,M0071,1,598.5,0.0,598.5,
OI000015715,O00003929,M0016,2,1291.5,0.0,2583.0,
OI000015716,O00003929,M0006,1,1790.0,0.0,1790.0,
OI000015717,O00003929,M0001,3,1406.0,0.0,4218.0,
OI000015718,O00003929,M0015,1,1680.0,0.0,1680.0,
OI000015719,O00003929,M0005,1,430.0,0.0,430.0,
OI000015720,O00003929,M0001,1,1480.0,0.0,1480.0,Customer request
OI000015721,O00003929,M0036,1,1790.0,0.0,1790.0,
OI000015722,O00003929,M0006,1,1700.5,0.0,1700.5,
OI000015723,O00003929,M0047,1,1610.0,0.0,1610.0,
OI000015724,O00003930,M0021,1,1312.5,0.0,1312.5,
OI000015725,O00003930,M0013,1,1500.0,75.0,1425.0,Customer request
OI000015726,O00003931,M0016,3,1230.0,0.0,3690.0,
OI000015727,O00003931,M0044,2,378.0,0.0,756.0,
OI000015728,O00003932,M0120,1,1827.0,0.0,1827.0,
OI000015729,O00003932,M0066,1,609.0,0.0,609.0,
OI000015730,O00003932,M0002,4,520.0,0.0,2080.0,
OI000015731,O00003932,M0043,3,1770.0,0.0,5310.0,
OI000015732,O00003932,M0096,1,766.5,0.0,766.5,
OI000015733,O00003932,M0011,2,1150.0,345.0,1955.0,
OI000015734,O00003932,M0056,1,262.5,0.0,262.5,
OI000015735,O00003932,M0001,1,1480.0,0.0,1480.0,
OI000015736,O00003933,M0168,3,1795.5,0.0,5386.5,
OI000015737,O00003933,M0008,1,880.0,0.0,880.0,
OI000015738,O00003934,M0151,1,590.0,0.0,590.0,
OI000015739,O00003934,M0006,1,1790.0,0.0,1790.0,
OI000015740,O00003934,M0147,1,1040.0,0.0,1040.0,
OI000015741,O00003934,M0041,1,1482.0,0.0,1482.0,
OI000015742,O00003934,M0004,3,1800.0,0.0,5400.0,
OI000015743,O00003934,M0012,1,541.5,0.0,541.5,
OI000015744,O00003935,M0118,2,1375.5,0.0,2751.0,
OI000015745,O00003935,M0174,1,510.0,0.0,510.0,
OI000015746,O00003935,M0138,1,700.0,0.0,700.0,
OI000015747,O00003935,M0135,1,1540.0,0.0,1540.0,
OI000015748,O00003935,M0001,1,1480.0,0.0,1480.0,
OI000015749,O00003935,M0024,1,580.0,0.0,580.0,
OI000015750,O00003936,M0121,1,1434.5,0.0,1434.5,
OI000015751,O00003937,M0001,2,1480.0,0.0,2960.0,
OI000015752,O00003937,M0073,1,420.0,42.0,378.0,
OI000015753,O00003937,M0032,1,830.0,0.0,830.0,
OI000015754,O00003938,M0103,1,1207.5,0.0,1207.5,Customer request
OI000015755,O00003938,M0008,1,924.0,0.0,924.0,
OI000015756,O00003938,M0140,1,1669.5,0.0,1669.5,
OI000015757,O00003939,M0010,1,408.5,0.0,408.5,
OI000015758,O00003939,M0174,2,510.0,0.0,1020.0,
OI000015759,O00003939,M0059,1,660.0,0.0,660.0,
OI000015760,O00003940,M0005,1,430.0,0.0,430.0,
OI000015761,O00003940,M0098,1,1291.5,0.0,1291.5,
OI000015762,O00003940,M0037,3,1690.5,0.0,5071.5,
OI000015763,O00003940,M0020,1,1054.5,0.0,1054.5,
OI000015764,O00003940,M0027,1,829.5,0.0,829.5,
OI000015765,O00003941,M0019,2,598.5,0.0,1197.0,
OI000015766,O00003941,M0076,1,627.0,0.0,627.0,
OI000015767,O00003941,M0008,1,836.0,0.0,836.0,
OI000015768,O00003941,M0033,5,325.5,0.0,1627.5,
OI000015769,O00003942,M0091,1,367.5,0.0,367.5,
OI000015770,O00003942,M0003,1,1050.0,0.0,1050.0,
OI000015771,O00003942,M0010,2,408.5,40.85,776.15,Customer request
OI000015772,O00003942,M0005,1,430.0,0.0,430.0,
OI000015773,O00003942,M0044,1,360.0,0.0,360.0,
OI000015774,O00003942,M0020,2,1054.5,0.0,2109.0,
OI000015775,O00003942,M0012,3,570.0,0.0,1710.0,
OI000015776,O00003943,M0015,2,1596.0,0.0,3192.0,
OI000015777,O00003943,M0027,1,829.5,0.0,829.5,
OI000015778,O00003943,M0021,1,1312.5,0.0,1312.5,
OI000015779,O00003943,M0076,1,660.0,0.0,660.0,
OI000015780,O00003943,M0072,1,1340.0,0.0,1340.0,
OI000015781,O00003944,M0001,3,1406.0,0.0,4218.0,
OI000015782,O00003944,M0077,2,1711.5,342.3,3080.7,
OI000015783,O00003944,M0006,1,1700.5,0.0,1700.5,
OI000015784,O00003944,M0021,1,1250.0,0.0,1250.0,
OI000015785,O00003944,M0006,2,1700.5,0.0,3401.0,
OI000015786,O00003944,M0002,2,520.0,0.0,1040.0,
OI000015787,O00003945,M0046,2,1640.0,492.0,2788.0,
OI000015788,O00003945,M0173,1,1750.0,0.0,1750.0,
OI000015789,O00003945,M0016,2,1230.0,0.0,2460.0,
OI000015790,O00003945,M0068,2,966.0,0.0,1932.0,
OI000015791,O00003946,M0025,1,247.0,0.0,247.0,
OI000015792,O00003946,M0004,2,1800.0,0.0,3600.0,
OI000015793,O00003946,M0158,1,710.0,0.0,710.0,
OI000015794,O00003947,M0024,1,609.0,0.0,609.0,
OI000015795,O00003947,M0001,1,1480.0,0.0,1480.0,
OI000015796,O00003948,M0025,1,273.0,0.0,273.0,
OI000015797,O00003948,M0001,2,1406.0,0.0,2812.0,
OI000015798,O00003948,M0105,1,1375.5,0.0,1375.5,
OI000015799,O00003948,M0016,4,1168.5,0.0,4674.0,Customer request
OI000015800,O00003948,M0053,2,1858.5,0.0,3717.0,
OI000015801,O00003949,M0095,2,230.0,0.0,460.0,
OI000015802,O00003949,M0001,1,1406.0,0.0,1406.0,
OI000015803,O00003949,M0034,1,1197.0,0.0,1197.0,
OI000015804,O00003949,M0058,1,1350.0,0.0,1350.0,Customer request
OI000015805,O00003949,M0027,1,829.5,0.0,829.5,
OI000015806,O00003950,M0011,3,1150.0,0.0,3450.0,
OI000015807,O00003950,M0026,2,450.0,0.0,900.0,
OI000015808,O00003951,M0018,1,1140.0,0.0,1140.0,
OI000015809,O00003951,M0052,1,710.0,0.0,710.0,
OI000015810,O00003952,M0027,2,790.0,0.0,1580.0,
OI000015811,O00003952,M0003,1,997.5,0.0,997.5,
OI000015812,O00003953,M0002,1,520.0,0.0,520.0,
OI000015813,O00003953,M0004,1,1710.0,0.0,1710.0,
OI000015814,O00003954,M0001,2,1480.0,0.0,2960.0,
OI000015815,O00003954,M0007,2,1280.0,0.0,2560.0,
OI000015816,O00003954,M0001,1,1480.0,0.0,1480.0,
OI000015817,O00003955,M0050,1,760.0,0.0,760.0,
OI000015818,O00003955,M0024,2,609.0,0.0,1218.0,Customer request
OI000015819,O00003955,M0007,1,1280.0,0.0,1280.0,
OI000015820,O00003955,M0001,1,1480.0,0.0,1480.0,
OI000015821,O00003955,M0003,2,1102.5,110.25,2094.75,
OI000015822,O00003956,M0065,1,807.5,0.0,807.5,
OI000015823,O00003957,M0007,3,1280.0,0.0,3840.0,
OI000015824,O00003957,M0013,1,1425.0,0.0,1425.0,Customer request
OI000015825,O00003957,M0001,2,1480.0,0.0,2960.0,
OI000015826,O00003957,M0040,1,408.5,0.0,408.5,Customer request
OI000015827,O00003957,M0108,2,408.5,0.0,817.0,
OI000015828,O00003957,M0014,1,1795.5,0.0,1795.5,
OI000015829,O00003958,M0002,3,494.0,0.0,1482.0,
OI000015830,O00003958,M0175,1,710.0,0.0,710.0,
OI000015831,O00003959,M0033,1,325.5,0.0,325.5,
OI000015832,O00003959,M0002,1,494.0,0.0,494.0,
OI000015833,O00003959,M0031,1,1653.0,0.0,1653.0,
OI000015834,O00003959,M0001,2,1480.0,0.0,2960.0,
OI000015835,O00003959,M0001,1,1480.0,0.0,1480.0,
OI000015836,O00003960,M0011,1,1207.5,0.0,1207.5,
OI000015837,O00003960,M0068,1,920.0,0.0,920.0,
OI000015838,O00003960,M0076,1,627.0,0.0,627.0,
OI000015839,O00003960,M0149,1,920.0,0.0,920.0,
OI000015840,O00003960,M0002,1,546.0,0.0,546.0,
OI000015841,O00003961,M0026,1,472.5,0.0,472.5,
OI000015842,O00003961,M0028,1,826.5,0.0,826.5,
OI000015843,O00003961,M0026,1,472.5,0.0,472.5,
OI000015844,O00003961,M0123,1,740.0,0.0,740.0,
OI000015845,O00003961,M0111,1,294.0,0.0,294.0,
OI000015846,O00003962,M0033,2,310.0,0.0,620.0,Customer request
OI000015847,O00003962,M0099,2,570.0,0.0,1140.0,
OI000015848,O00003962,M0001,3,1480.0,0.0,4440.0,Customer request
OI000015849,O00003962,M0037,2,1610.0,0.0,3220.0,
OI000015850,O00003962,M0002,2,520.0,0.0,1040.0,Customer request
OI000015851,O00003962,M0134,2,693.5,0.0,1387.0,
OI000015852,O00003963,M0032,3,788.5,0.0,2365.5,
OI000015853,O00003964,M0001,1,1554.0,0.0,1554.0,
OI000015854,O00003964,M0040,1,430.0,0.0,430.0,
OI000015855,O00003964,M0086,1,1827.0,0.0,1827.0,
OI000015856,O00003965,M0003,2,1102.5,0.0,2205.0,Customer request
OI000015857,O00003965,M0009,1,1660.0,0.0,1660.0,Customer request
OI000015858,O00003965,M0024,2,580.0,0.0,1160.0,
OI000015859,O00003965,M0020,1,1110.0,0.0,1110.0,
OI000015860,O00003965,M0032,1,830.0,0.0,830.0,
OI000015861,O00003965,M0001,2,1480.0,444.0,2516.0,
OI000015862,O00003966,M0086,2,1740.0,0.0,3480.0,
OI000015863,O00003966,M0011,2,1150.0,0.0,2300.0,
OI000015864,O00003966,M0075,2,1624.5,0.0,3249.0,
OI000015865,O00003966,M0129,1,1848.0,0.0,1848.0,Customer request
OI000015866,O00003966,M0071,3,630.0,0.0,1890.0,
OI000015867,O00003966,M0067,3,1440.0,0.0,4320.0,
OI000015868,O00003966,M0045,3,1080.0,0.0,3240.0,
OI000015869,O00003967,M0001,2,1554.0,0.0,3108.0,
OI000015870,O00003967,M0150,2,300.0,0.0,600.0,
OI000015871,O00003967,M0120,1,1740.0,0.0,1740.0,
OI000015872,O00003967,M0005,1,430.0,43.0,387.0,
OI000015873,O00003967,M0004,1,1800.0,0.0,1800.0,
OI000015874,O00003967,M0001,1,1480.0,0.0,1480.0,
OI000015875,O00003968,M0017,2,766.5,0.0,1533.0,
OI000015876,O00003968,M0192,2,540.0,0.0,1080.0,
OI000015877,O00003968,M0002,3,520.0,78.0,1482.0,
OI000015878,O00003968,M0043,2,1681.5,0.0,3363.0,
OI000015879,O00003968,M0008,1,880.0,0.0,880.0,
OI000015880,O00003969,M0131,3,1039.5,0.0,3118.5,
OI000015881,O00003969,M0033,1,310.0,0.0,310.0,
OI000015882,O00003969,M0128,1,1070.0,0.0,1070.0,
OI000015883,O00003969,M0163,1,1390.0,139.0,1251.0,
OI000015884,O00003969,M0057,2,500.0,0.0,1000.0,
OI000015885,O00003970,M0009,3,1660.0,0.0,4980.0,
OI000015886,O00003970,M0024,2,580.0,0.0,1160.0,Customer request
OI000015887,O00003970,M0057,3,500.0,0.0,1500.0,
OI000015888,O00003970,M0061,1,836.0,0.0,836.0,
OI000015889,O00003971,M0001,3,1480.0,0.0,4440.0,Customer request
OI000015890,O00003971,M0014,1,1710.0,171.0,1539.0,
OI000015891,O00003972,M0037,4,1610.0,0.0,6440.0,
OI000015892,O00003972,M0013,1,1425.0,0.0,1425.0,
OI000015893,O00003972,M0045,1,1080.0,0.0,1080.0,
OI000015894,O00003972,M0004,1,1800.0,0.0,1800.0,
OI000015895,O00003972,M0001,1,1480.0,0.0,1480.0,
OI000015896,O00003973,M0013,1,1500.0,0.0,1500.0,
OI000015897,O00003973,M0043,1,1770.0,0.0,1770.0,
OI000015898,O00003973,M0001,2,1406.0,421.8,2390.2,
OI000015899,O00003973,M0052,1,674.5,0.0,674.5,
OI000015900,O00003973,M0014,3,1710.0,0.0,5130.0,
OI000015901,O00003973,M0197,2,313.5,0.0,627.0,
OI000015902,O00003974,M0101,2,522.5,0.0,1045.0,
OI000015903,O00003974,M0010,4,430.0,0.0,1720.0,
OI000015904,O00003974,M0184,1,1040.0,52.0,988.0,
OI000015905,O00003974,M0009,5,1743.0,0.0,8715.0,
OI000015906,O00003974,M0002,1,520.0,0.0,520.0,
OI000015907,O00003974,M0001,1,1406.0,0.0,1406.0,
OI000015908,O00003975,M0101,1,550.0,0.0,550.0,
OI000015909,O00003975,M0012,2,570.0,0.0,1140.0,
OI000015910,O00003975,M0192,1,567.0,0.0,567.0,
OI000015911,O00003975,M0054,1,1120.0,56.0,1064.0,
OI000015912,O00003975,M0004,1,1710.0,0.0,1710.0,
OI000015913,O00003975,M0013,1,1500.0,0.0,1500.0,
OI000015914,O00003975,M0033,3,294.5,0.0,883.5,
OI000015915,O00003975,M0081,1,920.0,0.0,920.0,
OI000015916,O00003976,M0048,1,1580.0,79.0,1501.0,
OI000015917,O00003976,M0008,1,924.0,0.0,924.0,
OI000015918,O00003976,M0028,1,870.0,130.5,739.5,Customer request
OI000015919,O00003976,M0006,1,1790.0,268.5,1521.5,
OI000015920,O00003977,M0014,1,1710.0,171.0,1539.0,
OI000015921,O00003977,M0009,1,1660.0,83.0,1577.0,
OI000015922,O00003978,M0148,2,1180.0,118.0,2242.0,
OI000015923,O00003978,M0102,1,456.0,45.6,410.4,
OI000015924,O00003978,M0037,1,1610.0,0.0,1610.0,
OI000015925,O00003979,M0004,1,1890.0,0.0,1890.0,
OI000015926,O00003979,M0048,2,1580.0,0.0,3160.0,
OI000015927,O00003979,M0014,1,1710.0,0.0,1710.0,
OI000015928,O00003979,M0001,1,1480.0,0.0,1480.0,
OI000015929,O00003980,M0071,1,661.5,0.0,661.5,
OI000015930,O00003980,M0007,1,1216.0,0.0,1216.0,
OI000015931,O00003980,M0006,2,1790.0,0.0,3580.0,
OI000015932,O00003980,M0065,1,807.5,0.0,807.5,
OI000015933,O00003981,M0135,3,1617.0,727.65,4123.35,
OI000015934,O00003981,M0009,1,1577.0,0.0,1577.0,
OI000015935,O00003982,M0099,1,541.5,0.0,541.5,
OI000015936,O00003982,M0142,1,730.0,0.0,730.0,
OI000015937,O00003982,M0005,3,430.0,0.0,1290.0,
OI000015938,O00003982,M0157,3,1387.0,0.0,4161.0,
OI000015939,O00003983,M0009,3,1660.0,0.0,4980.0,
OI000015940,O00003983,M0006,2,1790.0,0.0,3580.0,
OI000015941,O00003983,M0015,1,1680.0,0.0,1680.0,Customer request
OI000015942,O00003983,M0006,2,1700.5,0.0,3401.0,
OI000015943,O00003984,M0044,1,342.0,0.0,342.0,
OI000015944,O00003984,M0028,1,870.0,0.0,870.0,
OI000015945,O00003984,M0066,1,580.0,0.0,580.0,
OI000015946,O00003984,M0081,1,874.0,0.0,874.0,
OI000015947,O00003984,M0002,2,520.0,0.0,1040.0,
OI000015948,O00003985,M0003,2,1102.5,0.0,2205.0,
OI000015949,O00003985,M0103,1,1207.5,120.75,1086.75,
OI000015950,O00003985,M0001,2,1554.0,0.0,3108.0,
OI000015951,O00003986,M0063,2,1149.5,0.0,2299.0,
OI000015952,O00003986,M0064,1,399.0,0.0,399.0,
OI000015953,O00003987,M0085,1,1806.0,0.0,1806.0,
OI000015954,O00003987,M0006,1,1790.0,0.0,1790.0,
OI000015955,O00003987,M0003,1,997.5,0.0,997.5,
OI000015956,O00003987,M0025,3,247.0,0.0,741.0,
OI000015957,O00003987,M0001,2,1480.0,0.0,2960.0,Customer request
OI000015958,O00003987,M0123,1,740.0,0.0,740.0,
OI000015959,O00003987,M0088,1,1140.0,57.0,1083.0,
OI000015960,O00003988,M0141,1,1350.0,0.0,1350.0,
OI000015961,O00003988,M0001,1,1406.0,0.0,1406.0,
OI000015962,O00003988,M0158,1,745.5,0.0,745.5,
OI000015963,O00003988,M0092,3,890.0,0.0,2670.0,
OI000015964,O00003989,M0002,2,520.0,0.0,1040.0,
OI000015965,O00003989,M0002,1,520.0,0.0,520.0,
OI000015966,O00003989,M0148,2,1239.0,0.0,2478.0,
OI000015967,O00003989,M0027,1,790.0,0.0,790.0,
OI000015968,O00003990,M0200,1,1160.0,0.0,1160.0,
OI000015969,O00003990,M0057,1,500.0,0.0,500.0,
OI000015970,O00003990,M0071,1,630.0,63.0,567.0,
OI000015971,O00003990,M0027,2,790.0,0.0,1580.0,
OI000015972,O00003990,M0023,1,551.0,0.0,551.0,
OI000015973,O00003990,M0107,1,342.0,0.0,342.0,
OI000015974,O00003991,M0024,3,580.0,0.0,1740.0,
OI000015975,O00003991,M0031,3,1653.0,743.85,4215.15,
OI000015976,O00003991,M0018,3,1260.0,0.0,3780.0,
OI000015977,O00003992,M0005,1,451.5,22.58,428.92,
OI000015978,O00003992,M0126,2,1520.0,152.0,2888.0,
OI000015979,O00003992,M0006,3,1790.0,537.0,4833.0,
OI000015980,O00003993,M0010,4,430.0,0.0,1720.0,
OI000015981,O00003993,M0048,1,1580.0,0.0,1580.0,
OI000015982,O00003993,M0012,1,541.5,0.0,541.5,
OI000015983,O00003993,M0014,1,1710.0,0.0,1710.0,
OI000015984,O00003993,M0001,2,1480.0,0.0,2960.0,
OI000015985,O00003994,M0107,1,378.0,0.0,378.0,
OI000015986,O00003994,M0031,2,1740.0,0.0,3480.0,
OI000015987,O00003994,M0005,1,451.5,0.0,451.5,Customer request
OI000015988,O00003994,M0078,2,1260.0,0.0,2520.0,Customer request
OI000015989,O00003994,M0063,1,1210.0,0.0,1210.0,
OI000015990,O00003995,M0016,2,1230.0,0.0,2460.0,
OI000015991,O00003996,M0045,2,1080.0,0.0,2160.0,
OI000015992,O00003996,M0065,1,892.5,0.0,892.5,
OI000015993,O00003996,M0001,2,1406.0,0.0,2812.0,
OI000015994,O00003996,M0021,1,1250.0,0.0,1250.0,
OI000015995,O00003996,M0035,2,920.0,0.0,1840.0,
OI000015996,O00003997,M0081,2,874.0,0.0,1748.0,
OI000015997,O00003997,M0017,2,730.0,0.0,1460.0,
OI000015998,O00003997,M0004,1,1800.0,0.0,1800.0,
OI000015999,O00003997,M0002,1,494.0,0.0,494.0,
OI000016000,O00003997,M0110,1,1567.5,156.75,1410.75,
OI000016001,O00003998,M0028,1,870.0,0.0,870.0,
OI000016002,O00003998,M0006,1,1700.5,0.0,1700.5,
OI000016003,O00003998,M0109,1,1349.0,0.0,1349.0,
OI000016004,O00003998,M0111,2,280.0,0.0,560.0,
OI000016005,O00003999,M0061,1,880.0,0.0,880.0,Customer request
OI000016006,O00003999,M0002,2,520.0,0.0,1040.0,
OI000016007,O00003999,M0010,3,430.0,0.0,1290.0,
OI000016008,O00004000,M0140,4,1590.0,0.0,6360.0,
OI000016009,O00004000,M0002,2,494.0,98.8,889.2,
OI000016010,O00004000,M0074,1,720.0,0.0,720.0,
OI000016011,O00004000,M0007,1,1280.0,0.0,1280.0,
OI000016012,O00004001,M0001,1,1554.0,0.0,1554.0,
OI000016013,O00004001,M0071,1,598.5,0.0,598.5,
OI000016014,O00004002,M0008,1,924.0,0.0,924.0,
OI000016015,O00004002,M0087,1,1680.0,0.0,1680.0,
OI000016016,O00004002,M0015,1,1680.0,0.0,1680.0,
OI000016017,O00004002,M0006,1,1790.0,0.0,1790.0,
OI000016018,O00004002,M0153,1,1760.0,0.0,1760.0,
OI000016019,O00004002,M0014,1,1795.5,0.0,1795.5,
OI000016020,O00004003,M0155,1,530.0,0.0,530.0,
OI000016021,O00004003,M0179,1,1440.0,0.0,1440.0,
OI000016022,O00004003,M0019,1,598.5,0.0,598.5,
OI000016023,O00004004,M0080,2,913.5,0.0,1827.0,
OI000016024,O00004004,M0018,2,1200.0,0.0,2400.0,
OI000016025,O00004004,M0063,2,1210.0,363.0,2057.0,
OI000016026,O00004004,M0097,1,320.0,0.0,320.0,
OI000016027,O00004004,M0058,1,1350.0,0.0,1350.0,Customer request
OI000016028,O00004004,M0009,1,1577.0,0.0,1577.0,
OI000016029,O00004004,M0011,1,1207.5,0.0,1207.5,
OI000016030,O00004005,M0131,2,1039.5,0.0,2079.0,
OI000016031,O00004005,M0042,2,1210.0,0.0,2420.0,
OI000016032,O00004005,M0149,1,966.0,0.0,966.0,
OI000016033,O00004005,M0021,2,1250.0,0.0,2500.0,
OI000016034,O00004005,M0008,2,836.0,0.0,1672.0,Customer request
OI000016035,O00004006,M0051,1,750.0,0.0,750.0,
OI000016036,O00004006,M0144,2,588.0,0.0,1176.0,
OI000016037,O00004006,M0032,3,830.0,0.0,2490.0,
OI000016038,O00004006,M0009,1,1743.0,0.0,1743.0,Customer request
OI000016039,O00004006,M0006,2,1790.0,0.0,3580.0,
OI000016040,O00004006,M0024,4,609.0,0.0,2436.0,
OI000016041,O00004007,M0128,1,1070.0,0.0,1070.0,
OI000016042,O00004007,M0009,1,1660.0,0.0,1660.0,
OI000016043,O00004007,M0041,2,1638.0,0.0,3276.0,
OI000016044,O00004007,M0004,1,1710.0,0.0,1710.0,
OI000016045,O00004007,M0087,1,1680.0,0.0,1680.0,
OI000016046,O00004007,M0026,1,427.5,0.0,427.5,
OI000016047,O00004008,M0007,2,1280.0,0.0,2560.0,Customer request
OI000016048,O00004008,M0091,1,332.5,0.0,332.5,
OI000016049,O00004008,M0083,1,513.0,0.0,513.0,
OI000016050,O00004008,M0001,5,1480.0,0.0,7400.0,
OI000016051,O00004009,M0023,2,609.0,0.0,1218.0,
OI000016052,O00004009,M0048,5,1580.0,0.0,7900.0,
OI000016053,O00004009,M0007,2,1280.0,256.0,2304.0,
OI000016054,O00004009,M0001,1,1480.0,0.0,1480.0,
OI000016055,O00004010,M0009,1,1660.0,0.0,1660.0,
OI000016056,O00004010,M0134,1,766.5,0.0,766.5,
OI000016057,O00004011,M0013,1,1500.0,0.0,1500.0,
OI000016058,O00004011,M0102,1,480.0,0.0,480.0,Customer request
OI000016059,O00004011,M0075,1,1710.0,0.0,1710.0,
OI000016060,O00004012,M0178,1,247.0,0.0,247.0,
OI000016061,O00004012,M0136,1,740.0,0.0,740.0,
OI000016062,O00004012,M0169,1,1121.0,0.0,1121.0,
OI000016063,O00004012,M0001,2,1480.0,444.0,2516.0,
OI000016064,O00004013,M0010,1,430.0,43.0,387.0,
OI000016065,O00004013,M0136,1,740.0,0.0,740.0,
OI000016066,O00004013,M0016,3,1291.5,0.0,3874.5,
OI000016067,O00004013,M0001,2,1480.0,0.0,2960.0,
OI000016068,O00004014,M0162,1,346.5,0.0,346.5,
OI000016069,O00004014,M0025,2,260.0,0.0,520.0,
OI000016070,O00004014,M0001,2,1554.0,0.0,3108.0,
OI000016071,O00004014,M0009,1,1660.0,0.0,1660.0,
OI000016072,O00004015,M0129,1,1848.0,0.0,1848.0,
OI000016073,O00004016,M0103,1,1150.0,0.0,1150.0,
OI000016074,O00004016,M0199,1,418.0,62.7,355.3,
OI000016075,O00004016,M0023,2,580.0,0.0,1160.0,Customer request
OI000016076,O00004016,M0010,1,408.5,20.42,388.08,
OI000016077,O00004016,M0003,1,1102.5,0.0,1102.5,
OI000016078,O00004017,M0010,2,451.5,45.15,857.85,
OI000016079,O00004017,M0005,2,430.0,0.0,860.0,
OI000016080,O00004017,M0066,1,551.0,0.0,551.0,Customer request
OI000016081,O00004018,M0095,1,230.0,0.0,230.0,
OI000016082,O00004018,M0108,1,430.0,0.0,430.0,
OI000016083,O00004018,M0090,1,1312.5,0.0,1312.5,
OI000016084,O00004018,M0030,1,283.5,0.0,283.5,
OI000016085,O00004019,M0018,2,1200.0,0.0,2400.0,
OI000016086,O00004019,M0002,2,546.0,0.0,1092.0,
OI000016087,O00004019,M0045,1,1134.0,0.0,1134.0,
OI000016088,O00004019,M0025,1,260.0,0.0,260.0,Customer request
OI000016089,O00004019,M0007,5,1280.0,0.0,6400.0,
OI000016090,O00004019,M0108,1,430.0,0.0,430.0,
OI000016091,O00004019,M0078,2,1323.0,0.0,2646.0,
OI000016092,O00004020,M0043,1,1770.0,0.0,1770.0,
OI000016093,O00004020,M0005,1,451.5,45.15,406.35,
OI000016094,O00004020,M0044,1,378.0,37.8,340.2,
OI000016095,O00004020,M0005,2,408.5,0.0,817.0,
OI000016096,O00004020,M0084,1,1463.0,0.0,1463.0,
OI000016097,O00004021,M0004,1,1800.0,0.0,1800.0,
OI000016098,O00004021,M0086,1,1740.0,0.0,1740.0,
OI000016099,O00004022,M0038,1,1254.0,0.0,1254.0,
OI000016100,O00004023,M0187,1,870.0,0.0,870.0,
OI000016101,O00004023,M0027,1,790.0,0.0,790.0,
OI000016102,O00004023,M0007,2,1344.0,0.0,2688.0,
OI000016103,O00004024,M0122,1,470.0,0.0,470.0,
OI000016104,O00004024,M0046,1,1640.0,0.0,1640.0,
OI000016105,O00004024,M0038,1,1254.0,0.0,1254.0,
OI000016106,O00004025,M0002,1,546.0,0.0,546.0,
OI000016107,O00004025,M0017,1,766.5,0.0,766.5,
OI000016108,O00004025,M0001,1,1554.0,233.1,1320.9,
OI000016109,O00004025,M0006,1,1790.0,0.0,1790.0,
OI000016110,O00004026,M0036,3,1790.0,0.0,5370.0,
OI000016111,O00004026,M0028,1,913.5,0.0,913.5,
OI000016112,O00004026,M0043,2,1858.5,0.0,3717.0,
OI000016113,O00004026,M0134,1,766.5,0.0,766.5,
OI000016114,O00004027,M0008,1,880.0,0.0,880.0,
OI000016115,O00004027,M0068,2,874.0,0.0,1748.0,
OI000016116,O00004027,M0040,1,430.0,43.0,387.0,Customer request
OI000016117,O00004027,M0115,2,1197.0,0.0,2394.0,
OI000016118,O00004027,M0008,2,924.0,0.0,1848.0,
OI000016119,O00004027,M0195,2,218.5,65.55,371.45,
OI000016120,O00004028,M0065,2,850.0,0.0,1700.0,
OI000016121,O00004028,M0001,1,1480.0,0.0,1480.0,
OI000016122,O00004028,M0001,4,1480.0,592.0,5328.0,
OI000016123,O00004028,M0134,1,730.0,0.0,730.0,
OI000016124,O00004028,M0008,3,880.0,0.0,2640.0,
OI000016125,O00004029,M0007,1,1216.0,0.0,1216.0,
OI000016126,O00004029,M0040,1,408.5,0.0,408.5,
OI000016127,O00004029,M0004,4,1710.0,0.0,6840.0,
OI000016128,O00004030,M0009,2,1660.0,0.0,3320.0,
OI000016129,O00004030,M0034,2,1260.0,0.0,2520.0,
OI000016130,O00004030,M0190,1,361.0,0.0,361.0,
OI000016131,O00004030,M0003,2,1050.0,0.0,2100.0,
OI000016132,O00004030,M0001,1,1554.0,0.0,1554.0,
OI000016133,O00004030,M0077,2,1630.0,0.0,3260.0,
OI000016134,O00004031,M0053,4,1770.0,0.0,7080.0,
OI000016135,O00004031,M0011,1,1150.0,0.0,1150.0,
OI000016136,O00004031,M0009,1,1660.0,0.0,1660.0,
OI000016137,O00004031,M0134,1,766.5,0.0,766.5,
OI000016138,O00004032,M0012,1,570.0,0.0,570.0,
OI000016139,O00004032,M0048,3,1580.0,0.0,4740.0,Customer request
OI000016140,O00004033,M0022,1,1240.0,186.0,1054.0,
OI000016141,O00004033,M0036,4,1790.0,0.0,7160.0,
OI000016142,O00004033,M0143,2,800.0,0.0,1600.0,
OI000016143,O00004033,M0024,1,580.0,0.0,580.0,
OI000016144,O00004033,M0116,1,420.0,0.0,420.0,
OI000016145,O00004033,M0050,1,800.0,0.0,800.0,
OI000016146,O00004034,M0015,1,1680.0,0.0,1680.0,
OI000016147,O00004034,M0001,1,1480.0,0.0,1480.0,
OI000016148,O00004034,M0066,1,580.0,0.0,580.0,
OI000016149,O00004034,M0073,1,441.0,0.0,441.0,
OI000016150,O00004034,M0196,1,1590.0,0.0,1590.0,
OI000016151,O00004034,M0078,2,1260.0,0.0,2520.0,
OI000016152,O00004034,M0114,1,640.0,0.0,640.0,
OI000016153,O00004035,M0004,2,1800.0,0.0,3600.0,Customer request
OI000016154,O00004035,M0094,1,598.5,0.0,598.5,
OI000016155,O00004035,M0014,1,1710.0,0.0,1710.0,
OI000016156,O00004036,M0189,1,1500.0,0.0,1500.0,
OI000016157,O00004036,M0025,2,273.0,27.3,518.7,
OI000016158,O00004036,M0026,4,450.0,0.0,1800.0,
OI000016159,O00004036,M0031,1,1740.0,0.0,1740.0,
OI000016160,O00004036,M0011,2,1207.5,362.25,2052.75,
OI000016161,O00004037,M0017,2,730.0,0.0,1460.0,
OI000016162,O00004037,M0018,1,1260.0,0.0,1260.0,
OI000016163,O00004037,M0034,1,1260.0,0.0,1260.0,
OI000016164,O00004037,M0003,1,1050.0,0.0,1050.0,
OI000016165,O00004037,M0049,3,1522.5,0.0,4567.5,
OI000016166,O00004038,M0038,1,1320.0,0.0,1320.0,
OI000016167,O00004039,M0190,1,380.0,0.0,380.0,
OI000016168,O00004039,M0137,3,1770.0,0.0,5310.0,
OI000016169,O00004039,M0026,1,427.5,0.0,427.5,
OI000016170,O00004040,M0074,2,756.0,75.6,1436.4,
OI000016171,O00004040,M0062,1,1010.0,0.0,1010.0,
OI000016172,O00004040,M0006,2,1790.0,0.0,3580.0,
OI000016173,O00004041,M0013,1,1425.0,0.0,1425.0,
OI000016174,O00004041,M0001,1,1480.0,0.0,1480.0,
OI000016175,O00004041,M0002,1,546.0,0.0,546.0,
OI000016176,O00004041,M0011,1,1092.5,0.0,1092.5,
OI000016177,O00004041,M0099,3,570.0,0.0,1710.0,Customer request
OI000016178,O00004042,M0079,1,1102.5,0.0,1102.5,
OI000016179,O00004042,M0181,2,280.0,0.0,560.0,Customer request
OI000016180,O00004043,M0015,1,1680.0,0.0,1680.0,
OI000016181,O00004043,M0013,1,1575.0,236.25,1338.75,
OI000016182,O00004043,M0002,1,520.0,0.0,520.0,
OI000016183,O00004043,M0102,1,480.0,0.0,480.0,
OI000016184,O00004043,M0004,1,1710.0,0.0,1710.0,
OI000016185,O00004044,M0175,1,710.0,0.0,710.0,
OI000016186,O00004044,M0011,1,1207.5,120.75,1086.75,
OI000016187,O00004044,M0060,1,1180.0,0.0,1180.0,
OI000016188,O00004044,M0025,1,260.0,0.0,260.0,
OI000016189,O00004044,M0006,1,1790.0,0.0,1790.0,
OI000016190,O00004044,M0025,1,260.0,0.0,260.0,
OI000016191,O00004045,M0012,2,570.0,0.0,1140.0,
OI000016192,O00004045,M0055,2,845.5,0.0,1691.0,
OI000016193,O00004045,M0040,1,451.5,0.0,451.5,
OI000016194,O00004045,M0002,3,520.0,0.0,1560.0,
OI000016195,O00004045,M0001,1,1480.0,0.0,1480.0,Customer request
OI000016196,O00004045,M0181,1,294.0,0.0,294.0,
OI000016197,O00004046,M0010,3,430.0,0.0,1290.0,
OI000016198,O00004046,M0002,1,546.0,0.0,546.0,
OI000016199,O00004046,M0004,2,1890.0,0.0,3780.0,
OI000016200,O00004046,M0003,1,1050.0,52.5,997.5,Customer request
OI000016201,O00004047,M0005,1,430.0,0.0,430.0,
OI000016202,O00004047,M0001,1,1554.0,233.1,1320.9,
OI000016203,O00004047,M0005,1,430.0,0.0,430.0,
OI000016204,O00004048,M0169,1,1121.0,0.0,1121.0,
OI000016205,O00004048,M0044,1,360.0,0.0,360.0,
OI000016206,O00004048,M0012,1,570.0,0.0,570.0,
OI000016207,O00004049,M0103,1,1092.5,163.88,928.62,
OI000016208,O00004049,M0146,1,262.5,0.0,262.5,
OI000016209,O00004049,M0001,2,1406.0,0.0,2812.0,
OI000016210,O00004049,M0013,1,1425.0,0.0,1425.0,
OI000016211,O00004049,M0114,1,640.0,0.0,640.0,
OI000016212,O00004049,M0051,2,750.0,0.0,1500.0,
OI000016213,O00004050,M0069,1,1170.0,0.0,1170.0,
OI000016214,O00004050,M0042,1,1149.5,0.0,1149.5,
OI000016215,O00004050,M0002,2,520.0,0.0,1040.0,
OI000016216,O00004050,M0127,3,770.0,0.0,2310.0,
OI000016217,O00004050,M0007,2,1216.0,0.0,2432.0,
OI000016218,O00004051,M0002,4,520.0,0.0,2080.0,
OI000016219,O00004051,M0013,1,1575.0,0.0,1575.0,
OI000016220,O00004051,M0088,1,1083.0,0.0,1083.0,Customer request
OI000016221,O00004052,M0139,1,1770.0,0.0,1770.0,
OI000016222,O00004052,M0061,4,880.0,0.0,3520.0,
OI000016223,O00004053,M0015,1,1596.0,0.0,1596.0,
OI000016224,O00004053,M0083,3,540.0,0.0,1620.0,
OI000016225,O00004053,M0095,1,230.0,0.0,230.0,
OI000016226,O00004053,M0159,2,988.0,0.0,1976.0,
OI000016227,O00004053,M0002,3,494.0,0.0,1482.0,
OI000016228,O00004053,M0003,1,1050.0,157.5,892.5,
OI000016229,O00004054,M0023,2,580.0,0.0,1160.0,
OI000016230,O00004054,M0013,3,1575.0,0.0,4725.0,
OI000016231,O00004054,M0097,1,336.0,0.0,336.0,
OI000016232,O00004055,M0047,2,1690.5,0.0,3381.0,
OI000016233,O00004055,M0002,1,520.0,0.0,520.0,
OI000016234,O00004055,M0037,1,1610.0,0.0,1610.0,
OI000016235,O00004055,M0009,1,1577.0,0.0,1577.0,
OI000016236,O00004056,M0019,2,630.0,0.0,1260.0,
OI000016237,O00004056,M0002,1,494.0,0.0,494.0,
OI000016238,O00004056,M0001,1,1480.0,0.0,1480.0,
OI000016239,O00004056,M0181,1,280.0,0.0,280.0,
OI000016240,O00004056,M0087,1,1680.0,0.0,1680.0,
OI000016241,O00004056,M0062,2,1010.0,0.0,2020.0,
OI000016242,O00004056,M0068,1,920.0,0.0,920.0,Customer request
OI000016243,O00004056,M0058,1,1282.5,0.0,1282.5,
OI000016244,O00004056,M0017,1,730.0,0.0,730.0,
OI000016245,O00004057,M0031,1,1740.0,0.0,1740.0,
OI000016246,O00004057,M0160,1,1750.0,0.0,1750.0,
OI000016247,O00004057,M0016,1,1168.5,0.0,1168.5,
OI000016248,O00004058,M0005,2,430.0,0.0,860.0,
OI000016249,O00004058,M0001,1,1480.0,0.0,1480.0,
OI000016250,O00004058,M0008,1,880.0,0.0,880.0,
OI000016251,O00004058,M0003,1,1102.5,0.0,1102.5,
OI000016252,O00004059,M0061,1,836.0,0.0,836.0,
OI000016253,O00004059,M0006,3,1790.0,0.0,5370.0,
OI000016254,O00004060,M0013,2,1500.0,0.0,3000.0,
OI000016255,O00004060,M0002,1,546.0,0.0,546.0,
OI000016256,O00004060,M0023,1,580.0,0.0,580.0,
OI000016257,O00004060,M0176,1,1691.0,0.0,1691.0,
OI000016258,O00004060,M0023,2,580.0,0.0,1160.0,
OI000016259,O00004061,M0090,2,1250.0,0.0,2500.0,
OI000016260,O00004061,M0044,4,360.0,0.0,1440.0,
OI000016261,O00004061,M0011,1,1150.0,172.5,977.5,
OI000016262,O00004061,M0169,1,1239.0,0.0,1239.0,
OI000016263,O00004061,M0034,3,1260.0,0.0,3780.0,
OI000016264,O00004061,M0097,1,320.0,0.0,320.0,
OI000016265,O00004062,M0002,2,494.0,0.0,988.0,
OI000016266,O00004062,M0006,1,1700.5,0.0,1700.5,
OI000016267,O00004062,M0025,4,260.0,156.0,884.0,
OI000016268,O00004062,M0096,1,693.5,0.0,693.5,
OI000016269,O00004062,M0113,1,798.0,0.0,798.0,
OI000016270,O00004062,M0188,1,290.0,0.0,290.0,
OI000016271,O00004063,M0173,1,1750.0,87.5,1662.5,
OI000016272,O00004063,M0021,1,1250.0,0.0,1250.0,
OI000016273,O00004063,M0037,1,1610.0,0.0,1610.0,
OI000016274,O00004063,M0001,2,1480.0,148.0,2812.0,
OI000016275,O00004064,M0030,1,256.5,0.0,256.5,
OI000016276,O00004064,M0001,4,1554.0,0.0,6216.0,
OI000016277,O00004064,M0001,1,1480.0,0.0,1480.0,
OI000016278,O00004064,M0041,1,1560.0,0.0,1560.0,
OI000016279,O00004065,M0147,1,1040.0,156.0,884.0,
OI000016280,O00004065,M0181,1,294.0,0.0,294.0,
OI000016281,O00004065,M0084,2,1540.0,0.0,3080.0,
OI000016282,O00004066,M0089,3,1150.0,0.0,3450.0,
OI000016283,O00004066,M0024,1,580.0,0.0,580.0,
OI000016284,O00004066,M0043,1,1770.0,0.0,1770.0,
OI000016285,O00004066,M0046,1,1640.0,0.0,1640.0,
OI000016286,O00004066,M0001,2,1480.0,0.0,2960.0,
OI000016287,O00004066,M0001,1,1480.0,0.0,1480.0,
OI000016288,O00004066,M0003,2,997.5,0.0,1995.0,
OI000016289,O00004067,M0105,2,1310.0,0.0,2620.0,
OI000016290,O00004067,M0042,2,1149.5,0.0,2299.0,
OI000016291,O00004068,M0048,1,1659.0,0.0,1659.0,
OI000016292,O00004068,M0014,1,1710.0,0.0,1710.0,
OI000016293,O00004068,M0134,2,730.0,0.0,1460.0,
OI000016294,O00004068,M0180,1,250.0,0.0,250.0,
OI000016295,O00004068,M0005,2,430.0,0.0,860.0,
OI000016296,O00004069,M0011,1,1207.5,0.0,1207.5,
OI000016297,O00004069,M0012,2,570.0,0.0,1140.0,
OI000016298,O00004069,M0180,1,237.5,0.0,237.5,
OI000016299,O00004069,M0034,2,1260.0,0.0,2520.0,
OI000016300,O00004069,M0043,1,1770.0,0.0,1770.0,
OI000016301,O00004070,M0016,4,1230.0,0.0,4920.0,
OI000016302,O00004070,M0148,1,1239.0,0.0,1239.0,
OI000016303,O00004070,M0005,1,430.0,0.0,430.0,
OI000016304,O00004071,M0025,1,260.0,0.0,260.0,
OI000016305,O00004071,M0006,5,1790.0,0.0,8950.0,
OI000016306,O00004072,M0047,1,1529.5,0.0,1529.5,
OI000016307,O00004072,M0039,2,1774.5,0.0,3549.0,
OI000016308,O00004072,M0003,1,1050.0,0.0,1050.0,
OI000016309,O00004073,M0118,1,1375.5,0.0,1375.5,
OI000016310,O00004073,M0002,1,546.0,0.0,546.0,Customer request
OI000016311,O00004073,M0004,1,1800.0,0.0,1800.0,Customer request
OI000016312,O00004074,M0008,1,880.0,0.0,880.0,
OI000016313,O00004074,M0112,2,610.0,0.0,1220.0,
OI000016314,O00004075,M0005,1,430.0,0.0,430.0,
OI000016315,O00004075,M0006,1,1790.0,0.0,1790.0,
OI000016316,O00004075,M0062,1,1010.0,0.0,1010.0,
OI000016317,O00004075,M0118,1,1310.0,0.0,1310.0,
OI000016318,O00004075,M0074,2,684.0,0.0,1368.0,
OI000016319,O00004076,M0038,1,1386.0,0.0,1386.0,
OI000016320,O00004076,M0061,1,924.0,0.0,924.0,
OI000016321,O00004076,M0039,1,1690.0,169.0,1521.0,
OI000016322,O00004076,M0015,1,1680.0,0.0,1680.0,
OI000016323,O00004077,M0072,3,1407.0,0.0,4221.0,
OI000016324,O00004077,M0071,1,598.5,29.92,568.58,
OI000016325,O00004077,M0057,3,475.0,0.0,1425.0,
OI000016326,O00004077,M0058,1,1282.5,0.0,1282.5,
OI000016327,O00004077,M0006,1,1790.0,0.0,1790.0,
OI000016328,O00004078,M0161,3,410.0,0.0,1230.0,
OI000016329,O00004078,M0196,2,1510.5,0.0,3021.0,
OI000016330,O00004078,M0041,1,1638.0,0.0,1638.0,
OI000016331,O00004079,M0006,1,1790.0,0.0,1790.0,
OI000016332,O00004079,M0011,1,1207.5,0.0,1207.5,
OI000016333,O00004079,M0086,1,1740.0,0.0,1740.0,
OI000016334,O00004079,M0008,1,836.0,0.0,836.0,
OI000016335,O00004080,M0052,2,710.0,0.0,1420.0,
OI000016336,O00004080,M0002,1,494.0,0.0,494.0,
OI000016337,O00004080,M0182,2,1650.0,0.0,3300.0,
OI000016338,O00004081,M0123,1,740.0,0.0,740.0,
OI000016339,O00004081,M0115,1,1140.0,0.0,1140.0,
OI000016340,O00004081,M0098,1,1230.0,0.0,1230.0,
OI000016341,O00004082,M0001,1,1406.0,0.0,1406.0,
OI000016342,O00004082,M0001,2,1480.0,0.0,2960.0,
OI000016343,O00004082,M0047,1,1610.0,80.5,1529.5,
OI000016344,O00004082,M0096,2,766.5,0.0,1533.0,
OI000016345,O00004083,M0091,2,350.0,0.0,700.0,
OI000016346,O00004083,M0036,1,1879.5,0.0,1879.5,
OI000016347,O00004083,M0035,2,920.0,0.0,1840.0,
OI000016348,O00004084,M0002,2,494.0,0.0,988.0,
OI000016349,O00004084,M0162,2,313.5,0.0,627.0,
OI000016350,O00004084,M0011,2,1207.5,0.0,2415.0,Customer request
OI000016351,O00004085,M0005,1,408.5,0.0,408.5,
OI000016352,O00004085,M0049,2,1450.0,0.0,2900.0,
OI000016353,O00004086,M0001,1,1480.0,0.0,1480.0,
OI000016354,O00004086,M0179,5,1440.0,0.0,7200.0,
OI000016355,O00004086,M0015,1,1680.0,0.0,1680.0,
OI000016356,O00004087,M0010,1,430.0,0.0,430.0,
OI000016357,O00004087,M0003,5,1050.0,0.0,5250.0,
OI000016358,O00004087,M0033,1,310.0,46.5,263.5,
OI000016359,O00004088,M0018,2,1260.0,0.0,2520.0,
OI000016360,O00004088,M0011,1,1207.5,0.0,1207.5,
OI000016361,O00004088,M0003,1,1050.0,0.0,1050.0,
OI000016362,O00004088,M0012,1,570.0,0.0,570.0,
OI000016363,O00004088,M0114,1,640.0,0.0,640.0,
OI000016364,O00004089,M0105,1,1244.5,0.0,1244.5,
OI000016365,O00004089,M0044,1,378.0,0.0,378.0,
OI000016366,O00004089,M0090,1,1187.5,0.0,1187.5,
OI000016367,O00004090,M0052,1,710.0,0.0,710.0,
OI000016368,O00004090,M0002,2,520.0,52.0,988.0,
OI000016369,O00004090,M0161,1,410.0,0.0,410.0,
OI000016370,O00004090,M0032,1,830.0,0.0,830.0,
OI000016371,O00004091,M0086,4,1827.0,0.0,7308.0,Customer request
OI000016372,O00004091,M0137,1,1770.0,0.0,1770.0,
OI000016373,O00004091,M0139,1,1770.0,88.5,1681.5,
OI000016374,O00004091,M0164,2,1270.0,0.0,2540.0,
OI000016375,O00004091,M0060,2,1121.0,0.0,2242.0,
OI000016376,O00004092,M0057,3,500.0,0.0,1500.0,
OI000016377,O00004092,M0007,2,1280.0,0.0,2560.0,
OI000016378,O00004092,M0011,1,1150.0,0.0,1150.0,
OI000016379,O00004092,M0050,2,800.0,0.0,1600.0,
OI000016380,O00004092,M0007,1,1280.0,0.0,1280.0,
OI000016381,O00004093,M0015,2,1680.0,0.0,3360.0,Customer request
OI000016382,O00004093,M0004,1,1800.0,180.0,1620.0,
OI000016383,O00004093,M0090,1,1250.0,0.0,1250.0,
OI000016384,O00004093,M0057,1,500.0,0.0,500.0,
OI000016385,O00004094,M0081,1,920.0,0.0,920.0,
OI000016386,O00004094,M0024,2,580.0,0.0,1160.0,
OI000016387,O00004094,M0085,1,1634.0,0.0,1634.0,
OI000016388,O00004094,M0027,1,790.0,0.0,790.0,
OI000016389,O00004095,M0037,1,1690.5,0.0,1690.5,
OI000016390,O00004095,M0003,1,1102.5,0.0,1102.5,
OI000016391,O00004095,M0001,1,1406.0,0.0,1406.0,
OI000016392,O00004095,M0088,2,1140.0,0.0,2280.0,
OI000016393,O00004095,M0144,1,560.0,0.0,560.0,
OI000016394,O00004096,M0015,1,1680.0,84.0,1596.0,
OI000016395,O00004096,M0125,1,336.0,0.0,336.0,
OI000016396,O00004096,M0009,1,1577.0,0.0,1577.0,
OI000016397,O00004096,M0084,1,1540.0,0.0,1540.0,Customer request
OI000016398,O00004096,M0046,2,1640.0,0.0,3280.0,
OI000016399,O00004096,M0001,2,1480.0,0.0,2960.0,
OI000016400,O00004097,M0007,1,1280.0,0.0,1280.0,
OI000016401,O00004097,M0056,2,237.5,0.0,475.0,
OI000016402,O00004097,M0005,1,430.0,0.0,430.0,
OI000016403,O00004097,M0048,5,1501.0,0.0,7505.0,
OI000016404,O00004098,M0076,1,660.0,0.0,660.0,
OI000016405,O00004098,M0014,1,1710.0,0.0,1710.0,
OI000016406,O00004098,M0072,1,1340.0,0.0,1340.0,
OI000016407,O00004098,M0059,1,660.0,0.0,660.0,Customer request
OI000016408,O00004098,M0193,1,577.5,0.0,577.5,
OI000016409,O00004098,M0053,1,1770.0,177.0,1593.0,
OI000016410,O00004098,M0009,1,1660.0,0.0,1660.0,
OI000016411,O00004099,M0007,1,1280.0,0.0,1280.0,
OI000016412,O00004099,M0064,2,399.0,39.9,758.1,
OI000016413,O00004099,M0002,1,520.0,0.0,520.0,
OI000016414,O00004099,M0006,1,1790.0,0.0,1790.0,
OI000016415,O00004099,M0001,1,1406.0,70.3,1335.7,
OI000016416,O00004099,M0033,1,310.0,0.0,310.0,
OI000016417,O00004100,M0102,1,504.0,0.0,504.0,
OI000016418,O00004100,M0033,1,325.5,0.0,325.5,
OI000016419,O00004100,M0009,3,1577.0,473.1,4257.9,
OI000016420,O00004101,M0121,1,1510.0,0.0,1510.0,
OI000016421,O00004101,M0029,1,693.0,0.0,693.0,
OI000016422,O00004101,M0071,1,598.5,0.0,598.5,
OI000016423,O00004101,M0193,2,577.5,0.0,1155.0,
OI000016424,O00004101,M0112,1,579.5,0.0,579.5,
OI000016425,O00004102,M0127,2,731.5,0.0,1463.0,
OI000016426,O00004102,M0002,2,520.0,0.0,1040.0,
OI000016427,O00004102,M0038,1,1386.0,138.6,1247.4,
OI000016428,O00004103,M0199,2,418.0,125.4,710.6,Customer request
OI000016429,O00004103,M0012,1,570.0,0.0,570.0,
OI000016430,O00004103,M0001,3,1406.0,0.0,4218.0,
OI000016431,O00004103,M0001,5,1406.0,1054.5,5975.5,
OI000016432,O00004103,M0188,2,290.0,0.0,580.0,
OI000016433,O00004103,M0023,1,551.0,0.0,551.0,
OI000016434,O00004103,M0009,1,1660.0,0.0,1660.0,
OI000016435,O00004104,M0034,1,1260.0,0.0,1260.0,
OI000016436,O00004104,M0052,1,674.5,0.0,674.5,
OI000016437,O00004104,M0140,1,1590.0,0.0,1590.0,
OI000016438,O00004105,M0024,1,551.0,55.1,495.9,
OI000016439,O00004105,M0128,2,1070.0,321.0,1819.0,
OI000016440,O00004105,M0008,2,880.0,0.0,1760.0,
OI000016441,O00004105,M0040,1,408.5,0.0,408.5,
OI000016442,O00004106,M0100,1,1700.5,170.05,1530.45,
OI000016443,O00004106,M0024,2,580.0,0.0,1160.0,
OI000016444,O00004106,M0009,2,1660.0,0.0,3320.0,
OI000016445,O00004107,M0110,1,1650.0,0.0,1650.0,
OI000016446,O00004107,M0109,2,1491.0,0.0,2982.0,
OI000016447,O00004107,M0009,3,1660.0,0.0,4980.0,
OI000016448,O00004108,M0051,1,750.0,0.0,750.0,
OI000016449,O00004108,M0007,1,1280.0,0.0,1280.0,
OI000016450,O00004108,M0147,1,1040.0,0.0,1040.0,
OI000016451,O00004108,M0001,2,1406.0,140.6,2671.4,
OI000016452,O00004108,M0017,2,730.0,0.0,1460.0,
OI000016453,O00004108,M0061,3,880.0,0.0,2640.0,
OI000016454,O00004109,M0131,2,990.0,0.0,1980.0,
OI000016455,O00004109,M0105,1,1244.5,0.0,1244.5,
OI000016456,O00004109,M0070,1,1630.0,0.0,1630.0,
OI000016457,O00004109,M0161,1,410.0,0.0,410.0,
OI000016458,O00004109,M0001,1,1406.0,0.0,1406.0,
OI000016459,O00004110,M0189,1,1425.0,0.0,1425.0,Customer request
OI000016460,O00004110,M0014,1,1795.5,0.0,1795.5,
OI000016461,O00004110,M0089,1,1150.0,0.0,1150.0,
OI000016462,O00004110,M0009,1,1577.0,0.0,1577.0,
OI000016463,O00004110,M0020,1,1110.0,0.0,1110.0,
OI000016464,O00004110,M0137,1,1681.5,0.0,1681.5,
OI000016465,O00004110,M0024,1,609.0,0.0,609.0,
OI000016466,O00004111,M0141,1,1417.5,0.0,1417.5,
OI000016467,O00004111,M0040,1,408.5,0.0,408.5,
OI000016468,O00004111,M0008,2,880.0,0.0,1760.0,
OI000016469,O00004112,M0029,2,627.0,0.0,1254.0,
OI000016470,O00004112,M0002,1,546.0,0.0,546.0,
OI000016471,O00004112,M0028,2,913.5,0.0,1827.0,
OI000016472,O00004113,M0102,1,480.0,24.0,456.0,
OI000016473,O00004113,M0001,1,1480.0,0.0,1480.0,
OI000016474,O00004113,M0006,2,1790.0,0.0,3580.0,
OI000016475,O00004114,M0021,1,1250.0,0.0,1250.0,
OI000016476,O00004114,M0092,1,845.5,0.0,845.5,
OI000016477,O00004114,M0090,1,1187.5,0.0,1187.5,Customer request
OI000016478,O00004114,M0143,1,840.0,0.0,840.0,
OI000016479,O00004114,M0003,1,997.5,149.62,847.88,
OI000016480,O00004115,M0003,2,1102.5,0.0,2205.0,
OI000016481,O00004115,M0066,1,551.0,0.0,551.0,
OI000016482,O00004115,M0004,1,1710.0,0.0,1710.0,
OI000016483,O00004116,M0020,1,1054.5,158.17,896.33,
OI000016484,O00004116,M0038,1,1254.0,0.0,1254.0,
OI000016485,O00004116,M0008,1,880.0,0.0,880.0,Customer request
OI000016486,O00004116,M0072,1,1340.0,134.0,1206.0,
OI000016487,O00004116,M0130,1,1123.5,0.0,1123.5,
OI000016488,O00004116,M0001,3,1480.0,0.0,4440.0,
OI000016489,O00004117,M0009,1,1577.0,0.0,1577.0,
OI000016490,O00004117,M0078,2,1323.0,396.9,2249.1,
OI000016491,O00004118,M0009,1,1743.0,0.0,1743.0,Customer request
OI000016492,O00004119,M0035,1,874.0,0.0,874.0,
OI000016493,O00004119,M0092,2,845.5,0.0,1691.0,
OI000016494,O00004119,M0013,1,1575.0,0.0,1575.0,
OI000016495,O00004119,M0102,1,504.0,0.0,504.0,
OI000016496,O00004119,M0113,1,840.0,0.0,840.0,
OI000016497,O00004119,M0195,1,230.0,34.5,195.5,
OI000016498,O00004119,M0022,1,1178.0,58.9,1119.1,
OI000016499,O00004120,M0028,1,913.5,0.0,913.5,
OI000016500,O00004120,M0101,1,522.5,0.0,522.5,
OI000016501,O00004120,M0134,1,730.0,0.0,730.0,
OI000016502,O00004121,M0032,1,788.5,0.0,788.5,
OI000016503,O00004121,M0001,1,1406.0,0.0,1406.0,
OI000016504,O00004121,M0026,1,472.5,0.0,472.5,
OI000016505,O00004121,M0006,1,1879.5,0.0,1879.5,
OI000016506,O00004121,M0002,4,520.0,0.0,2080.0,Customer request
OI000016507,O00004122,M0013,1,1500.0,75.0,1425.0,
OI000016508,O00004122,M0018,2,1140.0,0.0,2280.0,
OI000016509,O00004123,M0190,1,380.0,0.0,380.0,
OI000016510,O00004123,M0025,2,260.0,0.0,520.0,
OI000016511,O00004123,M0182,1,1567.5,0.0,1567.5,
OI000016512,O00004123,M0084,1,1540.0,0.0,1540.0,
OI000016513,O00004123,M0007,1,1280.0,64.0,1216.0,
OI000016514,O00004123,M0075,1,1624.5,0.0,1624.5,
OI000016515,O00004123,M0019,2,661.5,0.0,1323.0,
OI000016516,O00004124,M0045,1,1080.0,0.0,1080.0,
OI000016517,O00004124,M0035,2,966.0,0.0,1932.0,
OI000016518,O00004124,M0164,2,1270.0,0.0,2540.0,Customer request
OI000016519,O00004125,M0003,-1,1050.0,0.0,2100.0,
OI000016520,O00004125,M0024,2,609.0,0.0,1218.0,
OI000016521,O00004125,M0002,2,520.0,0.0,1040.0,
OI000016522,O00004125,M0007,2,1344.0,0.0,2688.0,
OI000016523,O00004125,M0001,2,1480.0,0.0,2960.0,
OI000016524,O00004126,M0167,1,-100.0,0.0,532.0,
OI000016525,O00004126,M0011,2,1150.0,0.0,2300.0,
OI000016526,O00004126,M0100,2,1790.0,0.0,3580.0,
OI000016527,O00004126,M0089,1,1092.5,109.25,983.25,
OI000016528,O00004126,M0003,1,1102.5,0.0,1102.5,
OI000016529,O00004126,M0003,2,1102.5,0.0,2205.0,
OI000016530,O00004126,M0017,1,730.0,0.0,730.0,
OI000016531,O00004126,M0043,5,1681.5,0.0,8407.5,
OI000016532,O00004126,M0022,2,1240.0,0.0,2480.0,Customer request
OI000016533,O00004127,M0095,1,218.5,0.0,218.5,
OI000016534,O00004127,M0037,1,1610.0,0.0,1610.0,Customer request
OI000016535,O00004127,M0140,2,1590.0,0.0,3180.0,
OI000016536,O00004128,M0048,1,1580.0,158.0,1422.0,
OI000016537,O00004128,M0048,1,1501.0,75.05,1425.95,
OI000016538,O00004128,M0064,1,399.0,0.0,399.0,
OI000016539,O00004128,M0050,1,800.0,0.0,800.0,
OI000016540,O00004129,M0052,1,710.0,0.0,710.0,
OI000016541,O00004129,M0024,1,580.0,0.0,580.0,
OI000016542,O00004129,M0002,2,546.0,54.6,1037.4,
OI000016543,O00004129,M0016,1,1168.5,58.42,1110.08,
OI000016544,O00004130,M0096,1,730.0,73.0,657.0,
OI000016545,O00004130,M0001,2,1554.0,0.0,3108.0,
OI000016546,O00004130,M0072,1,1273.0,0.0,1273.0,
OI000016547,O00004130,M0190,1,380.0,0.0,380.0,
OI000016548,O00004131,M0023,1,609.0,0.0,609.0,
OI000016549,O00004131,M0005,1,430.0,0.0,430.0,
OI000016550,O00004132,M0001,2,1480.0,0.0,2960.0,
OI000016551,O00004132,M0128,1,1070.0,0.0,1070.0,
OI000016552,O00004132,M0003,1,1050.0,0.0,1050.0,
OI000016553,O00004132,M0001,2,1480.0,444.0,2516.0,
OI000016554,O00004133,M0029,1,627.0,0.0,627.0,
OI000016555,O00004133,M0017,1,693.5,0.0,693.5,
OI000016556,O00004133,M0178,2,273.0,27.3,518.7,
OI000016557,O00004133,M0026,1,472.5,0.0,472.5,
OI000016558,O00004133,M0120,5,1740.0,435.0,8265.0,
OI000016559,O00004133,M0164,2,1270.0,0.0,2540.0,
OI000016560,O00004134,M0004,1,1710.0,0.0,1710.0,
OI000016561,O00004134,M0014,2,1710.0,0.0,3420.0,
OI000016562,O00004134,M0160,2,1837.5,0.0,3675.0,
OI000016563,O00004135,M0041,2,1560.0,0.0,3120.0,
OI000016564,O00004136,M0012,3,570.0,256.5,1453.5,
OI000016565,O00004136,M0035,1,874.0,0.0,874.0,
OI000016566,O00004136,M0084,1,1540.0,0.0,1540.0,
OI000016567,O00004136,M0054,3,1064.0,0.0,3192.0,
OI000016568,O00004137,M0165,2,540.0,0.0,1080.0,
OI000016569,O00004137,M0180,3,262.5,0.0,787.5,
OI000016570,O00004137,M0078,1,1260.0,0.0,1260.0,
OI000016571,O00004137,M0065,2,850.0,0.0,1700.0,
OI000016572,O00004138,M0001,1,1480.0,0.0,1480.0,
OI000016573,O00004139,M0101,2,550.0,0.0,1100.0,
OI000016574,O00004139,M0031,1,1827.0,0.0,1827.0,
OI000016575,O00004140,M0137,2,1770.0,0.0,3540.0,
OI000016576,O00004140,M0164,1,1270.0,0.0,1270.0,
OI000016577,O00004140,M0016,4,1168.5,0.0,4674.0,
OI000016578,O00004140,M0151,1,560.5,84.08,476.42,Customer request
OI000016579,O00004140,M0063,2,1210.0,0.0,2420.0,
OI000016580,O00004140,M0022,1,1240.0,0.0,1240.0,
OI000016581,O00004141,M0001,1,1554.0,0.0,1554.0,
OI000016582,O00004142,M0087,1,1680.0,0.0,1680.0,
OI000016583,O00004142,M0145,2,1672.0,0.0,3344.0,
OI000016584,O00004142,M0046,1,1558.0,0.0,1558.0,
OI000016585,O00004142,M0019,2,630.0,0.0,1260.0,
OI000016586,O00004142,M0025,1,260.0,39.0,221.0,
OI000016587,O00004142,M0077,1,1711.5,0.0,1711.5,
OI000016588,O00004142,M0005,1,430.0,43.0,387.0,
OI000016589,O00004143,M0005,1,408.5,0.0,408.5,Customer request
OI000016590,O00004143,M0014,2,1710.0,0.0,3420.0,
OI000016591,O00004143,M0001,2,1406.0,0.0,2812.0,
OI000016592,O00004144,M0066,2,609.0,0.0,1218.0,
OI000016593,O00004144,M0024,1,580.0,0.0,580.0,
OI000016594,O00004144,M0145,4,1760.0,0.0,7040.0,
OI000016595,O00004144,M0060,2,1239.0,0.0,2478.0,
OI000016596,O00004145,M0076,1,627.0,0.0,627.0,
OI000016597,O00004145,M0067,2,1440.0,0.0,2880.0,
OI000016598,O00004145,M0021,1,1250.0,0.0,1250.0,
OI000016599,O00004146,M0164,1,1270.0,0.0,1270.0,
OI000016600,O00004146,M0155,2,503.5,0.0,1007.0,
OI000016601,O00004146,M0029,3,660.0,0.0,1980.0,
OI000016602,O00004146,M0099,1,570.0,0.0,570.0,
OI000016603,O00004146,M0192,2,540.0,0.0,1080.0,
OI000016604,O00004147,M0012,1,598.5,0.0,598.5,
OI000016605,O00004147,M0055,2,934.5,186.9,1682.1,
OI000016606,O00004148,M0044,2,378.0,0.0,756.0,
OI000016607,O00004148,M0038,1,1386.0,0.0,1386.0,
OI000016608,O00004148,M0164,2,1206.5,0.0,2413.0,
OI000016609,O00004148,M0003,3,1050.0,0.0,3150.0,
OI000016610,O00004148,M0034,2,1197.0,0.0,2394.0,
OI000016611,O00004149,M0001,2,1480.0,0.0,2960.0,
OI000016612,O00004149,M0011,1,1207.5,0.0,1207.5,
OI000016613,O00004149,M0067,2,1440.0,0.0,2880.0,
OI000016614,O00004149,M0100,1,1879.5,0.0,1879.5,
OI000016615,O00004149,M0128,1,1070.0,0.0,1070.0,
OI000016616,O00004150,M0001,2,1480.0,0.0,2960.0,
OI000016617,O00004151,M0004,2,1890.0,0.0,3780.0,
OI000016618,O00004151,M0019,2,630.0,0.0,1260.0,
OI000016619,O00004151,M0017,3,766.5,0.0,2299.5,
OI000016620,O00004151,M0007,1,1280.0,0.0,1280.0,
OI000016621,O00004152,M0166,1,370.0,0.0,370.0,
OI000016622,O00004152,M0037,3,1529.5,0.0,4588.5,
OI000016623,O00004152,M0063,2,1149.5,0.0,2299.0,
OI000016624,O00004152,M0089,1,1092.5,0.0,1092.5,
OI000016625,O00004153,M0039,1,1774.5,0.0,1774.5,
OI000016626,O00004153,M0120,2,1827.0,0.0,3654.0,
OI000016627,O00004153,M0192,1,540.0,0.0,540.0,
OI000016628,O00004153,M0018,2,1260.0,0.0,2520.0,
OI000016629,O00004153,M0060,1,1121.0,0.0,1121.0,
OI000016630,O00004153,M0011,1,1150.0,115.0,1035.0,
OI000016631,O00004153,M0001,1,1480.0,0.0,1480.0,
OI000016632,O00004153,M0001,1,1554.0,0.0,1554.0,
OI000016633,O00004153,M0006,1,1700.5,0.0,1700.5,
OI000016634,O00004154,M0004,1,1800.0,0.0,1800.0,
OI000016635,O00004154,M0081,1,920.0,92.0,828.0,
OI000016636,O00004154,M0026,1,472.5,0.0,472.5,
OI000016637,O00004155,M0038,1,1386.0,0.0,1386.0,
OI000016638,O00004155,M0002,1,546.0,0.0,546.0,
OI000016639,O00004155,M0001,1,1480.0,0.0,1480.0,
OI000016640,O00004156,M0023,1,551.0,0.0,551.0,
OI000016641,O00004156,M0007,1,1344.0,0.0,1344.0,
OI000016642,O00004157,M0054,1,1120.0,0.0,1120.0,
OI000016643,O00004157,M0033,1,310.0,0.0,310.0,
OI000016644,O00004157,M0118,1,1244.5,0.0,1244.5,
OI000016645,O00004157,M0122,2,470.0,0.0,940.0,Customer request
OI000016646,O00004157,M0038,2,1386.0,0.0,2772.0,
OI000016647,O00004158,M0152,1,588.0,0.0,588.0,
OI000016648,O00004158,M0164,1,1270.0,0.0,1270.0,
OI000016649,O00004158,M0007,1,1344.0,134.4,1209.6,
OI000016650,O00004159,M0188,1,275.5,0.0,275.5,
OI000016651,O00004159,M0192,1,540.0,0.0,540.0,
OI000016652,O00004159,M0001,1,1480.0,222.0,1258.0,
OI000016653,O00004159,M0001,1,1480.0,0.0,1480.0,
OI000016654,O00004160,M0001,1,1406.0,0.0,1406.0,
OI000016655,O00004160,M0014,1,1624.5,0.0,1624.5,
OI000016656,O00004160,M0110,1,1650.0,0.0,1650.0,
OI000016657,O00004160,M0032,1,830.0,0.0,830.0,
OI000016658,O00004160,M0010,2,430.0,0.0,860.0,
OI000016659,O00004161,M0001,2,1480.0,0.0,2960.0,
OI000016660,O00004161,M0018,3,1200.0,0.0,3600.0,
OI000016661,O00004161,M0001,2,1480.0,0.0,2960.0,Customer request
OI000016662,O00004161,M0004,1,1800.0,0.0,1800.0,Customer request
OI000016663,O00004161,M0139,1,1858.5,278.77,1579.73,
OI000016664,O00004161,M0093,1,976.5,0.0,976.5,
OI000016665,O00004162,M0198,1,714.0,0.0,714.0,
OI000016666,O00004162,M0146,1,250.0,0.0,250.0,
OI000016667,O00004162,M0129,1,1760.0,0.0,1760.0,
OI000016668,O00004163,M0004,3,1800.0,0.0,5400.0,
OI000016669,O00004163,M0061,1,880.0,0.0,880.0,
OI000016670,O00004164,M0050,1,800.0,0.0,800.0,
OI000016671,O00004164,M0157,1,1460.0,146.0,1314.0,
OI000016672,O00004164,M0100,1,1790.0,0.0,1790.0,
OI000016673,O00004165,M0098,1,1230.0,0.0,1230.0,
OI000016674,O00004165,M0012,2,541.5,0.0,1083.0,
OI000016675,O00004165,M0002,1,546.0,0.0,546.0,
OI000016676,O00004165,M0016,1,1168.5,0.0,1168.5,
OI000016677,O00004166,M0005,2,408.5,0.0,817.0,
OI000016678,O00004166,M0082,1,590.0,0.0,590.0,
OI000016679,O00004166,M0026,1,450.0,0.0,450.0,
OI000016680,O00004166,M0006,1,1790.0,0.0,1790.0,
OI000016681,O00004166,M0063,1,1210.0,0.0,1210.0,
OI000016682,O00004167,M0001,2,1480.0,148.0,2812.0,
OI000016683,O00004167,M0157,1,1460.0,0.0,1460.0,
OI000016684,O00004168,M0045,1,1080.0,0.0,1080.0,
OI000016685,O00004168,M0026,3,450.0,0.0,1350.0,Customer request
OI000016686,O00004168,M0007,1,1216.0,0.0,1216.0,
OI000016687,O00004168,M0039,1,1690.0,0.0,1690.0,
OI000016688,O00004169,M0009,1,1577.0,0.0,1577.0,
OI000016689,O00004169,M0018,2,1200.0,0.0,2400.0,
OI000016690,O00004169,M0143,2,800.0,0.0,1600.0,
OI000016691,O00004169,M0005,1,430.0,0.0,430.0,
OI000016692,O00004169,M0014,2,1710.0,0.0,3420.0,Customer request
OI000016693,O00004170,M0063,2,1149.5,344.85,1954.15,
OI000016694,O00004170,M0082,2,619.5,0.0,1239.0,
OI000016695,O00004171,M0002,1,546.0,0.0,546.0,
OI000016696,O00004171,M0166,1,370.0,0.0,370.0,
OI000016697,O00004171,M0001,1,1554.0,0.0,1554.0,Customer request
OI000016698,O00004171,M0001,1,1554.0,0.0,1554.0,
OI000016699,O00004171,M0093,1,976.5,0.0,976.5,
OI000016700,O00004172,M0097,1,336.0,0.0,336.0,
OI000016701,O00004172,M0065,2,807.5,0.0,1615.0,
OI000016702,O00004172,M0035,2,920.0,0.0,1840.0,
OI000016703,O00004173,M0009,1,1660.0,0.0,1660.0,
OI000016704,O00004173,M0122,1,446.5,0.0,446.5,
OI000016705,O00004173,M0074,1,756.0,0.0,756.0,
OI000016706,O00004173,M0183,2,661.5,0.0,1323.0,
OI000016707,O00004173,M0025,2,247.0,0.0,494.0,
OI000016708,O00004174,M0027,2,790.0,0.0,1580.0,
OI000016709,O00004174,M0104,2,200.0,0.0,400.0,
OI000016710,O00004174,M0197,3,346.5,0.0,1039.5,
OI000016711,O00004175,M0147,5,1040.0,520.0,4680.0,
OI000016712,O00004175,M0010,1,430.0,0.0,430.0,
OI000016713,O00004175,M0175,3,745.5,111.82,2124.68,
OI000016714,O00004175,M0005,2,430.0,0.0,860.0,
OI000016715,O00004175,M0021,1,1187.5,0.0,1187.5,
OI000016716,O00004175,M0142,1,730.0,0.0,730.0,
OI000016717,O00004176,M0011,1,1150.0,172.5,977.5,
OI000016718,O00004176,M0014,1,1795.5,0.0,1795.5,
OI000016719,O00004176,M0197,1,330.0,0.0,330.0,
OI000016720,O00004176,M0025,2,247.0,0.0,494.0,
OI000016721,O00004177,M0172,1,1806.0,0.0,1806.0,
OI000016722,O00004177,M0009,2,1660.0,0.0,3320.0,
OI000016723,O00004178,M0032,3,830.0,0.0,2490.0,
OI000016724,O00004178,M0017,-1,730.0,0.0,730.0,
OI000016725,O00004178,M0042,3,1149.5,0.0,3448.5,
OI000016726,O00004179,M0148,1,1180.0,59.0,1121.0,
OI000016727,O00004179,M0195,2,230.0,0.0,460.0,
OI000016728,O00004179,M0032,4,788.5,0.0,3154.0,
OI000016729,O00004180,M0004,1,1800.0,0.0,1800.0,
OI000016730,O00004180,M0001,1,1480.0,0.0,1480.0,
OI000016731,O00004180,M0003,1,1050.0,0.0,1050.0,
OI000016732,O00004180,M0088,1,1140.0,0.0,1140.0,
OI000016733,O00004180,M0048,2,1580.0,0.0,3160.0,
OI000016734,O00004180,M0089,1,1150.0,0.0,1150.0,
OI000016735,O00004181,M0175,2,710.0,71.0,1349.0,
OI000016736,O00004181,M0076,2,693.0,0.0,1386.0,
OI000016737,O00004182,M0099,1,570.0,0.0,570.0,
OI000016738,O00004182,M0022,2,1178.0,0.0,2356.0,
OI000016739,O00004182,M0033,2,294.5,88.35,500.65,
OI000016740,O00004182,M0116,1,420.0,0.0,420.0,
OI000016741,O00004182,M0058,1,1417.5,0.0,1417.5,
OI000016742,O00004182,M0037,1,1610.0,0.0,1610.0,
OI000016743,O00004182,M0006,1,1790.0,0.0,1790.0,Customer request
OI000016744,O00004183,M0050,1,840.0,126.0,714.0,
OI000016745,O00004183,M0010,5,430.0,0.0,2150.0,
OI000016746,O00004183,M0048,2,1659.0,0.0,3318.0,
OI000016747,O00004183,M0026,1,427.5,0.0,427.5,
OI000016748,O00004183,M0002,1,520.0,0.0,520.0,
OI000016749,O00004184,M0129,3,1760.0,0.0,5280.0,
OI000016750,O00004184,M0046,1,1722.0,0.0,1722.0,
OI000016751,O00004184,M0150,1,315.0,0.0,315.0,
OI000016752,O00004184,M0161,3,410.0,0.0,1230.0,
OI000016753,O00004184,M0034,1,1260.0,0.0,1260.0,
OI000016754,O00004184,M0068,1,920.0,0.0,920.0,
OI000016755,O00004185,M0146,1,250.0,0.0,250.0,
OI000016756,O00004185,M0069,4,1170.0,0.0,4680.0,
OI000016757,O00004185,M0007,1,1216.0,0.0,1216.0,
OI000016758,O00004186,M0008,4,880.0,0.0,3520.0,Customer request
OI000016759,O00004186,M0021,1,1312.5,0.0,1312.5,
OI000016760,O00004186,M0001,1,1480.0,0.0,1480.0,
OI000016761,O00004186,M0016,1,1230.0,0.0,1230.0,
OI000016762,O00004186,M0003,1,997.5,0.0,997.5,
OI000016763,O00004187,M0117,5,1140.0,0.0,5700.0,
OI000016764,O00004187,M0100,4,1879.5,0.0,7518.0,
OI000016765,O00004187,M0004,1,1800.0,0.0,1800.0,
OI000016766,O00004187,M0009,1,1577.0,0.0,1577.0,
OI000016767,O00004188,M0044,1,342.0,0.0,342.0,Customer request
OI000016768,O00004188,M0007,1,1280.0,0.0,1280.0,
OI000016769,O00004188,M0001,2,1554.0,0.0,3108.0,
OI000016770,O00004188,M0095,2,230.0,0.0,460.0,
OI000016771,O00004189,M0002,1,520.0,0.0,520.0,
OI000016772,O00004189,M0068,1,966.0,0.0,966.0,
OI000016773,O00004189,M0003,2,1050.0,0.0,2100.0,
OI000016774,O00004189,M0001,2,1554.0,0.0,3108.0,
OI000016775,O00004190,M0042,1,1149.5,0.0,1149.5,
OI000016776,O00004190,M0009,1,1577.0,0.0,1577.0,
OI000016777,O00004191,M0003,1,1050.0,0.0,1050.0,
OI000016778,O00004191,M0070,2,1548.5,464.55,2632.45,
OI000016779,O00004191,M0060,3,1180.0,354.0,3186.0,
OI000016780,O00004191,M0020,3,1054.5,0.0,3163.5,
OI000016781,O00004192,M0002,2,520.0,0.0,1040.0,
OI000016782,O00004192,M0027,1,750.5,0.0,750.5,
OI000016783,O00004192,M0002,1,520.0,0.0,520.0,
OI000016784,O00004192,M0197,2,330.0,0.0,660.0,
OI000016785,O00004192,M0006,2,1790.0,0.0,3580.0,
OI000016786,O00004192,M0001,3,1406.0,632.7,3585.3,
OI000016787,O00004193,M0006,2,1790.0,0.0,3580.0,
OI000016788,O00004193,M0054,4,1120.0,0.0,4480.0,
OI000016789,O00004193,M0187,1,913.5,0.0,913.5,
OI000016790,O00004193,M0036,3,1790.0,0.0,5370.0,
OI000016791,O00004193,M0024,4,551.0,0.0,2204.0,
OI000016792,O00004193,M0196,3,1590.0,0.0,4770.0,
OI000016793,O00004194,M0004,1,1800.0,0.0,1800.0,
OI000016794,O00004194,M0005,3,430.0,0.0,1290.0,
OI000016795,O00004194,M0017,2,730.0,0.0,1460.0,
OI000016796,O00004194,M0089,1,1150.0,0.0,1150.0,
OI000016797,O00004194,M0010,1,430.0,0.0,430.0,
OI000016798,O00004194,M0027,1,790.0,39.5,750.5,
OI000016799,O00004195,M0168,1,1710.0,0.0,1710.0,
OI000016800,O00004195,M0136,1,777.0,0.0,777.0,
OI000016801,O00004195,M0171,2,1558.0,0.0,3116.0,
OI000016802,O00004195,M0004,1,1800.0,0.0,1800.0,
OI000016803,O00004196,M0029,3,660.0,0.0,1980.0,
OI000016804,O00004196,M0078,1,1323.0,0.0,1323.0,
OI000016805,O00004197,M0084,2,1540.0,0.0,3080.0,
OI000016806,O00004197,M0040,2,430.0,0.0,860.0,
OI000016807,O00004197,M0115,1,1140.0,0.0,1140.0,
OI000016808,O00004197,M0001,2,1480.0,0.0,2960.0,
OI000016809,O00004197,M0005,1,430.0,0.0,430.0,
OI000016810,O00004197,M0012,1,570.0,0.0,570.0,
OI000016811,O00004198,M0083,1,567.0,0.0,567.0,
OI000016812,O00004198,M0149,1,920.0,0.0,920.0,
OI000016813,O00004199,M0036,3,1790.0,0.0,5370.0,
OI000016814,O00004199,M0077,1,1630.0,0.0,1630.0,
OI000016815,O00004199,M0048,1,1580.0,0.0,1580.0,
OI000016816,O00004199,M0160,2,1750.0,175.0,3325.0,
OI000016817,O00004200,M0148,1,1180.0,0.0,1180.0,
OI000016818,O00004200,M0110,2,1650.0,0.0,3300.0,
OI000016819,O00004201,M0009,1,1577.0,0.0,1577.0,
OI000016820,O00004201,M0016,1,1230.0,0.0,1230.0,
OI000016821,O00004201,M0021,3,1312.5,0.0,3937.5,
OI000016822,O00004201,M0001,1,1480.0,0.0,1480.0,
OI000016823,O00004201,M0006,3,1700.5,0.0,5101.5,Customer request
OI000016824,O00004202,M0078,1,1260.0,0.0,1260.0,
OI000016825,O00004202,M0039,1,1690.0,0.0,1690.0,
OI000016826,O00004203,M0177,2,200.0,0.0,400.0,Customer request
OI000016827,O00004203,M0001,1,1480.0,0.0,1480.0,
OI000016828,O00004203,M0017,2,730.0,0.0,1460.0,
OI000016829,O00004203,M0076,1,660.0,0.0,660.0,
OI000016830,O00004203,M0003,4,997.5,0.0,3990.0,
OI000016831,O00004204,M0031,1,1740.0,0.0,1740.0,
OI000016832,O00004204,M0001,3,1406.0,0.0,4218.0,
OI000016833,O00004204,M0004,2,1890.0,0.0,3780.0,
OI000016834,O00004204,M0167,1,588.0,0.0,588.0,
OI000016835,O00004204,M0050,2,800.0,0.0,1600.0,
OI000016836,O00004204,M0093,2,930.0,0.0,1860.0,
OI000016837,O00004204,M0002,4,546.0,0.0,2184.0,
OI000016838,O00004204,M0006,1,1700.5,0.0,1700.5,
OI000016839,O00004205,M0005,1,408.5,0.0,408.5,
OI000016840,O00004205,M0009,2,1577.0,0.0,3154.0,
OI000016841,O00004205,M0008,1,880.0,0.0,880.0,
OI000016842,O00004205,M0042,1,1270.5,0.0,1270.5,
OI000016843,O00004205,M0076,1,660.0,0.0,1659.0,
OI000016844,O00004205,M0040,2,430.0,0.0,860.0,Customer request
OI000016845,O00004206,M0010,1,451.5,0.0,451.5,
OI000016846,O00004206,M0073,1,420.0,0.0,420.0,
OI000016847,O00004206,M0040,2,430.0,0.0,860.0,
OI000016848,O00004207,M0058,3,1350.0,0.0,4050.0,
OI000016849,O00004207,M0005,2,451.5,0.0,903.0,
OI000016850,O00004207,M0178,1,260.0,0.0,260.0,
OI000016851,O00004207,M0012,1,570.0,0.0,570.0,
OI000016852,O00004207,M0016,1,1168.5,58.42,1110.08,Customer request
OI000016853,O00004208,M0038,1,1254.0,0.0,1254.0,
OI000016854,O00004208,M0001,1,1480.0,0.0,1480.0,
OI000016855,O00004208,M0005,1,408.5,0.0,408.5,
OI000016856,O00004208,M0112,1,610.0,0.0,610.0,
OI000016857,O00004208,M0105,3,1310.0,0.0,3930.0,
OI000016858,O00004209,M0003,1,1050.0,0.0,1050.0,
OI000016859,O00004209,M0048,1,1501.0,0.0,1501.0,
OI000016860,O00004209,M0001,1,1406.0,0.0,1406.0,
OI000016861,O00004209,M0001,1,1480.0,0.0,1480.0,
OI000016862,O00004209,M0107,1,360.0,0.0,360.0,
OI000016863,O00004210,M0027,1,790.0,0.0,790.0,
OI000016864,O00004210,M0161,2,410.0,0.0,820.0,
OI000016865,O00004210,M0028,1,870.0,0.0,870.0,
OI000016866,O00004210,M0109,2,1420.0,0.0,2840.0,Customer request
OI000016867,O00004210,M0058,1,1350.0,0.0,1350.0,
OI000016868,O00004210,M0022,1,1240.0,0.0,1240.0,
OI000016869,O00004211,M0041,2,1560.0,312.0,2808.0,
OI000016870,O00004211,M0165,1,513.0,0.0,513.0,
OI000016871,O00004211,M0001,1,1406.0,0.0,1406.0,
OI000016872,O00004211,M0036,5,1879.5,469.88,8927.62,
OI000016873,O00004212,M0001,1,1406.0,140.6,1265.4,
OI000016874,O00004212,M0041,2,1482.0,0.0,2964.0,
OI000016875,O00004212,M0051,1,787.5,0.0,787.5,
OI000016876,O00004213,M0110,3,1650.0,247.5,4702.5,
OI000016877,O00004213,M0106,3,940.0,0.0,2820.0,
OI000016878,O00004213,M0001,2,1554.0,0.0,3108.0,
OI000016879,O00004213,M0001,1,1554.0,0.0,1554.0,
OI000016880,O00004214,M0070,3,1630.0,0.0,4890.0,
OI000016881,O00004214,M0004,2,1890.0,0.0,3780.0,
OI000016882,O00004214,M0036,4,1790.0,0.0,7160.0,
OI000016883,O00004214,M0006,4,1790.0,0.0,7160.0,
OI000016884,O00004214,M0120,1,1740.0,261.0,1479.0,
OI000016885,O00004215,M0069,1,1111.5,0.0,1111.5,
OI000016886,O00004215,M0023,1,551.0,55.1,495.9,
OI000016887,O00004215,M0006,1,1879.5,0.0,1879.5,
OI000016888,O00004215,M0063,1,1210.0,0.0,1210.0,
OI000016889,O00004215,M0014,1,1795.5,179.55,1615.95,
OI000016890,O00004216,M0047,1,1610.0,0.0,1610.0,
OI000016891,O00004216,M0066,1,580.0,0.0,580.0,
OI000016892,O00004216,M0003,2,997.5,0.0,1995.0,
OI000016893,O00004216,M0001,1,1480.0,74.0,1406.0,
OI000016894,O00004216,M0031,2,1740.0,0.0,3480.0,
OI000016895,O00004216,M0003,1,1050.0,105.0,945.0,
OI000016896,O00004217,M0002,2,520.0,0.0,1040.0,
OI000016897,O00004217,M0002,1,520.0,0.0,520.0,
OI000016898,O00004217,M0075,2,1710.0,0.0,3420.0,
OI000016899,O00004217,M0151,3,590.0,0.0,1770.0,
OI000016900,O00004217,M0164,2,1270.0,0.0,2540.0,
OI000016901,O00004218,M0166,1,351.5,0.0,351.5,
OI000016902,O00004218,M0066,2,580.0,0.0,1160.0,
OI000016903,O00004218,M0161,2,410.0,0.0,820.0,
OI000016904,O00004218,M0003,1,997.5,0.0,997.5,
OI000016905,O00004218,M0050,2,760.0,152.0,1368.0,
OI000016906,O00004218,M0093,1,930.0,0.0,930.0,
OI000016907,O00004218,M0169,2,1239.0,0.0,2478.0,
OI000016908,O00004218,M0012,1,570.0,0.0,570.0,
OI000016909,O00004219,M0047,3,1529.5,0.0,4588.5,Customer request
OI000016910,O00004219,M0019,1,598.5,0.0,598.5,
OI000016911,O00004219,M0038,1,1320.0,0.0,1320.0,
OI000016912,O00004219,M0032,1,871.5,0.0,871.5,
OI000016913,O00004219,M0126,1,1520.0,0.0,1520.0,
OI000016914,O00004219,M0116,1,441.0,0.0,441.0,
OI000016915,O00004220,M0018,3,1260.0,0.0,3780.0,Customer request
OI000016916,O00004220,M0009,2,1743.0,348.6,3137.4,Customer request
OI000016917,O00004220,M0127,1,770.0,0.0,770.0,
OI000016918,O00004220,M0175,2,710.0,0.0,1420.0,
OI000016919,O00004221,M0001,1,1554.0,0.0,1554.0,
OI000016920,O00004221,M0032,1,871.5,0.0,871.5,
OI000016921,O00004221,M0097,1,320.0,0.0,320.0,
OI000016922,O00004221,M0192,1,567.0,0.0,567.0,
OI000016923,O00004221,M0036,1,1790.0,0.0,1790.0,
OI000016924,O00004221,M0080,1,870.0,130.5,739.5,
OI000016925,O00004221,M0165,2,567.0,0.0,1134.0,
OI000016926,O00004222,M0016,1,1168.5,116.85,1051.65,
OI000016927,O00004222,M0141,1,1350.0,0.0,1350.0,
OI000016928,O00004222,M0008,2,836.0,0.0,1672.0,
OI000016929,O00004223,M0082,5,619.5,0.0,3097.5,
OI000016930,O00004223,M0176,4,1869.0,0.0,7476.0,
OI000016931,O00004223,M0061,5,880.0,0.0,4400.0,
OI000016932,O00004223,M0016,1,1230.0,0.0,1230.0,
OI000016933,O00004224,M0001,1,1406.0,0.0,1406.0,
OI000016934,O00004224,M0005,2,451.5,0.0,903.0,
OI000016935,O00004224,M0083,2,540.0,0.0,1080.0,
OI000016936,O00004224,M0195,4,230.0,0.0,920.0,
OI000016937,O00004224,M0126,1,1520.0,0.0,1520.0,
OI000016938,O00004225,M0104,5,190.0,0.0,950.0,
OI000016939,O00004225,M0001,1,1480.0,222.0,1258.0,
OI000016940,O00004225,M0084,1,1540.0,0.0,1540.0,
OI000016941,O00004226,M0117,2,1140.0,0.0,2280.0,
OI000016942,O00004226,M0012,1,570.0,0.0,570.0,Customer request
OI000016943,O00004226,M0200,1,1160.0,0.0,1160.0,
OI000016944,O00004226,M0001,1,1480.0,0.0,1480.0,
OI000016945,O00004227,M0018,1,1260.0,0.0,1260.0,
OI000016946,O00004227,M0005,5,451.5,338.62,1918.88,
OI000016947,O00004227,M0185,1,1482.0,0.0,1482.0,
OI000016948,O00004228,M0067,2,1368.0,0.0,2736.0,
OI000016949,O00004228,M0021,1,1250.0,187.5,1062.5,
OI000016950,O00004228,M0185,1,1560.0,0.0,1560.0,
OI000016951,O00004228,M0001,1,1480.0,0.0,1480.0,
OI000016952,O00004229,M0006,2,1790.0,0.0,3580.0,
OI000016953,O00004229,M0021,3,1312.5,196.88,3740.62,
OI000016954,O00004229,M0002,1,546.0,0.0,546.0,
OI000016955,O00004230,M0199,1,-100.0,0.0,440.0,
OI000016956,O00004230,M0044,1,360.0,0.0,360.0,
OI000016957,O00004230,M0004,1,1800.0,0.0,1800.0,
OI000016958,O00004230,M0007,1,1280.0,0.0,1280.0,
OI000016959,O00004231,M0018,2,1140.0,0.0,2280.0,
OI000016960,O00004231,M0082,1,560.5,56.05,504.45,
OI000016961,O00004231,M0010,3,430.0,0.0,1290.0,
OI000016962,O00004231,M0010,1,430.0,0.0,430.0,
OI000016963,O00004232,M0055,1,890.0,0.0,890.0,
OI000016964,O00004232,M0001,3,1406.0,0.0,4218.0,
OI000016965,O00004232,M0078,1,1323.0,0.0,1323.0,
OI000016966,O00004232,M0039,1,1774.5,0.0,1774.5,
OI000016967,O00004233,M0023,1,551.0,0.0,551.0,
OI000016968,O00004233,M0018,1,1260.0,0.0,1260.0,
OI000016969,O00004234,M0006,1,1790.0,268.5,1521.5,
OI000016970,O00004234,M0007,2,1280.0,0.0,2560.0,
OI000016971,O00004234,M0031,1,1740.0,0.0,1740.0,
OI000016972,O00004234,M0005,2,430.0,0.0,860.0,
OI000016973,O00004235,M0043,1,1858.5,0.0,1858.5,
OI000016974,O00004235,M0061,1,836.0,0.0,836.0,
OI000016975,O00004235,M0026,1,450.0,0.0,450.0,
OI000016976,O00004235,M0002,1,520.0,0.0,520.0,
OI000016977,O00004236,M0167,2,560.0,0.0,1120.0,
OI000016978,O00004236,M0120,2,1827.0,0.0,3654.0,
OI000016979,O00004236,M0175,1,674.5,0.0,674.5,
OI000016980,O00004236,M0016,1,1230.0,0.0,1230.0,
OI000016981,O00004237,M0001,1,1480.0,222.0,1258.0,
OI000016982,O00004237,M0023,1,580.0,0.0,580.0,
OI000016983,O00004237,M0026,1,427.5,0.0,427.5,
OI000016984,O00004237,M0076,1,660.0,0.0,660.0,
OI000016985,O00004237,M0085,2,1720.0,0.0,3440.0,
OI000016986,O00004237,M0021,2,1187.5,0.0,2375.0,
OI000016987,O00004237,M0188,1,290.0,0.0,290.0,Customer request
OI000016988,O00004238,M0002,1,520.0,0.0,520.0,
OI000016989,O00004238,M0150,1,315.0,0.0,315.0,
OI000016990,O00004238,M0096,3,693.5,312.08,1768.42,
OI000016991,O00004238,M0037,3,1529.5,0.0,4588.5,
OI000016992,O00004238,M0094,1,661.5,0.0,661.5,
OI000016993,O00004238,M0091,1,350.0,0.0,350.0,
OI000016994,O00004239,M0004,1,1710.0,0.0,1710.0,
OI000016995,O00004239,M0037,1,1529.5,0.0,1529.5,
OI000016996,O00004240,M0027,1,790.0,0.0,790.0,
OI000016997,O00004240,M0031,1,1740.0,0.0,1740.0,
OI000016998,O00004241,M0004,1,1800.0,0.0,1800.0,
OI000016999,O00004241,M0017,3,730.0,0.0,2190.0,
OI000017000,O00004242,M0034,1,1260.0,0.0,1260.0,
OI000017001,O00004242,M0070,2,1630.0,0.0,3260.0,
OI000017002,O00004242,M0021,5,1250.0,0.0,6250.0,
OI000017003,O00004242,M0060,1,1239.0,0.0,1239.0,Customer request
OI000017004,O00004243,M0053,1,1681.5,0.0,1681.5,
OI000017005,O00004243,M0112,1,579.5,0.0,579.5,
OI000017006,O00004244,M0020,1,1110.0,0.0,1110.0,
OI000017007,O00004244,M0136,1,740.0,0.0,740.0,
OI000017008,O00004245,M0001,2,1480.0,0.0,2960.0,
OI000017009,O00004245,M0149,1,920.0,0.0,920.0,
OI000017010,O00004246,M0174,1,510.0,0.0,510.0,
OI000017011,O00004246,M0020,1,1054.5,0.0,1054.5,
OI000017012,O00004246,M0173,1,1750.0,0.0,1750.0,
OI000017013,O00004247,M0132,1,1858.5,0.0,1858.5,
OI000017014,O00004247,M0001,1,1406.0,0.0,1406.0,
OI000017015,O00004248,M0061,1,880.0,0.0,880.0,
OI000017016,O00004248,M0157,1,1387.0,208.05,1178.95,Customer request
OI000017017,O00004248,M0005,1,430.0,0.0,430.0,
OI000017018,O00004248,M0158,1,710.0,0.0,710.0,
OI000017019,O00004248,M0005,1,430.0,43.0,387.0,
OI000017020,O00004248,M0057,1,525.0,0.0,525.0,
OI000017021,O00004249,M0017,2,730.0,0.0,1460.0,
OI000017022,O00004249,M0040,1,408.5,0.0,408.5,
OI000017023,O00004249,M0009,2,1660.0,0.0,3320.0,
OI000017024,O00004250,M0020,3,1110.0,0.0,3330.0,
OI000017025,O00004250,M0032,1,830.0,0.0,830.0,
OI000017026,O00004250,M0032,1,830.0,0.0,830.0,Customer request
OI000017027,O00004250,M0197,1,330.0,16.5,313.5,
OI000017028,O00004250,M0128,1,1123.5,0.0,1123.5,
OI000017029,O00004251,M0003,1,1102.5,55.12,1047.38,
OI000017030,O00004251,M0179,1,1440.0,0.0,1440.0,
OI000017031,O00004252,M0043,1,1681.5,0.0,1681.5,
OI000017032,O00004252,M0052,1,710.0,0.0,710.0,
OI000017033,O00004252,M0009,1,1660.0,0.0,1660.0,
OI000017034,O00004252,M0010,2,430.0,0.0,860.0,
OI000017035,O00004252,M0003,1,1050.0,0.0,1050.0,
OI000017036,O00004252,M0118,4,1310.0,0.0,5240.0,Customer request
OI000017037,O00004253,M0029,1,627.0,0.0,627.0,
OI000017038,O00004253,M0002,1,520.0,78.0,442.0,
OI000017039,O00004253,M0024,2,551.0,0.0,1102.0,
OI000017040,O00004253,M0013,1,1425.0,0.0,1425.0,
OI000017041,O00004254,M0072,1,1340.0,0.0,1340.0,
OI000017042,O00004254,M0004,1,1800.0,0.0,1800.0,Customer request
OI000017043,O00004255,M0165,2,540.0,0.0,1080.0,Customer request
OI000017044,O00004255,M0100,2,1700.5,0.0,3401.0,Customer request
OI000017045,O00004255,M0018,2,1200.0,0.0,2400.0,
OI000017046,O00004255,M0004,1,1800.0,0.0,1800.0,
OI000017047,O00004256,M0095,1,218.5,21.85,196.65,
OI000017048,O00004256,M0002,2,520.0,0.0,1040.0,
OI000017049,O00004256,M0002,1,494.0,0.0,494.0,Customer request
OI000017050,O00004256,M0069,1,1170.0,175.5,994.5,
OI000017051,O00004256,M0005,2,430.0,0.0,860.0,
OI000017052,O00004256,M0059,1,627.0,31.35,595.65,
OI000017053,O00004257,M0014,2,1710.0,0.0,3420.0,
OI000017054,O00004257,M0002,2,520.0,0.0,1040.0,
OI000017055,O00004257,M0055,1,890.0,133.5,756.5,Customer request
OI000017056,O00004257,M0060,1,1239.0,0.0,1239.0,
OI000017057,O00004257,M0038,1,1320.0,0.0,1320.0,
OI000017058,O00004257,M0014,1,1710.0,0.0,1710.0,
OI000017059,O00004257,M0155,2,530.0,0.0,1060.0,
OI000017060,O00004258,M0069,2,1170.0,0.0,2340.0,Customer request
OI000017061,O00004258,M0041,1,1560.0,0.0,1560.0,
OI000017062,O00004258,M0029,2,660.0,0.0,1320.0,
OI000017063,O00004258,M0123,3,740.0,0.0,2220.0,
OI000017064,O00004258,M0179,1,1440.0,0.0,1440.0,
OI000017065,O00004258,M0041,1,1560.0,0.0,1560.0,
OI000017066,O00004258,M0001,1,1480.0,0.0,1480.0,
OI000017067,O00004258,M0030,1,256.5,0.0,256.5,
OI000017068,O00004259,M0060,2,1121.0,336.3,1905.7,
OI000017069,O00004259,M0113,3,840.0,0.0,2520.0,
OI000017070,O00004259,M0011,1,1150.0,0.0,1150.0,
OI000017071,O00004259,M0068,1,920.0,0.0,920.0,
OI000017072,O00004260,M0001,1,1480.0,0.0,1480.0,
OI000017073,O00004260,M0014,2,1710.0,0.0,3420.0,
OI000017074,O00004260,M0010,2,451.5,0.0,903.0,
OI000017075,O00004260,M0002,1,520.0,0.0,520.0,
OI000017076,O00004261,M0075,2,1624.5,0.0,3249.0,
OI000017077,O00004262,M0016,1,1230.0,0.0,1230.0,
OI000017078,O00004262,M0006,1,1790.0,0.0,1790.0,
OI000017079,O00004262,M0003,1,1102.5,0.0,1102.5,
OI000017080,O00004262,M0150,1,300.0,0.0,300.0,
OI000017081,O00004262,M0003,2,997.5,0.0,1995.0,
OI000017082,O00004262,M0133,3,1000.0,0.0,3000.0,
OI000017083,O00004262,M0035,1,874.0,0.0,874.0,
OI000017084,O00004262,M0001,3,1480.0,0.0,4440.0,
OI000017085,O00004263,M0177,1,200.0,0.0,200.0,
OI000017086,O00004264,M0040,1,430.0,0.0,430.0,
OI000017087,O00004264,M0011,1,1150.0,0.0,1150.0,
OI000017088,O00004264,M0008,2,880.0,0.0,1760.0,
OI000017089,O00004265,M0011,1,1150.0,0.0,1150.0,
OI000017090,O00004265,M0005,1,408.5,0.0,408.5,
OI000017091,O00004265,M0007,1,1344.0,0.0,1344.0,
OI000017092,O00004265,M0017,1,730.0,0.0,730.0,
OI000017093,O00004265,M0035,1,966.0,48.3,917.7,
OI000017094,O00004266,M0082,2,560.5,0.0,1121.0,
OI000017095,O00004266,M0010,1,451.5,0.0,451.5,
OI000017096,O00004266,M0003,1,1050.0,0.0,1050.0,
OI000017097,O00004267,M0001,1,1406.0,0.0,1406.0,
OI000017098,O00004267,M0016,1,1230.0,0.0,1230.0,
OI000017099,O00004267,M0103,1,1150.0,0.0,1150.0,
OI000017100,O00004267,M0012,1,598.5,0.0,598.5,Customer request
OI000017101,O00004267,M0006,2,1790.0,0.0,3580.0,
OI000017102,O00004267,M0154,2,1660.0,0.0,3320.0,
OI000017103,O00004268,M0064,1,420.0,0.0,420.0,
OI000017104,O00004268,M0187,1,826.5,0.0,826.5,
OI000017105,O00004268,M0042,1,1210.0,60.5,1149.5,
OI000017106,O00004268,M0038,1,1320.0,66.0,1254.0,
OI000017107,O00004268,M0185,4,1560.0,0.0,6240.0,
OI000017108,O00004269,M0052,1,674.5,33.72,640.78,
OI000017109,O00004269,M0034,1,1323.0,0.0,1323.0,Customer request
OI000017110,O00004269,M0007,2,1216.0,0.0,2432.0,
OI000017111,O00004269,M0017,1,730.0,0.0,730.0,
OI000017112,O00004269,M0042,2,1149.5,0.0,2299.0,
OI000017113,O00004269,M0042,1,1210.0,0.0,1210.0,
OI000017114,O00004269,M0025,3,273.0,0.0,819.0,
OI000017115,O00004270,M0071,2,661.5,0.0,1323.0,
OI000017116,O00004270,M0003,1,1050.0,0.0,1050.0,
OI000017117,O00004270,M0134,2,730.0,0.0,1460.0,
OI000017118,O00004270,M0085,1,1806.0,0.0,1806.0,
OI000017119,O00004270,M0116,1,441.0,0.0,441.0,
OI000017120,O00004270,M0001,1,1480.0,0.0,1480.0,
OI000017121,O00004270,M0100,3,1700.5,0.0,5101.5,
OI000017122,O00004271,M0086,1,1740.0,0.0,1740.0,
OI000017123,O00004271,M0001,1,1480.0,0.0,1480.0,
OI000017124,O00004271,M0025,1,260.0,0.0,260.0,
OI000017125,O00004271,M0010,1,451.5,0.0,451.5,Customer request
OI000017126,O00004271,M0007,1,1280.0,0.0,1280.0,
OI000017127,O00004272,M0003,1,997.5,0.0,997.5,
OI000017128,O00004272,M0007,1,1216.0,0.0,1216.0,
OI000017129,O00004272,M0093,1,930.0,0.0,930.0,
OI000017130,O00004272,M0152,1,560.0,0.0,560.0,Customer request
OI000017131,O00004273,M0014,1,1795.5,0.0,1795.5,
OI000017132,O00004273,M0009,1,1577.0,0.0,1577.0,Customer request
OI000017133,O00004273,M0010,1,430.0,0.0,430.0,Customer request
OI000017134,O00004274,M0037,1,1610.0,241.5,1368.5,
OI000017135,O00004274,M0001,1,1480.0,0.0,1480.0,
OI000017136,O00004274,M0044,2,378.0,0.0,756.0,
OI000017137,O00004274,M0158,2,745.5,0.0,1491.0,
OI000017138,O00004274,M0030,3,270.0,0.0,810.0,
OI000017139,O00004274,M0019,1,661.5,0.0,661.5,
OI000017140,O00004274,M0001,1,1480.0,0.0,1480.0,
OI000017141,O00004275,M0039,1,1690.0,0.0,1690.0,
OI000017142,O00004275,M0003,1,997.5,0.0,997.5,
OI000017143,O00004276,M0026,1,450.0,0.0,450.0,
OI000017144,O00004276,M0011,1,1092.5,0.0,1092.5,
OI000017145,O00004277,M0008,1,880.0,0.0,880.0,
OI000017146,O00004277,M0177,2,200.0,0.0,400.0,
OI000017147,O00004277,M0102,1,480.0,0.0,480.0,
OI000017148,O00004277,M0002,1,520.0,0.0,520.0,
OI000017149,O00004278,M0011,1,1150.0,0.0,1150.0,
OI000017150,O00004278,M0075,1,1795.5,0.0,1795.5,
OI000017151,O00004278,M0116,2,399.0,0.0,798.0,
OI000017152,O00004278,M0036,1,1790.0,0.0,1790.0,
OI000017153,O00004279,M0149,1,966.0,0.0,966.0,
OI000017154,O00004280,M0015,1,1596.0,0.0,1596.0,
OI000017155,O00004280,M0001,1,1480.0,0.0,1480.0,
OI000017156,O00004280,M0169,3,1121.0,0.0,3363.0,
OI000017157,O00004280,M0020,2,1110.0,0.0,2220.0,
OI000017158,O00004280,M0001,1,1554.0,233.1,1320.9,
OI000017159,O00004280,M0080,2,870.0,0.0,1740.0,
OI000017160,O00004280,M0007,1,1216.0,0.0,1216.0,
OI000017161,O00004281,M0002,1,546.0,0.0,546.0,
OI000017162,O00004281,M0124,2,980.0,0.0,1960.0,
OI000017163,O00004281,M0007,4,1280.0,0.0,5120.0,
OI000017164,O00004281,M0039,2,1690.0,169.0,3211.0,
OI000017165,O00004282,M0052,1,710.0,0.0,710.0,
OI000017166,O00004282,M0170,2,900.0,0.0,1800.0,
OI000017167,O00004282,M0018,1,1140.0,0.0,1140.0,
OI000017168,O00004282,M0032,1,871.5,0.0,871.5,
OI000017169,O00004283,M0010,1,430.0,0.0,430.0,
OI000017170,O00004283,M0027,2,750.5,0.0,1501.0,
OI000017171,O00004283,M0001,4,1480.0,0.0,5920.0,
OI000017172,O00004284,M0130,1,1070.0,0.0,1070.0,
OI000017173,O00004284,M0001,1,1406.0,210.9,1195.1,
OI000017174,O00004284,M0007,2,1280.0,0.0,2560.0,
OI000017175,O00004284,M0080,2,870.0,0.0,1740.0,
OI000017176,O00004285,M0059,2,627.0,0.0,1254.0,
OI000017177,O00004285,M0090,1,1250.0,0.0,1250.0,
OI000017178,O00004285,M0032,3,830.0,0.0,2490.0,
OI000017179,O00004285,M0162,1,330.0,0.0,330.0,
OI000017180,O00004286,M0170,1,855.0,0.0,855.0,
OI000017181,O00004286,M0092,1,845.5,126.82,718.68,
OI000017182,O00004286,M0012,1,570.0,85.5,484.5,
OI000017183,O00004286,M0001,2,1480.0,0.0,2960.0,
OI000017184,O00004287,M0040,1,430.0,64.5,365.5,
OI000017185,O00004287,M0001,3,1554.0,0.0,4662.0,
OI000017186,O00004288,M0110,1,1650.0,0.0,1650.0,
OI000017187,O00004288,M0047,2,1610.0,161.0,3059.0,
OI000017188,O00004289,M0054,2,1120.0,0.0,2240.0,
OI000017189,O00004289,M0001,1,1480.0,0.0,1480.0,
OI000017190,O00004289,M0047,1,1610.0,0.0,1610.0,
OI000017191,O00004289,M0004,2,1890.0,0.0,3780.0,
OI000017192,O00004289,M0019,2,598.5,0.0,1197.0,
OI000017193,O00004289,M0012,2,598.5,0.0,1197.0,
OI000017194,O00004289,M0007,3,1280.0,0.0,3840.0,
OI000017195,O00004290,M0024,1,580.0,0.0,580.0,
OI000017196,O00004290,M0093,1,930.0,0.0,930.0,
OI000017197,O00004290,M0006,1,1700.5,85.02,1615.48,
OI000017198,O00004291,M0033,1,325.5,0.0,325.5,
OI000017199,O00004291,M0015,1,1680.0,0.0,1680.0,Customer request
OI000017200,O00004291,M0062,1,1010.0,50.5,959.5,
OI000017201,O00004292,M0043,2,1770.0,0.0,3540.0,
OI000017202,O00004292,M0061,2,924.0,0.0,1848.0,
OI000017203,O00004293,M0190,4,380.0,0.0,1520.0,
OI000017204,O00004293,M0033,1,310.0,0.0,310.0,
OI000017205,O00004293,M0002,2,520.0,0.0,1040.0,Customer request
OI000017206,O00004293,M0001,2,1406.0,0.0,2812.0,
OI000017207,O00004293,M0001,2,1554.0,0.0,3108.0,
OI000017208,O00004294,M0014,1,1710.0,0.0,1710.0,
OI000017209,O00004295,M0082,2,590.0,0.0,1180.0,
OI000017210,O00004295,M0122,4,446.5,0.0,1786.0,
OI000017211,O00004295,M0048,1,1580.0,0.0,1580.0,
OI000017212,O00004295,M0029,2,660.0,198.0,1122.0,
OI000017213,O00004295,M0125,1,336.0,50.4,285.6,
OI000017214,O00004295,M0001,2,1480.0,0.0,2960.0,
OI000017215,O00004295,M0012,1,570.0,0.0,570.0,
OI000017216,O00004296,M0001,2,1480.0,148.0,2812.0,
OI000017217,O00004296,M0163,1,1390.0,0.0,1390.0,
OI000017218,O00004296,M0002,1,520.0,0.0,520.0,
OI000017219,O00004296,M0178,1,260.0,0.0,260.0,Customer request
OI000017220,O00004296,M0083,1,513.0,76.95,436.05,
OI000017221,O00004297,M0031,1,1740.0,0.0,1740.0,
OI000017222,O00004297,M0011,1,1150.0,0.0,1150.0,
OI000017223,O00004297,M0038,1,1320.0,0.0,1320.0,
OI000017224,O00004297,M0059,1,660.0,0.0,660.0,
OI000017225,O00004298,M0029,1,627.0,0.0,627.0,Customer request
OI000017226,O00004298,M0157,1,1460.0,0.0,1460.0,
OI000017227,O00004298,M0003,1,1050.0,0.0,1050.0,
OI000017228,O00004298,M0003,3,1050.0,0.0,3150.0,
OI000017229,O00004298,M0099,1,570.0,0.0,570.0,
OI000017230,O00004298,M0042,1,1149.5,0.0,1149.5,
OI000017231,O00004298,M0019,1,630.0,63.0,567.0,
OI000017232,O00004299,M0114,1,640.0,0.0,640.0,
OI000017233,O00004299,M0167,2,588.0,0.0,1176.0,
OI000017234,O00004300,M0035,1,874.0,0.0,874.0,
OI000017235,O00004300,M0043,1,1770.0,0.0,1770.0,
OI000017236,O00004300,M0001,1,1480.0,0.0,1480.0,
OI000017237,O00004300,M0031,2,1740.0,0.0,3480.0,
OI000017238,O00004301,M0001,1,1480.0,0.0,1480.0,
OI000017239,O00004301,M0019,2,661.5,0.0,1323.0,
OI000017240,O00004301,M0182,1,1567.5,0.0,1567.5,
OI000017241,O00004301,M0094,2,630.0,0.0,1260.0,
OI000017242,O00004302,M0085,1,1720.0,0.0,1720.0,
OI000017243,O00004302,M0101,1,550.0,27.5,522.5,
OI000017244,O00004302,M0126,2,1596.0,0.0,3192.0,
OI000017245,O00004302,M0001,1,1554.0,0.0,1554.0,
OI000017246,O00004302,M0139,1,1681.5,0.0,1681.5,
OI000017247,O00004303,M0098,1,1168.5,0.0,1168.5,
OI000017248,O00004303,M0070,2,1548.5,0.0,3097.0,
OI000017249,O00004303,M0019,2,598.5,0.0,1197.0,
OI000017250,O00004304,M0010,3,430.0,0.0,1290.0,
OI000017251,O00004304,M0005,2,451.5,45.15,857.85,
OI000017252,O00004304,M0013,1,1500.0,0.0,1500.0,
OI000017253,O00004305,M0138,1,665.0,0.0,665.0,
OI000017254,O00004306,M0001,1,1480.0,0.0,1480.0,
OI000017255,O00004306,M0082,1,590.0,0.0,590.0,
OI000017256,O00004306,M0002,1,520.0,0.0,520.0,
OI000017257,O00004307,M0002,1,546.0,81.9,464.1,
OI000017258,O00004308,M0005,1,451.5,0.0,451.5,
OI000017259,O00004308,M0067,1,1440.0,144.0,1296.0,
OI000017260,O00004308,M0127,2,770.0,0.0,1540.0,
OI000017261,O00004308,M0003,3,997.5,0.0,2992.5,
OI000017262,O00004309,M0006,3,1700.5,0.0,5101.5,Customer request
OI000017263,O00004309,M0057,1,500.0,0.0,500.0,
OI000017264,O00004309,M0025,2,260.0,0.0,520.0,
OI000017265,O00004309,M0057,1,500.0,0.0,500.0,
OI000017266,O00004309,M0003,2,997.5,0.0,1995.0,
OI000017267,O00004310,M0026,2,472.5,0.0,945.0,
OI000017268,O00004310,M0013,1,1425.0,213.75,1211.25,
OI000017269,O00004310,M0023,1,580.0,0.0,580.0,
OI000017270,O00004310,M0010,1,451.5,0.0,451.5,
OI000017271,O00004310,M0003,1,1050.0,0.0,1050.0,
OI000017272,O00004310,M0065,1,807.5,0.0,807.5,
OI000017273,O00004310,M0066,1,609.0,0.0,609.0,
OI000017274,O00004311,M0008,1,880.0,0.0,880.0,
OI000017275,O00004311,M0045,2,1080.0,0.0,2160.0,
OI000017276,O00004311,M0179,1,1440.0,72.0,1368.0,
OI000017277,O00004311,M0038,1,1320.0,0.0,1320.0,
OI000017278,O00004311,M0011,1,1207.5,0.0,1207.5,
OI000017279,O00004312,M0011,2,1092.5,0.0,2185.0,
OI000017280,O00004312,M0119,2,252.0,0.0,504.0,
OI000017281,O00004313,M0030,1,270.0,0.0,270.0,
OI000017282,O00004313,M0008,1,924.0,46.2,877.8,
OI000017283,O00004313,M0057,2,525.0,0.0,1050.0,
OI000017284,O00004314,M0133,1,950.0,0.0,950.0,
OI000017285,O00004314,M0082,1,590.0,0.0,590.0,
OI000017286,O00004314,M0002,1,520.0,0.0,520.0,
OI000017287,O00004315,M0013,5,1425.0,1068.75,6056.25,
OI000017288,O00004315,M0112,1,579.5,0.0,579.5,
OI000017289,O00004315,M0021,1,1250.0,0.0,1250.0,
OI000017290,O00004315,M0200,2,1160.0,0.0,2320.0,
OI000017291,O00004315,M0013,3,1500.0,0.0,4500.0,
OI000017292,O00004316,M0152,2,560.0,0.0,1120.0,
OI000017293,O00004316,M0026,1,427.5,0.0,427.5,
OI000017294,O00004316,M0166,3,370.0,0.0,1110.0,
OI000017295,O00004316,M0021,1,1187.5,0.0,1187.5,
OI000017296,O00004316,M0027,1,829.5,0.0,829.5,
OI000017297,O00004317,M0038,3,1320.0,0.0,3960.0,
OI000017298,O00004317,M0001,2,1480.0,0.0,2960.0,
OI000017299,O00004317,M0002,1,520.0,0.0,520.0,
OI000017300,O00004317,M0128,1,1070.0,0.0,1070.0,
OI000017301,O00004317,M0008,2,880.0,0.0,1760.0,
OI000017302,O00004317,M0056,2,237.5,0.0,475.0,
OI000017303,O00004317,M0008,5,836.0,0.0,4180.0,
OI000017304,O00004317,M0014,1,1795.5,269.32,1526.18,
OI000017305,O00004318,M0051,2,712.5,0.0,1425.0,
OI000017306,O00004318,M0013,1,1500.0,0.0,1500.0,
OI000017307,O00004318,M0082,2,619.5,0.0,1239.0,
OI000017308,O00004318,M0034,1,1197.0,59.85,1137.15,
OI000017309,O00004319,M0092,1,934.5,0.0,934.5,
OI000017310,O00004319,M0005,1,408.5,0.0,408.5,
OI000017311,O00004319,M0060,3,1121.0,0.0,3363.0,
OI000017312,O00004319,M0011,1,1150.0,0.0,1150.0,
OI000017313,O00004320,M0014,2,1624.5,0.0,3249.0,
OI000017314,O00004320,M0004,2,1710.0,0.0,3420.0,
OI000017315,O00004320,M0003,1,1050.0,0.0,1050.0,
OI000017316,O00004320,M0140,1,1590.0,238.5,1351.5,
OI000017317,O00004320,M0171,1,1640.0,0.0,1640.0,
OI000017318,O00004320,M0018,1,1260.0,0.0,1260.0,
OI000017319,O00004320,M0094,1,661.5,0.0,661.5,
OI000017320,O00004320,M0108,1,408.5,0.0,408.5,
OI000017321,O00004320,M0003,1,997.5,0.0,997.5,
OI000017322,O00004320,M0167,1,560.0,0.0,560.0,
OI000017323,O00004321,M0110,1,1567.5,0.0,1567.5,
OI000017324,O00004321,M0103,1,1150.0,0.0,1150.0,
OI000017325,O00004322,M0160,2,1750.0,0.0,3500.0,
OI000017326,O00004322,M0014,5,1710.0,0.0,8550.0,
OI000017327,O00004322,M0142,1,730.0,0.0,730.0,
OI000017328,O00004323,M0199,2,440.0,0.0,880.0,
OI000017329,O00004323,M0006,1,1790.0,0.0,1790.0,
OI000017330,O00004323,M0002,2,520.0,0.0,1040.0,
OI000017331,O00004323,M0002,1,546.0,0.0,546.0,
OI000017332,O00004324,M0016,1,1291.5,0.0,1291.5,
OI000017333,O00004324,M0110,1,1732.5,0.0,1732.5,
OI000017334,O00004324,M0090,5,1187.5,593.75,5343.75,
OI000017335,O00004324,M0005,1,451.5,0.0,451.5,
OI000017336,O00004324,M0037,1,1529.5,0.0,1529.5,Customer request
OI000017337,O00004324,M0015,2,1764.0,176.4,3351.6,
OI000017338,O00004325,M0119,3,240.0,0.0,720.0,
OI000017339,O00004325,M0108,2,451.5,45.15,857.85,
OI000017340,O00004326,M0111,3,280.0,0.0,840.0,
OI000017341,O00004326,M0036,1,1700.5,170.05,1530.45,
OI000017342,O00004326,M0110,1,1650.0,0.0,1650.0,
OI000017343,O00004326,M0084,2,1540.0,0.0,3080.0,
OI000017344,O00004326,M0035,1,920.0,0.0,920.0,
OI000017345,O00004327,M0097,1,336.0,0.0,336.0,Customer request
OI000017346,O00004327,M0016,1,1168.5,0.0,1168.5,
OI000017347,O00004327,M0100,1,1790.0,0.0,1790.0,
OI000017348,O00004327,M0055,3,890.0,0.0,2670.0,
OI000017349,O00004327,M0131,2,1039.5,0.0,2079.0,
OI000017350,O00004328,M0145,1,1760.0,0.0,1760.0,
OI000017351,O00004328,M0018,1,1200.0,0.0,1200.0,
OI000017352,O00004328,M0009,1,1660.0,166.0,1494.0,
OI000017353,O00004328,M0009,1,1743.0,0.0,1743.0,
OI000017354,O00004328,M0012,4,570.0,0.0,2280.0,
OI000017355,O00004329,M0001,1,1480.0,0.0,1480.0,
OI000017356,O00004329,M0163,1,1459.5,0.0,1459.5,
OI000017357,O00004330,M0002,1,520.0,0.0,520.0,
OI000017358,O00004330,M0138,1,700.0,0.0,700.0,
OI000017359,O00004330,M0030,1,256.5,0.0,256.5,
OI000017360,O00004330,M0149,3,874.0,0.0,2622.0,
OI000017361,O00004330,M0164,4,1333.5,0.0,5334.0,
OI000017362,O00004331,M0115,2,1140.0,0.0,2280.0,
OI000017363,O00004331,M0019,2,630.0,0.0,1260.0,
OI000017364,O00004331,M0020,1,1165.5,0.0,1165.5,Customer request
OI000017365,O00004331,M0182,3,1650.0,0.0,4950.0,
OI000017366,O00004331,M0013,3,1500.0,0.0,4500.0,
OI000017367,O00004332,M0020,1,1054.5,0.0,1054.5,
OI000017368,O00004332,M0010,1,430.0,43.0,387.0,
OI000017369,O00004332,M0034,1,1197.0,0.0,1197.0,
OI000017370,O00004332,M0052,2,745.5,0.0,1491.0,
OI000017371,O00004332,M0064,1,399.0,0.0,399.0,
OI000017372,O00004332,M0003,2,1102.5,0.0,2205.0,
OI000017373,O00004332,M0014,2,1795.5,538.65,3052.35,
OI000017374,O00004333,M0198,1,680.0,0.0,680.0,
OI000017375,O00004333,M0001,1,1480.0,0.0,1480.0,
OI000017376,O00004334,M0016,1,1230.0,0.0,1230.0,
OI000017377,O00004334,M0005,2,430.0,0.0,860.0,
OI000017378,O00004334,M0009,1,1743.0,0.0,1743.0,
OI000017379,O00004334,M0027,3,829.5,0.0,2488.5,Customer request
OI000017380,O00004334,M0193,1,550.0,0.0,550.0,
OI000017381,O00004335,M0111,1,280.0,0.0,280.0,
OI000017382,O00004335,M0007,1,1216.0,0.0,1216.0,
OI000017383,O00004335,M0003,1,997.5,0.0,997.5,
OI000017384,O00004336,M0051,1,787.5,0.0,787.5,
OI000017385,O00004336,M0138,1,700.0,35.0,665.0,
OI000017386,O00004336,M0005,2,430.0,0.0,860.0,
OI000017387,O00004336,M0005,1,430.0,0.0,430.0,
OI000017388,O00004336,M0070,1,1630.0,0.0,1630.0,
OI000017389,O00004336,M0010,2,430.0,0.0,860.0,
OI000017390,O00004336,M0001,1,1554.0,0.0,1554.0,
OI000017391,O00004337,M0010,1,408.5,0.0,408.5,
OI000017392,O00004337,M0005,1,430.0,0.0,430.0,
OI000017393,O00004337,M0012,1,570.0,0.0,570.0,
OI000017394,O00004337,M0112,3,610.0,0.0,1830.0,
OI000017395,O00004338,M0067,1,1440.0,0.0,1440.0,
OI000017396,O00004338,M0009,2,1660.0,0.0,3320.0,
OI000017397,O00004338,M0020,2,1110.0,0.0,2220.0,
OI000017398,O00004339,M0005,1,408.5,0.0,408.5,
OI000017399,O00004339,M0041,1,1560.0,0.0,1560.0,
OI000017400,O00004339,M0006,3,1790.0,268.5,5101.5,
OI000017401,O00004340,M0161,1,389.5,0.0,389.5,
OI000017402,O00004340,M0008,1,880.0,0.0,880.0,
OI000017403,O00004340,M0078,2,1260.0,0.0,2520.0,
OI000017404,O00004340,M0018,3,1200.0,0.0,3600.0,
OI000017405,O00004341,M0145,2,1760.0,0.0,3520.0,
OI000017406,O00004341,M0011,1,1150.0,0.0,1150.0,
OI000017407,O00004341,M0001,4,1406.0,0.0,5624.0,
OI000017408,O00004341,M0002,1,520.0,0.0,520.0,
OI000017409,O00004342,M0001,1,1480.0,0.0,1480.0,Customer request
OI000017410,O00004343,M0011,1,1092.5,0.0,1092.5,Customer request
OI000017411,O00004343,M0067,1,1440.0,0.0,1440.0,
OI000017412,O00004343,M0034,1,1197.0,0.0,1197.0,
OI000017413,O00004343,M0007,1,1216.0,0.0,1216.0,
OI000017414,O00004344,M0200,1,1160.0,0.0,1160.0,
OI000017415,O00004344,M0001,1,1406.0,0.0,1406.0,Customer request
OI000017416,O00004344,M0055,1,890.0,0.0,890.0,
OI000017417,O00004344,M0107,1,378.0,0.0,378.0,
OI000017418,O00004345,M0177,2,200.0,0.0,400.0,
OI000017419,O00004345,M0014,1,1795.5,0.0,1795.5,
OI000017420,O00004346,M0044,1,378.0,0.0,378.0,
OI000017421,O00004346,M0007,1,1344.0,0.0,1344.0,
OI000017422,O00004346,M0001,1,1480.0,0.0,1480.0,
OI000017423,O00004347,M0034,1,1197.0,0.0,1197.0,
OI000017424,O00004347,M0048,2,1580.0,0.0,3160.0,
OI000017425,O00004347,M0009,1,1743.0,0.0,1743.0,
OI000017426,O00004347,M0006,3,1790.0,268.5,5101.5,
OI000017427,O00004347,M0009,2,1577.0,0.0,3154.0,
OI000017428,O00004347,M0035,1,966.0,0.0,966.0,
OI000017429,O00004348,M0069,1,1228.5,0.0,1228.5,
OI000017430,O00004348,M0080,1,913.5,0.0,913.5,
OI000017431,O00004348,M0009,1,1743.0,0.0,1743.0,
OI000017432,O00004349,M0129,2,1760.0,0.0,3520.0,
OI000017433,O00004349,M0029,1,660.0,0.0,660.0,
OI000017434,O00004349,M0040,1,430.0,0.0,430.0,
OI000017435,O00004349,M0006,2,1790.0,358.0,3222.0,
OI000017436,O00004349,M0017,2,730.0,146.0,1314.0,
OI000017437,O00004350,M0001,3,1480.0,0.0,4440.0,
OI000017438,O00004350,M0045,1,1080.0,54.0,1026.0,Customer request
OI000017439,O00004350,M0089,1,1150.0,0.0,1150.0,
OI000017440,O00004351,M0039,1,1774.5,0.0,1774.5,
OI000017441,O00004351,M0012,1,570.0,0.0,570.0,
OI000017442,O00004351,M0120,2,1827.0,0.0,3654.0,
OI000017443,O00004352,M0001,1,1480.0,0.0,1480.0,
OI000017444,O00004352,M0007,1,1280.0,0.0,1280.0,
OI000017445,O00004352,M0001,2,1406.0,140.6,2671.4,
OI000017446,O00004352,M0018,1,1140.0,0.0,1140.0,
OI000017447,O00004352,M0007,1,1344.0,0.0,1344.0,
OI000017448,O00004353,M0070,1,1548.5,0.0,1548.5,
OI000017449,O00004353,M0002,3,546.0,0.0,1638.0,
OI000017450,O00004353,M0001,2,1480.0,0.0,2960.0,
OI000017451,O00004354,M0040,1,430.0,0.0,430.0,
OI000017452,O00004354,M0088,2,1140.0,0.0,2280.0,
OI000017453,O00004354,M0027,4,829.5,0.0,3318.0,
OI000017454,O00004354,M0009,1,1660.0,0.0,1660.0,
OI000017455,O00004354,M0031,2,1740.0,0.0,3480.0,
OI000017456,O00004354,M0013,1,1575.0,78.75,1496.25,
OI000017457,O00004354,M0010,1,430.0,0.0,430.0,
OI000017458,O00004355,M0024,1,580.0,0.0,580.0,
OI000017459,O00004355,M0053,1,1770.0,0.0,1770.0,
OI000017460,O00004355,M0045,2,1026.0,0.0,2052.0,
OI000017461,O00004355,M0002,2,520.0,0.0,1040.0,Customer request
OI000017462,O00004356,M0006,3,1790.0,805.5,4564.5,
OI000017463,O00004356,M0001,1,1554.0,0.0,1554.0,
OI000017464,O00004357,M0023,1,580.0,0.0,580.0,
OI000017465,O00004357,M0096,1,730.0,0.0,730.0,
OI000017466,O00004357,M0020,1,1110.0,0.0,1110.0,
OI000017467,O00004357,M0200,1,1160.0,0.0,1160.0,
OI000017468,O00004357,M0090,1,1312.5,0.0,1312.5,
OI000017469,O00004358,M0016,5,1291.5,0.0,6457.5,
OI000017470,O00004358,M0185,2,1638.0,0.0,3276.0,
OI000017471,O00004358,M0059,1,660.0,0.0,660.0,
OI000017472,O00004359,M0158,1,745.5,0.0,745.5,
OI000017473,O00004359,M0002,2,520.0,0.0,1040.0,
OI000017474,O00004359,M0041,1,1482.0,0.0,1482.0,
OI000017475,O00004360,M0152,1,560.0,0.0,560.0,Customer request
OI000017476,O00004360,M0061,2,880.0,0.0,1760.0,
OI000017477,O00004360,M0194,1,1270.0,0.0,1270.0,
OI000017478,O00004360,M0198,2,680.0,0.0,1360.0,
OI000017479,O00004360,M0104,1,200.0,0.0,200.0,
OI000017480,O00004360,M0009,1,1660.0,0.0,1660.0,
OI000017481,O00004360,M0128,4,1070.0,214.0,4066.0,
OI000017482,O00004360,M0075,1,1795.5,0.0,1795.5,
OI000017483,O00004361,M0002,3,520.0,0.0,1560.0,
OI000017484,O00004361,M0017,3,766.5,0.0,2299.5,
OI000017485,O00004361,M0137,1,1770.0,0.0,1770.0,
OI000017486,O00004361,M0077,3,1711.5,0.0,5134.5,
OI000017487,O00004361,M0022,1,1240.0,0.0,1240.0,
OI000017488,O00004362,M0052,1,674.5,0.0,674.5,Customer request
OI000017489,O00004362,M0166,3,388.5,0.0,1165.5,
OI000017490,O00004362,M0049,1,1377.5,0.0,1377.5,
OI000017491,O00004362,M0006,2,1790.0,0.0,3580.0,
OI000017492,O00004363,M0066,1,551.0,0.0,551.0,
OI000017493,O00004363,M0008,2,880.0,0.0,1760.0,
OI000017494,O00004363,M0054,2,1120.0,0.0,2240.0,Customer request
OI000017495,O00004363,M0060,2,1121.0,0.0,2242.0,
OI000017496,O00004364,M0015,3,1680.0,504.0,4536.0,
OI000017497,O00004364,M0087,2,1680.0,0.0,3360.0,
OI000017498,O00004365,M0010,1,451.5,45.15,406.35,
OI000017499,O00004365,M0001,1,1406.0,0.0,1406.0,
OI000017500,O00004365,M0014,1,1795.5,89.78,1705.72,
OI000017501,O00004365,M0132,1,1681.5,0.0,1681.5,
OI000017502,O00004366,M0045,1,1080.0,0.0,1080.0,
OI000017503,O00004366,M0126,1,1520.0,0.0,1520.0,
OI000017504,O00004367,M0003,1,1102.5,0.0,1102.5,
OI000017505,O00004367,M0005,1,430.0,0.0,430.0,
OI000017506,O00004367,M0004,3,1800.0,0.0,5400.0,
OI000017507,O00004367,M0101,3,550.0,0.0,1650.0,
OI000017508,O00004368,M0052,1,674.5,0.0,674.5,
OI000017509,O00004368,M0013,2,1500.0,0.0,3000.0,
OI000017510,O00004368,M0100,1,1879.5,0.0,1879.5,
OI000017511,O00004369,M0023,1,580.0,0.0,580.0,
OI000017512,O00004369,M0053,1,1681.5,0.0,1681.5,
OI000017513,O00004369,M0128,1,1070.0,0.0,1070.0,
OI000017514,O00004370,M0022,3,1240.0,186.0,3534.0,
OI000017515,O00004370,M0090,1,1250.0,0.0,1250.0,
OI000017516,O00004370,M0043,1,1858.5,0.0,1858.5,
OI000017517,O00004371,M0152,1,588.0,0.0,588.0,
OI000017518,O00004371,M0025,1,260.0,0.0,260.0,
OI000017519,O00004371,M0010,2,451.5,0.0,903.0,
OI000017520,O00004372,M0008,1,836.0,0.0,836.0,
OI000017521,O00004372,M0005,1,430.0,0.0,430.0,
OI000017522,O00004372,M0015,2,1596.0,0.0,3192.0,
OI000017523,O00004372,M0023,2,551.0,0.0,1102.0,
OI000017524,O00004373,M0003,1,1050.0,0.0,1050.0,
OI000017525,O00004373,M0085,1,1720.0,0.0,1720.0,
OI000017526,O00004373,M0167,3,560.0,0.0,1680.0,
OI000017527,O00004373,M0020,1,1110.0,166.5,943.5,
OI000017528,O00004373,M0160,2,1662.5,0.0,3325.0,
OI000017529,O00004374,M0021,2,1187.5,0.0,2375.0,
OI000017530,O00004374,M0006,2,1790.0,358.0,3222.0,
OI000017531,O00004374,M0130,3,1070.0,0.0,3210.0,
OI000017532,O00004374,M0149,1,920.0,0.0,920.0,
OI000017533,O00004374,M0058,1,1282.5,0.0,1282.5,
OI000017534,O00004374,M0159,1,1040.0,104.0,936.0,
OI000017535,O00004374,M0014,1,1710.0,0.0,1710.0,
OI000017536,O00004375,M0011,1,1092.5,0.0,1092.5,Customer request
OI000017537,O00004375,M0128,1,1123.5,0.0,1123.5,
OI000017538,O00004375,M0009,1,1660.0,83.0,1577.0,
OI000017539,O00004376,M0133,1,1000.0,0.0,1000.0,
OI000017540,O00004376,M0007,1,1280.0,0.0,1280.0,
OI000017541,O00004376,M0073,1,441.0,44.1,396.9,
OI000017542,O00004376,M0114,1,640.0,0.0,640.0,
OI000017543,O00004376,M0134,1,730.0,0.0,730.0,
OI000017544,O00004377,M0181,1,280.0,0.0,280.0,
OI000017545,O00004377,M0010,2,408.5,0.0,817.0,
OI000017546,O00004377,M0039,2,1690.0,0.0,3380.0,
OI000017547,O00004377,M0176,1,1780.0,0.0,1780.0,Customer request
OI000017548,O00004378,M0001,1,1480.0,0.0,1480.0,
OI000017549,O00004378,M0053,1,1858.5,0.0,1858.5,
OI000017550,O00004378,M0003,1,1050.0,0.0,1050.0,
OI000017551,O00004378,M0023,1,580.0,0.0,580.0,
OI000017552,O00004379,M0002,2,546.0,109.2,982.8,
OI000017553,O00004379,M0013,1,1575.0,0.0,1575.0,
OI000017554,O00004379,M0072,1,1340.0,0.0,1340.0,
OI000017555,O00004379,M0111,1,280.0,0.0,280.0,
OI000017556,O00004380,M0042,1,1270.5,0.0,1270.5,
OI000017557,O00004380,M0023,3,580.0,0.0,1740.0,
OI000017558,O00004380,M0013,2,1425.0,0.0,2850.0,
OI000017559,O00004380,M0152,1,588.0,0.0,588.0,
OI000017560,O00004381,M0005,5,430.0,0.0,2150.0,
OI000017561,O00004381,M0070,1,1630.0,0.0,1630.0,
OI000017562,O00004381,M0003,1,1102.5,0.0,1102.5,
OI000017563,O00004382,M0148,4,1180.0,0.0,4720.0,
OI000017564,O00004382,M0009,3,1660.0,0.0,4980.0,
OI000017565,O00004382,M0016,1,1168.5,0.0,1168.5,
OI000017566,O00004382,M0004,2,1800.0,0.0,3600.0,
OI000017567,O00004383,M0165,1,567.0,0.0,567.0,
OI000017568,O00004383,M0143,1,800.0,0.0,800.0,Customer request
OI000017569,O00004383,M0028,2,870.0,0.0,1740.0,
OI000017570,O00004383,M0001,1,1480.0,0.0,1480.0,
OI000017571,O00004384,M0150,2,300.0,0.0,600.0,
OI000017572,O00004384,M0180,1,250.0,0.0,250.0,
OI000017573,O00004384,M0001,1,1480.0,148.0,1332.0,
OI000017574,O00004384,M0052,1,745.5,0.0,745.5,
OI000017575,O00004385,M0176,3,1780.0,0.0,5340.0,
OI000017576,O00004385,M0073,2,399.0,0.0,798.0,Customer request
OI000017577,O00004385,M0034,3,1197.0,0.0,3591.0,
OI000017578,O00004386,M0013,3,1575.0,708.75,4016.25,
OI000017579,O00004386,M0086,1,1827.0,0.0,1827.0,
OI000017580,O00004386,M0193,1,522.5,0.0,522.5,
OI000017581,O00004387,M0058,1,1350.0,0.0,1350.0,
OI000017582,O00004387,M0032,1,871.5,0.0,871.5,
OI000017583,O00004387,M0004,1,1710.0,0.0,1710.0,
OI000017584,O00004387,M0131,3,990.0,0.0,2970.0,
OI000017585,O00004387,M0017,3,730.0,0.0,2190.0,
OI000017586,O00004388,M0096,1,766.5,0.0,766.5,
OI000017587,O00004389,M0014,1,1710.0,0.0,1710.0,
OI000017588,O00004389,M0002,4,520.0,0.0,2080.0,
OI000017589,O00004389,M0066,1,609.0,30.45,578.55,
OI000017590,O00004390,M0039,1,1690.0,0.0,1690.0,
OI000017591,O00004390,M0003,1,1050.0,105.0,945.0,Customer request
OI000017592,O00004390,M0118,1,1310.0,0.0,1310.0,
OI000017593,O00004390,M0010,1,430.0,0.0,430.0,
OI000017594,O00004391,M0024,2,580.0,0.0,1160.0,
OI000017595,O00004391,M0031,1,1740.0,0.0,1740.0,
OI000017596,O00004391,M0007,1,1216.0,0.0,1216.0,
OI000017597,O00004391,M0032,1,830.0,0.0,830.0,
OI000017598,O00004392,M0001,1,1480.0,0.0,1480.0,
OI000017599,O00004392,M0004,1,1710.0,0.0,1710.0,
OI000017600,O00004392,M0009,1,1577.0,0.0,1577.0,
OI000017601,O00004392,M0015,1,1596.0,0.0,1596.0,
OI000017602,O00004392,M0007,1,1216.0,0.0,1216.0,
OI000017603,O00004393,M0027,1,790.0,0.0,790.0,
OI000017604,O00004393,M0063,1,1270.5,0.0,1270.5,
OI000017605,O00004394,M0014,2,1710.0,0.0,3420.0,
OI000017606,O00004394,M0001,3,1554.0,0.0,4662.0,
OI000017607,O00004394,M0057,2,525.0,105.0,945.0,
OI000017608,O00004394,M0139,1,1770.0,0.0,1770.0,
OI000017609,O00004394,M0002,2,520.0,0.0,1040.0,
OI000017610,O00004395,M0004,1,1800.0,0.0,1800.0,Customer request
OI000017611,O00004395,M0001,1,1480.0,0.0,1480.0,
OI000017612,O00004395,M0006,4,1790.0,0.0,7160.0,
OI000017613,O00004395,M0010,4,451.5,0.0,1806.0,
OI000017614,O00004395,M0025,3,273.0,0.0,819.0,
OI000017615,O00004396,M0074,1,720.0,0.0,720.0,
OI000017616,O00004396,M0022,2,1178.0,0.0,2356.0,
OI000017617,O00004396,M0015,1,1680.0,0.0,1680.0,
OI000017618,O00004396,M0070,3,1548.5,0.0,4645.5,
OI000017619,O00004397,M0060,1,1180.0,0.0,1180.0,
OI000017620,O00004397,M0021,1,1312.5,0.0,1312.5,
OI000017621,O00004397,M0013,1,1500.0,0.0,1500.0,
OI000017622,O00004398,M0017,1,766.5,114.98,651.52,
OI000017623,O00004398,M0019,1,630.0,0.0,630.0,
OI000017624,O00004398,M0002,1,520.0,0.0,520.0,
OI000017625,O00004398,M0004,2,1800.0,0.0,3600.0,
OI000017626,O00004399,M0063,2,1210.0,242.0,2178.0,
OI000017627,O00004399,M0163,1,1390.0,0.0,1390.0,
OI000017628,O00004399,M0002,1,520.0,0.0,520.0,
OI000017629,O00004399,M0002,1,520.0,0.0,520.0,
OI000017630,O00004399,M0002,1,494.0,0.0,494.0,
OI000017631,O00004399,M0007,2,1344.0,0.0,2688.0,Customer request
OI000017632,O00004399,M0104,1,200.0,0.0,200.0,
OI000017633,O00004400,M0121,1,1510.0,0.0,1510.0,
OI000017634,O00004400,M0145,1,1760.0,0.0,1760.0,
OI000017635,O00004400,M0101,2,550.0,0.0,1100.0,
OI000017636,O00004401,M0026,5,427.5,0.0,2137.5,
OI000017637,O00004401,M0043,1,1681.5,0.0,1681.5,
OI000017638,O00004401,M0070,1,1548.5,0.0,1548.5,
OI000017639,O00004402,M0007,2,1280.0,0.0,2560.0,
OI000017640,O00004402,M0039,1,1774.5,0.0,1774.5,Customer request
OI000017641,O00004403,M0034,1,1197.0,0.0,1197.0,
OI000017642,O00004403,M0095,1,230.0,0.0,230.0,
OI000017643,O00004403,M0006,1,1790.0,0.0,1790.0,
OI000017644,O00004403,M0158,1,674.5,0.0,674.5,
OI000017645,O00004404,M0017,1,766.5,0.0,766.5,
OI000017646,O00004404,M0031,3,1827.0,0.0,5481.0,
OI000017647,O00004404,M0013,3,1575.0,0.0,4725.0,
OI000017648,O00004404,M0002,2,520.0,0.0,1040.0,
OI000017649,O00004404,M0004,2,1800.0,0.0,3600.0,
OI000017650,O00004404,M0195,2,230.0,0.0,460.0,Customer request
OI000017651,O00004405,M0014,2,1624.5,0.0,3249.0,
OI000017652,O00004406,M0002,2,494.0,0.0,988.0,
OI000017653,O00004406,M0024,1,580.0,0.0,580.0,
OI000017654,O00004407,M0003,2,1050.0,0.0,2100.0,
OI000017655,O00004407,M0053,2,1770.0,354.0,3186.0,
OI000017656,O00004407,M0001,2,1480.0,0.0,2960.0,
OI000017657,O00004408,M0042,2,1149.5,0.0,2299.0,
OI000017658,O00004408,M0071,1,630.0,0.0,630.0,
OI000017659,O00004408,M0002,1,494.0,0.0,494.0,
OI000017660,O00004408,M0003,1,997.5,0.0,997.5,
OI000017661,O00004409,M0098,1,1168.5,0.0,1168.5,
OI000017662,O00004410,M0021,1,1250.0,0.0,1250.0,
OI000017663,O00004410,M0002,5,494.0,0.0,2470.0,
OI000017664,O00004410,M0132,2,1770.0,0.0,3540.0,
OI000017665,O00004410,M0085,1,1720.0,0.0,1720.0,
OI000017666,O00004410,M0004,1,1800.0,0.0,1800.0,Customer request
OI000017667,O00004411,M0014,1,1624.5,0.0,1624.5,
OI000017668,O00004411,M0043,5,1770.0,0.0,8850.0,
OI000017669,O00004411,M0001,4,1406.0,0.0,5624.0,
OI000017670,O00004411,M0030,1,270.0,0.0,270.0,
OI000017671,O00004411,M0013,1,1425.0,0.0,1425.0,
OI000017672,O00004412,M0161,1,410.0,0.0,410.0,
OI000017673,O00004412,M0006,2,1790.0,0.0,3580.0,
OI000017674,O00004412,M0019,1,630.0,0.0,630.0,
OI000017675,O00004412,M0004,1,1710.0,0.0,1710.0,
OI000017676,O00004412,M0003,2,1050.0,0.0,2100.0,
OI000017677,O00004412,M0009,1,1660.0,0.0,1660.0,
OI000017678,O00004413,M0113,1,798.0,0.0,798.0,
OI000017679,O00004413,M0016,2,1230.0,0.0,2460.0,Customer request
OI000017680,O00004413,M0004,2,1890.0,189.0,3591.0,
OI000017681,O00004413,M0001,2,1480.0,0.0,2960.0,
OI000017682,O00004414,M0040,2,451.5,0.0,903.0,
OI000017683,O00004415,M0031,1,1827.0,91.35,1735.65,Customer request
OI000017684,O00004415,M0005,3,430.0,0.0,1290.0,
OI000017685,O00004415,M0015,1,1680.0,0.0,1680.0,
OI000017686,O00004416,M0009,1,1743.0,0.0,1743.0,Customer request
OI000017687,O00004416,M0078,1,1323.0,0.0,1323.0,
OI000017688,O00004416,M0016,1,1168.5,0.0,1168.5,
OI000017689,O00004417,M0027,1,790.0,0.0,790.0,
OI000017690,O00004417,M0194,1,1270.0,0.0,1270.0,
OI000017691,O00004417,M0146,1,262.5,0.0,262.5,
OI000017692,O00004417,M0063,2,1149.5,0.0,2299.0,Customer request
OI000017693,O00004417,M0029,1,660.0,0.0,660.0,Customer request
OI000017694,O00004417,M0014,3,1710.0,0.0,5130.0,
OI000017695,O00004418,M0169,2,1180.0,0.0,2360.0,
OI000017696,O00004418,M0154,2,1743.0,0.0,3486.0,Customer request
OI000017697,O00004418,M0004,3,1800.0,0.0,5400.0,
OI000017698,O00004418,M0007,1,1280.0,0.0,1280.0,
OI000017699,O00004419,M0018,2,1140.0,0.0,2280.0,
OI000017700,O00004419,M0025,1,260.0,0.0,260.0,
OI000017701,O00004419,M0038,1,1254.0,0.0,1254.0,
OI000017702,O00004419,M0001,1,1554.0,233.1,1320.9,
OI000017703,O00004420,M0001,1,1480.0,0.0,1480.0,
OI000017704,O00004421,M0027,1,829.5,0.0,829.5,
OI000017705,O00004421,M0157,4,1460.0,0.0,5840.0,
OI000017706,O00004421,M0087,2,1596.0,0.0,3192.0,
OI000017707,O00004421,M0039,1,1690.0,0.0,1690.0,
OI000017708,O00004421,M0001,1,1406.0,0.0,1406.0,
OI000017709,O00004421,M0001,1,1480.0,0.0,1480.0,
OI000017710,O00004422,M0056,2,250.0,50.0,450.0,
OI000017711,O00004422,M0005,1,408.5,0.0,408.5,
OI000017712,O00004422,M0045,3,1134.0,0.0,3402.0,
OI000017713,O00004422,M0025,1,247.0,0.0,247.0,
OI000017714,O00004422,M0004,1,1800.0,0.0,1800.0,
OI000017715,O00004422,M0027,1,750.5,0.0,750.5,
OI000017716,O00004423,M0142,4,693.5,0.0,2774.0,
OI000017717,O00004423,M0006,2,1790.0,179.0,3401.0,
OI000017718,O00004424,M0177,1,200.0,0.0,200.0,
OI000017719,O00004424,M0006,1,1790.0,268.5,1521.5,
OI000017720,O00004424,M0025,2,247.0,0.0,494.0,
OI000017721,O00004424,M0081,3,920.0,0.0,2760.0,
OI000017722,O00004425,M0098,1,1230.0,0.0,1230.0,
OI000017723,O00004425,M0011,1,1207.5,120.75,1086.75,
OI000017724,O00004425,M0001,1,1480.0,0.0,1480.0,
OI000017725,O00004425,M0055,1,845.5,0.0,845.5,
OI000017726,O00004425,M0012,1,598.5,0.0,598.5,
OI000017727,O00004426,M0035,1,966.0,0.0,966.0,
OI000017728,O00004426,M0001,1,1554.0,0.0,1554.0,
OI000017729,O00004426,M0018,2,1140.0,0.0,2280.0,
OI000017730,O00004427,M0057,1,525.0,0.0,525.0,
OI000017731,O00004427,M0002,1,520.0,0.0,520.0,
OI000017732,O00004427,M0028,4,913.5,0.0,3654.0,
OI000017733,O00004427,M0023,1,580.0,0.0,580.0,
OI000017734,O00004427,M0011,1,1092.5,0.0,1092.5,
OI000017735,O00004427,M0192,1,513.0,0.0,513.0,
OI000017736,O00004428,M0186,1,1539.0,0.0,1539.0,
OI000017737,O00004428,M0030,1,283.5,0.0,283.5,
OI000017738,O00004428,M0004,2,1800.0,0.0,3600.0,
OI000017739,O00004428,M0027,1,790.0,118.5,671.5,
OI000017740,O00004428,M0125,1,336.0,0.0,336.0,
OI000017741,O00004429,M0014,1,1710.0,0.0,1710.0,
OI000017742,O00004429,M0013,3,1500.0,0.0,4500.0,
OI000017743,O00004429,M0110,2,1650.0,0.0,3300.0,
OI000017744,O00004429,M0056,2,250.0,0.0,500.0,
OI000017745,O00004430,M0019,2,661.5,0.0,1323.0,
OI000017746,O00004430,M0034,1,1197.0,0.0,1197.0,
OI000017747,O00004431,M0049,1,1450.0,0.0,1450.0,
OI000017748,O00004431,M0003,1,1102.5,0.0,1102.5,
OI000017749,O00004431,M0028,1,870.0,0.0,870.0,
OI000017750,O00004432,M0035,1,920.0,0.0,920.0,
OI000017751,O00004432,M0198,1,680.0,0.0,680.0,
OI000017752,O00004432,M0007,2,1280.0,0.0,2560.0,
OI000017753,O00004432,M0007,1,1344.0,0.0,1344.0,
OI000017754,O00004432,M0093,3,976.5,0.0,2929.5,
OI000017755,O00004432,M0013,1,1425.0,0.0,1425.0,
OI000017756,O00004432,M0001,2,1554.0,0.0,3108.0,
OI000017757,O00004432,M0177,1,190.0,0.0,190.0,Customer request
OI000017758,O00004433,M0001,1,1480.0,0.0,1480.0,
OI000017759,O00004433,M0158,1,710.0,0.0,710.0,
OI000017760,O00004433,M0112,1,610.0,0.0,610.0,Customer request
OI000017761,O00004433,M0052,2,745.5,0.0,1491.0,
OI000017762,O00004434,M0140,2,1510.5,0.0,3021.0,
OI000017763,O00004434,M0005,1,430.0,0.0,430.0,
OI000017764,O00004435,M0004,1,1890.0,0.0,1890.0,
OI000017765,O00004435,M0024,1,609.0,0.0,609.0,
OI000017766,O00004436,M0198,1,646.0,0.0,646.0,Customer request
OI000017767,O00004436,M0001,1,1480.0,0.0,1480.0,
OI000017768,O00004436,M0003,2,1050.0,0.0,2100.0,
OI000017769,O00004437,M0080,1,870.0,43.5,826.5,
OI000017770,O00004437,M0008,2,880.0,0.0,1760.0,
OI000017771,O00004437,M0041,2,1560.0,0.0,3120.0,
OI000017772,O00004438,M0078,4,1197.0,239.4,4548.6,
OI000017773,O00004438,M0122,1,470.0,23.5,446.5,
OI000017774,O00004438,M0041,2,1560.0,0.0,3120.0,
OI000017775,O00004438,M0002,1,520.0,0.0,520.0,
OI000017776,O00004439,M0073,1,420.0,0.0,420.0,
OI000017777,O00004439,M0032,1,830.0,0.0,830.0,
OI000017778,O00004439,M0073,1,399.0,0.0,399.0,
OI000017779,O00004439,M0001,1,1480.0,0.0,1480.0,
OI000017780,O00004439,M0001,2,1480.0,0.0,2960.0,
OI000017781,O00004440,M0152,1,560.0,0.0,560.0,Customer request
OI000017782,O00004440,M0043,3,1681.5,0.0,5044.5,
OI000017783,O00004440,M0004,1,1710.0,256.5,1453.5,
OI000017784,O00004440,M0076,1,660.0,0.0,660.0,
OI000017785,O00004440,M0076,1,660.0,0.0,660.0,
OI000017786,O00004440,M0155,4,556.5,0.0,2226.0,
OI000017787,O00004440,M0095,1,241.5,0.0,241.5,
OI000017788,O00004440,M0122,1,470.0,0.0,470.0,
OI000017789,O00004441,M0120,2,1653.0,165.3,3140.7,
OI000017790,O00004441,M0010,2,430.0,129.0,731.0,
OI000017791,O00004442,M0035,1,920.0,0.0,920.0,
OI000017792,O00004442,M0001,2,1554.0,0.0,3108.0,
OI000017793,O00004442,M0001,1,1406.0,210.9,1195.1,
OI000017794,O00004442,M0140,1,1590.0,0.0,1590.0,
OI000017795,O00004443,M0001,1,1480.0,0.0,1480.0,
OI000017796,O00004443,M0040,1,430.0,0.0,430.0,
OI000017797,O00004443,M0162,4,330.0,0.0,1320.0,
OI000017798,O00004443,M0005,1,408.5,0.0,408.5,
OI000017799,O00004443,M0024,2,580.0,0.0,1160.0,
OI000017800,O00004444,M0061,4,880.0,352.0,3168.0,
OI000017801,O00004444,M0042,3,1149.5,0.0,3448.5,
OI000017802,O00004444,M0015,1,1680.0,0.0,1680.0,
OI000017803,O00004445,M0102,1,480.0,0.0,480.0,
OI000017804,O00004445,M0020,2,1110.0,0.0,2220.0,
OI000017805,O00004445,M0017,1,730.0,0.0,730.0,
OI000017806,O00004445,M0001,1,1406.0,0.0,1406.0,
OI000017807,O00004446,M0132,2,1770.0,0.0,3540.0,
OI000017808,O00004446,M0200,2,1160.0,0.0,2320.0,
OI000017809,O00004446,M0087,3,1596.0,0.0,4788.0,
OI000017810,O00004446,M0184,4,1040.0,0.0,4160.0,
OI000017811,O00004446,M0031,1,1740.0,0.0,1740.0,
OI000017812,O00004447,M0046,2,1722.0,172.2,3271.8,
OI000017813,O00004447,M0141,2,1417.5,0.0,2835.0,
OI000017814,O00004447,M0035,1,966.0,0.0,966.0,
OI000017815,O00004447,M0001,1,1480.0,222.0,1258.0,
OI000017816,O00004448,M0086,1,1740.0,0.0,1740.0,
OI000017817,O00004448,M0003,2,1050.0,0.0,2100.0,
OI000017818,O00004448,M0013,3,1575.0,0.0,4725.0,Customer request
OI000017819,O00004448,M0124,1,1029.0,0.0,1029.0,
OI000017820,O00004448,M0009,2,1577.0,0.0,3154.0,Customer request
OI000017821,O00004448,M0165,2,513.0,0.0,1026.0,Customer request
OI000017822,O00004449,M0112,1,610.0,0.0,610.0,
OI000017823,O00004449,M0183,1,630.0,0.0,630.0,
OI000017824,O00004449,M0002,3,520.0,156.0,1404.0,
OI000017825,O00004449,M0010,1,451.5,0.0,451.5,
OI000017826,O00004449,M0104,2,210.0,0.0,420.0,
OI000017827,O00004450,M0067,1,1440.0,0.0,1440.0,
OI000017828,O00004450,M0094,2,630.0,0.0,1260.0,
OI000017829,O00004450,M0136,1,703.0,0.0,703.0,
OI000017830,O00004451,M0008,2,924.0,0.0,1848.0,
OI000017831,O00004451,M0185,1,1560.0,0.0,1560.0,
OI000017832,O00004451,M0093,5,883.5,0.0,4417.5,
OI000017833,O00004452,M0172,1,1720.0,86.0,1634.0,
OI000017834,O00004452,M0002,1,520.0,0.0,520.0,
OI000017835,O00004452,M0041,1,1560.0,0.0,1560.0,Customer request
OI000017836,O00004453,M0113,1,798.0,0.0,798.0,
OI000017837,O00004453,M0002,3,520.0,0.0,1560.0,
OI000017838,O00004453,M0029,1,660.0,0.0,660.0,
OI000017839,O00004454,M0106,3,987.0,0.0,2961.0,
OI000017840,O00004454,M0001,1,1406.0,0.0,1406.0,
OI000017841,O00004454,M0079,2,1050.0,0.0,2100.0,
OI000017842,O00004455,M0183,2,661.5,0.0,1323.0,
OI000017843,O00004455,M0001,1,1480.0,0.0,1480.0,
OI000017844,O00004455,M0157,1,1387.0,0.0,1387.0,
OI000017845,O00004455,M0021,2,1250.0,0.0,2500.0,
OI000017846,O00004455,M0001,1,1480.0,0.0,1480.0,Customer request
OI000017847,O00004456,M0014,1,1710.0,0.0,1710.0,
OI000017848,O00004456,M0010,2,430.0,0.0,860.0,
OI000017849,O00004457,M0007,1,1280.0,0.0,1280.0,Customer request
OI000017850,O00004457,M0118,1,1310.0,0.0,1310.0,
OI000017851,O00004457,M0025,1,260.0,13.0,247.0,
OI000017852,O00004458,M0011,1,1150.0,0.0,1150.0,
OI000017853,O00004458,M0011,1,1150.0,57.5,1092.5,
OI000017854,O00004458,M0196,1,1590.0,238.5,1351.5,
OI000017855,O00004458,M0054,1,1176.0,0.0,1176.0,
OI000017856,O00004459,M0001,1,1480.0,0.0,1480.0,
OI000017857,O00004459,M0143,1,800.0,0.0,800.0,
OI000017858,O00004459,M0082,1,619.5,0.0,619.5,
OI000017859,O00004460,M0005,2,430.0,0.0,860.0,
OI000017860,O00004460,M0002,1,546.0,0.0,546.0,
OI000017861,O00004460,M0016,1,1230.0,0.0,1230.0,
OI000017862,O00004460,M0005,3,430.0,0.0,1290.0,
OI000017863,O00004460,M0075,1,1795.5,0.0,1795.5,
OI000017864,O00004461,M0004,1,1800.0,0.0,1800.0,
OI000017865,O00004461,M0035,2,920.0,0.0,1840.0,
OI000017866,O00004461,M0058,1,1282.5,0.0,1282.5,
OI000017867,O00004462,M0066,1,609.0,91.35,517.65,
OI000017868,O00004462,M0095,1,241.5,0.0,241.5,
OI000017869,O00004463,M0032,1,871.5,0.0,871.5,
OI000017870,O00004463,M0005,2,430.0,0.0,860.0,
OI000017871,O00004463,M0013,1,1575.0,157.5,1417.5,
OI000017872,O00004463,M0017,2,693.5,0.0,1387.0,
OI000017873,O00004464,M0071,1,630.0,0.0,630.0,
OI000017874,O00004464,M0055,2,890.0,178.0,1602.0,
OI000017875,O00004464,M0031,2,1740.0,0.0,3480.0,
OI000017876,O00004465,M0028,1,870.0,0.0,870.0,
OI000017877,O00004465,M0001,1,1480.0,0.0,1480.0,
OI000017878,O00004466,M0071,2,598.5,0.0,1197.0,
OI000017879,O00004466,M0108,1,408.5,0.0,408.5,
OI000017880,O00004466,M0143,1,800.0,0.0,800.0,
OI000017881,O00004467,M0001,4,1480.0,0.0,5920.0,
OI000017882,O00004467,M0137,1,1770.0,0.0,1770.0,
OI000017883,O00004467,M0137,2,1770.0,0.0,3540.0,
OI000017884,O00004468,M0064,2,420.0,0.0,840.0,
OI000017885,O00004468,M0009,2,1660.0,0.0,3320.0,
OI000017886,O00004468,M0145,3,1760.0,0.0,5280.0,
OI000017887,O00004468,M0014,2,1710.0,0.0,3420.0,
OI000017888,O00004469,M0046,3,1640.0,246.0,4674.0,
OI000017889,O00004469,M0023,1,580.0,0.0,580.0,
OI000017890,O00004469,M0142,1,693.5,104.02,589.48,
OI000017891,O00004469,M0008,1,924.0,0.0,924.0,
OI000017892,O00004470,M0012,2,570.0,0.0,1140.0,
OI000017893,O00004470,M0020,1,1054.5,0.0,1054.5,
OI000017894,O00004471,M0128,1,1123.5,0.0,1123.5,
OI000017895,O00004471,M0011,1,1092.5,0.0,1092.5,
OI000017896,O00004471,M0009,1,1743.0,0.0,1743.0,
OI000017897,O00004471,M0105,1,1244.5,0.0,1244.5,
OI000017898,O00004471,M0017,2,730.0,0.0,1460.0,
OI000017899,O00004471,M0065,1,807.5,0.0,807.5,
OI000017900,O00004472,M0137,1,1770.0,0.0,1770.0,
OI000017901,O00004472,M0006,1,1879.5,0.0,1879.5,
OI000017902,O00004473,M0026,2,450.0,0.0,900.0,
OI000017903,O00004473,M0030,3,270.0,0.0,810.0,
OI000017904,O00004473,M0043,2,1770.0,0.0,3540.0,
OI000017905,O00004474,M0157,3,1533.0,0.0,4599.0,
OI000017906,O00004474,M0189,2,1425.0,0.0,2850.0,
OI000017907,O00004474,M0107,2,360.0,0.0,720.0,
OI000017908,O00004474,M0001,1,1406.0,0.0,1406.0,
OI000017909,O00004474,M0002,1,520.0,0.0,520.0,
OI000017910,O00004474,M0002,1,520.0,0.0,520.0,
OI000017911,O00004474,M0037,2,1690.5,0.0,3381.0,
OI000017912,O00004474,M0001,1,1554.0,0.0,1554.0,
OI000017913,O00004474,M0033,2,310.0,0.0,620.0,
OI000017914,O00004475,M0090,1,1250.0,0.0,1250.0,
OI000017915,O00004475,M0010,1,408.5,0.0,408.5,
OI000017916,O00004475,M0027,1,750.5,0.0,750.5,
OI000017917,O00004475,M0002,1,546.0,0.0,546.0,
OI000017918,O00004475,M0001,1,1554.0,0.0,1554.0,
OI000017919,O00004475,M0037,2,1610.0,0.0,3220.0,
OI000017920,O00004475,M0001,2,1480.0,0.0,2960.0,
OI000017921,O00004476,M0075,1,1710.0,0.0,1710.0,Customer request
OI000017922,O00004476,M0003,3,1050.0,0.0,3150.0,
OI000017923,O00004477,M0146,1,250.0,0.0,250.0,
OI000017924,O00004477,M0126,1,1520.0,0.0,1520.0,
OI000017925,O00004477,M0006,1,1790.0,0.0,1790.0,
OI000017926,O00004477,M0006,2,1700.5,0.0,3401.0,
OI000017927,O00004477,M0001,2,1480.0,0.0,2960.0,
OI000017928,O00004478,M0191,1,1150.0,0.0,1150.0,
OI000017929,O00004478,M0001,2,1406.0,0.0,2812.0,
OI000017930,O00004478,M0029,3,660.0,0.0,1980.0,
OI000017931,O00004478,M0126,2,1520.0,0.0,3040.0,
OI000017932,O00004479,M0003,1,997.5,0.0,997.5,
OI000017933,O00004479,M0097,1,320.0,16.0,304.0,
OI000017934,O00004479,M0004,2,1800.0,0.0,3600.0,
OI000017935,O00004480,M0010,4,430.0,0.0,1720.0,
OI000017936,O00004480,M0007,1,1280.0,0.0,1280.0,
OI000017937,O00004480,M0001,1,1406.0,0.0,1406.0,
OI000017938,O00004480,M0002,1,520.0,0.0,520.0,
OI000017939,O00004480,M0068,1,920.0,0.0,920.0,
OI000017940,O00004480,M0002,1,520.0,0.0,520.0,
OI000017941,O00004480,M0187,1,826.5,0.0,826.5,
OI000017942,O00004481,M0008,1,836.0,0.0,836.0,
OI000017943,O00004481,M0002,1,520.0,78.0,442.0,
OI000017944,O00004481,M0016,2,1230.0,0.0,2460.0,
OI000017945,O00004481,M0009,1,1660.0,0.0,1660.0,
OI000017946,O00004481,M0001,1,1554.0,0.0,1554.0,
OI000017947,O00004482,M0063,1,1210.0,0.0,1210.0,
OI000017948,O00004482,M0099,4,570.0,0.0,2280.0,
OI000017949,O00004482,M0001,2,1554.0,0.0,3108.0,
OI000017950,O00004482,M0044,1,360.0,0.0,360.0,
OI000017951,O00004482,M0060,1,1180.0,118.0,1062.0,Customer request
OI000017952,O00004483,M0191,2,1150.0,0.0,2300.0,
OI000017953,O00004483,M0064,2,420.0,0.0,840.0,
OI000017954,O00004483,M0010,3,430.0,0.0,1290.0,
OI000017955,O00004483,M0066,1,551.0,0.0,551.0,
OI000017956,O00004483,M0009,1,1660.0,0.0,1660.0,
OI000017957,O00004483,M0003,2,1050.0,0.0,2100.0,
OI000017958,O00004483,M0087,1,1596.0,0.0,1596.0,
OI000017959,O00004483,M0029,1,660.0,0.0,660.0,
OI000017960,O00004484,M0174,1,510.0,0.0,510.0,
OI000017961,O00004484,M0001,1,1406.0,140.6,1265.4,
OI000017962,O00004484,M0028,1,870.0,0.0,870.0,
OI000017963,O00004484,M0007,2,1280.0,128.0,2432.0,
OI000017964,O00004485,M0032,1,788.5,0.0,788.5,
OI000017965,O00004485,M0001,1,1480.0,0.0,1480.0,
OI000017966,O00004485,M0001,1,1480.0,0.0,1480.0,
OI000017967,O00004486,M0037,4,1690.5,0.0,6762.0,
OI000017968,O00004486,M0014,1,1710.0,0.0,1710.0,
OI000017969,O00004486,M0001,3,1554.0,0.0,4662.0,
OI000017970,O00004487,M0052,4,710.0,0.0,2840.0,
OI000017971,O00004487,M0024,1,580.0,0.0,580.0,
OI000017972,O00004487,M0187,1,870.0,87.0,783.0,
OI000017973,O00004487,M0119,2,240.0,0.0,480.0,
OI000017974,O00004488,M0083,1,540.0,0.0,540.0,
OI000017975,O00004488,M0028,1,870.0,130.5,739.5,
OI000017976,O00004488,M0029,1,660.0,33.0,627.0,
OI000017977,O00004488,M0168,1,1624.5,0.0,1624.5,
OI000017978,O00004488,M0084,1,1540.0,0.0,1540.0,
OI000017979,O00004488,M0002,2,520.0,0.0,1040.0,
OI000017980,O00004488,M0023,1,551.0,0.0,551.0,
OI000017981,O00004488,M0021,5,1250.0,0.0,6250.0,
OI000017982,O00004489,M0002,1,520.0,0.0,520.0,
OI000017983,O00004489,M0125,4,320.0,0.0,1280.0,
OI000017984,O00004489,M0009,2,1577.0,157.7,2996.3,
OI000017985,O00004490,M0016,2,1230.0,0.0,2460.0,
OI000017986,O00004490,M0189,3,1500.0,0.0,4500.0,Customer request
OI000017987,O00004490,M0069,3,1170.0,0.0,3510.0,
OI000017988,O00004490,M0109,1,1420.0,0.0,1420.0,
OI000017989,O00004490,M0002,2,520.0,0.0,1040.0,
OI000017990,O00004490,M0038,1,1254.0,0.0,1254.0,
OI000017991,O00004490,M0079,1,997.5,0.0,997.5,
OI000017992,O00004491,M0112,1,610.0,0.0,610.0,
OI000017993,O00004491,M0141,1,1282.5,0.0,1282.5,
OI000017994,O00004491,M0002,1,520.0,0.0,520.0,
OI000017995,O00004492,M0086,1,1653.0,0.0,1653.0,
OI000017996,O00004492,M0002,1,546.0,0.0,546.0,
OI000017997,O00004493,M0019,1,661.5,0.0,661.5,
OI000017998,O00004493,M0024,3,580.0,0.0,1740.0,
OI000017999,O00004494,M0009,2,1577.0,0.0,3154.0,
OI000018000,O00004494,M0132,1,1858.5,0.0,1858.5,
OI000018001,O00004494,M0047,2,1610.0,0.0,3220.0,
OI000018002,O00004495,M0003,2,997.5,0.0,1995.0,
OI000018003,O00004495,M0016,2,1230.0,0.0,2460.0,
OI000018004,O00004495,M0002,2,520.0,0.0,1040.0,
OI000018005,O00004495,M0031,1,1827.0,0.0,1827.0,
OI000018006,O00004495,M0014,2,1795.5,538.65,3052.35,Customer request
OI000018007,O00004495,M0012,1,598.5,0.0,598.5,
OI000018008,O00004496,M0124,1,980.0,98.0,882.0,
OI000018009,O00004496,M0126,2,1520.0,456.0,2584.0,
OI000018010,O00004496,M0069,1,1170.0,0.0,1170.0,
OI000018011,O00004496,M0158,1,710.0,0.0,710.0,
OI000018012,O00004497,M0062,1,1010.0,0.0,1010.0,
OI000018013,O00004497,M0054,2,1120.0,0.0,2240.0,
OI000018014,O00004498,M0002,3,520.0,0.0,1560.0,
OI000018015,O00004498,M0001,1,1406.0,0.0,1406.0,
OI000018016,O00004498,M0005,1,430.0,0.0,430.0,
OI000018017,O00004498,M0102,1,504.0,0.0,504.0,
OI000018018,O00004498,M0162,1,330.0,0.0,330.0,
OI000018019,O00004498,M0006,1,1790.0,0.0,1790.0,
OI000018020,O00004498,M0004,2,1710.0,0.0,3420.0,
OI000018021,O00004499,M0120,4,1740.0,0.0,6960.0,
OI000018022,O00004499,M0017,2,766.5,0.0,1533.0,
OI000018023,O00004499,M0188,1,275.5,0.0,275.5,
OI000018024,O00004499,M0179,2,1440.0,432.0,2448.0,
OI000018025,O00004500,M0013,5,1500.0,0.0,7500.0,
OI000018026,O00004500,M0042,1,1210.0,0.0,1210.0,
OI000018027,O00004500,M0069,1,1170.0,0.0,1170.0,
OI000018028,O00004501,M0059,1,660.0,0.0,660.0,
OI000018029,O00004501,M0187,2,826.5,0.0,1653.0,
OI000018030,O00004501,M0015,2,1680.0,336.0,3024.0,
OI000018031,O00004502,M0082,1,590.0,0.0,590.0,
OI000018032,O00004502,M0046,1,1722.0,0.0,1722.0,
OI000018033,O00004502,M0035,1,920.0,0.0,920.0,
OI000018034,O00004503,M0003,1,1050.0,0.0,1050.0,
OI000018035,O00004503,M0091,1,350.0,0.0,350.0,
OI000018036,O00004503,M0018,1,1200.0,0.0,1200.0,
OI000018037,O00004503,M0003,1,997.5,0.0,997.5,
OI000018038,O00004504,M0001,1,1554.0,0.0,1554.0,
OI000018039,O00004504,M0003,2,1102.5,0.0,2205.0,
OI000018040,O00004505,M0072,1,1407.0,0.0,1407.0,Customer request
OI000018041,O00004505,M0089,1,1207.5,0.0,1207.5,
OI000018042,O00004505,M0001,2,1480.0,0.0,2960.0,
OI000018043,O00004506,M0003,1,1050.0,0.0,1050.0,
OI000018044,O00004506,M0200,1,1218.0,0.0,1218.0,
OI000018045,O00004507,M0020,1,1110.0,0.0,1110.0,
OI000018046,O00004507,M0146,3,250.0,0.0,750.0,
OI000018047,O00004507,M0019,1,661.5,66.15,595.35,
OI000018048,O00004507,M0036,1,1879.5,0.0,1879.5,
OI000018049,O00004508,M0137,3,1770.0,0.0,5310.0,Customer request
OI000018050,O00004508,M0195,2,230.0,0.0,460.0,
OI000018051,O00004508,M0001,1,1406.0,0.0,1406.0,
OI000018052,O00004508,M0057,1,500.0,0.0,500.0,
OI000018053,O00004508,M0027,1,750.5,0.0,750.5,
OI000018054,O00004508,M0038,1,1320.0,0.0,1320.0,
OI000018055,O00004509,M0005,1,430.0,0.0,430.0,
OI000018056,O00004509,M0146,1,237.5,11.88,225.62,
OI000018057,O00004509,M0009,1,1660.0,0.0,1660.0,
OI000018058,O00004510,M0003,2,1050.0,0.0,2100.0,
OI000018059,O00004510,M0077,1,1630.0,0.0,1630.0,
OI000018060,O00004510,M0189,3,1575.0,0.0,4725.0,
OI000018061,O00004510,M0007,1,1280.0,0.0,1280.0,
OI000018062,O00004510,M0027,2,829.5,0.0,1659.0,
OI000018063,O00004511,M0001,2,1554.0,0.0,3108.0,
OI000018064,O00004512,M0013,2,1500.0,0.0,3000.0,
OI000018065,O00004512,M0109,2,1349.0,0.0,2698.0,
OI000018066,O00004512,M0140,1,1590.0,0.0,1590.0,
OI000018067,O00004513,M0006,1,1790.0,0.0,1790.0,
OI000018068,O00004513,M0039,3,1690.0,0.0,5070.0,
OI000018069,O00004513,M0101,1,522.5,0.0,522.5,
OI000018070,O00004513,M0001,1,1480.0,0.0,1480.0,Customer request
OI000018071,O00004513,M0005,1,451.5,0.0,451.5,
OI000018072,O00004513,M0001,1,1554.0,0.0,1554.0,
OI000018073,O00004513,M0003,3,1050.0,0.0,3150.0,Customer request
OI000018074,O00004514,M0004,1,1800.0,0.0,1800.0,
OI000018075,O00004515,M0001,5,1480.0,0.0,7400.0,
OI000018076,O00004515,M0023,1,580.0,0.0,580.0,Customer request
OI000018077,O00004515,M0020,1,1165.5,174.82,990.68,
OI000018078,O00004515,M0010,1,430.0,0.0,430.0,
OI000018079,O00004515,M0011,2,1150.0,0.0,2300.0,
OI000018080,O00004516,M0038,1,1386.0,0.0,1386.0,
OI000018081,O00004516,M0109,1,1420.0,0.0,1420.0,
OI000018082,O00004516,M0186,4,1620.0,0.0,6480.0,
OI000018083,O00004517,M0113,1,840.0,0.0,840.0,Customer request
OI000018084,O00004518,M0018,1,1200.0,0.0,1200.0,
OI000018085,O00004519,M0137,1,1681.5,0.0,1681.5,
OI000018086,O00004519,M0116,1,399.0,0.0,399.0,
OI000018087,O00004519,M0154,1,1577.0,0.0,1577.0,
OI000018088,O00004519,M0001,2,1480.0,444.0,2516.0,
OI000018089,O00004520,M0014,1,1710.0,0.0,1710.0,
OI000018090,O00004520,M0001,1,1480.0,0.0,1480.0,
OI000018091,O00004521,M0012,1,570.0,0.0,570.0,
OI000018092,O00004521,M0009,1,1577.0,0.0,1577.0,Customer request
OI000018093,O00004521,M0153,2,1672.0,501.6,2842.4,
OI000018094,O00004521,M0170,1,900.0,0.0,900.0,
OI000018095,O00004521,M0073,3,399.0,0.0,1197.0,
OI000018096,O00004522,M0009,2,1743.0,0.0,3486.0,
OI000018097,O00004522,M0001,2,1480.0,0.0,2960.0,
OI000018098,O00004522,M0066,1,609.0,0.0,609.0,
OI000018099,O00004523,M0031,2,1740.0,0.0,3480.0,
OI000018100,O00004523,M0005,1,430.0,0.0,430.0,
OI000018101,O00004524,M0004,1,1800.0,0.0,1800.0,
OI000018102,O00004524,M0042,1,1210.0,0.0,1210.0,
OI000018103,O00004525,M0003,1,1102.5,0.0,1102.5,
OI000018104,O00004525,M0040,2,408.5,0.0,817.0,
OI000018105,O00004525,M0156,1,1280.0,0.0,1280.0,
OI000018106,O00004526,M0104,1,190.0,0.0,190.0,
OI000018107,O00004526,M0169,1,1180.0,0.0,1180.0,
OI000018108,O00004526,M0007,1,1216.0,0.0,1216.0,
OI000018109,O00004527,M0174,3,510.0,0.0,1530.0,
OI000018110,O00004527,M0028,3,870.0,0.0,2610.0,
OI000018111,O00004527,M0056,1,237.5,0.0,237.5,
OI000018112,O00004527,M0010,2,430.0,0.0,860.0,
OI000018113,O00004528,M0197,1,313.5,0.0,313.5,
OI000018114,O00004528,M0023,1,580.0,0.0,580.0,
OI000018115,O00004528,M0004,1,1890.0,0.0,1890.0,
OI000018116,O00004528,M0044,2,360.0,0.0,720.0,
OI000018117,O00004528,M0007,1,1280.0,0.0,1280.0,
OI000018118,O00004529,M0023,1,580.0,0.0,580.0,
OI000018119,O00004529,M0005,1,451.5,0.0,451.5,
OI000018120,O00004529,M0017,1,693.5,0.0,693.5,
OI000018121,O00004530,M0002,3,494.0,0.0,1482.0,
OI000018122,O00004530,M0009,1,1660.0,0.0,1660.0,
OI000018123,O00004530,M0007,2,1344.0,0.0,2688.0,
OI000018124,O00004530,M0172,1,1634.0,0.0,1634.0,
OI000018125,O00004530,M0048,2,1580.0,0.0,3160.0,
OI000018126,O00004530,M0001,1,1554.0,0.0,1554.0,
OI000018127,O00004531,M0155,1,530.0,0.0,530.0,Customer request
OI000018128,O00004531,M0060,2,1180.0,0.0,2360.0,
OI000018129,O00004531,M0013,1,1575.0,0.0,1575.0,
OI000018130,O00004531,M0015,2,1596.0,0.0,3192.0,
OI000018131,O00004532,M0001,1,1554.0,233.1,1320.9,
OI000018132,O00004532,M0186,2,1539.0,0.0,3078.0,
OI000018133,O00004532,M0131,1,990.0,0.0,990.0,
OI000018134,O00004533,M0001,2,1480.0,0.0,2960.0,
OI000018135,O00004533,M0069,3,1170.0,0.0,3510.0,
OI000018136,O00004533,M0024,1,609.0,60.9,548.1,
OI000018137,O00004533,M0110,2,1650.0,0.0,3300.0,
OI000018138,O00004534,M0055,1,890.0,0.0,890.0,Customer request
OI000018139,O00004534,M0020,1,1110.0,0.0,1110.0,
OI000018140,O00004534,M0023,2,580.0,174.0,986.0,
OI000018141,O00004534,M0061,1,880.0,88.0,792.0,
OI000018142,O00004534,M0062,3,1010.0,0.0,3030.0,
OI000018143,O00004534,M0041,1,1560.0,0.0,1560.0,
OI000018144,O00004535,M0141,2,1417.5,0.0,2835.0,
OI000018145,O00004535,M0099,2,598.5,0.0,1197.0,
OI000018146,O00004535,M0002,1,520.0,0.0,520.0,
OI000018147,O00004536,M0136,2,740.0,0.0,1480.0,
OI000018148,O00004536,M0005,1,430.0,0.0,430.0,
OI000018149,O00004536,M0173,2,1750.0,0.0,3500.0,
OI000018150,O00004537,M0109,1,1349.0,0.0,1349.0,
OI000018151,O00004537,M0153,1,1760.0,0.0,1760.0,Customer request
OI000018152,O00004537,M0068,1,920.0,0.0,920.0,
OI000018153,O00004537,M0061,2,836.0,0.0,1672.0,
OI000018154,O00004538,M0007,1,1216.0,60.8,1155.2,
OI000018155,O00004538,M0055,2,934.5,0.0,1869.0,
OI000018156,O00004538,M0021,1,1250.0,0.0,1250.0,
OI000018157,O00004538,M0003,1,1102.5,55.12,1047.38,
OI000018158,O00004539,M0015,3,1680.0,0.0,5040.0,
OI000018159,O00004539,M0064,1,441.0,0.0,441.0,Customer request
OI000018160,O00004540,M0137,2,1681.5,0.0,3363.0,
OI000018161,O00004541,M0023,1,580.0,0.0,580.0,Customer request
OI000018162,O00004541,M0010,1,430.0,0.0,430.0,
OI000018163,O00004541,M0003,3,1050.0,157.5,2992.5,
OI000018164,O00004542,M0019,1,630.0,0.0,630.0,
OI000018165,O00004542,M0009,1,1743.0,0.0,1743.0,
OI000018166,O00004542,M0024,1,609.0,0.0,609.0,
OI000018167,O00004542,M0002,1,520.0,0.0,520.0,
OI000018168,O00004542,M0085,1,1720.0,0.0,1720.0,
OI000018169,O00004543,M0001,2,1480.0,296.0,2664.0,
OI000018170,O00004543,M0074,1,720.0,0.0,720.0,
OI000018171,O00004544,M0011,1,1092.5,0.0,1092.5,
OI000018172,O00004544,M0015,1,1764.0,0.0,1764.0,
OI000018173,O00004544,M0004,2,1800.0,0.0,3600.0,
OI000018174,O00004545,M0183,2,630.0,0.0,1260.0,
OI000018175,O00004545,M0001,2,1406.0,0.0,2812.0,
OI000018176,O00004546,M0009,3,1577.0,0.0,4731.0,
OI000018177,O00004546,M0003,1,1050.0,0.0,1050.0,
OI000018178,O00004546,M0029,2,627.0,0.0,1254.0,
OI000018179,O00004547,M0042,2,1210.0,0.0,2420.0,
OI000018180,O00004548,M0005,2,430.0,0.0,860.0,Customer request
OI000018181,O00004549,M0062,1,1060.5,0.0,1060.5,
OI000018182,O00004549,M0040,2,430.0,0.0,860.0,
OI000018183,O00004549,M0123,1,740.0,0.0,740.0,
OI000018184,O00004549,M0151,1,619.5,0.0,619.5,
OI000018185,O00004550,M0073,1,420.0,0.0,420.0,
OI000018186,O00004550,M0056,2,250.0,0.0,500.0,
OI000018187,O00004551,M0051,1,712.5,0.0,712.5,
OI000018188,O00004551,M0004,1,1710.0,0.0,1710.0,
OI000018189,O00004551,M0141,1,1282.5,0.0,1282.5,
OI000018190,O00004551,M0015,1,1680.0,0.0,1680.0,
OI000018191,O00004551,M0072,1,1273.0,190.95,1082.05,
OI000018192,O00004552,M0023,2,580.0,0.0,1160.0,
OI000018193,O00004552,M0150,2,300.0,0.0,600.0,Customer request
OI000018194,O00004552,M0020,3,1110.0,0.0,3330.0,
OI000018195,O00004552,M0042,2,1210.0,242.0,2178.0,
OI000018196,O00004553,M0004,1,1800.0,0.0,1800.0,
OI000018197,O00004553,M0041,1,1560.0,0.0,1560.0,
OI000018198,O00004553,M0005,1,430.0,0.0,430.0,Customer request
OI000018199,O00004553,M0105,1,1310.0,0.0,1310.0,Customer request
OI000018200,O00004554,M0016,4,1230.0,0.0,4920.0,
OI000018201,O00004554,M0021,1,1250.0,62.5,1187.5,
OI000018202,O00004554,M0059,2,660.0,0.0,1320.0,
OI000018203,O00004555,M0002,1,520.0,0.0,520.0,
OI000018204,O00004555,M0011,3,1150.0,517.5,2932.5,
OI000018205,O00004555,M0164,3,1333.5,600.07,3400.43,
OI000018206,O00004555,M0131,3,990.0,0.0,2970.0,
OI000018207,O00004556,M0006,5,1790.0,0.0,8950.0,
OI000018208,O00004556,M0034,1,1197.0,0.0,1197.0,
OI000018209,O00004556,M0046,1,1640.0,82.0,1558.0,
OI000018210,O00004556,M0010,1,430.0,0.0,430.0,
OI000018211,O00004556,M0014,2,1710.0,0.0,3420.0,
OI000018212,O00004556,M0188,1,275.5,0.0,275.5,
OI000018213,O00004556,M0003,2,1050.0,0.0,2100.0,
OI000018214,O00004556,M0154,1,1660.0,0.0,1660.0,
OI000018215,O00004557,M0014,1,1795.5,0.0,1795.5,
OI000018216,O00004557,M0007,1,1280.0,0.0,1280.0,
OI000018217,O00004557,M0008,2,836.0,0.0,1672.0,
OI000018218,O00004558,M0009,1,1660.0,0.0,1660.0,
OI000018219,O00004558,M0009,2,1577.0,0.0,3154.0,
OI000018220,O00004558,M0007,1,1344.0,0.0,1344.0,
OI000018221,O00004558,M0123,1,703.0,0.0,703.0,
OI000018222,O00004558,M0008,1,880.0,0.0,880.0,
OI000018223,O00004558,M0131,3,990.0,0.0,2970.0,
OI000018224,O00004558,M0183,2,630.0,0.0,1260.0,
OI000018225,O00004559,M0009,1,1660.0,0.0,1660.0,
OI000018226,O00004559,M0043,1,1681.5,0.0,1681.5,
OI000018227,O00004560,M0025,1,260.0,0.0,260.0,
OI000018228,O00004560,M0125,1,320.0,0.0,320.0,
OI000018229,O00004560,M0011,2,1150.0,0.0,2300.0,
OI000018230,O00004561,M0094,3,661.5,0.0,1984.5,
OI000018231,O00004561,M0028,1,870.0,0.0,870.0,
OI000018232,O00004562,M0057,1,500.0,0.0,500.0,
OI000018233,O00004562,M0045,1,1026.0,102.6,923.4,
OI000018234,O00004562,M0001,1,1480.0,0.0,1480.0,
OI000018235,O00004562,M0047,2,1610.0,0.0,3220.0,
OI000018236,O00004563,M0117,1,1140.0,0.0,1140.0,
OI000018237,O00004563,M0009,3,1660.0,0.0,4980.0,Customer request
OI000018238,O00004563,M0019,1,630.0,0.0,630.0,
OI000018239,O00004563,M0005,1,451.5,0.0,451.5,
OI000018240,O00004563,M0005,5,408.5,0.0,2042.5,
OI000018241,O00004564,M0011,1,1150.0,0.0,1150.0,
OI000018242,O00004564,M0091,1,350.0,0.0,350.0,
OI000018243,O00004564,M0029,1,660.0,66.0,594.0,
OI000018244,O00004564,M0072,1,1273.0,0.0,1273.0,
OI000018245,O00004564,M0166,3,351.5,0.0,1054.5,
OI000018246,O00004564,M0083,1,540.0,0.0,540.0,
OI000018247,O00004564,M0016,3,1168.5,0.0,3505.5,
OI000018248,O00004564,M0033,1,294.5,29.45,265.05,
OI000018249,O00004565,M0009,3,1577.0,0.0,4731.0,
OI000018250,O00004565,M0001,2,1406.0,0.0,2812.0,
OI000018251,O00004565,M0065,1,850.0,0.0,850.0,
OI000018252,O00004566,M0064,1,420.0,0.0,420.0,
OI000018253,O00004566,M0129,3,1760.0,0.0,5280.0,
OI000018254,O00004566,M0003,2,1050.0,0.0,2100.0,
OI000018255,O00004567,M0141,2,1350.0,0.0,2700.0,Customer request
OI000018256,O00004567,M0105,1,1310.0,0.0,1310.0,
OI000018257,O00004567,M0002,1,520.0,0.0,520.0,
OI000018258,O00004568,M0190,2,361.0,72.2,649.8,
OI000018259,O00004568,M0001,2,1480.0,0.0,2960.0,
OI000018260,O00004568,M0105,1,1310.0,0.0,1310.0,
OI000018261,O00004568,M0022,2,1178.0,0.0,2356.0,
OI000018262,O00004568,M0133,1,1000.0,50.0,950.0,
OI000018263,O00004569,M0083,3,567.0,0.0,1701.0,
OI000018264,O00004569,M0001,1,1406.0,0.0,1406.0,
OI000018265,O00004569,M0007,2,1216.0,0.0,2432.0,Customer request
OI000018266,O00004569,M0174,1,510.0,0.0,510.0,
OI000018267,O00004569,M0003,1,997.5,0.0,997.5,
OI000018268,O00004570,M0001,1,1480.0,0.0,1480.0,
OI000018269,O00004570,M0003,1,1102.5,0.0,1102.5,
OI000018270,O00004570,M0080,1,913.5,0.0,913.5,
OI000018271,O00004570,M0001,1,1480.0,0.0,1480.0,
OI000018272,O00004570,M0022,1,1240.0,0.0,1240.0,
OI000018273,O00004571,M0002,1,520.0,0.0,520.0,
OI000018274,O00004571,M0071,1,630.0,0.0,630.0,
OI000018275,O00004571,M0007,1,1344.0,0.0,1344.0,
OI000018276,O00004571,M0070,1,1711.5,0.0,1711.5,
OI000018277,O00004572,M0004,2,1800.0,0.0,3600.0,
OI000018278,O00004572,M0018,1,1140.0,0.0,1140.0,
OI000018279,O00004572,M0161,1,389.5,0.0,389.5,
OI000018280,O00004572,M0017,1,730.0,0.0,730.0,
OI000018281,O00004573,M0002,1,520.0,52.0,468.0,Customer request
OI000018282,O00004573,M0016,3,1168.5,0.0,3505.5,
OI000018283,O00004573,M0025,1,247.0,0.0,247.0,
OI000018284,O00004573,M0026,1,472.5,47.25,425.25,
OI000018285,O00004574,M0077,1,1630.0,0.0,1630.0,
OI000018286,O00004574,M0002,1,520.0,0.0,520.0,
OI000018287,O00004574,M0026,2,450.0,0.0,900.0,
OI000018288,O00004575,M0007,2,1280.0,0.0,2560.0,
OI000018289,O00004575,M0024,1,580.0,0.0,580.0,
OI000018290,O00004575,M0004,1,1800.0,0.0,1800.0,
OI000018291,O00004575,M0006,5,1700.5,0.0,8502.5,
OI000018292,O00004575,M0040,1,430.0,0.0,430.0,
OI000018293,O00004575,M0010,1,430.0,0.0,430.0,
OI000018294,O00004575,M0003,2,1050.0,0.0,2100.0,
OI000018295,O00004576,M0054,1,1120.0,0.0,1120.0,
OI000018296,O00004576,M0121,1,1434.5,0.0,1434.5,
OI000018297,O00004576,M0115,1,1197.0,119.7,1077.3,
OI000018298,O00004577,M0120,3,1740.0,0.0,5220.0,
OI000018299,O00004577,M0001,3,1406.0,0.0,4218.0,
OI000018300,O00004578,M0070,1,1711.5,0.0,1711.5,
OI000018301,O00004578,M0200,1,1102.0,0.0,1102.0,
OI000018302,O00004578,M0082,1,619.5,0.0,619.5,
OI000018303,O00004578,M0008,2,924.0,184.8,1663.2,
OI000018304,O00004579,M0042,1,1210.0,181.5,1028.5,
OI000018305,O00004579,M0028,1,913.5,0.0,913.5,
OI000018306,O00004579,M0026,2,472.5,0.0,945.0,
OI000018307,O00004579,M0081,2,874.0,0.0,1748.0,
OI000018308,O00004580,M0003,1,1050.0,0.0,1050.0,
OI000018309,O00004580,M0002,1,546.0,0.0,546.0,Customer request
OI000018310,O00004580,M0033,2,325.5,0.0,651.0,Customer request
OI000018311,O00004580,M0186,1,1620.0,0.0,1620.0,
OI000018312,O00004580,M0001,2,1554.0,466.2,2641.8,
OI000018313,O00004581,M0016,1,1230.0,61.5,1168.5,Customer request
OI000018314,O00004581,M0033,1,310.0,0.0,310.0,
OI000018315,O00004581,M0001,1,1406.0,0.0,1406.0,
OI000018316,O00004581,M0010,1,430.0,0.0,430.0,
OI000018317,O00004582,M0002,2,520.0,0.0,1040.0,Customer request
OI000018318,O00004582,M0076,2,660.0,0.0,1320.0,
OI000018319,O00004582,M0023,2,609.0,0.0,1218.0,Customer request
OI000018320,O00004582,M0055,1,934.5,0.0,934.5,
OI000018321,O00004583,M0050,3,800.0,0.0,2400.0,
OI000018322,O00004583,M0015,1,1680.0,0.0,1680.0,
OI000018323,O00004583,M0001,1,1554.0,0.0,1554.0,
OI000018324,O00004583,M0008,2,880.0,176.0,1584.0,Customer request
OI000018325,O00004583,M0029,1,660.0,0.0,660.0,
OI000018326,O00004583,M0005,1,430.0,0.0,430.0,
OI000018327,O00004583,M0167,2,560.0,112.0,1008.0,
OI000018328,O00004583,M0020,1,1110.0,0.0,1110.0,
OI000018329,O00004583,M0014,1,1710.0,0.0,1710.0,
OI000018330,O00004584,M0002,3,494.0,148.2,1333.8,
OI000018331,O00004584,M0009,1,1743.0,174.3,1568.7,
OI000018332,O00004584,M0045,1,1080.0,0.0,1080.0,
OI000018333,O00004584,M0114,2,640.0,0.0,1280.0,
OI000018334,O00004585,M0097,2,320.0,0.0,640.0,
OI000018335,O00004585,M0070,2,1630.0,0.0,3260.0,
OI000018336,O00004585,M0164,1,1270.0,0.0,1270.0,
OI000018337,O00004585,M0007,2,1280.0,0.0,2560.0,
OI000018338,O00004586,M0006,2,1700.5,340.1,3060.9,
OI000018339,O00004586,M0001,4,1480.0,0.0,5920.0,
OI000018340,O00004586,M0075,1,1795.5,0.0,1795.5,
OI000018341,O00004586,M0107,1,360.0,0.0,360.0,Customer request
OI000018342,O00004586,M0008,1,836.0,0.0,836.0,
OI000018343,O00004586,M0103,1,1150.0,0.0,1150.0,
OI000018344,O00004586,M0077,2,1630.0,0.0,3260.0,
OI000018345,O00004587,M0038,1,1320.0,0.0,1320.0,
OI000018346,O00004587,M0040,2,430.0,0.0,860.0,
OI000018347,O00004587,M0076,1,660.0,0.0,660.0,
OI000018348,O00004588,M0199,1,462.0,0.0,462.0,
OI000018349,O00004588,M0012,1,570.0,0.0,570.0,
OI000018350,O00004588,M0001,3,1554.0,0.0,4662.0,
OI000018351,O00004588,M0074,1,720.0,72.0,648.0,
OI000018352,O00004588,M0001,1,1554.0,0.0,1554.0,
OI000018353,O00004589,M0146,1,250.0,37.5,212.5,
OI000018354,O00004589,M0185,1,1560.0,0.0,1560.0,
OI000018355,O00004589,M0082,1,590.0,0.0,590.0,Customer request
OI000018356,O00004590,M0013,1,1500.0,0.0,1500.0,
OI000018357,O00004590,M0006,1,1879.5,0.0,1879.5,
OI000018358,O00004590,M0002,1,494.0,49.4,444.6,
OI000018359,O00004590,M0001,1,1480.0,222.0,1258.0,
OI000018360,O00004590,M0022,1,1178.0,58.9,1119.1,
OI000018361,O00004590,M0060,1,1239.0,0.0,1239.0,
OI000018362,O00004591,M0016,1,1230.0,0.0,1230.0,
OI000018363,O00004591,M0023,1,580.0,0.0,580.0,Customer request
OI000018364,O00004591,M0070,1,1548.5,0.0,1548.5,
OI000018365,O00004591,M0020,2,1110.0,0.0,2220.0,
OI000018366,O00004592,M0097,1,304.0,0.0,304.0,
OI000018367,O00004592,M0059,1,693.0,0.0,693.0,
OI000018368,O00004592,M0067,1,1440.0,0.0,1440.0,
OI000018369,O00004592,M0054,2,1120.0,0.0,2240.0,
OI000018370,O00004593,M0002,1,520.0,26.0,494.0,
OI000018371,O00004594,M0070,1,1630.0,0.0,1630.0,
OI000018372,O00004594,M0048,5,1580.0,0.0,7900.0,
OI000018373,O00004595,M0044,1,360.0,0.0,360.0,
OI000018374,O00004595,M0049,2,1522.5,0.0,3045.0,
OI000018375,O00004596,M0193,2,550.0,0.0,1100.0,
OI000018376,O00004596,M0023,1,551.0,0.0,551.0,
OI000018377,O00004596,M0002,2,520.0,0.0,1040.0,
OI000018378,O00004597,M0034,2,1260.0,0.0,2520.0,
OI000018379,O00004597,M0003,1,1050.0,0.0,1050.0,
OI000018380,O00004597,M0109,1,1349.0,0.0,1349.0,
OI000018381,O00004597,M0007,1,1280.0,0.0,1280.0,
OI000018382,O00004597,M0198,1,680.0,0.0,680.0,
OI000018383,O00004597,M0004,1,1800.0,0.0,1800.0,
OI000018384,O00004597,M0017,3,766.5,0.0,2299.5,
OI000018385,O00004598,M0003,1,1102.5,0.0,1102.5,
OI000018386,O00004599,M0021,1,1312.5,0.0,1312.5,
OI000018387,O00004599,M0029,2,660.0,0.0,1320.0,
OI000018388,O00004600,M0087,1,1680.0,0.0,1680.0,
OI000018389,O00004600,M0001,4,1480.0,0.0,5920.0,
OI000018390,O00004600,M0006,1,1879.5,0.0,1879.5,Customer request
OI000018391,O00004600,M0008,1,880.0,132.0,748.0,
OI000018392,O00004601,M0050,2,800.0,0.0,1600.0,
OI000018393,O00004601,M0009,4,1660.0,332.0,6308.0,
OI000018394,O00004601,M0030,1,283.5,0.0,283.5,
OI000018395,O00004601,M0030,2,270.0,0.0,540.0,
OI000018396,O00004601,M0111,1,280.0,0.0,280.0,
OI000018397,O00004601,M0137,2,1770.0,0.0,3540.0,
OI000018398,O00004601,M0188,1,275.5,0.0,275.5,
OI000018399,O00004602,M0123,2,740.0,0.0,1480.0,
OI000018400,O00004602,M0138,1,735.0,0.0,735.0,
OI000018401,O00004602,M0184,2,1040.0,0.0,2080.0,
OI000018402,O00004602,M0117,2,1083.0,0.0,2166.0,
OI000018403,O00004603,M0005,2,451.5,90.3,812.7,
OI000018404,O00004603,M0104,3,200.0,0.0,600.0,
OI000018405,O00004603,M0077,1,1630.0,0.0,1630.0,
OI000018406,O00004603,M0041,2,1482.0,0.0,2964.0,
OI000018407,O00004604,M0004,1,1890.0,0.0,1890.0,
OI000018408,O00004604,M0001,1,1554.0,0.0,1554.0,Customer request
OI000018409,O00004604,M0006,1,1790.0,0.0,1790.0,Customer request
OI000018410,O00004605,M0138,1,700.0,0.0,700.0,
OI000018411,O00004605,M0008,1,880.0,0.0,880.0,
OI000018412,O00004605,M0024,1,609.0,0.0,609.0,
OI000018413,O00004606,M0199,1,418.0,0.0,418.0,Customer request
OI000018414,O00004606,M0033,1,294.5,0.0,294.5,
OI000018415,O00004606,M0095,3,230.0,0.0,690.0,
OI000018416,O00004607,M0105,1,1310.0,0.0,1310.0,
OI000018417,O00004607,M0139,1,1681.5,0.0,1681.5,
OI000018418,O00004607,M0013,2,1500.0,300.0,2700.0,
OI000018419,O00004607,M0003,1,1050.0,105.0,945.0,
OI000018420,O00004607,M0143,1,800.0,0.0,800.0,
OI000018421,O00004608,M0052,3,710.0,213.0,1917.0,
OI000018422,O00004608,M0049,1,1377.5,0.0,1377.5,
OI000018423,O00004608,M0044,1,360.0,0.0,360.0,
OI000018424,O00004608,M0001,1,1554.0,0.0,1554.0,
OI000018425,O00004608,M0007,1,1280.0,0.0,1280.0,
OI000018426,O00004609,M0067,2,1440.0,0.0,2880.0,
OI000018427,O00004609,M0001,1,1480.0,222.0,1258.0,
OI000018428,O00004609,M0051,1,750.0,0.0,750.0,
OI000018429,O00004610,M0001,1,1406.0,0.0,1406.0,
OI000018430,O00004610,M0001,3,1480.0,0.0,4440.0,
OI000018431,O00004610,M0145,1,1760.0,88.0,1672.0,
OI000018432,O00004610,M0154,1,1743.0,0.0,1743.0,
OI000018433,O00004610,M0010,1,408.5,20.42,388.08,Customer request
OI000018434,O00004610,M0133,1,1000.0,0.0,1000.0,
OI000018435,O00004610,M0001,1,1406.0,0.0,1406.0,
OI000018436,O00004610,M0020,1,1110.0,55.5,1054.5,
OI000018437,O00004611,M0028,2,826.5,0.0,1653.0,Customer request
OI000018438,O00004611,M0020,3,1110.0,0.0,3330.0,
OI000018439,O00004611,M0014,2,1624.5,0.0,3249.0,
OI000018440,O00004612,M0052,2,710.0,0.0,1420.0,
OI000018441,O00004612,M0068,1,920.0,0.0,920.0,
OI000018442,O00004612,M0177,2,200.0,0.0,400.0,
OI000018443,O00004612,M0003,2,1050.0,210.0,1890.0,
OI000018444,O00004612,M0149,1,920.0,0.0,920.0,
OI000018445,O00004612,M0106,2,940.0,0.0,1880.0,
OI000018446,O00004613,M0009,1,1660.0,0.0,1660.0,
OI000018447,O00004613,M0005,2,430.0,0.0,860.0,
OI000018448,O00004613,M0002,2,546.0,0.0,1092.0,
OI000018449,O00004613,M0021,1,1250.0,62.5,1187.5,
OI000018450,O00004614,M0040,1,430.0,0.0,430.0,Customer request
OI000018451,O00004614,M0044,2,378.0,0.0,756.0,
OI000018452,O00004615,M0021,1,1250.0,0.0,1250.0,
OI000018453,O00004615,M0070,1,1711.5,0.0,1711.5,
OI000018454,O00004615,M0077,1,1630.0,0.0,1630.0,
OI000018455,O00004615,M0034,3,1260.0,0.0,3780.0,
OI000018456,O00004615,M0040,1,430.0,0.0,430.0,
OI000018457,O00004615,M0005,1,430.0,0.0,430.0,
OI000018458,O00004616,M0041,2,1638.0,0.0,3276.0,
OI000018459,O00004616,M0001,1,1406.0,0.0,1406.0,
OI000018460,O00004616,M0044,2,360.0,0.0,720.0,
OI000018461,O00004616,M0059,1,693.0,0.0,693.0,
OI000018462,O00004616,M0190,1,380.0,0.0,380.0,
OI000018463,O00004617,M0021,2,1312.5,0.0,2625.0,
OI000018464,O00004617,M0031,1,1827.0,0.0,1827.0,
OI000018465,O00004617,M0025,1,260.0,0.0,260.0,
OI000018466,O00004617,M0008,1,880.0,0.0,880.0,
OI000018467,O00004617,M0002,2,520.0,0.0,1040.0,
OI000018468,O00004617,M0059,1,660.0,0.0,660.0,
OI000018469,O00004618,M0001,2,1480.0,0.0,2960.0,Customer request
OI000018470,O00004618,M0022,1,1240.0,0.0,1240.0,
OI000018471,O00004618,M0001,2,1480.0,444.0,2516.0,
OI000018472,O00004618,M0168,1,1710.0,0.0,1710.0,
OI000018473,O00004618,M0074,1,720.0,0.0,720.0,
OI000018474,O00004619,M0006,1,1790.0,0.0,1790.0,
OI000018475,O00004619,M0009,2,1743.0,0.0,3486.0,
OI000018476,O00004619,M0012,2,570.0,0.0,1140.0,
OI000018477,O00004619,M0035,3,874.0,0.0,2622.0,
OI000018478,O00004620,M0057,1,475.0,0.0,475.0,
OI000018479,O00004620,M0001,2,1406.0,0.0,2812.0,
OI000018480,O00004620,M0064,1,441.0,0.0,441.0,
OI000018481,O00004620,M0001,1,1480.0,148.0,1332.0,
OI000018482,O00004621,M0155,1,556.5,0.0,556.5,
OI000018483,O00004621,M0031,1,1653.0,0.0,1653.0,
OI000018484,O00004622,M0165,1,540.0,0.0,540.0,
OI000018485,O00004622,M0059,1,693.0,34.65,658.35,
OI000018486,O00004622,M0019,1,630.0,0.0,630.0,
OI000018487,O00004622,M0101,3,522.5,0.0,1567.5,
OI000018488,O00004622,M0001,2,1480.0,296.0,2664.0,
OI000018489,O00004622,M0047,1,1529.5,0.0,1529.5,
OI000018490,O00004623,M0008,1,836.0,0.0,836.0,
OI000018491,O00004623,M0123,1,740.0,0.0,740.0,
OI000018492,O00004623,M0144,2,560.0,0.0,1120.0,
OI000018493,O00004623,M0047,1,1610.0,0.0,1610.0,
OI000018494,O00004623,M0008,1,924.0,0.0,924.0,
OI000018495,O00004624,M0018,3,1260.0,0.0,3780.0,
OI000018496,O00004624,M0054,1,1064.0,0.0,1064.0,
OI000018497,O00004624,M0022,2,1240.0,372.0,2108.0,
OI000018498,O00004624,M0099,2,570.0,171.0,969.0,
OI000018499,O00004625,M0016,1,1230.0,0.0,1230.0,
OI000018500,O00004625,M0032,1,830.0,0.0,830.0,
OI000018501,O00004625,M0004,2,1710.0,0.0,3420.0,
OI000018502,O00004625,M0074,3,756.0,0.0,2268.0,
OI000018503,O00004626,M0133,1,1000.0,0.0,1000.0,
OI000018504,O00004626,M0015,1,1680.0,0.0,1680.0,
OI000018505,O00004626,M0175,2,710.0,0.0,1420.0,
OI000018506,O00004626,M0001,1,1406.0,0.0,1406.0,
OI000018507,O00004627,M0006,1,1790.0,0.0,1790.0,
OI000018508,O00004627,M0020,2,1110.0,0.0,2220.0,
OI000018509,O00004628,M0021,2,1312.5,0.0,2625.0,
OI000018510,O00004628,M0104,2,190.0,0.0,380.0,
OI000018511,O00004629,M0142,1,730.0,73.0,657.0,
OI000018512,O00004629,M0010,1,451.5,0.0,451.5,
OI000018513,O00004629,M0058,4,1350.0,0.0,5400.0,Customer request
OI000018514,O00004629,M0040,2,408.5,0.0,817.0,
OI000018515,O00004630,M0004,1,1890.0,0.0,1890.0,
OI000018516,O00004630,M0012,1,598.5,89.78,508.72,
OI000018517,O00004630,M0001,1,1480.0,0.0,1480.0,
OI000018518,O00004630,M0010,1,430.0,0.0,430.0,
OI000018519,O00004631,M0002,2,520.0,0.0,1040.0,
OI000018520,O00004631,M0148,1,1180.0,0.0,1180.0,
OI000018521,O00004631,M0148,1,1180.0,0.0,1180.0,
OI000018522,O00004632,M0069,5,1170.0,0.0,5850.0,Customer request
OI000018523,O00004632,M0196,1,1669.5,0.0,1669.5,
OI000018524,O00004632,M0046,1,1640.0,0.0,1640.0,
OI000018525,O00004632,M0005,1,430.0,0.0,430.0,
OI000018526,O00004632,M0141,1,1282.5,0.0,1282.5,
OI000018527,O00004632,M0005,1,430.0,0.0,430.0,
OI000018528,O00004633,M0008,1,836.0,0.0,836.0,
OI000018529,O00004633,M0063,1,1210.0,0.0,1210.0,
OI000018530,O00004633,M0003,1,1050.0,157.5,892.5,
OI000018531,O00004633,M0052,3,710.0,0.0,2130.0,
OI000018532,O00004634,M0010,1,451.5,0.0,451.5,
OI000018533,O00004634,M0055,1,845.5,0.0,845.5,
OI000018534,O00004634,M0106,2,940.0,0.0,1880.0,
OI000018535,O00004634,M0018,2,1200.0,360.0,2040.0,
OI000018536,O00004634,M0012,4,570.0,0.0,2280.0,
OI000018537,O00004635,M0012,1,570.0,28.5,541.5,
OI000018538,O00004635,M0015,1,1680.0,0.0,1680.0,
OI000018539,O00004635,M0101,2,550.0,0.0,1100.0,
OI000018540,O00004636,M0022,1,1302.0,0.0,1302.0,
OI000018541,O00004636,M0078,1,1260.0,189.0,1071.0,Customer request
OI000018542,O00004636,M0086,1,1740.0,0.0,1740.0,
OI000018543,O00004636,M0037,2,1690.5,338.1,3042.9,Customer request
OI000018544,O00004637,M0025,1,247.0,24.7,222.3,
OI000018545,O00004637,M0017,1,766.5,76.65,689.85,
OI000018546,O00004637,M0062,1,1010.0,0.0,1010.0,
OI000018547,O00004637,M0034,1,1323.0,0.0,1323.0,
OI000018548,O00004638,M0010,1,451.5,0.0,451.5,
OI000018549,O00004638,M0037,2,1610.0,0.0,3220.0,
OI000018550,O00004638,M0063,1,1210.0,0.0,1210.0,
OI000018551,O00004638,M0039,3,1690.0,0.0,5070.0,
OI000018552,O00004638,M0001,1,1554.0,0.0,1554.0,
OI000018553,O00004638,M0197,2,330.0,0.0,660.0,
OI000018554,O00004639,M0092,1,890.0,0.0,890.0,
OI000018555,O00004639,M0007,1,1280.0,0.0,1280.0,
OI000018556,O00004639,M0093,1,883.5,0.0,883.5,
OI000018557,O00004639,M0095,1,230.0,0.0,230.0,
OI000018558,O00004639,M0050,1,800.0,0.0,800.0,
OI000018559,O00004640,M0055,1,890.0,0.0,890.0,
OI000018560,O00004640,M0003,1,1102.5,165.38,937.12,
OI000018561,O00004640,M0016,1,1291.5,0.0,1291.5,
OI000018562,O00004641,M0047,1,1610.0,0.0,1610.0,
OI000018563,O00004641,M0001,1,1406.0,0.0,1406.0,
OI000018564,O00004641,M0188,1,290.0,0.0,290.0,
OI000018565,O00004641,M0002,1,546.0,0.0,546.0,
OI000018566,O00004642,M0019,1,630.0,0.0,630.0,
OI000018567,O00004642,M0155,1,530.0,0.0,530.0,
OI000018568,O00004643,M0001,1,1406.0,0.0,1406.0,
OI000018569,O00004643,M0070,4,1630.0,0.0,6520.0,
OI000018570,O00004643,M0018,4,1200.0,0.0,4800.0,
OI000018571,O00004644,M0079,1,1050.0,0.0,1050.0,
OI000018572,O00004644,M0065,2,850.0,0.0,1700.0,Customer request
OI000018573,O00004644,M0049,1,1450.0,0.0,1450.0,
OI000018574,O00004645,M0133,1,1000.0,0.0,1000.0,
OI000018575,O00004645,M0001,2,1554.0,0.0,3108.0,
OI000018576,O00004645,M0003,1,1050.0,0.0,1050.0,Customer request
OI000018577,O00004645,M0102,2,480.0,0.0,960.0,
OI000018578,O00004645,M0057,1,500.0,0.0,500.0,
OI000018579,O00004645,M0161,1,410.0,0.0,410.0,
OI000018580,O00004645,M0023,2,580.0,0.0,1160.0,
OI000018581,O00004645,M0040,1,451.5,67.72,383.78,
OI000018582,O00004645,M0055,1,890.0,0.0,890.0,
OI000018583,O00004646,M0004,2,1890.0,0.0,3780.0,
OI000018584,O00004646,M0003,3,1050.0,0.0,3150.0,
OI000018585,O00004646,M0007,1,1280.0,0.0,1280.0,
OI000018586,O00004646,M0017,1,730.0,0.0,730.0,
OI000018587,O00004646,M0030,1,270.0,0.0,270.0,
OI000018588,O00004646,M0026,1,450.0,0.0,450.0,
OI000018589,O00004647,M0104,2,200.0,0.0,400.0,
OI000018590,O00004647,M0003,1,1102.5,0.0,1102.5,
OI000018591,O00004647,M0016,1,1291.5,0.0,1291.5,
OI000018592,O00004647,M0171,2,1722.0,0.0,3444.0,
OI000018593,O00004648,M0097,2,320.0,96.0,544.0,Customer request
OI000018594,O00004649,M0022,1,1240.0,0.0,1240.0,
OI000018595,O00004649,M0046,3,1640.0,492.0,4428.0,
OI000018596,O00004650,M0027,2,790.0,0.0,1580.0,
OI000018597,O00004650,M0017,1,730.0,0.0,730.0,
OI000018598,O00004650,M0003,3,1050.0,0.0,3150.0,
OI000018599,O00004650,M0004,1,1800.0,0.0,1800.0,
OI000018600,O00004650,M0009,1,1660.0,0.0,1660.0,
OI000018601,O00004650,M0015,2,1680.0,0.0,3360.0,
OI000018602,O00004650,M0007,1,1344.0,134.4,1209.6,
OI000018603,O00004651,M0045,1,1134.0,0.0,1134.0,
OI000018604,O00004651,M0049,1,1450.0,0.0,1450.0,
OI000018605,O00004651,M0001,1,1480.0,0.0,1480.0,
OI000018606,O00004651,M0061,3,924.0,0.0,2772.0,
OI000018607,O00004652,M0027,1,790.0,0.0,790.0,
OI000018608,O00004652,M0039,2,1774.5,0.0,3549.0,Customer request
OI000018609,O00004652,M0145,1,1760.0,0.0,1760.0,
OI000018610,O00004652,M0004,1,1890.0,0.0,1890.0,
OI000018611,O00004652,M0019,1,630.0,0.0,630.0,
OI000018612,O00004653,M0029,1,627.0,62.7,564.3,
OI000018613,O00004653,M0048,1,1580.0,0.0,1580.0,
OI000018614,O00004653,M0068,1,920.0,0.0,920.0,
OI000018615,O00004653,M0003,2,1050.0,0.0,2100.0,
OI000018616,O00004653,M0089,1,1150.0,0.0,1150.0,
OI000018617,O00004653,M0006,1,1790.0,0.0,1790.0,
OI000018618,O00004653,M0174,3,510.0,0.0,1530.0,
OI000018619,O00004654,M0002,2,520.0,0.0,1040.0,
OI000018620,O00004654,M0193,1,522.5,0.0,522.5,
OI000018621,O00004654,M0162,1,330.0,0.0,330.0,
OI000018622,O00004655,M0143,2,800.0,0.0,1600.0,
OI000018623,O00004655,M0001,1,1480.0,0.0,1480.0,
OI000018624,O00004655,M0005,1,451.5,0.0,451.5,
OI000018625,O00004655,M0043,1,1770.0,0.0,1770.0,
OI000018626,O00004655,M0081,2,874.0,0.0,1748.0,
OI000018627,O00004656,M0085,1,1720.0,0.0,1720.0,
OI000018628,O00004656,M0001,1,1554.0,0.0,1554.0,
OI000018629,O00004657,M0071,1,598.5,0.0,598.5,
OI000018630,O00004657,M0031,1,1740.0,0.0,1740.0,
OI000018631,O00004657,M0011,1,1150.0,57.5,1092.5,
OI000018632,O00004657,M0071,3,630.0,0.0,1890.0,
OI000018633,O00004658,M0007,5,1216.0,0.0,6080.0,
OI000018634,O00004658,M0060,1,1180.0,0.0,1180.0,
OI000018635,O00004658,M0052,1,745.5,0.0,745.5,
OI000018636,O00004658,M0048,1,1580.0,0.0,1580.0,
OI000018637,O00004658,M0037,1,1610.0,0.0,1610.0,
OI000018638,O00004659,M0008,1,924.0,0.0,924.0,
OI000018639,O00004659,M0005,1,430.0,0.0,430.0,
OI000018640,O00004659,M0017,1,730.0,73.0,657.0,
OI000018641,O00004659,M0184,2,1040.0,0.0,2080.0,
OI000018642,O00004659,M0102,1,480.0,0.0,480.0,
OI000018643,O00004659,M0017,1,730.0,0.0,730.0,
OI000018644,O00004660,M0070,1,1711.5,0.0,1711.5,
OI000018645,O00004660,M0009,2,1577.0,0.0,3154.0,
OI000018646,O00004661,M0005,1,430.0,0.0,430.0,
OI000018647,O00004661,M0046,1,1640.0,0.0,1640.0,
OI000018648,O00004661,M0007,1,1216.0,0.0,1216.0,
OI000018649,O00004661,M0039,3,1690.0,0.0,5070.0,
OI000018650,O00004661,M0002,1,520.0,0.0,520.0,
OI000018651,O00004661,M0120,1,1827.0,0.0,1827.0,
OI000018652,O00004662,M0017,2,-100.0,0.0,1460.0,
OI000018653,O00004662,M0001,1,1554.0,0.0,1554.0,
OI000018654,O00004662,M0177,1,210.0,0.0,210.0,
OI000018655,O00004663,M0039,1,1690.0,0.0,1690.0,
OI000018656,O00004663,M0156,1,1280.0,0.0,1280.0,
OI000018657,O00004663,M0004,1,1890.0,0.0,1890.0,
OI000018658,O00004664,M0010,1,430.0,0.0,430.0,Customer request
OI000018659,O00004664,M0017,1,730.0,0.0,730.0,
OI000018660,O00004664,M0005,2,451.5,0.0,903.0,
OI000018661,O00004665,M0025,1,260.0,0.0,260.0,
OI000018662,O00004665,M0009,1,1743.0,0.0,1743.0,
OI000018663,O00004666,M0002,1,520.0,0.0,520.0,
OI000018664,O00004666,M0002,1,520.0,0.0,520.0,
OI000018665,O00004666,M0008,1,880.0,0.0,880.0,
OI000018666,O00004667,M0190,1,380.0,0.0,380.0,
OI000018667,O00004668,M0008,1,880.0,0.0,880.0,Customer request
OI000018668,O00004668,M0129,2,1760.0,0.0,3520.0,Customer request
OI000018669,O00004668,M0026,1,450.0,0.0,450.0,
OI000018670,O00004669,M0007,2,1280.0,0.0,2560.0,
OI000018671,O00004669,M0115,1,1083.0,54.15,1028.85,
OI000018672,O00004669,M0091,1,350.0,0.0,350.0,
OI000018673,O00004670,M0053,1,1770.0,0.0,1770.0,
OI000018674,O00004670,M0009,2,1660.0,0.0,3320.0,
OI000018675,O00004670,M0094,1,630.0,0.0,630.0,
OI000018676,O00004671,M0001,2,1480.0,0.0,2960.0,
OI000018677,O00004671,M0009,1,1577.0,236.55,1340.45,
OI000018678,O00004671,M0131,1,1039.5,0.0,1039.5,
OI000018679,O00004671,M0006,2,1700.5,510.15,2890.85,Customer request
OI000018680,O00004672,M0056,1,250.0,0.0,250.0,
OI000018681,O00004673,M0028,1,870.0,0.0,870.0,
OI000018682,O00004673,M0022,1,1240.0,0.0,1240.0,Customer request
OI000018683,O00004673,M0070,1,1630.0,0.0,1630.0,
OI000018684,O00004673,M0001,4,1406.0,562.4,5061.6,
OI000018685,O00004673,M0031,1,1740.0,0.0,1740.0,
OI000018686,O00004673,M0023,1,580.0,0.0,580.0,
OI000018687,O00004673,M0090,2,1312.5,0.0,2625.0,
OI000018688,O00004673,M0022,2,1240.0,0.0,2480.0,
OI000018689,O00004673,M0151,1,590.0,0.0,590.0,
OI000018690,O00004674,M0196,2,1590.0,0.0,3180.0,
OI000018691,O00004674,M0137,3,1858.5,0.0,5575.5,
OI000018692,O00004674,M0105,2,1310.0,0.0,2620.0,
OI000018693,O00004674,M0079,1,1050.0,0.0,1050.0,
OI000018694,O00004675,M0042,1,1210.0,0.0,1210.0,
OI000018695,O00004675,M0102,1,480.0,0.0,480.0,
OI000018696,O00004675,M0050,1,840.0,0.0,840.0,
OI000018697,O00004675,M0179,1,1440.0,0.0,1440.0,
OI000018698,O00004675,M0144,1,560.0,0.0,560.0,
OI000018699,O00004675,M0045,3,1080.0,0.0,3240.0,
OI000018700,O00004676,M0021,1,1312.5,65.62,1246.88,
OI000018701,O00004676,M0005,1,451.5,0.0,451.5,
OI000018702,O00004676,M0007,1,1280.0,128.0,1152.0,
OI000018703,O00004676,M0006,1,1879.5,0.0,1879.5,
OI000018704,O00004677,M0144,1,588.0,0.0,588.0,
OI000018705,O00004677,M0156,1,1280.0,64.0,1216.0,
OI000018706,O00004677,M0012,1,570.0,85.5,484.5,
OI000018707,O00004677,M0075,1,1710.0,0.0,1710.0,
OI000018708,O00004677,M0002,2,520.0,0.0,1040.0,
OI000018709,O00004677,M0042,2,1210.0,0.0,2420.0,
OI000018710,O00004678,M0010,1,430.0,0.0,430.0,
OI000018711,O00004678,M0173,1,1750.0,0.0,1750.0,
OI000018712,O00004678,M0003,1,1050.0,0.0,1050.0,
OI000018713,O00004678,M0003,1,1050.0,0.0,1050.0,
OI000018714,O00004679,M0097,4,304.0,0.0,1216.0,
OI000018715,O00004679,M0011,1,1092.5,0.0,1092.5,
OI000018716,O00004679,M0007,1,1216.0,60.8,1155.2,
OI000018717,O00004680,M0005,4,430.0,0.0,1720.0,
OI000018718,O00004680,M0007,1,1280.0,0.0,1280.0,
OI000018719,O00004680,M0194,2,1270.0,0.0,2540.0,
OI000018720,O00004680,M0025,4,273.0,0.0,1092.0,
OI000018721,O00004680,M0007,3,1280.0,0.0,3840.0,
OI000018722,O00004681,M0001,4,1480.0,0.0,5920.0,
OI000018723,O00004681,M0002,2,546.0,0.0,1092.0,
OI000018724,O00004681,M0063,2,1210.0,0.0,2420.0,
OI000018725,O00004681,M0008,1,836.0,0.0,836.0,
OI000018726,O00004681,M0041,1,1560.0,0.0,1560.0,
OI000018727,O00004681,M0040,1,408.5,0.0,408.5,Customer request
OI000018728,O00004682,M0015,3,1596.0,0.0,4788.0,
OI000018729,O00004682,M0078,1,1260.0,0.0,1260.0,
OI000018730,O00004682,M0001,1,1406.0,0.0,1406.0,
OI000018731,O00004682,M0021,1,1312.5,0.0,1312.5,
OI000018732,O00004682,M0023,1,580.0,0.0,580.0,
OI000018733,O00004682,M0002,1,520.0,0.0,520.0,
OI000018734,O00004682,M0001,2,1480.0,0.0,2960.0,
OI000018735,O00004682,M0037,1,1610.0,0.0,1610.0,
OI000018736,O00004682,M0010,1,430.0,0.0,430.0,
OI000018737,O00004683,M0164,1,1270.0,63.5,1206.5,
OI000018738,O00004683,M0076,1,660.0,66.0,594.0,
OI000018739,O00004683,M0002,1,494.0,0.0,494.0,
OI000018740,O00004683,M0062,1,1010.0,0.0,1010.0,
OI000018741,O00004684,M0137,2,1770.0,0.0,3540.0,
OI000018742,O00004684,M0177,2,200.0,0.0,400.0,Customer request
OI000018743,O00004684,M0011,1,1207.5,0.0,1207.5,
OI000018744,O00004684,M0023,1,609.0,0.0,609.0,
OI000018745,O00004685,M0060,1,1239.0,0.0,1239.0,
OI000018746,O00004685,M0153,4,1760.0,0.0,7040.0,
OI000018747,O00004685,M0068,1,920.0,0.0,920.0,
OI000018748,O00004686,M0017,1,766.5,0.0,766.5,
OI000018749,O00004686,M0002,1,494.0,0.0,494.0,
OI000018750,O00004686,M0003,2,1102.5,0.0,2205.0,
OI000018751,O00004686,M0039,2,1690.0,0.0,3380.0,
OI000018752,O00004687,M0007,4,1280.0,0.0,5120.0,
OI000018753,O00004687,M0024,2,580.0,0.0,1160.0,
OI000018754,O00004687,M0020,1,1054.5,0.0,1054.5,
OI000018755,O00004687,M0044,2,360.0,0.0,720.0,
OI000018756,O00004688,M0013,4,1425.0,0.0,5700.0,
OI000018757,O00004688,M0026,1,472.5,47.25,425.25,
OI000018758,O00004688,M0046,1,1722.0,172.2,1549.8,
OI000018759,O00004688,M0048,1,1501.0,0.0,1501.0,
OI000018760,O00004689,M0027,2,790.0,0.0,1580.0,
OI000018761,O00004690,M0078,4,1260.0,756.0,4284.0,Customer request
OI000018762,O00004690,M0018,4,1200.0,0.0,4800.0,
OI000018763,O00004690,M0102,1,504.0,0.0,504.0,
OI000018764,O00004690,M0192,1,540.0,0.0,540.0,
OI000018765,O00004690,M0093,2,930.0,0.0,1860.0,
OI000018766,O00004690,M0100,1,1700.5,0.0,1700.5,
OI000018767,O00004690,M0136,3,740.0,333.0,1887.0,
OI000018768,O00004691,M0002,2,520.0,0.0,1040.0,
OI000018769,O00004691,M0042,1,1210.0,0.0,1210.0,
OI000018770,O00004691,M0067,1,1440.0,0.0,1440.0,
OI000018771,O00004691,M0156,1,1280.0,0.0,1280.0,Customer request
OI000018772,O00004691,M0120,1,1740.0,0.0,1740.0,
OI000018773,O00004691,M0018,1,1200.0,0.0,1200.0,
OI000018774,O00004692,M0011,1,1150.0,0.0,1150.0,
OI000018775,O00004692,M0010,3,430.0,64.5,1225.5,
OI000018776,O00004692,M0007,1,1280.0,0.0,1280.0,
OI000018777,O00004692,M0011,2,1150.0,0.0,2300.0,
OI000018778,O00004693,M0084,2,1540.0,0.0,3080.0,Customer request
OI000018779,O00004693,M0002,1,546.0,0.0,546.0,
OI000018780,O00004693,M0085,1,1806.0,270.9,1535.1,
OI000018781,O00004693,M0005,3,430.0,0.0,1290.0,
OI000018782,O00004693,M0055,1,890.0,0.0,890.0,
OI000018783,O00004694,M0049,4,1450.0,0.0,5800.0,
OI000018784,O00004694,M0048,3,1580.0,0.0,4740.0,
OI000018785,O00004695,M0011,1,1207.5,0.0,1207.5,
OI000018786,O00004695,M0003,1,1050.0,0.0,1050.0,
OI000018787,O00004696,M0104,1,210.0,10.5,199.5,
OI000018788,O00004696,M0007,1,1280.0,0.0,1280.0,
OI000018789,O00004696,M0002,3,520.0,0.0,1560.0,
OI000018790,O00004696,M0003,1,1050.0,0.0,1050.0,
OI000018791,O00004696,M0002,2,520.0,0.0,1040.0,
OI000018792,O00004697,M0079,1,1050.0,0.0,1050.0,
OI000018793,O00004697,M0088,1,1083.0,0.0,1083.0,
OI000018794,O00004697,M0013,1,1500.0,0.0,1500.0,
OI000018795,O00004698,M0094,1,630.0,63.0,567.0,
OI000018796,O00004698,M0122,5,470.0,235.0,2115.0,
OI000018797,O00004699,M0028,1,913.5,0.0,913.5,Customer request
OI000018798,O00004699,M0117,1,1140.0,0.0,1140.0,
OI000018799,O00004700,M0032,1,830.0,0.0,830.0,
OI000018800,O00004700,M0110,1,1567.5,0.0,1567.5,
OI000018801,O00004700,M0023,1,551.0,0.0,551.0,
OI000018802,O00004700,M0001,1,1554.0,0.0,1554.0,
OI000018803,O00004700,M0006,1,1790.0,0.0,1790.0,
OI000018804,O00004700,M0010,1,430.0,0.0,430.0,
OI000018805,O00004701,M0023,1,580.0,0.0,580.0,
OI000018806,O00004701,M0028,1,826.5,0.0,826.5,
OI000018807,O00004701,M0187,2,913.5,0.0,1827.0,
OI000018808,O00004701,M0028,1,870.0,87.0,783.0,
OI000018809,O00004701,M0016,1,1230.0,0.0,1230.0,
OI000018810,O00004701,M0015,2,1680.0,0.0,3360.0,
OI000018811,O00004702,M0142,1,730.0,0.0,730.0,
OI000018812,O00004702,M0017,2,730.0,0.0,1460.0,
OI000018813,O00004702,M0101,2,550.0,110.0,990.0,
OI000018814,O00004702,M0007,1,1216.0,0.0,1216.0,
OI000018815,O00004702,M0022,2,1302.0,0.0,2604.0,Customer request
OI000018816,O00004702,M0044,1,342.0,0.0,342.0,
OI000018817,O00004703,M0043,2,1858.5,371.7,3345.3,
OI000018818,O00004703,M0045,2,1080.0,0.0,2160.0,
OI000018819,O00004703,M0087,1,1596.0,0.0,1596.0,
OI000018820,O00004703,M0033,1,310.0,0.0,310.0,
OI000018821,O00004703,M0004,1,-100.0,180.0,1620.0,
OI000018822,O00004703,M0046,1,1640.0,0.0,1640.0,
OI000018823,O00004703,M0010,1,451.5,0.0,451.5,
OI000018824,O00004704,M0010,1,430.0,0.0,430.0,
OI000018825,O00004704,M0003,1,1050.0,0.0,1050.0,
OI000018826,O00004704,M0153,3,1760.0,0.0,5280.0,
OI000018827,O00004704,M0001,1,1554.0,0.0,1554.0,
OI000018828,O00004705,M0001,1,1480.0,0.0,1480.0,Customer request
OI000018829,O00004705,M0082,1,619.5,0.0,619.5,
OI000018830,O00004705,M0076,2,660.0,0.0,1320.0,
OI000018831,O00004705,M0014,1,1795.5,0.0,1795.5,
OI000018832,O00004705,M0086,1,1740.0,0.0,1740.0,
OI000018833,O00004706,M0030,1,256.5,0.0,256.5,
OI000018834,O00004706,M0083,2,540.0,0.0,1080.0,
OI000018835,O00004707,M0039,1,1690.0,0.0,1690.0,
OI000018836,O00004707,M0084,2,1463.0,0.0,2926.0,
OI000018837,O00004708,M0097,1,304.0,0.0,304.0,
OI000018838,O00004708,M0009,4,1577.0,0.0,6308.0,
OI000018839,O00004708,M0017,1,730.0,0.0,730.0,
OI000018840,O00004708,M0032,1,830.0,0.0,830.0,
OI000018841,O00004708,M0004,1,1710.0,0.0,1710.0,
OI000018842,O00004708,M0184,1,1092.0,0.0,1092.0,
OI000018843,O00004709,M0160,1,1837.5,0.0,1837.5,
OI000018844,O00004709,M0099,1,541.5,81.22,460.28,
OI000018845,O00004709,M0005,1,451.5,0.0,451.5,
OI000018846,O00004710,M0025,1,247.0,0.0,247.0,
OI000018847,O00004710,M0161,1,410.0,0.0,410.0,
OI000018848,O00004710,M0052,2,745.5,0.0,1491.0,
OI000018849,O00004710,M0017,1,730.0,0.0,730.0,
OI000018850,O00004710,M0002,1,520.0,0.0,520.0,
OI000018851,O00004711,M0002,1,494.0,0.0,494.0,
OI000018852,O00004711,M0068,1,920.0,0.0,920.0,
OI000018853,O00004711,M0011,1,1150.0,0.0,1150.0,
OI000018854,O00004712,M0031,1,1740.0,0.0,1740.0,
OI000018855,O00004712,M0090,3,1250.0,0.0,3750.0,
OI000018856,O00004712,M0004,2,1890.0,0.0,3780.0,
OI000018857,O00004713,M0001,1,1480.0,222.0,1258.0,Customer request
OI000018858,O00004713,M0016,1,1230.0,0.0,1230.0,
OI000018859,O00004713,M0004,2,1800.0,0.0,3600.0,
OI000018860,O00004713,M0033,2,310.0,0.0,620.0,Customer request
OI000018861,O00004714,M0040,1,430.0,0.0,430.0,
OI000018862,O00004714,M0002,1,546.0,27.3,518.7,
OI000018863,O00004714,M0104,1,200.0,0.0,200.0,
OI000018864,O00004714,M0001,2,1480.0,0.0,2960.0,
OI000018865,O00004714,M0013,1,1500.0,0.0,1500.0,
OI000018866,O00004714,M0001,1,1480.0,0.0,1480.0,
OI000018867,O00004714,M0076,3,660.0,0.0,1980.0,
OI000018868,O00004715,M0139,3,1681.5,0.0,5044.5,
OI000018869,O00004715,M0014,2,1710.0,342.0,3078.0,
OI000018870,O00004715,M0012,1,598.5,59.85,538.65,
OI000018871,O00004716,M0073,2,420.0,0.0,840.0,
OI000018872,O00004716,M0136,1,740.0,0.0,740.0,
OI000018873,O00004716,M0142,1,730.0,0.0,730.0,
OI000018874,O00004716,M0046,1,1722.0,0.0,1722.0,
OI000018875,O00004717,M0048,2,1659.0,0.0,3318.0,Customer request
OI000018876,O00004717,M0054,1,1064.0,0.0,1064.0,
OI000018877,O00004717,M0033,2,325.5,0.0,651.0,
OI000018878,O00004717,M0037,2,1690.5,0.0,3381.0,
OI000018879,O00004718,M0002,2,520.0,156.0,884.0,
OI000018880,O00004718,M0191,3,1150.0,0.0,3450.0,Customer request
OI000018881,O00004718,M0001,1,1406.0,0.0,1406.0,
OI000018882,O00004718,M0029,2,627.0,0.0,1254.0,
OI000018883,O00004718,M0102,1,456.0,22.8,433.2,
OI000018884,O00004719,M0046,3,1640.0,738.0,4182.0,
OI000018885,O00004719,M0002,3,546.0,0.0,1638.0,
OI000018886,O00004720,M0041,1,1638.0,0.0,1638.0,
OI000018887,O00004720,M0151,1,590.0,0.0,590.0,
OI000018888,O00004720,M0054,1,1120.0,0.0,1120.0,
OI000018889,O00004721,M0099,1,541.5,27.08,514.42,
OI000018890,O00004721,M0026,2,450.0,45.0,855.0,
OI000018891,O00004721,M0011,1,1207.5,0.0,1207.5,
OI000018892,O00004721,M0005,1,430.0,0.0,430.0,
OI000018893,O00004722,M0126,1,1596.0,0.0,1596.0,
OI000018894,O00004722,M0076,3,660.0,0.0,1980.0,
OI000018895,O00004722,M0004,1,1800.0,0.0,1800.0,
OI000018896,O00004722,M0040,2,408.5,0.0,817.0,
OI000018897,O00004722,M0077,1,1630.0,0.0,1630.0,
OI000018898,O00004722,M0043,1,1770.0,0.0,1770.0,
OI000018899,O00004723,M0173,1,1750.0,0.0,1750.0,
OI000018900,O00004723,M0004,2,1800.0,0.0,3600.0,
OI000018901,O00004723,M0078,4,1197.0,0.0,4788.0,
OI000018902,O00004724,M0053,1,1770.0,0.0,1770.0,
OI000018903,O00004724,M0157,1,1387.0,0.0,1387.0,
OI000018904,O00004724,M0132,1,1770.0,0.0,1770.0,
OI000018905,O00004724,M0061,1,924.0,0.0,924.0,
OI000018906,O00004724,M0023,1,580.0,0.0,580.0,
OI000018907,O00004725,M0004,1,1710.0,0.0,1710.0,
OI000018908,O00004725,M0108,1,430.0,0.0,430.0,
OI000018909,O00004726,M0116,1,420.0,0.0,420.0,Customer request
OI000018910,O00004726,M0015,1,1680.0,0.0,1680.0,
OI000018911,O00004727,M0006,1,1879.5,0.0,1879.5,
OI000018912,O00004727,M0164,4,1270.0,0.0,5080.0,
OI000018913,O00004727,M0027,1,750.5,0.0,750.5,
OI000018914,O00004727,M0085,1,1634.0,0.0,1634.0,
OI000018915,O00004728,M0054,1,1064.0,0.0,1064.0,
OI000018916,O00004728,M0074,1,684.0,0.0,684.0,
OI000018917,O00004728,M0001,2,1480.0,0.0,2960.0,
OI000018918,O00004728,M0055,1,934.5,0.0,934.5,
OI000018919,O00004729,M0040,2,451.5,0.0,903.0,
OI000018920,O00004729,M0091,1,332.5,0.0,332.5,
OI000018921,O00004729,M0167,1,532.0,79.8,452.2,Customer request
OI000018922,O00004729,M0118,2,1244.5,0.0,2489.0,
OI000018923,O00004729,M0024,1,551.0,0.0,551.0,
OI000018924,O00004729,M0049,3,1450.0,435.0,3915.0,
OI000018925,O00004729,M0007,1,1344.0,0.0,1344.0,
OI000018926,O00004729,M0001,1,1480.0,0.0,1480.0,
OI000018927,O00004729,M0003,1,1050.0,0.0,1050.0,
OI000018928,O00004730,M0001,2,1554.0,0.0,3108.0,
OI000018929,O00004730,M0089,2,1092.5,0.0,2185.0,
OI000018930,O00004731,M0004,1,1800.0,0.0,1800.0,
OI000018931,O00004731,M0002,3,520.0,0.0,1560.0,
OI000018932,O00004731,M0009,3,1577.0,0.0,4731.0,
OI000018933,O00004732,M0165,1,567.0,0.0,567.0,
OI000018934,O00004732,M0009,1,1743.0,0.0,1743.0,
OI000018935,O00004733,M0063,1,1210.0,0.0,1210.0,
OI000018936,O00004733,M0120,1,1740.0,0.0,1740.0,
OI000018937,O00004733,M0118,2,1310.0,0.0,2620.0,
OI000018938,O00004733,M0170,1,900.0,0.0,900.0,
OI000018939,O00004733,M0015,1,1680.0,0.0,1680.0,
OI000018940,O00004734,M0030,1,270.0,0.0,270.0,
OI000018941,O00004734,M0007,1,1280.0,0.0,1280.0,
OI000018942,O00004735,M0001,2,1480.0,0.0,2960.0,
OI000018943,O00004735,M0188,1,290.0,14.5,275.5,
OI000018944,O00004735,M0133,1,1000.0,0.0,1000.0,
OI000018945,O00004735,M0011,1,1150.0,0.0,1150.0,
OI000018946,O00004735,M0103,1,1207.5,0.0,1207.5,
OI000018947,O00004735,M0118,3,1310.0,0.0,3930.0,
OI000018948,O00004735,M0007,1,1216.0,0.0,1216.0,
OI000018949,O00004736,M0165,1,513.0,0.0,513.0,
OI000018950,O00004736,M0012,1,570.0,0.0,570.0,Customer request
OI000018951,O00004736,M0043,1,1770.0,0.0,1770.0,
OI000018952,O00004736,M0106,1,940.0,0.0,940.0,
OI000018953,O00004737,M0048,2,1580.0,0.0,3160.0,
OI000018954,O00004737,M0008,4,836.0,0.0,3344.0,
OI000018955,O00004737,M0164,1,1270.0,0.0,1270.0,
OI000018956,O00004738,M0001,2,1406.0,281.2,2530.8,
OI000018957,O00004738,M0035,1,966.0,48.3,917.7,
OI000018958,O00004738,M0001,1,1480.0,0.0,1480.0,
OI000018959,O00004739,M0062,1,1010.0,0.0,1010.0,
OI000018960,O00004739,M0001,1,1480.0,0.0,1480.0,
OI000018961,O00004739,M0001,1,1480.0,222.0,1258.0,Customer request
OI000018962,O00004739,M0030,1,270.0,0.0,270.0,
OI000018963,O00004739,M0071,2,630.0,0.0,1260.0,
OI000018964,O00004739,M0021,5,1250.0,0.0,6250.0,
OI000018965,O00004739,M0155,1,556.5,0.0,556.5,
OI000018966,O00004740,M0161,2,389.5,0.0,779.0,
OI000018967,O00004741,M0024,1,580.0,29.0,551.0,
OI000018968,O00004741,M0050,1,840.0,0.0,840.0,
OI000018969,O00004741,M0189,1,1500.0,225.0,1275.0,
OI000018970,O00004741,M0115,1,1140.0,57.0,1083.0,
OI000018971,O00004742,M0003,2,1050.0,0.0,2100.0,
OI000018972,O00004742,M0001,1,1406.0,0.0,1406.0,
OI000018973,O00004743,M0043,2,1681.5,0.0,3363.0,
OI000018974,O00004743,M0123,1,740.0,0.0,740.0,
OI000018975,O00004743,M0092,2,890.0,267.0,1513.0,
OI000018976,O00004744,M0056,1,250.0,0.0,250.0,
OI000018977,O00004744,M0120,2,1653.0,0.0,3306.0,
OI000018978,O00004744,M0003,1,1050.0,0.0,1050.0,
OI000018979,O00004744,M0027,1,790.0,79.0,711.0,
OI000018980,O00004745,M0103,2,1150.0,0.0,2300.0,
OI000018981,O00004745,M0003,1,997.5,0.0,997.5,Customer request
OI000018982,O00004745,M0016,1,1291.5,0.0,1291.5,
OI000018983,O00004745,M0026,4,427.5,0.0,1710.0,
OI000018984,O00004745,M0001,1,1480.0,0.0,1480.0,
OI000018985,O00004746,M0001,3,1480.0,0.0,4440.0,
OI000018986,O00004747,M0033,1,310.0,0.0,310.0,
OI000018987,O00004747,M0152,1,560.0,0.0,560.0,
OI000018988,O00004747,M0002,1,494.0,0.0,494.0,
OI000018989,O00004748,M0003,1,1102.5,0.0,1102.5,
OI000018990,O00004748,M0001,1,1406.0,0.0,1406.0,
OI000018991,O00004748,M0015,2,1596.0,0.0,3192.0,
OI000018992,O00004749,M0018,1,1200.0,60.0,1140.0,
OI000018993,O00004749,M0191,1,1150.0,115.0,1035.0,
OI000018994,O00004749,M0115,1,1197.0,0.0,1197.0,
OI000018995,O00004749,M0015,2,1764.0,0.0,3528.0,
OI000018996,O00004749,M0017,1,693.5,34.68,658.82,
OI000018997,O00004750,M0020,1,1054.5,158.17,896.33,
OI000018998,O00004750,M0048,1,1659.0,82.95,1576.05,
OI000018999,O00004750,M0138,2,735.0,0.0,1470.0,
OI000019000,O00004750,M0006,1,1790.0,0.0,1790.0,
OI000019001,O00004751,M0007,2,1280.0,0.0,2560.0,
OI000019002,O00004751,M0195,1,241.5,0.0,241.5,
OI000019003,O00004751,M0030,4,270.0,0.0,1080.0,
OI000019004,O00004752,M0070,1,1630.0,0.0,1630.0,
OI000019005,O00004752,M0110,2,1650.0,0.0,3300.0,
OI000019006,O00004752,M0030,1,270.0,13.5,256.5,
OI000019007,O00004752,M0001,2,1480.0,0.0,2960.0,
OI000019008,O00004752,M0089,1,1092.5,0.0,1092.5,
OI000019009,O00004752,M0046,1,1640.0,0.0,1640.0,
OI000019010,O00004752,M0138,1,665.0,0.0,665.0,
OI000019011,O00004753,M0107,2,360.0,0.0,720.0,
OI000019012,O00004753,M0018,1,1260.0,0.0,1260.0,
OI000019013,O00004753,M0001,1,1554.0,0.0,1554.0,
OI000019014,O00004754,M0040,1,430.0,0.0,430.0,
OI000019015,O00004754,M0190,2,380.0,0.0,760.0,
OI000019016,O00004754,M0004,2,1800.0,0.0,3600.0,
OI000019017,O00004754,M0033,1,325.5,32.55,292.95,
OI000019018,O00004754,M0002,2,546.0,0.0,1092.0,
OI000019019,O00004755,M0167,3,560.0,0.0,1680.0,
OI000019020,O00004755,M0117,1,1083.0,0.0,1083.0,Customer request
OI000019021,O00004755,M0038,2,1320.0,132.0,2508.0,
OI000019022,O00004755,M0058,2,1282.5,128.25,2436.75,
OI000019023,O00004756,M0060,1,1180.0,0.0,1180.0,
OI000019024,O00004756,M0175,1,745.5,0.0,745.5,
OI000019025,O00004757,M0184,1,1040.0,0.0,1040.0,
OI000019026,O00004757,M0065,2,850.0,0.0,1700.0,
OI000019027,O00004758,M0010,1,451.5,0.0,451.5,
OI000019028,O00004758,M0059,1,660.0,0.0,660.0,
OI000019029,O00004758,M0041,1,1638.0,0.0,1638.0,
OI000019030,O00004759,M0103,1,1150.0,0.0,1150.0,
OI000019031,O00004759,M0132,1,1770.0,0.0,1770.0,
OI000019032,O00004760,M0058,4,1417.5,0.0,5670.0,
OI000019033,O00004760,M0034,1,1260.0,0.0,1260.0,
OI000019034,O00004760,M0129,1,1848.0,277.2,1570.8,
OI000019035,O00004761,M0024,3,580.0,0.0,1740.0,
OI000019036,O00004761,M0028,1,870.0,0.0,870.0,Customer request
OI000019037,O00004761,M0001,2,1480.0,0.0,2960.0,
OI000019038,O00004761,M0001,2,1480.0,0.0,2960.0,
OI000019039,O00004761,M0022,1,1240.0,0.0,1240.0,
OI000019040,O00004761,M0001,1,1406.0,0.0,1406.0,
OI000019041,O00004761,M0005,3,451.5,0.0,1354.5,
OI000019042,O00004762,M0069,2,1228.5,0.0,2457.0,
OI000019043,O00004762,M0056,2,250.0,0.0,500.0,
OI000019044,O00004762,M0043,2,1681.5,0.0,3363.0,
OI000019045,O00004762,M0116,1,420.0,21.0,399.0,
OI000019046,O00004763,M0015,1,1680.0,0.0,1680.0,
OI000019047,O00004763,M0064,1,420.0,21.0,399.0,
OI000019048,O00004763,M0060,1,1180.0,0.0,1180.0,
OI000019049,O00004763,M0063,1,1210.0,0.0,1210.0,
OI000019050,O00004763,M0067,1,1512.0,151.2,1360.8,
OI000019051,O00004763,M0108,1,408.5,0.0,408.5,
OI000019052,O00004763,M0051,1,712.5,0.0,712.5,
OI000019053,O00004764,M0138,1,700.0,0.0,700.0,
OI000019054,O00004764,M0022,1,1240.0,62.0,1178.0,
OI000019055,O00004764,M0186,1,1539.0,0.0,1539.0,
OI000019056,O00004765,M0001,1,1554.0,0.0,1554.0,
OI000019057,O00004765,M0003,1,997.5,0.0,997.5,
OI000019058,O00004765,M0002,4,520.0,0.0,2080.0,
OI000019059,O00004766,M0023,1,580.0,0.0,580.0,
OI000019060,O00004766,M0047,1,1610.0,0.0,1610.0,
OI000019061,O00004766,M0024,1,580.0,0.0,580.0,
OI000019062,O00004766,M0005,2,430.0,0.0,860.0,
OI000019063,O00004766,M0006,2,1879.5,0.0,3759.0,
OI000019064,O00004766,M0109,2,1420.0,0.0,2840.0,
OI000019065,O00004766,M0001,1,1480.0,0.0,1480.0,
OI000019066,O00004767,M0196,1,1510.5,0.0,1510.5,
OI000019067,O00004767,M0080,1,870.0,0.0,870.0,
OI000019068,O00004767,M0158,2,745.5,0.0,1491.0,
OI000019069,O00004767,M0004,2,1800.0,0.0,3600.0,
OI000019070,O00004767,M0042,4,1149.5,459.8,4138.2,
OI000019071,O00004767,M0036,3,1879.5,0.0,5638.5,
OI000019072,O00004767,M0054,3,1120.0,0.0,3360.0,
OI000019073,O00004768,M0099,1,541.5,0.0,541.5,
OI000019074,O00004768,M0078,1,1260.0,0.0,1260.0,
OI000019075,O00004768,M0018,3,1140.0,342.0,3078.0,
OI000019076,O00004768,M0135,2,1540.0,0.0,3080.0,
OI000019077,O00004769,M0001,1,1480.0,0.0,1480.0,
OI000019078,O00004769,M0007,1,1280.0,0.0,1280.0,
OI000019079,O00004769,M0035,1,966.0,0.0,966.0,
OI000019080,O00004769,M0130,-1,1070.0,0.0,1070.0,
OI000019081,O00004770,M0019,2,630.0,0.0,1260.0,
OI000019082,O00004770,M0098,4,1230.0,0.0,4920.0,
OI000019083,O00004770,M0008,1,924.0,0.0,924.0,
OI000019084,O00004771,M0183,1,661.5,0.0,661.5,
OI000019085,O00004772,M0001,2,1406.0,0.0,2812.0,
OI000019086,O00004772,M0004,2,1800.0,0.0,3600.0,
OI000019087,O00004772,M0001,2,1406.0,0.0,2812.0,
OI000019088,O00004772,M0001,1,1480.0,74.0,1406.0,
OI000019089,O00004772,M0151,3,590.0,0.0,1770.0,
OI000019090,O00004772,M0009,2,1660.0,332.0,2988.0,
OI000019091,O00004773,M0006,1,1879.5,0.0,1879.5,
OI000019092,O00004773,M0008,4,924.0,0.0,3696.0,
OI000019093,O00004773,M0108,2,451.5,0.0,903.0,Customer request
OI000019094,O00004773,M0011,1,1207.5,0.0,1207.5,
OI000019095,O00004774,M0048,1,1580.0,0.0,1580.0,
OI000019096,O00004774,M0130,1,1070.0,53.5,1016.5,
OI000019097,O00004774,M0011,4,1207.5,0.0,4830.0,
OI000019098,O00004774,M0003,2,1050.0,0.0,2100.0,
OI000019099,O00004775,M0001,1,1480.0,0.0,1480.0,
OI000019100,O00004775,M0042,2,1210.0,0.0,2420.0,
OI000019101,O00004775,M0051,1,750.0,0.0,750.0,
OI000019102,O00004775,M0135,1,1540.0,231.0,1309.0,
OI000019103,O00004776,M0028,1,870.0,0.0,870.0,
OI000019104,O00004776,M0134,3,730.0,0.0,2190.0,
OI000019105,O00004776,M0034,1,1260.0,0.0,1260.0,
OI000019106,O00004776,M0048,1,1659.0,0.0,1659.0,
OI000019107,O00004777,M0038,2,1386.0,0.0,2772.0,
OI000019108,O00004777,M0010,5,430.0,0.0,2150.0,
OI000019109,O00004777,M0124,2,980.0,0.0,1960.0,Customer request
OI000019110,O00004777,M0141,2,1350.0,270.0,2430.0,
OI000019111,O00004778,M0126,1,1444.0,0.0,1444.0,
OI000019112,O00004778,M0002,1,520.0,26.0,494.0,
OI000019113,O00004779,M0065,1,850.0,0.0,850.0,
OI000019114,O00004779,M0024,1,551.0,0.0,551.0,
OI000019115,O00004779,M0002,1,520.0,0.0,520.0,
OI000019116,O00004779,M0001,4,1480.0,0.0,5920.0,
OI000019117,O00004779,M0074,1,720.0,0.0,720.0,
OI000019118,O00004780,M0018,2,1260.0,0.0,2520.0,
OI000019119,O00004780,M0017,1,693.5,0.0,693.5,
OI000019120,O00004781,M0005,1,408.5,0.0,408.5,
OI000019121,O00004781,M0050,2,760.0,0.0,1520.0,
OI000019122,O00004781,M0003,1,997.5,0.0,997.5,
OI000019123,O00004781,M0001,1,1554.0,0.0,1554.0,
OI000019124,O00004781,M0001,1,1554.0,0.0,1554.0,
OI000019125,O00004781,M0016,2,1230.0,0.0,2460.0,
OI000019126,O00004782,M0080,1,870.0,0.0,870.0,
OI000019127,O00004782,M0050,2,800.0,0.0,1600.0,
OI000019128,O00004782,M0007,1,1216.0,0.0,1216.0,
OI000019129,O00004783,M0002,2,494.0,0.0,988.0,
OI000019130,O00004783,M0015,1,1596.0,0.0,1596.0,
OI000019131,O00004784,M0147,1,1092.0,0.0,1092.0,
OI000019132,O00004784,M0014,1,1624.5,0.0,1624.5,
OI000019133,O00004784,M0002,1,494.0,0.0,494.0,
OI000019134,O00004784,M0144,4,560.0,0.0,2240.0,
OI000019135,O00004784,M0012,1,570.0,0.0,570.0,
OI000019136,O00004785,M0097,1,336.0,16.8,319.2,
OI000019137,O00004785,M0008,1,924.0,0.0,924.0,
OI000019138,O00004785,M0134,2,730.0,0.0,1460.0,Customer request
OI000019139,O00004785,M0002,2,494.0,0.0,988.0,
OI000019140,O00004786,M0007,1,1216.0,0.0,1216.0,
OI000019141,O00004786,M0082,1,560.5,0.0,560.5,
OI000019142,O00004786,M0018,1,1200.0,0.0,1200.0,
OI000019143,O00004786,M0040,1,408.5,0.0,408.5,
OI000019144,O00004787,M0009,2,1743.0,174.3,3311.7,
OI000019145,O00004787,M0015,2,1680.0,168.0,3192.0,
OI000019146,O00004787,M0051,1,750.0,0.0,750.0,
OI000019147,O00004787,M0104,1,200.0,0.0,200.0,
OI000019148,O00004788,M0145,5,1760.0,0.0,8800.0,
OI000019149,O00004788,M0015,1,1680.0,0.0,1680.0,
OI000019150,O00004788,M0056,2,237.5,0.0,475.0,
OI000019151,O00004789,M0031,2,1740.0,0.0,3480.0,
OI000019152,O00004789,M0063,2,1210.0,363.0,2057.0,
OI000019153,O00004789,M0054,2,1064.0,0.0,2128.0,Customer request
OI000019154,O00004789,M0054,1,1120.0,0.0,1120.0,
OI000019155,O00004789,M0023,1,551.0,0.0,551.0,
OI000019156,O00004790,M0010,1,430.0,0.0,430.0,
OI000019157,O00004790,M0021,1,1250.0,0.0,1250.0,
OI000019158,O00004790,M0121,2,1585.5,0.0,3171.0,
OI000019159,O00004791,M0013,3,1425.0,0.0,4275.0,
OI000019160,O00004791,M0131,1,990.0,0.0,990.0,
OI000019161,O00004791,M0004,4,1800.0,0.0,7200.0,
OI000019162,O00004791,M0041,1,1482.0,0.0,1482.0,
OI000019163,O00004791,M0002,1,520.0,0.0,520.0,
OI000019164,O00004792,M0024,1,580.0,0.0,580.0,
OI000019165,O00004792,M0184,1,1040.0,0.0,1040.0,
OI000019166,O00004792,M0055,1,890.0,0.0,890.0,Customer request
OI000019167,O00004793,M0001,2,1480.0,0.0,2960.0,
OI000019168,O00004793,M0115,1,1140.0,0.0,1140.0,
OI000019169,O00004793,M0032,1,871.5,0.0,871.5,
OI000019170,O00004793,M0067,1,1440.0,0.0,1440.0,
OI000019171,O00004793,M0059,1,660.0,0.0,660.0,
OI000019172,O00004794,M0004,1,1890.0,0.0,1890.0,
OI000019173,O00004794,M0019,1,598.5,0.0,598.5,
OI000019174,O00004794,M0005,2,430.0,0.0,860.0,
OI000019175,O00004795,M0004,2,1890.0,0.0,3780.0,
OI000019176,O00004795,M0041,1,1560.0,0.0,1560.0,
OI000019177,O00004795,M0005,1,430.0,0.0,430.0,
OI000019178,O00004795,M0005,2,430.0,0.0,860.0,Customer request
OI000019179,O00004795,M0056,4,237.5,0.0,950.0,
OI000019180,O00004796,M0019,1,630.0,0.0,630.0,
OI000019181,O00004796,M0005,1,430.0,0.0,430.0,
OI000019182,O00004796,M0017,1,730.0,0.0,730.0,
OI000019183,O00004796,M0045,1,1080.0,162.0,918.0,
OI000019184,O00004797,M0049,1,1450.0,0.0,1450.0,
OI000019185,O00004797,M0147,1,1040.0,0.0,1040.0,
OI000019186,O00004797,M0163,1,1390.0,0.0,1390.0,
OI000019187,O00004797,M0005,1,430.0,0.0,430.0,
OI000019188,O00004797,M0030,1,270.0,0.0,270.0,Customer request
OI000019189,O00004797,M0024,1,609.0,60.9,548.1,
OI000019190,O00004798,M0095,2,241.5,0.0,483.0,
OI000019191,O00004798,M0005,1,451.5,45.15,406.35,
OI000019192,O00004798,M0006,2,1879.5,0.0,3759.0,
OI000019193,O00004799,M0003,3,1050.0,0.0,3150.0,
OI000019194,O00004799,M0084,1,1540.0,0.0,1540.0,
OI000019195,O00004799,M0006,3,1790.0,0.0,5370.0,
OI000019196,O00004799,M0021,1,1250.0,0.0,1250.0,
OI000019197,O00004799,M0008,1,924.0,92.4,831.6,
OI000019198,O00004799,M0190,1,380.0,0.0,380.0,
OI000019199,O00004800,M0061,1,880.0,0.0,880.0,
OI000019200,O00004800,M0009,1,1660.0,0.0,1660.0,
OI000019201,O00004800,M0002,1,546.0,0.0,546.0,
OI000019202,O00004800,M0023,1,609.0,0.0,609.0,
OI000019203,O00004800,M0004,1,1800.0,0.0,1800.0,
OI000019204,O00004800,M0004,3,1710.0,0.0,5130.0,
OI000019205,O00004800,M0010,2,408.5,0.0,817.0,
OI000019206,O00004800,M0182,1,1732.5,0.0,1732.5,
OI000019207,O00004800,M0019,1,630.0,0.0,630.0,
OI000019208,O00004801,M0005,1,430.0,0.0,430.0,
OI000019209,O00004801,M0012,2,570.0,0.0,1140.0,
OI000019210,O00004801,M0028,2,870.0,0.0,1740.0,
OI000019211,O00004801,M0001,2,1480.0,0.0,2960.0,
OI000019212,O00004802,M0011,1,1092.5,0.0,1092.5,
OI000019213,O00004802,M0003,5,1050.0,0.0,5250.0,
OI000019214,O00004803,M0002,2,546.0,0.0,1092.0,
OI000019215,O00004803,M0153,2,1848.0,0.0,3696.0,Customer request
OI000019216,O00004803,M0009,2,1743.0,0.0,3486.0,
OI000019217,O00004803,M0005,1,430.0,0.0,430.0,
OI000019218,O00004803,M0074,1,720.0,0.0,720.0,
OI000019219,O00004804,M0001,1,1480.0,0.0,1480.0,
OI000019220,O00004804,M0185,2,1638.0,0.0,3276.0,Customer request
OI000019221,O00004805,M0192,1,540.0,0.0,540.0,
OI000019222,O00004805,M0094,3,598.5,0.0,1795.5,
OI000019223,O00004805,M0193,4,522.5,313.5,1776.5,
OI000019224,O00004806,M0007,1,1280.0,0.0,1280.0,
OI000019225,O00004806,M0007,2,1280.0,0.0,2560.0,
OI000019226,O00004806,M0134,1,693.5,0.0,693.5,
OI000019227,O00004806,M0051,1,750.0,0.0,750.0,
OI000019228,O00004806,M0081,1,966.0,144.9,821.1,
OI000019229,O00004806,M0001,1,1406.0,0.0,1406.0,
OI000019230,O00004806,M0026,3,450.0,0.0,1350.0,
OI000019231,O00004807,M0009,1,1577.0,157.7,1419.3,
OI000019232,O00004807,M0003,1,1050.0,52.5,997.5,
OI000019233,O00004807,M0034,1,1260.0,0.0,1260.0,
OI000019234,O00004807,M0009,1,1660.0,0.0,1660.0,
OI000019235,O00004808,M0039,1,1605.5,0.0,1605.5,
OI000019236,O00004808,M0001,2,1554.0,0.0,3108.0,
OI000019237,O00004808,M0106,1,893.0,0.0,893.0,
OI000019238,O00004808,M0173,2,1750.0,350.0,3150.0,
OI000019239,O00004808,M0056,1,237.5,0.0,237.5,
OI000019240,O00004809,M0003,1,1102.5,0.0,1102.5,
OI000019241,O00004809,M0089,1,1150.0,0.0,1150.0,
OI000019242,O00004810,M0139,4,1770.0,1062.0,6018.0,
OI000019243,O00004810,M0015,1,1680.0,0.0,1680.0,
OI000019244,O00004810,M0034,1,1260.0,0.0,1260.0,
OI000019245,O00004810,M0001,1,1480.0,0.0,1480.0,
OI000019246,O00004810,M0039,1,1690.0,0.0,1690.0,
OI000019247,O00004811,M0001,1,1554.0,0.0,1554.0,
OI000019248,O00004811,M0014,1,1710.0,256.5,1453.5,Customer request
OI000019249,O00004811,M0009,2,1660.0,0.0,3320.0,
OI000019250,O00004811,M0004,1,1800.0,0.0,1800.0,
OI000019251,O00004811,M0128,2,1070.0,0.0,2140.0,
OI000019252,O00004811,M0050,1,760.0,0.0,760.0,
OI000019253,O00004811,M0068,1,966.0,0.0,966.0,
OI000019254,O00004812,M0030,2,270.0,0.0,540.0,
OI000019255,O00004812,M0089,2,1150.0,0.0,2300.0,Customer request
OI000019256,O00004812,M0016,2,1291.5,0.0,2583.0,
OI000019257,O00004812,M0023,3,580.0,0.0,1740.0,
OI000019258,O00004813,M0002,1,520.0,0.0,520.0,
OI000019259,O00004813,M0012,2,570.0,0.0,1140.0,
OI000019260,O00004813,M0002,1,546.0,0.0,546.0,
OI000019261,O00004814,M0029,1,693.0,0.0,693.0,
OI000019262,O00004814,M0167,2,560.0,0.0,1120.0,
OI000019263,O00004815,M0111,2,280.0,0.0,560.0,
OI000019264,O00004815,M0023,2,609.0,0.0,1218.0,
OI000019265,O00004815,M0010,1,430.0,0.0,430.0,Customer request
OI000019266,O00004815,M0012,1,570.0,28.5,541.5,
OI000019267,O00004816,M0028,1,870.0,0.0,870.0,
OI000019268,O00004816,M0007,2,1216.0,0.0,2432.0,
OI000019269,O00004816,M0013,2,1575.0,0.0,3150.0,
OI000019270,O00004816,M0030,1,256.5,0.0,256.5,
OI000019271,O00004817,M0123,1,703.0,0.0,703.0,
OI000019272,O00004817,M0002,3,520.0,0.0,1560.0,
OI000019273,O00004817,M0019,1,630.0,0.0,630.0,
OI000019274,O00004818,M0004,1,1800.0,0.0,1800.0,
OI000019275,O00004818,M0058,1,1350.0,0.0,1350.0,
OI000019276,O00004819,M0044,1,378.0,0.0,378.0,Customer request
OI000019277,O00004819,M0045,2,1080.0,0.0,2160.0,
OI000019278,O00004819,M0037,1,1690.5,0.0,1690.5,
OI000019279,O00004819,M0084,3,1617.0,0.0,4851.0,
OI000019280,O00004819,M0003,1,1050.0,0.0,1050.0,Customer request
OI000019281,O00004819,M0004,2,1800.0,0.0,3600.0,
OI000019282,O00004819,M0077,1,1630.0,0.0,1630.0,
OI000019283,O00004820,M0003,1,1050.0,157.5,892.5,
OI000019284,O00004820,M0082,1,590.0,0.0,590.0,
OI000019285,O00004820,M0004,3,1800.0,0.0,5400.0,
OI000019286,O00004820,M0196,2,1510.5,453.15,2567.85,
OI000019287,O00004821,M0001,1,1480.0,0.0,1480.0,
OI000019288,O00004821,M0098,1,1230.0,0.0,1230.0,
OI000019289,O00004821,M0006,1,1700.5,170.05,1530.45,
OI000019290,O00004822,M0012,1,541.5,0.0,541.5,
OI000019291,O00004822,M0154,1,1660.0,0.0,1660.0,
OI000019292,O00004822,M0011,1,1150.0,0.0,1150.0,
OI000019293,O00004823,M0016,1,1230.0,0.0,1230.0,
OI000019294,O00004823,M0004,2,1800.0,0.0,3600.0,
OI000019295,O00004823,M0001,1,1406.0,0.0,1406.0,
OI000019296,O00004823,M0002,4,520.0,0.0,2080.0,
OI000019297,O00004823,M0048,1,1501.0,150.1,1350.9,
OI000019298,O00004824,M0001,3,1554.0,0.0,4662.0,
OI000019299,O00004824,M0006,2,1790.0,0.0,3580.0,
OI000019300,O00004824,M0018,1,1260.0,0.0,1260.0,
OI000019301,O00004825,M0002,1,520.0,0.0,520.0,
OI000019302,O00004826,M0089,4,1092.5,0.0,4370.0,
OI000019303,O00004826,M0184,1,1092.0,0.0,1092.0,
OI000019304,O00004826,M0146,1,250.0,0.0,250.0,
OI000019305,O00004826,M0175,3,710.0,0.0,2130.0,
OI000019306,O00004826,M0039,1,1690.0,0.0,1690.0,
OI000019307,O00004826,M0003,1,1050.0,0.0,1050.0,
OI000019308,O00004827,M0065,1,892.5,0.0,892.5,
OI000019309,O00004828,M0001,1,1554.0,0.0,1554.0,
OI000019310,O00004828,M0028,2,870.0,0.0,1740.0,
OI000019311,O00004828,M0103,1,1207.5,0.0,1207.5,
OI000019312,O00004828,M0128,1,1070.0,0.0,1070.0,
OI000019313,O00004828,M0010,2,430.0,0.0,860.0,
OI000019314,O00004828,M0006,4,1790.0,0.0,7160.0,
OI000019315,O00004828,M0071,1,630.0,0.0,630.0,
OI000019316,O00004829,M0003,1,1102.5,0.0,1102.5,Customer request
OI000019317,O00004829,M0197,1,330.0,0.0,330.0,
OI000019318,O00004829,M0013,1,1500.0,0.0,1500.0,
OI000019319,O00004829,M0089,1,1150.0,0.0,1150.0,
OI000019320,O00004829,M0082,2,590.0,0.0,1180.0,
OI000019321,O00004829,M0011,4,1092.5,0.0,4370.0,
OI000019322,O00004830,M0017,1,693.5,0.0,693.5,
OI000019323,O00004830,M0123,2,703.0,0.0,1406.0,
OI000019324,O00004830,M0006,2,1790.0,179.0,3401.0,
OI000019325,O00004830,M0001,1,1480.0,0.0,1480.0,
OI000019326,O00004831,M0003,2,1102.5,0.0,2205.0,
OI000019327,O00004831,M0070,1,1630.0,0.0,1630.0,
OI000019328,O00004832,M0007,1,1280.0,0.0,1280.0,
OI000019329,O00004832,M0043,1,1770.0,0.0,1770.0,
OI000019330,O00004832,M0018,1,1200.0,0.0,1200.0,
OI000019331,O00004833,M0134,2,693.5,0.0,1387.0,
OI000019332,O00004833,M0030,1,270.0,40.5,229.5,
OI000019333,O00004833,M0003,1,1050.0,0.0,1050.0,
OI000019334,O00004834,M0119,1,240.0,0.0,240.0,
OI000019335,O00004834,M0002,2,546.0,0.0,1092.0,
OI000019336,O00004834,M0118,3,1244.5,0.0,3733.5,
OI000019337,O00004834,M0001,2,1480.0,0.0,2960.0,Customer request
OI000019338,O00004835,M0001,2,1480.0,0.0,2960.0,
OI000019339,O00004835,M0091,1,332.5,0.0,332.5,
OI000019340,O00004835,M0042,2,1149.5,0.0,2299.0,
OI000019341,O00004835,M0005,3,430.0,0.0,1290.0,
OI000019342,O00004835,M0181,3,280.0,0.0,840.0,
OI000019343,O00004835,M0058,1,1350.0,0.0,1350.0,
OI000019344,O00004835,M0007,2,1280.0,0.0,2560.0,
OI000019345,O00004836,M0020,2,1054.5,0.0,2109.0,
OI000019346,O00004836,M0155,1,530.0,0.0,530.0,
OI000019347,O00004836,M0005,4,430.0,0.0,1720.0,
OI000019348,O00004836,M0161,1,430.5,0.0,430.5,
OI000019349,O00004836,M0006,1,1879.5,0.0,1879.5,
OI000019350,O00004836,M0001,1,1554.0,0.0,1554.0,
OI000019351,O00004837,M0008,1,880.0,0.0,880.0,
OI000019352,O00004837,M0001,2,1480.0,0.0,2960.0,
OI000019353,O00004838,M0006,1,1790.0,0.0,1790.0,
OI000019354,O00004838,M0008,2,880.0,88.0,1672.0,
OI000019355,O00004838,M0021,2,1250.0,0.0,2500.0,
OI000019356,O00004838,M0009,2,1660.0,332.0,2988.0,
OI000019357,O00004838,M0078,3,1323.0,396.9,3572.1,
OI000019358,O00004839,M0184,1,1092.0,0.0,1092.0,
OI000019359,O00004839,M0001,1,1406.0,0.0,1406.0,
OI000019360,O00004839,M0034,2,1260.0,0.0,2520.0,
OI000019361,O00004840,M0008,3,880.0,0.0,2640.0,Customer request
OI000019362,O00004840,M0026,2,450.0,0.0,900.0,
OI000019363,O00004840,M0076,2,693.0,0.0,1386.0,
OI000019364,O00004840,M0138,2,700.0,0.0,1400.0,
OI000019365,O00004840,M0142,1,730.0,0.0,730.0,
OI000019366,O00004841,M0004,1,1800.0,0.0,1800.0,
OI000019367,O00004841,M0042,1,1210.0,0.0,1210.0,
OI000019368,O00004842,M0009,2,1660.0,0.0,3320.0,Customer request
OI000019369,O00004842,M0031,1,1653.0,0.0,1653.0,
OI000019370,O00004842,M0158,3,710.0,0.0,2130.0,
OI000019371,O00004843,M0001,1,1406.0,0.0,1406.0,
OI000019372,O00004843,M0048,1,1580.0,0.0,1580.0,
OI000019373,O00004843,M0015,1,1596.0,0.0,1596.0,
OI000019374,O00004843,M0134,1,730.0,0.0,730.0,
OI000019375,O00004844,M0006,1,1700.5,0.0,1700.5,
OI000019376,O00004844,M0013,1,1500.0,0.0,1500.0,
OI000019377,O00004844,M0001,1,1406.0,0.0,1406.0,
OI000019378,O00004845,M0022,1,1240.0,0.0,1240.0,
OI000019379,O00004845,M0057,1,500.0,0.0,500.0,
OI000019380,O00004845,M0005,1,430.0,0.0,430.0,
OI000019381,O00004845,M0058,1,1350.0,0.0,1350.0,
OI000019382,O00004845,M0088,1,1197.0,0.0,1197.0,
OI000019383,O00004846,M0005,1,408.5,0.0,408.5,
OI000019384,O00004846,M0091,1,350.0,0.0,350.0,Customer request
OI000019385,O00004846,M0164,1,1333.5,0.0,1333.5,
OI000019386,O00004846,M0006,2,1790.0,0.0,3580.0,
OI000019387,O00004846,M0003,2,1050.0,0.0,2100.0,
OI000019388,O00004847,M0013,3,1500.0,0.0,4500.0,
OI000019389,O00004847,M0005,1,451.5,0.0,451.5,Customer request
OI000019390,O00004847,M0098,1,1230.0,0.0,1230.0,
OI000019391,O00004847,M0003,1,1102.5,0.0,1102.5,
OI000019392,O00004848,M0001,1,1406.0,0.0,1406.0,
OI000019393,O00004848,M0014,2,1624.5,0.0,3249.0,
OI000019394,O00004849,M0101,2,522.5,0.0,1045.0,
OI000019395,O00004849,M0061,1,880.0,0.0,880.0,Customer request
OI000019396,O00004849,M0036,1,1879.5,0.0,1879.5,
OI000019397,O00004850,M0026,1,427.5,0.0,427.5,
OI000019398,O00004851,M0061,1,880.0,0.0,880.0,
OI000019399,O00004851,M0030,1,270.0,0.0,270.0,
OI000019400,O00004851,M0098,1,1230.0,0.0,1230.0,
OI000019401,O00004851,M0133,1,950.0,0.0,950.0,
OI000019402,O00004851,M0004,1,1800.0,0.0,1800.0,
OI000019403,O00004851,M0006,1,1700.5,0.0,1700.5,
OI000019404,O00004852,M0034,1,1260.0,0.0,1260.0,
OI000019405,O00004852,M0133,2,1000.0,0.0,2000.0,
OI000019406,O00004852,M0157,2,1387.0,0.0,2774.0,
OI000019407,O00004852,M0002,4,494.0,0.0,1976.0,
OI000019408,O00004853,M0010,2,430.0,0.0,860.0,
OI000019409,O00004853,M0096,1,693.5,0.0,693.5,
OI000019410,O00004853,M0165,1,513.0,0.0,513.0,
OI000019411,O00004853,M0002,2,520.0,0.0,1040.0,
OI000019412,O00004853,M0027,1,790.0,0.0,790.0,
OI000019413,O00004853,M0031,2,1740.0,174.0,3306.0,
OI000019414,O00004853,M0001,2,1480.0,0.0,2960.0,
OI000019415,O00004853,M0128,2,1123.5,0.0,2247.0,
OI000019416,O00004854,M0002,1,520.0,0.0,520.0,
OI000019417,O00004854,M0121,1,1434.5,0.0,1434.5,Customer request
OI000019418,O00004855,M0001,4,1406.0,0.0,5624.0,
OI000019419,O00004856,M0191,1,1207.5,0.0,1207.5,
OI000019420,O00004856,M0035,2,920.0,0.0,1840.0,
OI000019421,O00004856,M0010,1,451.5,0.0,451.5,
OI000019422,O00004856,M0051,5,787.5,0.0,3937.5,
OI000019423,O00004856,M0009,1,1660.0,83.0,1577.0,
OI000019424,O00004857,M0002,4,494.0,0.0,1976.0,
OI000019425,O00004857,M0007,1,1216.0,0.0,1216.0,Customer request
OI000019426,O00004858,M0123,1,740.0,0.0,740.0,
OI000019427,O00004858,M0007,1,1280.0,0.0,1280.0,
OI000019428,O00004858,M0020,2,1110.0,0.0,2220.0,
OI000019429,O00004858,M0040,3,451.5,0.0,1354.5,Customer request
OI000019430,O00004858,M0135,1,1617.0,0.0,1617.0,
OI000019431,O00004859,M0001,1,1406.0,0.0,1406.0,
OI000019432,O00004859,M0140,1,1590.0,0.0,1590.0,
OI000019433,O00004859,M0087,1,1680.0,0.0,1680.0,
OI000019434,O00004860,M0017,1,693.5,104.02,589.48,
OI000019435,O00004860,M0196,1,1669.5,0.0,1669.5,
OI000019436,O00004860,M0001,3,1406.0,0.0,4218.0,
OI000019437,O00004861,M0086,1,1740.0,0.0,1740.0,
OI000019438,O00004861,M0080,1,913.5,0.0,913.5,
OI000019439,O00004861,M0171,1,1640.0,0.0,1640.0,
OI000019440,O00004861,M0116,1,420.0,0.0,420.0,
OI000019441,O00004861,M0045,1,1080.0,0.0,1080.0,Customer request
OI000019442,O00004861,M0006,3,1790.0,0.0,5370.0,
OI000019443,O00004861,M0033,1,310.0,0.0,310.0,
OI000019444,O00004862,M0002,1,520.0,0.0,520.0,
OI000019445,O00004862,M0030,1,270.0,13.5,256.5,
OI000019446,O00004863,M0005,1,430.0,0.0,430.0,
OI000019447,O00004863,M0165,1,540.0,0.0,540.0,
OI000019448,O00004863,M0019,1,598.5,0.0,598.5,
OI000019449,O00004863,M0003,2,1050.0,0.0,2100.0,
OI000019450,O00004863,M0001,2,1480.0,0.0,2960.0,
OI000019451,O00004864,M0012,1,570.0,0.0,570.0,
OI000019452,O00004864,M0001,2,1406.0,0.0,2812.0,
OI000019453,O00004864,M0026,1,450.0,22.5,427.5,
OI000019454,O00004864,M0001,1,1480.0,0.0,1480.0,
OI000019455,O00004865,M0120,1,1827.0,0.0,1827.0,
OI000019456,O00004865,M0027,3,750.5,0.0,2251.5,
OI000019457,O00004865,M0104,2,190.0,0.0,380.0,
OI000019458,O00004866,M0015,2,1764.0,0.0,3528.0,
OI000019459,O00004866,M0095,2,230.0,0.0,460.0,
OI000019460,O00004867,M0019,1,661.5,0.0,661.5,
OI000019461,O00004867,M0067,1,1440.0,72.0,1368.0,
OI000019462,O00004867,M0078,2,1260.0,0.0,2520.0,
OI000019463,O00004867,M0050,1,800.0,0.0,800.0,
OI000019464,O00004867,M0001,2,1480.0,0.0,2960.0,
OI000019465,O00004867,M0015,1,1680.0,84.0,1596.0,
OI000019466,O00004867,M0098,1,1168.5,0.0,1168.5,
OI000019467,O00004868,M0160,2,1750.0,0.0,3500.0,
OI000019468,O00004868,M0064,1,399.0,0.0,399.0,
OI000019469,O00004868,M0182,1,1650.0,0.0,1650.0,
OI000019470,O00004869,M0009,1,1660.0,0.0,1660.0,
OI000019471,O00004869,M0003,1,1050.0,0.0,1050.0,
OI000019472,O00004869,M0012,1,570.0,0.0,570.0,
OI000019473,O00004869,M0068,3,966.0,0.0,2898.0,
OI000019474,O00004869,M0018,2,1200.0,120.0,2280.0,
OI000019475,O00004870,M0063,1,1149.5,0.0,1149.5,
OI000019476,O00004870,M0075,1,1710.0,85.5,1624.5,
OI000019477,O00004870,M0053,1,1770.0,88.5,1681.5,
OI000019478,O00004870,M0099,1,570.0,0.0,570.0,
OI000019479,O00004870,M0006,5,1790.0,0.0,8950.0,
OI000019480,O00004870,M0002,2,520.0,0.0,1040.0,
OI000019481,O00004871,M0001,1,1480.0,0.0,1480.0,
OI000019482,O00004871,M0187,1,826.5,0.0,826.5,
OI000019483,O00004872,M0080,1,913.5,0.0,913.5,
OI000019484,O00004872,M0007,1,1280.0,0.0,1280.0,Customer request
OI000019485,O00004872,M0028,1,870.0,0.0,870.0,
OI000019486,O00004872,M0001,1,1480.0,0.0,1480.0,
OI000019487,O00004872,M0065,2,807.5,0.0,1615.0,
OI000019488,O00004872,M0182,1,1732.5,0.0,1732.5,
OI000019489,O00004872,M0076,1,660.0,0.0,660.0,
OI000019490,O00004873,M0055,2,890.0,0.0,1780.0,
OI000019491,O00004873,M0159,2,1040.0,0.0,2080.0,
OI000019492,O00004873,M0033,1,325.5,0.0,325.5,
OI000019493,O00004874,M0088,3,1140.0,0.0,3420.0,
OI000019494,O00004874,M0164,2,1270.0,0.0,2540.0,
OI000019495,O00004874,M0060,1,1121.0,0.0,1121.0,
OI000019496,O00004874,M0036,2,1790.0,0.0,3580.0,Customer request
OI000019497,O00004875,M0046,1,1640.0,0.0,1640.0,
OI000019498,O00004875,M0096,1,693.5,0.0,693.5,
OI000019499,O00004875,M0001,1,1406.0,0.0,1406.0,
OI000019500,O00004875,M0012,1,570.0,0.0,570.0,
OI000019501,O00004875,M0001,2,1554.0,0.0,3108.0,
OI000019502,O00004876,M0102,1,480.0,0.0,480.0,
OI000019503,O00004876,M0155,2,530.0,0.0,1060.0,
OI000019504,O00004876,M0019,3,630.0,0.0,1890.0,
OI000019505,O00004876,M0007,1,1280.0,0.0,1280.0,
OI000019506,O00004877,M0001,1,1480.0,0.0,1480.0,
OI000019507,O00004877,M0001,4,1480.0,0.0,5920.0,
OI000019508,O00004877,M0039,1,1605.5,240.82,1364.68,
OI000019509,O00004877,M0013,1,1425.0,0.0,1425.0,
OI000019510,O00004878,M0180,1,262.5,26.25,236.25,
OI000019511,O00004878,M0113,3,840.0,0.0,2520.0,
OI000019512,O00004878,M0025,1,273.0,0.0,273.0,
OI000019513,O00004878,M0005,2,451.5,0.0,903.0,
OI000019514,O00004879,M0017,2,766.5,0.0,1533.0,
OI000019515,O00004879,M0001,3,1554.0,0.0,4662.0,
OI000019516,O00004879,M0055,1,890.0,0.0,890.0,
OI000019517,O00004879,M0133,1,1000.0,0.0,1000.0,
OI000019518,O00004879,M0023,1,551.0,0.0,551.0,Customer request
OI000019519,O00004880,M0029,1,660.0,0.0,660.0,
OI000019520,O00004880,M0167,1,560.0,0.0,560.0,
OI000019521,O00004880,M0011,1,1207.5,0.0,1207.5,
OI000019522,O00004880,M0002,1,520.0,0.0,520.0,
OI000019523,O00004880,M0001,1,1480.0,0.0,1480.0,Customer request
OI000019524,O00004880,M0096,2,730.0,0.0,1460.0,
OI000019525,O00004880,M0006,1,1879.5,0.0,1879.5,
OI000019526,O00004881,M0200,2,1160.0,0.0,2320.0,
OI000019527,O00004881,M0180,1,250.0,0.0,250.0,
OI000019528,O00004881,M0128,1,1123.5,0.0,1123.5,
OI000019529,O00004881,M0032,1,830.0,0.0,830.0,
OI000019530,O00004881,M0033,5,310.0,0.0,1550.0,
OI000019531,O00004881,M0164,1,1206.5,0.0,1206.5,
OI000019532,O00004881,M0010,4,430.0,0.0,1720.0,
OI000019533,O00004882,M0030,2,270.0,0.0,540.0,
OI000019534,O00004882,M0019,2,630.0,0.0,1260.0,Customer request
OI000019535,O00004883,M0015,1,1680.0,0.0,1680.0,
OI000019536,O00004883,M0145,2,1760.0,0.0,3520.0,
OI000019537,O00004883,M0081,1,920.0,138.0,782.0,
OI000019538,O00004883,M0170,2,900.0,0.0,1800.0,
OI000019539,O00004883,M0001,4,1480.0,0.0,5920.0,
OI000019540,O00004883,M0117,1,1140.0,0.0,1140.0,
OI000019541,O00004883,M0012,2,570.0,0.0,1140.0,
OI000019542,O00004883,M0048,2,1580.0,0.0,3160.0,
OI000019543,O00004883,M0075,1,1795.5,89.78,1705.72,
OI000019544,O00004884,M0003,1,1050.0,0.0,1050.0,
OI000019545,O00004884,M0089,1,1150.0,172.5,977.5,
OI000019546,O00004884,M0013,1,1500.0,0.0,1500.0,
OI000019547,O00004884,M0009,3,1660.0,0.0,4980.0,
OI000019548,O00004885,M0027,2,790.0,0.0,1580.0,Customer request
OI000019549,O00004885,M0101,2,522.5,0.0,1045.0,
OI000019550,O00004885,M0020,2,1110.0,0.0,2220.0,
OI000019551,O00004885,M0039,1,1690.0,0.0,1690.0,
OI000019552,O00004885,M0007,3,1280.0,0.0,3840.0,
OI000019553,O00004886,M0011,2,1150.0,0.0,2300.0,
OI000019554,O00004886,M0169,3,1180.0,0.0,3540.0,
OI000019555,O00004886,M0157,1,1387.0,0.0,1387.0,
OI000019556,O00004887,M0143,1,840.0,0.0,840.0,
OI000019557,O00004887,M0018,2,1260.0,0.0,2520.0,
OI000019558,O00004887,M0001,2,1480.0,0.0,2960.0,
OI000019559,O00004887,M0157,2,1460.0,0.0,2920.0,
OI000019560,O00004887,M0019,1,630.0,0.0,630.0,
OI000019561,O00004887,M0108,1,430.0,0.0,430.0,Customer request
OI000019562,O00004888,M0034,1,1260.0,0.0,1260.0,
OI000019563,O00004888,M0145,1,1760.0,0.0,1760.0,
OI000019564,O00004888,M0002,1,520.0,0.0,520.0,
OI000019565,O00004888,M0118,1,1310.0,65.5,1244.5,Customer request
OI000019566,O00004888,M0134,1,693.5,0.0,693.5,
OI000019567,O00004889,M0010,1,430.0,0.0,430.0,
OI000019568,O00004889,M0055,2,890.0,0.0,1780.0,
OI000019569,O00004889,M0001,2,1480.0,0.0,2960.0,
OI000019570,O00004889,M0011,1,1150.0,0.0,1150.0,
OI000019571,O00004889,M0016,2,1291.5,0.0,2583.0,
OI000019572,O00004890,M0002,1,520.0,78.0,442.0,
OI000019573,O00004890,M0022,2,1302.0,0.0,2604.0,
OI000019574,O00004890,M0061,1,880.0,0.0,880.0,
OI000019575,O00004890,M0061,1,880.0,0.0,880.0,
OI000019576,O00004890,M0027,1,790.0,0.0,790.0,
OI000019577,O00004891,M0002,1,494.0,0.0,494.0,
OI000019578,O00004891,M0002,1,520.0,0.0,520.0,
OI000019579,O00004892,M0115,2,1140.0,0.0,2280.0,
OI000019580,O00004892,M0042,1,1210.0,181.5,1028.5,
OI000019581,O00004893,M0089,1,1207.5,0.0,1207.5,
OI000019582,O00004893,M0001,2,1480.0,0.0,2960.0,
OI000019583,O00004893,M0023,1,609.0,0.0,609.0,
OI000019584,O00004893,M0150,1,300.0,0.0,300.0,
OI000019585,O00004893,M0077,2,1630.0,0.0,3260.0,
OI000019586,O00004893,M0095,1,230.0,0.0,230.0,
OI000019587,O00004894,M0027,1,750.5,0.0,750.5,
OI000019588,O00004894,M0088,1,1083.0,0.0,1083.0,
OI000019589,O00004894,M0067,1,1440.0,0.0,1440.0,Customer request
OI000019590,O00004894,M0003,2,1102.5,0.0,2205.0,
OI000019591,O00004894,M0002,1,546.0,0.0,546.0,
OI000019592,O00004895,M0004,2,1890.0,0.0,3780.0,Customer request
OI000019593,O00004895,M0002,1,520.0,0.0,520.0,
OI000019594,O00004895,M0045,1,1134.0,0.0,1134.0,
OI000019595,O00004896,M0181,4,266.0,0.0,1064.0,
OI000019596,O00004896,M0097,1,304.0,0.0,304.0,
OI000019597,O00004896,M0088,1,1083.0,0.0,1083.0,
OI000019598,O00004896,M0118,1,1375.5,0.0,1375.5,
OI000019599,O00004897,M0149,3,920.0,276.0,2484.0,
OI000019600,O00004897,M0010,2,408.5,0.0,817.0,
OI000019601,O00004897,M0002,1,520.0,0.0,520.0,
OI000019602,O00004897,M0090,1,1187.5,0.0,1187.5,
OI000019603,O00004897,M0022,5,1240.0,0.0,6200.0,
OI000019604,O00004898,M0171,2,1558.0,0.0,3116.0,
OI000019605,O00004898,M0165,1,540.0,0.0,540.0,
OI000019606,O00004898,M0186,1,1620.0,243.0,1377.0,
OI000019607,O00004899,M0098,3,1230.0,0.0,3690.0,
OI000019608,O00004899,M0052,1,674.5,0.0,674.5,
OI000019609,O00004899,M0095,2,230.0,0.0,460.0,
OI000019610,O00004899,M0009,1,1743.0,0.0,1743.0,
OI000019611,O00004899,M0001,1,1480.0,0.0,1480.0,
OI000019612,O00004900,M0026,2,450.0,0.0,900.0,
OI000019613,O00004900,M0059,2,660.0,0.0,1320.0,
OI000019614,O00004900,M0122,1,470.0,0.0,470.0,
OI000019615,O00004901,M0001,2,1406.0,0.0,2812.0,
OI000019616,O00004901,M0001,1,1480.0,0.0,1480.0,
OI000019617,O00004901,M0166,1,370.0,0.0,370.0,
OI000019618,O00004901,M0005,1,451.5,45.15,406.35,
OI000019619,O00004901,M0071,1,598.5,0.0,598.5,
OI000019620,O00004902,M0003,1,1102.5,0.0,1102.5,
OI000019621,O00004902,M0149,2,920.0,0.0,1840.0,
OI000019622,O00004903,M0089,2,1207.5,362.25,2052.75,
OI000019623,O00004903,M0001,2,1480.0,0.0,2960.0,
OI000019624,O00004904,M0008,1,924.0,0.0,924.0,
OI000019625,O00004904,M0184,1,1040.0,0.0,1040.0,
OI000019626,O00004905,M0125,1,320.0,0.0,320.0,Customer request
OI000019627,O00004905,M0001,1,1480.0,0.0,1480.0,
OI000019628,O00004905,M0011,1,1150.0,0.0,1150.0,
OI000019629,O00004906,M0012,1,598.5,89.78,508.72,
OI000019630,O00004906,M0029,3,693.0,0.0,2079.0,
OI000019631,O00004906,M0009,1,1743.0,0.0,1743.0,
OI000019632,O00004907,M0118,2,1244.5,0.0,2489.0,
OI000019633,O00004907,M0027,1,750.5,0.0,750.5,
OI000019634,O00004908,M0001,1,1480.0,148.0,1332.0,Customer request
OI000019635,O00004908,M0018,2,1200.0,0.0,2400.0,
OI000019636,O00004909,M0048,4,1580.0,0.0,6320.0,
OI000019637,O00004909,M0063,1,1149.5,0.0,1149.5,
OI000019638,O00004909,M0002,2,520.0,0.0,1040.0,
OI000019639,O00004910,M0031,2,1827.0,365.4,3288.6,
OI000019640,O00004910,M0022,2,1302.0,0.0,2604.0,
OI000019641,O00004910,M0004,1,1800.0,0.0,1800.0,Customer request
OI000019642,O00004910,M0004,2,1890.0,0.0,3780.0,
OI000019643,O00004911,M0185,1,1482.0,222.3,1259.7,
OI000019644,O00004911,M0020,1,1110.0,0.0,1110.0,
OI000019645,O00004911,M0059,1,627.0,0.0,627.0,
OI000019646,O00004911,M0005,1,451.5,0.0,451.5,
OI000019647,O00004911,M0176,1,1780.0,0.0,1780.0,
OI000019648,O00004912,M0171,1,1722.0,0.0,1722.0,
OI000019649,O00004912,M0104,1,200.0,0.0,200.0,
OI000019650,O00004912,M0023,2,580.0,0.0,1160.0,
OI000019651,O00004912,M0020,1,1165.5,0.0,1165.5,
OI000019652,O00004912,M0144,1,560.0,0.0,560.0,Customer request
OI000019653,O00004913,M0134,1,693.5,69.35,624.15,
OI000019654,O00004913,M0160,1,1662.5,0.0,1662.5,
OI000019655,O00004913,M0008,1,836.0,0.0,836.0,
OI000019656,O00004913,M0064,1,441.0,0.0,441.0,
OI000019657,O00004913,M0067,3,1440.0,0.0,4320.0,
OI000019658,O00004913,M0015,2,1680.0,0.0,3360.0,
OI000019659,O00004914,M0002,1,520.0,0.0,520.0,
OI000019660,O00004915,M0002,1,520.0,0.0,520.0,
OI000019661,O00004915,M0123,1,777.0,0.0,777.0,
OI000019662,O00004916,M0013,1,1500.0,0.0,1500.0,
OI000019663,O00004916,M0144,3,560.0,252.0,1428.0,
OI000019664,O00004916,M0009,2,1660.0,0.0,3320.0,
OI000019665,O00004916,M0005,2,451.5,0.0,903.0,
OI000019666,O00004916,M0018,2,1260.0,0.0,2520.0,
OI000019667,O00004917,M0081,1,920.0,0.0,920.0,
OI000019668,O00004917,M0054,1,1120.0,0.0,1120.0,
OI000019669,O00004917,M0003,1,1050.0,157.5,892.5,
OI000019670,O00004918,M0190,1,380.0,0.0,380.0,
OI000019671,O00004918,M0188,2,290.0,0.0,580.0,Customer request
OI000019672,O00004918,M0008,2,836.0,0.0,1672.0,
OI000019673,O00004918,M0036,2,1700.5,0.0,3401.0,
OI000019674,O00004919,M0006,1,1790.0,0.0,1790.0,
OI000019675,O00004919,M0196,1,1669.5,0.0,1669.5,Customer request
OI000019676,O00004919,M0014,1,1710.0,0.0,1710.0,
OI000019677,O00004920,M0149,1,874.0,0.0,874.0,Customer request
OI000019678,O00004920,M0022,1,1240.0,124.0,1116.0,
OI000019679,O00004920,M0079,1,1102.5,0.0,1102.5,
OI000019680,O00004920,M0151,1,590.0,0.0,590.0,
OI000019681,O00004920,M0054,2,1176.0,0.0,2352.0,
OI000019682,O00004920,M0006,2,1700.5,0.0,3401.0,
OI000019683,O00004920,M0106,1,940.0,0.0,940.0,
OI000019684,O00004920,M0153,2,1760.0,0.0,3520.0,
OI000019685,O00004920,M0002,1,520.0,0.0,520.0,
OI000019686,O00004921,M0016,1,1230.0,123.0,1107.0,
OI000019687,O00004921,M0196,1,1590.0,238.5,1351.5,
OI000019688,O00004921,M0062,4,959.5,0.0,3838.0,
OI000019689,O00004921,M0004,2,1800.0,360.0,3240.0,
OI000019690,O00004922,M0123,1,740.0,0.0,740.0,
OI000019691,O00004922,M0027,3,790.0,0.0,2370.0,
OI000019692,O00004922,M0131,1,940.5,0.0,940.5,
OI000019693,O00004922,M0094,1,630.0,0.0,630.0,
OI000019694,O00004922,M0081,1,920.0,0.0,920.0,
OI000019695,O00004922,M0008,1,880.0,0.0,880.0,
OI000019696,O00004923,M0041,4,1560.0,0.0,6240.0,
OI000019697,O00004923,M0129,1,1760.0,0.0,1760.0,
OI000019698,O00004923,M0128,2,1070.0,0.0,2140.0,
OI000019699,O00004923,M0004,4,1800.0,0.0,7200.0,
OI000019700,O00004923,M0019,1,630.0,0.0,630.0,
OI000019701,O00004924,M0026,1,450.0,0.0,450.0,
OI000019702,O00004924,M0029,1,660.0,0.0,660.0,
OI000019703,O00004924,M0026,1,450.0,0.0,450.0,
OI000019704,O00004925,M0002,3,520.0,0.0,1560.0,
OI000019705,O00004925,M0150,3,300.0,0.0,900.0,
OI000019706,O00004925,M0100,2,1790.0,0.0,3580.0,
OI000019707,O00004925,M0022,1,1240.0,0.0,1240.0,
OI000019708,O00004925,M0174,2,510.0,102.0,918.0,
OI000019709,O00004926,M0038,2,1320.0,0.0,2640.0,
OI000019710,O00004926,M0001,2,1480.0,0.0,2960.0,
OI000019711,O00004926,M0024,1,580.0,0.0,580.0,
OI000019712,O00004927,M0005,1,451.5,0.0,451.5,
OI000019713,O00004927,M0199,2,440.0,0.0,880.0,
OI000019714,O00004928,M0002,1,520.0,0.0,520.0,
OI000019715,O00004928,M0011,1,1150.0,0.0,1150.0,
OI000019716,O00004929,M0068,2,920.0,0.0,1840.0,
OI000019717,O00004929,M0006,1,1790.0,0.0,1790.0,
OI000019718,O00004929,M0002,1,494.0,24.7,469.3,
OI000019719,O00004929,M0017,1,730.0,0.0,730.0,Customer request
OI000019720,O00004930,M0146,2,262.5,0.0,525.0,
OI000019721,O00004930,M0045,1,1134.0,0.0,1134.0,
OI000019722,O00004931,M0088,2,1197.0,0.0,2394.0,
OI000019723,O00004931,M0009,2,1577.0,0.0,3154.0,
OI000019724,O00004931,M0145,3,1672.0,0.0,5016.0,
OI000019725,O00004931,M0042,2,1149.5,0.0,2299.0,
OI000019726,O00004932,M0014,1,1710.0,0.0,1710.0,
OI000019727,O00004932,M0062,1,1010.0,0.0,1010.0,
OI000019728,O00004932,M0019,2,598.5,0.0,1197.0,
OI000019729,O00004932,M0009,1,1660.0,0.0,1660.0,
OI000019730,O00004932,M0095,2,230.0,0.0,460.0,
OI000019731,O00004933,M0002,1,520.0,0.0,520.0,
OI000019732,O00004933,M0065,1,892.5,0.0,892.5,
OI000019733,O00004933,M0036,1,1700.5,0.0,1700.5,
OI000019734,O00004933,M0034,1,1260.0,0.0,1260.0,
OI000019735,O00004933,M0013,2,1500.0,0.0,3000.0,
OI000019736,O00004934,M0009,1,1743.0,0.0,1743.0,
OI000019737,O00004934,M0072,1,1340.0,0.0,1340.0,
OI000019738,O00004934,M0111,1,280.0,0.0,280.0,Customer request
OI000019739,O00004935,M0017,1,693.5,0.0,693.5,
OI000019740,O00004935,M0003,2,1050.0,0.0,2100.0,
OI000019741,O00004935,M0001,2,1480.0,0.0,2960.0,
OI000019742,O00004935,M0046,1,1558.0,0.0,1558.0,Customer request
OI000019743,O00004935,M0007,1,1280.0,0.0,1280.0,
OI000019744,O00004935,M0020,1,1054.5,0.0,1054.5,
OI000019745,O00004936,M0041,2,1560.0,0.0,3120.0,
OI000019746,O00004936,M0081,1,920.0,0.0,920.0,
OI000019747,O00004936,M0021,2,1250.0,0.0,2500.0,
OI000019748,O00004936,M0075,1,1710.0,0.0,1710.0,
OI000019749,O00004937,M0155,1,530.0,0.0,530.0,
OI000019750,O00004937,M0009,3,1743.0,0.0,5229.0,
OI000019751,O00004937,M0073,3,420.0,0.0,1260.0,
OI000019752,O00004937,M0010,1,430.0,0.0,430.0,
OI000019753,O00004938,M0001,1,1480.0,0.0,1480.0,
OI000019754,O00004938,M0002,1,546.0,0.0,546.0,
OI000019755,O00004938,M0075,1,1624.5,0.0,1624.5,
OI000019756,O00004938,M0003,1,1102.5,0.0,1102.5,Customer request
OI000019757,O00004938,M0198,3,680.0,0.0,2040.0,
OI000019758,O00004938,M0039,2,1690.0,0.0,3380.0,
OI000019759,O00004939,M0011,2,1207.5,0.0,2415.0,Customer request
OI000019760,O00004939,M0051,2,750.0,0.0,1500.0,
OI000019761,O00004940,M0002,1,520.0,0.0,520.0,Customer request
OI000019762,O00004940,M0001,1,1480.0,0.0,1480.0,
OI000019763,O00004940,M0038,1,1254.0,0.0,1254.0,Customer request
OI000019764,O00004940,M0004,5,1800.0,0.0,9000.0,
OI000019765,O00004941,M0001,1,1480.0,0.0,1480.0,
OI000019766,O00004942,M0056,1,250.0,25.0,225.0,
OI000019767,O00004942,M0024,2,580.0,0.0,1160.0,
OI000019768,O00004943,M0031,1,1740.0,0.0,1740.0,
OI000019769,O00004943,M0094,1,630.0,0.0,630.0,
OI000019770,O00004943,M0071,1,630.0,0.0,630.0,
OI000019771,O00004943,M0109,1,1420.0,0.0,1420.0,
OI000019772,O00004944,M0002,2,520.0,0.0,1040.0,
OI000019773,O00004944,M0002,2,520.0,0.0,1040.0,
OI000019774,O00004944,M0045,1,1080.0,0.0,1080.0,
OI000019775,O00004945,M0159,3,1040.0,156.0,2964.0,
OI000019776,O00004945,M0088,1,1140.0,0.0,1140.0,
OI000019777,O00004945,M0075,2,1624.5,0.0,3249.0,
OI000019778,O00004945,M0014,2,1710.0,0.0,3420.0,
OI000019779,O00004945,M0043,1,1770.0,0.0,1770.0,
OI000019780,O00004945,M0073,2,420.0,0.0,840.0,
OI000019781,O00004946,M0032,1,830.0,124.5,705.5,Customer request
OI000019782,O00004946,M0006,1,1790.0,0.0,1790.0,
OI000019783,O00004946,M0069,1,1111.5,0.0,1111.5,
OI000019784,O00004946,M0034,2,1260.0,0.0,2520.0,Customer request
OI000019785,O00004946,M0007,2,1280.0,0.0,2560.0,
OI000019786,O00004946,M0036,3,1790.0,0.0,5370.0,
OI000019787,O00004946,M0013,1,1500.0,0.0,1500.0,
OI000019788,O00004947,M0001,1,1480.0,0.0,1480.0,
OI000019789,O00004947,M0027,1,790.0,0.0,790.0,
OI000019790,O00004947,M0183,1,630.0,0.0,630.0,Customer request
OI000019791,O00004948,M0007,1,1280.0,0.0,1280.0,
OI000019792,O00004948,M0023,1,609.0,0.0,609.0,
OI000019793,O00004948,M0115,2,1140.0,0.0,2280.0,Customer request
OI000019794,O00004948,M0173,2,1837.5,0.0,3675.0,
OI000019795,O00004949,M0001,3,1406.0,0.0,4218.0,
OI000019796,O00004949,M0089,1,1150.0,57.5,1092.5,
OI000019797,O00004949,M0012,1,541.5,0.0,541.5,
OI000019798,O00004949,M0002,1,520.0,0.0,520.0,
OI000019799,O00004949,M0091,1,367.5,0.0,367.5,
OI000019800,O00004950,M0027,1,790.0,0.0,790.0,
OI000019801,O00004950,M0005,1,430.0,0.0,430.0,
OI000019802,O00004951,M0079,1,1050.0,0.0,1050.0,
OI000019803,O00004951,M0006,1,1790.0,89.5,1700.5,
OI000019804,O00004951,M0056,1,250.0,0.0,250.0,
OI000019805,O00004952,M0013,1,1425.0,0.0,1425.0,
OI000019806,O00004952,M0006,1,1790.0,0.0,1790.0,
OI000019807,O00004952,M0001,1,1554.0,0.0,1554.0,Customer request
OI000019808,O00004952,M0003,1,997.5,0.0,997.5,
OI000019809,O00004952,M0165,2,540.0,0.0,1080.0,
OI000019810,O00004952,M0025,3,260.0,0.0,780.0,
OI000019811,O00004952,M0124,2,980.0,0.0,1960.0,
OI000019812,O00004953,M0093,2,883.5,0.0,1767.0,
OI000019813,O00004953,M0072,1,1340.0,201.0,1139.0,
OI000019814,O00004954,M0085,1,1720.0,172.0,1548.0,
OI000019815,O00004954,M0004,1,1890.0,0.0,1890.0,
OI000019816,O00004954,M0007,4,1216.0,486.4,4377.6,
OI000019817,O00004954,M0099,2,570.0,0.0,1140.0,Customer request
OI000019818,O00004954,M0066,1,551.0,0.0,551.0,
OI000019819,O00004955,M0111,3,266.0,0.0,798.0,
OI000019820,O00004955,M0070,1,1630.0,0.0,1630.0,
OI000019821,O00004955,M0102,1,480.0,0.0,480.0,
OI000019822,O00004955,M0046,2,1640.0,0.0,3280.0,
OI000019823,O00004956,M0113,1,840.0,0.0,840.0,
OI000019824,O00004956,M0012,1,598.5,0.0,598.5,
OI000019825,O00004956,M0001,1,1480.0,0.0,1480.0,
OI000019826,O00004956,M0005,1,408.5,0.0,408.5,
OI000019827,O00004956,M0003,1,1050.0,0.0,1050.0,
OI000019828,O00004956,M0027,1,829.5,0.0,829.5,
OI000019829,O00004956,M0150,1,300.0,0.0,300.0,
OI000019830,O00004957,M0011,2,1092.5,0.0,2185.0,
OI000019831,O00004957,M0034,1,1323.0,132.3,1190.7,
OI000019832,O00004957,M0112,1,579.5,0.0,579.5,
OI000019833,O00004957,M0135,1,1540.0,231.0,1309.0,
OI000019834,O00004958,M0009,1,1660.0,0.0,1660.0,
OI000019835,O00004958,M0035,2,874.0,0.0,1748.0,Customer request
OI000019836,O00004958,M0008,1,880.0,0.0,880.0,
OI000019837,O00004959,M0021,2,1250.0,0.0,2500.0,
OI000019838,O00004959,M0018,2,1200.0,0.0,2400.0,
OI000019839,O00004959,M0001,1,1480.0,0.0,1480.0,
OI000019840,O00004959,M0001,2,1480.0,0.0,2960.0,
OI000019841,O00004959,M0054,1,1064.0,53.2,1010.8,Customer request
OI000019842,O00004959,M0004,1,1800.0,0.0,1800.0,
OI000019843,O00004960,M0003,2,1102.5,0.0,2205.0,
OI000019844,O00004960,M0015,2,1764.0,0.0,3528.0,
OI000019845,O00004960,M0006,1,1700.5,170.05,1530.45,
OI000019846,O00004960,M0088,1,1083.0,162.45,920.55,
OI000019847,O00004960,M0061,2,880.0,0.0,1760.0,
OI000019848,O00004961,M0180,1,262.5,0.0,262.5,
OI000019849,O00004961,M0019,1,630.0,0.0,630.0,
OI000019850,O00004961,M0001,1,1480.0,148.0,1332.0,
OI000019851,O00004961,M0125,1,304.0,0.0,304.0,
OI000019852,O00004961,M0002,1,546.0,0.0,546.0,
OI000019853,O00004961,M0008,1,836.0,0.0,836.0,
OI000019854,O00004962,M0056,1,250.0,0.0,250.0,
OI000019855,O00004963,M0026,1,450.0,0.0,450.0,
OI000019856,O00004963,M0072,2,1407.0,0.0,2814.0,
OI000019857,O00004964,M0005,2,430.0,0.0,860.0,
OI000019858,O00004964,M0047,1,1610.0,0.0,1610.0,
OI000019859,O00004964,M0025,1,260.0,0.0,260.0,
OI000019860,O00004964,M0047,2,1610.0,0.0,3220.0,
OI000019861,O00004964,M0140,1,1510.5,0.0,1510.5,
OI000019862,O00004965,M0037,1,1610.0,0.0,1610.0,Customer request
OI000019863,O00004965,M0087,1,1764.0,0.0,1764.0,
OI000019864,O00004965,M0088,2,1140.0,0.0,2280.0,
OI000019865,O00004965,M0064,1,420.0,0.0,420.0,
OI000019866,O00004966,M0029,1,660.0,0.0,660.0,
OI000019867,O00004966,M0001,2,1480.0,0.0,2960.0,
OI000019868,O00004966,M0002,1,520.0,0.0,520.0,
OI000019869,O00004967,M0039,1,1605.5,0.0,1605.5,
OI000019870,O00004967,M0001,1,1480.0,0.0,1480.0,
OI000019871,O00004967,M0001,1,1480.0,0.0,1480.0,
OI000019872,O00004967,M0002,3,520.0,0.0,1560.0,
OI000019873,O00004968,M0006,2,1790.0,0.0,3580.0,
OI000019874,O00004968,M0200,3,1160.0,0.0,3480.0,
OI000019875,O00004969,M0002,3,520.0,0.0,1560.0,
OI000019876,O00004969,M0008,1,880.0,0.0,880.0,
OI000019877,O00004969,M0070,1,1711.5,0.0,1711.5,
OI000019878,O00004969,M0068,1,966.0,0.0,966.0,
OI000019879,O00004969,M0137,1,1770.0,0.0,1770.0,
OI000019880,O00004970,M0052,4,745.5,0.0,2982.0,
OI000019881,O00004970,M0008,1,880.0,0.0,880.0,
OI000019882,O00004970,M0007,1,1344.0,0.0,1344.0,
OI000019883,O00004971,M0118,1,1244.5,0.0,1244.5,
OI000019884,O00004971,M0002,1,546.0,0.0,546.0,
OI000019885,O00004971,M0029,1,627.0,0.0,627.0,
OI000019886,O00004971,M0029,2,693.0,0.0,1386.0,
OI000019887,O00004971,M0086,1,1740.0,0.0,1740.0,
OI000019888,O00004971,M0198,1,714.0,0.0,714.0,
OI000019889,O00004972,M0031,1,1827.0,0.0,1827.0,
OI000019890,O00004972,M0098,3,1291.5,0.0,3874.5,
OI000019891,O00004972,M0127,2,770.0,0.0,1540.0,
OI000019892,O00004973,M0001,2,1480.0,296.0,2664.0,
OI000019893,O00004973,M0058,2,1350.0,0.0,2700.0,
OI000019894,O00004973,M0141,1,1282.5,0.0,1282.5,
OI000019895,O00004973,M0080,1,913.5,0.0,913.5,
OI000019896,O00004973,M0097,1,320.0,0.0,320.0,Customer request
OI000019897,O00004973,M0111,1,280.0,0.0,280.0,
OI000019898,O00004974,M0001,1,1406.0,0.0,1406.0,
OI000019899,O00004974,M0162,2,330.0,0.0,660.0,
OI000019900,O00004974,M0151,1,590.0,0.0,590.0,
OI000019901,O00004974,M0050,1,840.0,0.0,840.0,
OI000019902,O00004975,M0014,1,1710.0,0.0,1710.0,
OI000019903,O00004975,M0016,2,1291.5,0.0,2583.0,
OI000019904,O00004975,M0037,1,1610.0,0.0,1610.0,
OI000019905,O00004975,M0010,1,430.0,0.0,430.0,
OI000019906,O00004976,M0043,1,1681.5,0.0,1681.5,
OI000019907,O00004976,M0054,3,1064.0,0.0,3192.0,
OI000019908,O00004976,M0083,1,540.0,0.0,540.0,
OI000019909,O00004977,M0001,1,1480.0,0.0,1480.0,
OI000019910,O00004977,M0001,1,1480.0,0.0,1480.0,
OI000019911,O00004977,M0159,1,988.0,0.0,988.0,
OI000019912,O00004978,M0088,1,1083.0,0.0,1083.0,
OI000019913,O00004978,M0013,2,1500.0,0.0,3000.0,
OI000019914,O00004978,M0001,2,1480.0,296.0,2664.0,
OI000019915,O00004978,M0052,2,745.5,0.0,1491.0,Customer request
OI000019916,O00004978,M0007,1,1280.0,0.0,1280.0,
OI000019917,O00004979,M0001,1,1406.0,0.0,1406.0,
OI000019918,O00004979,M0091,1,332.5,33.25,299.25,
OI000019919,O00004980,M0187,2,870.0,0.0,1740.0,
OI000019920,O00004980,M0089,1,1150.0,0.0,1150.0,
OI000019921,O00004980,M0002,1,520.0,0.0,520.0,
OI000019922,O00004981,M0016,1,1230.0,0.0,1230.0,
OI000019923,O00004981,M0007,1,1280.0,0.0,1280.0,
OI000019924,O00004982,M0016,2,1230.0,0.0,2460.0,
OI000019925,O00004982,M0041,1,1638.0,0.0,1638.0,
OI000019926,O00004982,M0057,1,500.0,0.0,500.0,
OI000019927,O00004983,M0011,1,1150.0,0.0,1150.0,
OI000019928,O00004983,M0067,1,1368.0,0.0,1368.0,
OI000019929,O00004983,M0070,1,1711.5,0.0,1711.5,
OI000019930,O00004983,M0197,2,330.0,0.0,660.0,
OI000019931,O00004983,M0029,1,660.0,0.0,660.0,
OI000019932,O00004983,M0012,2,570.0,0.0,1140.0,
OI000019933,O00004984,M0130,2,1070.0,0.0,2140.0,
OI000019934,O00004984,M0004,1,1800.0,90.0,1710.0,
OI000019935,O00004984,M0024,2,609.0,121.8,1096.2,
OI000019936,O00004984,M0056,1,237.5,0.0,237.5,
OI000019937,O00004984,M0003,1,1102.5,0.0,1102.5,
OI000019938,O00004985,M0001,3,1480.0,0.0,4440.0,Customer request
OI000019939,O00004985,M0018,1,1200.0,0.0,1200.0,
OI000019940,O00004985,M0014,1,1795.5,0.0,1795.5,
OI000019941,O00004985,M0088,1,1140.0,0.0,1140.0,
OI000019942,O00004986,M0037,1,1690.5,0.0,1690.5,
OI000019943,O00004986,M0001,3,1480.0,222.0,4218.0,
OI000019944,O00004986,M0157,2,1460.0,146.0,2774.0,
OI000019945,O00004987,M0131,1,990.0,0.0,990.0,
OI000019946,O00004987,M0001,2,1480.0,0.0,2960.0,Customer request
OI000019947,O00004987,M0007,2,1280.0,0.0,2560.0,
OI000019948,O00004988,M0055,1,845.5,0.0,845.5,
OI000019949,O00004988,M0004,1,1800.0,0.0,1800.0,
OI000019950,O00004988,M0186,1,1701.0,0.0,1701.0,
OI000019951,O00004989,M0021,2,1250.0,0.0,2500.0,
OI000019952,O00004989,M0076,1,660.0,0.0,660.0,
OI000019953,O00004989,M0033,2,325.5,0.0,651.0,
OI000019954,O00004989,M0011,5,1150.0,0.0,5750.0,
OI000019955,O00004990,M0073,2,420.0,0.0,840.0,
OI000019956,O00004990,M0028,2,870.0,0.0,1740.0,
OI000019957,O00004990,M0058,1,1350.0,202.5,1147.5,
OI000019958,O00004990,M0018,3,1140.0,0.0,3420.0,
OI000019959,O00004990,M0199,5,440.0,0.0,2200.0,
OI000019960,O00004991,M0005,1,430.0,0.0,430.0,Customer request
OI000019961,O00004991,M0004,2,1800.0,0.0,3600.0,
OI000019962,O00004991,M0001,1,1480.0,74.0,1406.0,
OI000019963,O00004992,M0135,5,1540.0,0.0,7700.0,
OI000019964,O00004993,M0003,1,1050.0,105.0,945.0,
OI000019965,O00004993,M0007,1,1280.0,0.0,1280.0,
OI000019966,O00004993,M0005,1,408.5,0.0,408.5,
OI000019967,O00004994,M0189,2,1425.0,0.0,2850.0,
OI000019968,O00004994,M0128,1,1070.0,0.0,1070.0,
OI000019969,O00004994,M0089,2,1092.5,0.0,2185.0,
OI000019970,O00004994,M0017,1,730.0,0.0,730.0,
OI000019971,O00004994,M0001,2,1480.0,0.0,2960.0,Customer request
OI000019972,O00004994,M0182,1,1650.0,0.0,1650.0,
OI000019973,O00004995,M0005,1,430.0,0.0,430.0,
OI000019974,O00004995,M0001,2,1480.0,0.0,2960.0,
OI000019975,O00004995,M0017,1,730.0,0.0,730.0,
OI000019976,O00004995,M0009,1,1660.0,0.0,1660.0,
OI000019977,O00004995,M0170,1,900.0,0.0,900.0,
OI000019978,O00004995,M0001,2,1480.0,0.0,2960.0,
OI000019979,O00004996,M0189,2,1500.0,0.0,3000.0,
OI000019980,O00004996,M0047,1,1610.0,80.5,1529.5,
OI000019981,O00004996,M0010,4,408.5,163.4,1470.6,
OI000019982,O00004996,M0134,1,730.0,0.0,730.0,
OI000019983,O00004996,M0021,2,1250.0,0.0,2500.0,
OI000019984,O00004996,M0037,1,1529.5,0.0,1529.5,
OI000019985,O00004996,M0003,1,1050.0,0.0,1050.0,
OI000019986,O00004997,M0139,2,1770.0,531.0,3009.0,
OI000019987,O00004997,M0138,1,700.0,0.0,700.0,Customer request
OI000019988,O00004997,M0090,1,1187.5,0.0,1187.5,Customer request
OI000019989,O00004997,M0082,1,619.5,30.98,588.52,
OI000019990,O00004997,M0005,1,451.5,45.15,406.35,
OI000019991,O00004998,M0024,1,551.0,27.55,523.45,
OI000019992,O00004998,M0002,2,494.0,0.0,988.0,
OI000019993,O00004998,M0048,1,1580.0,0.0,1580.0,
OI000019994,O00004999,M0005,1,430.0,0.0,430.0,
OI000019995,O00004999,M0010,1,430.0,0.0,430.0,
OI000019996,O00004999,M0113,1,840.0,0.0,840.0,
OI000019997,O00004999,M0192,1,540.0,0.0,540.0,Customer request
OI000019998,O00005000,M0017,1,730.0,0.0,730.0,
OI000019999,O00005000,M0105,4,1310.0,0.0,5240.0,
OI000020000,O00005000,M0003,1,1050.0,0.0,1050.0,
OI000017592,O00004390,M0118,1,1310.0,0.0,1310.0,
OI000013542,O00003378,M0003,1,1102.5,0.0,1102.5,
OI000013432,O00003351,M0144,1,560.0,0.0,560.0,
OI000008688,O00002135,M0002,1,494.0,0.0,494.0,
