rating_id,order_id,customer_id,restaurant_id,rating,food_rating,service_rating,delivery_rating,review_text,rating_date
RT00000001,O00002511,C0000733,R024,5,4.0,5,5.0,,2025-04-07
RT00000002,O00000035,C0000357,R018,3,2.0,3,2.0,,2026-04-09
RT00000003,O00003896,C0000423,R021,5,5.0,5,5.0,,2025-10-09
RT00000004,O00004418,C0000294,R020,4,4.0,4,,,2026-05-18
RT00000005,O00001507,C0000236,R015,4,3.0,4,,,2025-08-21
RT00000006,O00002162,C0000389,R013,3,3.0,2,,,2026-02-11
RT00000007,O00000580,C0000544,R023,3,4.0,3,2.0,,2026-05-20
RT00000008,O00000534,C0000707,R004,4,4.0,5,,Customer review,2026-05-18
RT00000009,O00003546,C0000054,R025,5,5.0,5,5.0,,2025-03-11
RT00000010,O00004856,C0000432,R020,5,5.0,4,5.0,Customer review,2026-04-14
RT00000011,O00001258,C0000066,R017,4,5.0,4,,,2025-05-07
RT00000012,O00001271,C0000544,R001,4,4.0,4,4.0,Customer review,2025-03-31
RT00000013,O00002568,C0000296,R006,3,3.0,3,,,2025-04-26
RT00000014,O00003920,C0000124,R015,5,5.0,4,5.0,,2026-06-04
RT00000015,O00002341,C0000928,R001,3,3.0,3,3.0,,2026-02-16
RT00000016,O00000397,C0000117,R019,5,5.0,5,5.0,Customer review,2025-08-20
RT00000017,O00001373,C0000400,R008,5,4.0,4,5.0,,2025-08-20
RT00000018,O00004798,C0000040,R020,5,4.0,4,5.0,Customer review,2025-11-19
RT00000019,O00000872,C0000028,R012,4,3.0,3,5.0,,2026-08-29
RT00000020,O00002983,C0000903,R002,3,3.0,4,3.0,,2026-05-25
RT00000021,O00002079,C0000293,R009,3,3.0,3,4.0,,2026-02-16
RT00000022,O00000502,C0000110,R001,3,3.0,3,4.0,,2026-07-27
RT00000023,O00004316,C0000298,R021,3,2.0,3,2.0,Customer review,2026-02-03
RT00000024,O00002163,C0000612,R023,5,5.0,5,,,2025-09-07
RT00000025,O00000308,C0000789,R016,3,2.0,3,,,2026-06-04
RT00000026,O00003795,C0000007,R016,2,1.0,1,,,2025-11-20
RT00000027,O00004948,C0000367,R004,4,5.0,4,,,2026-05-21
RT00000028,O00001677,C0000001,R020,3,3.0,2,3.0,,2025-06-17
RT00000029,O00004582,C0000093,R012,5,5.0,5,4.0,Customer review,2025-06-04
RT00000030,O00002055,C0000041,R004,1,1.0,2,,,2025-07-16
RT00000031,O00002773,C0000935,R002,4,5.0,3,5.0,,2026-02-11
RT00000032,O00000745,C0000568,R008,4,5.0,4,4.0,,2026-02-14
RT00000033,O00000024,C0000038,R003,3,3.0,2,,,2025-08-02
RT00000034,O00003698,C0000695,R007,4,4.0,4,3.0,Customer review,2025-03-02
RT00000035,O00002381,C0000197,R005,4,3.0,4,4.0,,2026-03-12
RT00000036,O00002605,C0000192,R011,3,3.0,3,2.0,,2025-08-30
RT00000037,O00004597,C0000886,R019,5,5.0,5,4.0,,2026-04-19
RT00000038,O00002445,C0000432,R022,5,5.0,5,5.0,,2025-07-23
RT00000039,O00000512,C0000267,R012,5,5.0,5,5.0,,2025-07-04
RT00000040,O00000708,C0000075,R016,4,4.0,4,5.0,,2026-02-20
RT00000041,O00004821,C0000857,R003,5,5.0,5,5.0,,2025-11-11
RT00000042,O00004182,C0000121,R005,3,2.0,3,4.0,Customer review,2025-09-22
RT00000043,O00000803,C0000015,R011,5,4.0,5,5.0,,2025-07-05
RT00000044,O00003400,C0000001,R018,5,5.0,5,5.0,,2025-11-12
RT00000045,O00001994,C0000018,R015,5,5.0,5,4.0,,2025-09-20
RT00000046,O00004215,C0000026,R025,5,4.0,4,,Customer review,2025-07-04
RT00000047,O00000314,C0000088,R005,3,3.0,2,2.0,,2025-09-09
RT00000048,O00004860,C0000287,R015,5,5.0,4,5.0,,2025-10-01
RT00000049,O00004054,C0000548,R022,4,4.0,4,4.0,Customer review,2025-12-07
RT00000050,O00002087,C0000457,R024,3,4.0,4,4.0,,2026-07-28
RT00000051,O00004026,C0000044,R006,5,5.0,5,,Customer review,2025-04-08
RT00000052,O00001699,C0000084,R006,4,5.0,5,,Customer review,2025-12-21
RT00000053,O00000889,C0000047,R010,5,5.0,5,5.0,,2026-07-08
RT00000054,O00002691,C0000449,R020,2,3.0,1,,,2026-05-23
RT00000055,O00002517,C0000468,R002,2,1.0,1,,,2025-06-30
RT00000056,O00000576,C0000007,R006,2,2.0,2,3.0,,2025-03-15
RT00000057,O00000747,C0000885,R025,5,5.0,4,5.0,,2025-12-20
RT00000058,O00004746,C0000535,R001,1,1.0,1,2.0,,2025-10-25
RT00000059,O00004412,C0000020,R023,5,5.0,4,5.0,,2025-07-17
RT00000060,O00002913,C0000020,R019,5,5.0,5,5.0,,2026-03-12
RT00000061,O00002402,C0000314,R019,4,4.0,3,4.0,,2025-10-08
RT00000062,O00000499,C0000045,R006,4,3.0,5,,,2025-08-10
RT00000063,O00004391,C0000001,R007,5,5.0,5,5.0,,2026-03-16
RT00000064,O00000982,C0000405,R024,2,2.0,2,,,2025-06-13
RT00000065,O00001601,C0000450,R010,4,5.0,4,5.0,Customer review,2025-12-03
RT00000066,O00001639,C0000651,R003,4,4.0,5,4.0,,2026-04-13
RT00000067,O00004469,C0000166,R020,4,3.0,5,,,2025-11-11
RT00000068,O00004057,C0000067,R020,5,5.0,4,4.0,Customer review,2026-04-16
RT00000069,O00003867,C0000662,R007,2,3.0,3,2.0,,2025-08-30
RT00000070,O00002002,C0000007,R011,2,2.0,2,,,2025-12-14
RT00000071,O00000904,C0000289,R005,2,2.0,3,3.0,,2025-07-25
RT00000072,O00004141,C0000032,R004,4,5.0,4,5.0,,2025-04-07
RT00000073,O00004293,C0000507,R025,5,4.0,4,,,2025-07-22
RT00000074,O00002794,C0000941,R010,3,3.0,3,3.0,,2025-08-09
RT00000075,O00001906,C0000867,R024,4,4.0,5,4.0,,2026-04-25
RT00000076,O00001073,C0000479,R019,2,2.0,1,2.0,Customer review,2026-05-03
RT00000077,O00001615,C0000427,R010,4,5.0,4,4.0,,2025-12-12
RT00000078,O00002833,C0000518,R018,3,3.0,4,3.0,,2026-02-08
RT00000079,O00002521,C0000202,R015,4,4.0,3,4.0,,2026-07-19
RT00000080,O00004318,C0000003,R005,3,4.0,3,3.0,,2026-08-30
RT00000081,O00004423,C0000612,R008,5,5.0,4,4.0,,2025-04-30
RT00000082,O00004339,C0000288,R018,2,1.0,2,,,2026-03-12
RT00000083,O00004285,C0000347,R020,5,5.0,5,4.0,,2025-03-22
RT00000084,O00001094,C0000171,R010,3,4.0,3,3.0,,2026-08-25
RT00000085,O00000543,C0000056,R023,5,5.0,4,5.0,,2026-07-21
RT00000086,O00004601,C0000378,R010,4,4.0,5,3.0,,2025-06-08
RT00000087,O00001661,C0000399,R004,3,3.0,3,2.0,,2025-11-20
RT00000088,O00003649,C0000001,R006,4,5.0,5,,,2025-07-27
RT00000089,O00003158,C0000389,R016,3,3.0,3,3.0,,2026-02-21
RT00000090,O00004464,C0000250,R006,3,3.0,3,,,2026-04-18
RT00000091,O00000072,C0000985,R022,1,1.0,1,2.0,,2026-07-06
RT00000092,O00004320,C0000005,R013,4,4.0,4,5.0,,2026-02-13
RT00000093,O00002403,C0000047,R021,1,1.0,2,2.0,,2025-04-12
RT00000094,O00001592,C0000811,R013,4,4.0,4,4.0,Customer review,2025-06-05
RT00000095,O00003060,C0000035,R025,5,5.0,4,,,2025-11-26
RT00000096,O00001514,C0000489,R018,4,4.0,4,3.0,,2025-12-22
RT00000097,O00001256,C0000159,R012,5,5.0,5,,,2025-06-05
RT00000098,O00001553,C0000651,R012,5,4.0,5,5.0,,2025-07-24
RT00000099,O00001659,C0000146,R010,4,5.0,4,4.0,,2026-08-25
RT00000100,O00001606,C0000048,R004,5,5.0,5,4.0,,2026-09-03
RT00000101,O00000027,C0000299,R018,3,3.0,4,3.0,,2026-09-05
RT00000102,O00000824,C0000739,R009,5,5.0,5,,,2025-10-19
RT00000103,O00000245,C0000122,R025,3,3.0,4,,,2026-06-24
RT00000104,O00004614,C0000215,R014,4,4.0,3,,Customer review,2025-11-09
RT00000105,O00002883,C0000436,R021,5,5.0,4,5.0,Customer review,2026-05-18
RT00000106,O00000212,C0000005,R006,1,2.0,1,1.0,,2026-07-23
RT00000107,O00001109,C0000305,R021,2,2.0,3,3.0,,2025-09-09
RT00000108,O00003436,C0000059,R016,5,4.0,5,5.0,,2026-05-20
RT00000109,O00001508,C0000004,R003,3,,3,4.0,,2025-04-27
RT00000110,O00003385,C0000052,R025,5,5.0,5,5.0,,2025-10-27
RT00000111,O00004102,C0000132,R006,5,4.0,4,4.0,,2025-08-01
RT00000112,O00000411,C0000188,R024,3,2.0,4,4.0,,2026-06-28
RT00000113,O00001896,C0000734,R020,3,3.0,2,3.0,,2026-03-11
RT00000114,O00002742,C0000425,R013,4,3.0,5,4.0,,2025-03-14
RT00000115,O00003923,C0000052,R010,4,5.0,4,,,2025-12-12
RT00000116,O00001155,C0000154,R024,3,3.0,3,4.0,,2025-03-05
RT00000117,O00000997,C0000410,R010,5,5.0,4,5.0,,2026-04-04
RT00000118,O00000191,C0000007,R013,5,4.0,5,5.0,,2025-04-16
RT00000119,O00004878,C0000021,R006,4,4.0,3,,,2025-05-05
RT00000120,O00004558,C0000778,R006,3,3.0,4,3.0,,2025-05-18
RT00000121,O00001288,C0000828,R017,4,4.0,3,3.0,,2025-03-06
RT00000122,O00004466,C0000045,R009,5,5.0,5,,,2025-11-08
RT00000123,O00001441,C0000032,R020,5,5.0,4,5.0,,2025-10-22
RT00000124,O00004139,C0000058,R005,3,3.0,4,3.0,Customer review,2026-06-06
RT00000125,O00002316,C0000179,R010,5,4.0,5,4.0,,2026-01-12
RT00000126,O00002909,C0000020,R001,2,2.0,3,2.0,,2026-08-06
RT00000127,O00000729,C0000006,R021,5,5.0,5,,,2025-08-26
RT00000128,O00003260,C0000656,R022,5,5.0,5,4.0,,2025-05-18
RT00000129,O00004546,C0000001,R020,5,5.0,4,5.0,Customer review,2026-05-26
RT00000130,O00001136,C0000146,R001,4,3.0,4,4.0,,2026-08-26
RT00000131,O00000586,C0000013,R014,4,3.0,4,3.0,,2026-04-05
RT00000132,O00001201,C0000207,R011,5,5.0,5,4.0,Customer review,2025-06-03
RT00000133,O00001884,C0000091,R019,3,3.0,4,,,2025-09-08
RT00000134,O00000313,C0000599,R020,5,5.0,5,5.0,Customer review,2025-03-18
RT00000135,O00001139,C0000922,R008,5,5.0,5,4.0,,2026-04-11
RT00000136,O00002751,C0000825,R019,4,4.0,4,4.0,Customer review,2026-07-01
RT00000137,O00002633,C0000013,R005,3,3.0,2,3.0,,2026-06-20
RT00000138,O00004921,C0000353,R007,5,5.0,5,5.0,,2026-08-17
RT00000139,O00004362,C0000682,R005,5,5.0,4,5.0,,2025-10-22
RT00000140,O00004961,C0000561,R016,3,2.0,2,4.0,,2025-08-13
RT00000141,O00000013,C0000437,R007,5,5.0,5,,,2025-08-01
RT00000142,O00004693,C0000049,R003,5,5.0,5,,Customer review,2026-07-02
RT00000143,O00002339,C0000101,R002,5,5.0,5,,,2025-08-21
RT00000144,O00002739,C0000882,R006,5,5.0,4,5.0,Customer review,2025-08-12
RT00000145,O00002721,C0000339,R001,5,5.0,5,,Customer review,2026-06-19
RT00000146,O00002336,C0000051,R018,5,5.0,5,5.0,,2026-03-26
RT00000147,O00000395,C0000274,R012,5,5.0,5,5.0,Customer review,2025-08-07
RT00000148,O00003383,C0000236,R001,4,5.0,4,,,2026-01-14
RT00000149,O00001275,C0000142,R022,5,5.0,5,5.0,,2025-10-31
RT00000150,O00003398,C0000207,R002,5,4.0,5,,,2026-03-17
RT00000151,O00001425,C0000451,R025,3,3.0,3,3.0,,2026-06-24
RT00000152,O00003170,C0000553,R024,5,5.0,4,5.0,,2025-12-08
RT00000153,O00000009,C0000169,R022,5,5.0,4,5.0,,2025-08-10
RT00000154,O00002822,C0000628,R020,5,5.0,4,5.0,,2026-01-11
RT00000155,O00002683,C0000228,R008,4,3.0,4,,,2025-04-08
RT00000156,O00000835,C0000955,R001,5,5.0,4,,,2026-05-18
RT00000157,O00003154,C0000390,R016,5,4.0,4,5.0,,2025-10-23
RT00000158,O00002108,C0000002,R008,5,5.0,5,,,2025-06-09
RT00000159,O00003921,C0000143,R010,3,3.0,3,,,2026-04-20
RT00000160,O00003125,C0000003,R023,3,2.0,3,3.0,,2026-04-03
RT00000161,O00003897,C0000035,R008,4,5.0,4,4.0,,2025-10-18
RT00000162,O00001104,C0000100,R016,3,3.0,3,4.0,,2025-04-07
RT00000163,O00002839,C0000759,R014,4,4.0,3,3.0,Customer review,2025-11-22
RT00000164,O00000105,C0000049,R019,3,3.0,3,4.0,,2025-08-29
RT00000165,O00001215,C0000381,R017,4,4.0,5,4.0,,2025-11-04
RT00000166,O00003328,C0000648,R001,5,5.0,5,5.0,,2025-10-11
RT00000167,O00001839,C0000766,R003,4,4.0,4,,,2025-03-12
RT00000168,O00000372,C0000163,R001,4,4.0,3,5.0,,2026-04-26
RT00000169,O00004862,C0000259,R016,4,5.0,4,3.0,,2025-12-15
RT00000170,O00000376,C0000532,R022,4,4.0,5,4.0,Customer review,2026-07-09
RT00000171,O00003305,C0000606,R003,4,4.0,5,,,2025-04-01
RT00000172,O00004345,C0000589,R009,5,5.0,5,4.0,,2025-07-26
RT00000173,O00003487,C0000966,R009,5,5.0,4,5.0,Customer review,2025-06-18
RT00000174,O00004825,C0000017,R009,3,2.0,4,3.0,,2026-03-15
RT00000175,O00004690,C0000962,R021,4,4.0,3,4.0,,2025-11-06
RT00000176,O00002483,C0000053,R001,4,4.0,3,3.0,,2025-12-04
RT00000177,O00002560,C0000292,R004,4,4.0,4,4.0,,2025-08-01
RT00000178,O00000164,C0000889,R023,4,3.0,3,,,2026-04-22
RT00000179,O00001268,C0000290,R018,3,4.0,3,3.0,,2025-03-16
RT00000180,O00003678,C0000288,R016,3,3.0,2,3.0,,2026-04-08
RT00000181,O00000861,C0000293,R014,4,4.0,4,5.0,,2025-05-02
RT00000182,O00001473,C0000451,R020,3,4.0,3,3.0,,2026-06-12
RT00000183,O00002895,C0000367,R014,3,2.0,3,4.0,,2025-09-07
RT00000184,O00003922,C0000013,R017,5,5.0,4,5.0,,2026-04-22
RT00000185,O00002269,C0000181,R021,5,5.0,5,,,2025-09-29
RT00000186,O00002250,C0000136,R005,4,3.0,3,5.0,,2025-04-12
RT00000187,O00004911,C0000966,R025,4,4.0,4,3.0,Customer review,2026-08-17
RT00000188,O00004134,C0000273,R025,3,4.0,3,3.0,,2026-07-12
RT00000189,O00002217,C0000513,R010,2,2.0,2,2.0,,2025-11-17
RT00000190,O00003848,C0000434,R011,5,5.0,5,5.0,,2025-03-08
RT00000191,O00004447,C0000225,R008,4,3.0,5,3.0,,2025-12-06
RT00000192,O00004079,C0000177,R005,2,1.0,3,3.0,,2025-07-12
RT00000193,O00002941,C0000008,R013,4,5.0,5,3.0,Customer review,2025-10-24
RT00000194,O00001701,C0000063,R014,4,4.0,3,5.0,,2025-09-08
RT00000195,O00002646,C0000169,R002,3,4.0,3,3.0,,2025-05-14
RT00000196,O00000521,C0000145,R002,4,4.0,3,4.0,,2026-05-23
RT00000197,O00001729,C0000203,R013,1,1.0,1,1.0,,2025-12-29
RT00000198,O00003644,C0000184,R002,4,4.0,3,3.0,,2025-09-18
RT00000199,O00000605,C0000579,R003,3,4.0,3,,Customer review,2026-07-29
RT00000200,O00000337,C0000934,R015,5,5.0,4,5.0,,2025-09-14
RT00000201,O00004192,C0000388,R008,3,4.0,4,2.0,,2025-08-30
RT00000202,O00002023,C0000437,R021,4,4.0,3,5.0,Customer review,2026-05-24
RT00000203,O00002722,C0000395,R025,5,5.0,4,5.0,,2026-07-31
RT00000204,O00000242,C0000049,R021,3,3.0,3,4.0,,2026-01-29
RT00000205,O00004422,C0000968,R018,4,5.0,3,3.0,Customer review,2025-11-26
RT00000206,O00003831,C0000016,R024,3,3.0,4,2.0,,2025-05-29
RT00000207,O00004162,C0000007,R004,4,4.0,3,3.0,,2025-11-14
RT00000208,O00003927,C0000611,R024,5,5.0,5,5.0,,2025-12-27
RT00000209,O00004621,C0000033,R022,4,4.0,4,5.0,Customer review,2025-06-06
RT00000210,O00004827,C0000503,R024,2,2.0,2,1.0,,2025-12-13
RT00000211,O00002374,C0000657,R017,1,1.0,1,1.0,,2025-05-26
RT00000212,O00002431,C0000066,R019,4,5.0,5,3.0,Customer review,2025-06-11
RT00000213,O00004809,C0000019,R023,4,4.0,4,4.0,,2025-05-05
RT00000214,O00000650,C0000745,R022,5,5.0,5,5.0,Customer review,2026-07-26
RT00000215,O00000140,C0000273,R023,3,4.0,4,2.0,,2026-05-04
RT00000216,O00003964,C0000363,R001,4,5.0,5,4.0,Customer review,2025-04-11
RT00000217,O00000905,C0000006,R008,5,5.0,5,4.0,,2026-05-15
RT00000218,O00002052,C0000460,R023,4,4.0,4,3.0,Customer review,2026-01-14
RT00000219,O00002624,C0000014,R019,3,3.0,3,3.0,,2025-10-10
RT00000220,O00003812,C0000415,R008,3,3.0,3,,,2026-02-18
RT00000221,O00001343,C0000234,R016,4,3.0,4,,,2025-06-02
RT00000222,O00000030,C0000088,R006,4,4.0,4,3.0,,2025-08-20
RT00000223,O00003108,C0000074,R023,5,4.0,5,5.0,,2025-07-16
RT00000224,O00001779,C0000073,R014,4,4.0,5,5.0,,2026-07-19
RT00000225,O00001200,C0000094,R017,4,5.0,3,5.0,,2026-02-23
RT00000226,O00001924,C0000956,R016,4,4.0,5,4.0,,2026-01-02
RT00000227,O00001607,C0000038,R016,4,4.0,5,4.0,,2026-08-30
RT00000228,O00004384,C0000222,R006,5,5.0,5,5.0,,2026-01-06
RT00000229,O00000862,C0000274,R001,4,5.0,4,4.0,,2025-09-13
RT00000230,O00004730,C0000692,R007,1,2.0,2,1.0,,2026-01-16
RT00000231,O00003815,C0000096,R004,5,5.0,5,5.0,Customer review,2025-07-22
RT00000232,O00002540,C0000660,R019,4,4.0,4,4.0,Customer review,2026-06-13
RT00000233,O00001121,C0000006,R020,5,4.0,4,5.0,,2026-04-23
RT00000234,O00001111,C0000393,R019,5,4.0,4,5.0,,2025-12-19
RT00000235,O00003025,C0000150,R014,5,5.0,4,,,2025-12-20
RT00000236,O00003200,C0000003,R024,4,4.0,4,4.0,,2025-03-24
RT00000237,O00003884,C0000139,R023,4,4.0,4,4.0,Customer review,2026-06-05
RT00000238,O00003955,C0000767,R017,5,5.0,4,5.0,Customer review,2025-11-26
RT00000239,O00002592,C0000808,R023,4,5.0,5,,,2025-10-20
RT00000240,O00002478,C0000319,R025,4,4.0,5,,,2025-08-22
RT00000241,O00000083,C0000049,R020,5,5.0,5,4.0,,2026-04-12
RT00000242,O00002175,C0000551,R007,5,5.0,5,5.0,,2026-05-31
RT00000243,O00003091,C0000026,R016,4,4.0,4,5.0,Customer review,2026-03-07
RT00000244,O00000572,C0000905,R019,4,4.0,5,4.0,,2025-05-05
RT00000245,O00000443,C0000013,R012,3,2.0,4,3.0,Customer review,2026-04-18
RT00000246,O00004653,C0000895,R012,4,5.0,4,4.0,,2026-01-04
RT00000247,O00003792,C0000022,R021,5,5.0,5,,,2025-06-23
RT00000248,O00002485,C0000116,R004,5,5.0,5,5.0,,2026-06-30
RT00000249,O00002566,C0000709,R025,5,4.0,5,5.0,,2025-06-14
RT00000250,O00003418,C0000035,R021,3,2.0,3,3.0,,2026-01-27
RT00000251,O00004533,C0000442,R025,5,5.0,5,5.0,,2025-05-11
RT00000252,O00004838,C0000583,R015,5,5.0,5,5.0,,2026-07-04
RT00000253,O00004294,C0000760,R017,5,5.0,5,5.0,,2025-05-13
RT00000254,O00002719,C0000432,R023,5,5.0,5,5.0,Customer review,2025-11-28
RT00000255,O00001797,C0000467,R021,4,4.0,4,5.0,,2025-07-02
RT00000256,O00003926,C0000001,R007,5,5.0,5,5.0,,2026-07-21
RT00000257,O00000633,C0000669,R005,4,4.0,4,4.0,,2025-11-24
RT00000258,O00003432,C0000903,R002,5,5.0,5,5.0,,2026-06-28
RT00000259,O00000267,C0000308,R009,5,5.0,4,4.0,Customer review,2026-06-03
RT00000260,O00003185,C0000405,R011,2,3.0,2,1.0,,2025-07-29
RT00000261,O00004282,C0000358,R018,5,5.0,5,4.0,,2026-05-02
RT00000262,O00001861,C0000026,R014,4,4.0,4,3.0,,2026-05-12
RT00000263,O00003072,C0000356,R020,5,5.0,5,,,2026-06-29
RT00000264,O00000063,C0000215,R015,3,3.0,3,4.0,Customer review,2026-08-28
RT00000265,O00000255,C0000826,R016,5,5.0,4,5.0,,2026-01-12
RT00000266,O00001570,C0000018,R008,5,5.0,5,4.0,,2025-11-30
RT00000267,O00001608,C0000161,R009,4,3.0,4,3.0,,2026-06-26
RT00000268,O00004060,C0000067,R011,5,5.0,5,5.0,Customer review,2025-09-30
RT00000269,O00002380,C0000188,R024,4,4.0,3,5.0,,2025-04-13
RT00000270,O00000073,C0000373,R021,5,5.0,4,5.0,,2025-12-04
RT00000271,O00001245,C0000152,R015,2,1.0,2,2.0,,2025-05-02
RT00000272,O00001945,C0000578,R017,4,4.0,3,5.0,,2026-03-18
RT00000273,O00000505,C0000059,R009,3,3.0,3,4.0,,2026-04-13
RT00000274,O00004260,C0000035,R025,3,3.0,2,3.0,,2025-12-05
RT00000275,O00000417,C0000006,R011,4,3.0,4,3.0,,2026-03-19
RT00000276,O00000344,C0000196,R024,4,3.0,4,,,2025-05-07
RT00000277,O00002107,C0000374,R004,5,5.0,4,,,2025-05-30
RT00000278,O00001102,C0000554,R009,4,5.0,5,4.0,,2025-06-22
RT00000279,O00004127,C0000597,R015,5,5.0,5,4.0,,2026-05-24
RT00000280,O00000631,C0000015,R019,5,5.0,5,5.0,,2025-09-05
RT00000281,O00001123,C0000387,R020,4,3.0,5,4.0,,2026-03-16
RT00000282,O00001609,C0000094,R006,5,4.0,5,5.0,Customer review,2025-10-06
RT00000283,O00001938,C0000744,R015,5,5.0,5,4.0,,2026-03-04
RT00000284,O00000730,C0000212,R024,4,4.0,3,4.0,,2025-10-03
RT00000285,O00003959,C0000271,R014,5,5.0,5,4.0,,2025-04-15
RT00000286,O00000158,C0000342,R016,4,5.0,3,3.0,,2025-08-07
RT00000287,O00001285,C0000242,R003,5,5.0,4,4.0,,2026-09-03
RT00000288,O00004958,C0000789,R001,5,5.0,4,,,2026-08-11
RT00000289,O00000472,C0000880,R008,4,4.0,4,4.0,,2025-07-09
RT00000290,O00003788,C0000639,R014,5,5.0,5,5.0,,2026-03-09
RT00000291,O00000613,C0000103,R012,5,5.0,4,,,2026-02-07
RT00000292,O00002099,C0000957,R007,3,3.0,3,3.0,,2026-02-04
RT00000293,O00002506,C0000036,R024,4,4.0,3,5.0,Customer review,2025-10-17
RT00000294,O00004872,C0000001,R014,5,5.0,5,4.0,,2025-04-25
RT00000295,O00003394,C0000046,R006,3,3.0,4,,,2025-04-05
RT00000296,O00002096,C0000643,R017,4,4.0,5,3.0,,2025-10-30
RT00000297,O00002788,C0000540,R009,4,4.0,4,5.0,,2026-03-03
RT00000298,O00001863,C0000312,R020,5,5.0,5,5.0,,2026-03-15
RT00000299,O00004256,C0000167,R010,3,3.0,3,2.0,,2025-07-26
RT00000300,O00004575,C0000414,R006,5,5.0,5,5.0,,2025-07-20
RT00000301,O00002024,C0000801,R021,3,4.0,4,2.0,,2025-12-15
RT00000302,O00004254,C0000002,R018,4,5.0,4,4.0,,2025-04-13
RT00000303,O00002394,C0000112,R004,4,4.0,5,5.0,,2026-06-03
RT00000304,O00001640,C0000244,R012,4,3.0,3,3.0,,2026-06-14
RT00000305,O00000456,C0000423,R018,4,5.0,3,4.0,Customer review,2025-09-30
RT00000306,O00000648,C0000049,R001,3,3.0,2,,,2025-05-01
RT00000307,O00004140,C0000967,R023,5,5.0,5,5.0,,2025-08-09
RT00000308,O00004094,C0000329,R019,5,5.0,5,5.0,,2026-02-07
RT00000309,O00004114,C0000479,R016,5,5.0,5,,,2026-03-18
RT00000310,O00004671,C0000591,R017,4,4.0,5,4.0,Customer review,2025-05-29
RT00000311,O00004773,C0000095,R009,4,3.0,4,,,2026-08-16
RT00000312,O00002854,C0000033,R006,5,5.0,5,5.0,,2026-05-05
RT00000313,O00003806,C0000699,R007,3,3.0,3,,,2025-11-03
RT00000314,O00003862,C0000005,R024,4,4.0,4,3.0,,2026-01-22
RT00000315,O00001646,C0000075,R017,5,5.0,4,,Customer review,2026-03-17
RT00000316,O00003520,C0000004,R011,4,5.0,3,4.0,,2025-03-12
RT00000317,O00002828,C0000589,R004,5,5.0,4,5.0,,2025-10-18
RT00000318,O00004051,C0000187,R021,4,4.0,3,4.0,,2026-02-20
RT00000319,O00001132,C0000340,R002,3,3.0,2,4.0,,2026-08-03
RT00000320,O00003619,C0000004,R024,2,2.0,3,1.0,,2026-05-22
RT00000321,O00003743,C0000199,R009,4,4.0,4,5.0,,2026-04-02
RT00000322,O00001653,C0000223,R021,4,3.0,3,5.0,,2025-06-26
RT00000323,O00000253,C0000567,R022,5,5.0,5,,,2025-07-10
RT00000324,O00003208,C0000049,R014,2,3.0,2,2.0,Customer review,2026-04-19
RT00000325,O00000823,C0000919,R009,4,4.0,3,5.0,,2025-10-14
RT00000326,O00001521,C0000007,R016,3,3.0,4,4.0,,2026-07-28
RT00000327,O00000723,C0000060,R002,4,4.0,4,4.0,,2026-03-12
RT00000328,O00002420,C0000106,R013,4,5.0,5,4.0,,2026-01-10
RT00000329,O00004233,C0000664,R007,3,4.0,4,,,2026-08-28
RT00000330,O00001263,C0000509,R004,5,5.0,5,4.0,,2025-09-03
RT00000331,O00001528,C0000078,R003,4,4.0,5,5.0,,2026-05-25
RT00000332,O00002968,C0000003,R015,4,3.0,4,,,2025-08-16
RT00000333,O00003000,C0000625,R009,5,5.0,5,5.0,,2025-05-10
RT00000334,O00004001,C0000726,R021,5,5.0,4,5.0,,2025-03-09
RT00000335,O00004137,C0000054,R002,3,2.0,2,2.0,Customer review,2025-03-26
RT00000336,O00001862,C0000878,R011,5,5.0,5,,,2025-04-09
RT00000337,O00003575,C0000719,R011,4,4.0,5,4.0,,2025-10-07
RT00000338,O00001859,C0000177,R024,5,5.0,4,5.0,,2025-06-23
RT00000339,O00004223,C0000384,R005,3,2.0,2,2.0,,2025-08-21
RT00000340,O00001385,C0000572,R016,5,5.0,5,5.0,,2026-04-13
RT00000341,O00000946,C0000021,R006,4,4.0,5,5.0,,2025-07-14
RT00000342,O00003396,C0000461,R014,2,2.0,2,,,2026-02-09
RT00000343,O00001237,C0000093,R001,5,5.0,4,5.0,,2026-02-20
RT00000344,O00000114,C0000034,R013,5,5.0,5,5.0,,2025-07-20
RT00000345,O00003745,C0000578,R020,5,5.0,5,,,2026-03-06
RT00000346,O00001529,C0000003,R019,5,5.0,5,4.0,,2026-06-30
RT00000347,O00004489,C0000183,R007,5,5.0,5,5.0,,2025-03-27
RT00000348,O00001138,C0000336,R008,4,4.0,4,4.0,Customer review,2026-07-06
RT00000349,O00000787,C0000004,R006,5,5.0,4,,,2025-03-14
RT00000350,O00004641,C0000703,R009,4,4.0,3,3.0,Customer review,2026-02-25
RT00000351,O00000815,C0000177,R008,3,3.0,2,,,2026-01-09
RT00000352,O00004816,C0000733,R010,4,4.0,5,4.0,,2025-09-15
RT00000353,O00000053,C0000856,R007,2,2.0,3,1.0,,2025-11-25
RT00000354,O00001667,C0000006,R020,5,4.0,5,5.0,,2025-08-01
RT00000355,O00003421,C0000001,R020,5,5.0,5,,,2025-12-07
RT00000356,O00002823,C0000363,R023,3,4.0,3,3.0,Customer review,2025-07-03
RT00000357,O00000760,C0000043,R022,5,5.0,5,,Customer review,2026-03-06
RT00000358,O00001354,C0000085,R019,5,5.0,4,4.0,,2026-06-26
RT00000359,O00000248,C0000056,R016,3,3.0,3,2.0,,2025-10-12
RT00000360,O00004385,C0000033,R020,5,5.0,5,,,2025-05-21
RT00000361,O00000539,C0000055,R021,4,4.0,4,4.0,Customer review,2025-11-18
RT00000362,O00003220,C0000098,R014,1,1.0,1,,,2026-05-24
RT00000363,O00002383,C0000799,R022,4,4.0,5,4.0,,2025-08-18
RT00000364,O00003787,C0000005,R021,3,3.0,2,2.0,,2025-05-02
RT00000365,O00000673,C0000044,R020,2,1.0,2,,,2025-03-12
RT00000366,O00000307,C0000005,R012,2,3.0,3,,,2026-05-03
RT00000367,O00001116,C0000481,R005,5,4.0,4,4.0,,2025-05-13
RT00000368,O00000678,C0000389,R002,5,5.0,5,4.0,,2026-07-02
RT00000369,O00000866,C0000352,R015,3,3.0,4,2.0,,2026-01-02
RT00000370,O00000721,C0000854,R001,4,4.0,3,,,2025-05-22
RT00000371,O00004918,C0000382,R014,5,5.0,5,4.0,,2026-03-27
RT00000372,O00003729,C0000456,R010,4,3.0,4,3.0,,2026-01-26
RT00000373,O00002759,C0000378,R022,5,4.0,5,5.0,,2026-07-16
RT00000374,O00000624,C0000124,R005,4,4.0,4,,,2025-07-26
RT00000375,O00000137,C0000015,R001,3,2.0,3,,,2026-06-27
RT00000376,O00000441,C0000631,R009,4,4.0,4,4.0,Customer review,2025-09-04
RT00000377,O00001612,C0000096,R004,5,5.0,4,5.0,,2026-02-25
RT00000378,O00003136,C0000752,R021,5,5.0,5,5.0,,2026-06-15
RT00000379,O00000125,C0000988,R024,5,5.0,4,5.0,,2026-04-08
RT00000380,O00001442,C0000253,R016,4,3.0,5,3.0,,2025-11-22
RT00000381,O00004434,C0000014,R019,4,4.0,4,3.0,,2025-12-07
RT00000382,O00003097,C0000004,R023,5,4.0,5,5.0,Customer review,2025-07-03
RT00000383,O00005000,C0000069,R015,5,5.0,5,4.0,,2026-07-23
RT00000384,O00004888,C0000094,R016,4,4.0,4,,,2026-01-21
RT00000385,O00002933,C0000082,R021,2,2.0,2,2.0,,2025-09-22
RT00000386,O00001318,C0000735,R021,5,5.0,4,,,2026-04-20
RT00000387,O00004602,C0000562,R020,5,5.0,5,4.0,Customer review,2025-05-07
RT00000388,O00002616,C0000591,R009,5,5.0,4,,Customer review,2025-04-28
RT00000389,O00002202,C0000677,R025,5,5.0,5,5.0,,2026-02-22
RT00000390,O00000139,C0000166,R018,4,5.0,3,5.0,,2026-06-18
RT00000391,O00001252,C0000015,R025,4,3.0,5,3.0,,2026-03-27
RT00000392,O00004596,C0000023,R021,5,5.0,5,5.0,,2026-07-02
RT00000393,O00001960,C0000287,R012,4,4.0,4,3.0,,2025-12-14
RT00000394,O00003669,C0000712,R014,5,5.0,4,,,2025-04-14
RT00000395,O00003738,C0000227,R013,5,5.0,5,,Customer review,2025-07-24
RT00000396,O00002966,C0000310,R021,5,5.0,5,4.0,Customer review,2026-09-04
RT00000397,O00001008,C0000523,R021,2,1.0,2,2.0,,2026-04-10
RT00000398,O00000156,C0000076,R017,4,4.0,3,5.0,,2025-04-10
RT00000399,O00004996,C0000528,R008,5,5.0,5,5.0,Customer review,2025-04-09
RT00000400,O00003719,C0000101,R002,3,2.0,2,,,2026-03-06
RT00000401,O00000018,C0000092,R018,5,5.0,5,,,2025-11-10
RT00000402,O00002535,C0000040,R012,3,4.0,3,,,2026-06-20
RT00000403,O00003656,C0000004,R009,5,4.0,5,4.0,,2025-03-17
RT00000404,O00002799,C0000004,R019,4,4.0,5,4.0,,2025-06-08
RT00000405,O00001991,C0000162,R020,4,4.0,5,5.0,,2026-05-28
RT00000406,O00003143,C0000396,R013,2,2.0,3,3.0,,2025-06-01
RT00000407,O00004829,C0000226,R015,5,4.0,4,5.0,,2025-10-09
RT00000408,O00004694,C0000013,R021,3,2.0,3,4.0,,2026-08-11
RT00000409,O00003311,C0000004,R002,5,5.0,5,5.0,,2026-06-02
RT00000410,O00001727,C0000009,R022,4,3.0,3,4.0,,2025-09-04
RT00000411,O00000127,C0000381,R021,4,3.0,4,4.0,,2026-06-23
RT00000412,O00001534,C0000205,R024,5,5.0,5,,,2025-05-25
RT00000413,O00001844,C0000425,R009,5,5.0,5,,,2026-04-08
RT00000414,O00000575,C0000397,R012,4,4.0,4,5.0,,2026-05-06
RT00000415,O00002463,C0000245,R024,5,5.0,5,5.0,,2026-01-26
RT00000416,O00004087,C0000257,R013,4,4.0,4,4.0,,2026-07-09
RT00000417,O00004573,C0000610,R012,5,5.0,4,,,2026-03-12
RT00000418,O00001186,C0000044,R012,6,5.0,5,,Customer review,2025-12-05
RT00000419,O00004006,C0000147,R006,5,5.0,5,,,2025-05-23
RT00000420,O00003319,C0000193,R002,5,4.0,4,,,2026-08-07
RT00000421,O00003723,C0000027,R007,4,4.0,4,3.0,,2025-03-14
RT00000422,O00004889,C0000859,R018,5,4.0,5,4.0,Customer review,2026-07-07
RT00000423,O00003331,C0000497,R007,2,2.0,2,,,2026-05-22
RT00000424,O00000506,C0000018,R022,2,3.0,2,3.0,,2025-09-21
RT00000425,O00000598,C0000046,R007,5,5.0,5,,,2026-08-24
RT00000426,O00003611,C0000086,R005,4,4.0,4,5.0,,2025-10-03
RT00000427,O00004262,C0000034,R004,4,5.0,4,4.0,,2025-05-30
RT00000428,O00002397,C0000320,R015,5,5.0,5,,Customer review,2025-05-06
RT00000429,O00002623,C0000004,R007,4,4.0,4,4.0,,2025-05-07
RT00000430,O00004679,C0000071,R015,5,5.0,5,5.0,,2026-01-18
RT00000431,O00003818,C0000304,R001,3,2.0,2,,,2026-06-07
RT00000432,O00003205,C0000554,R013,3,3.0,4,4.0,,2026-01-18
RT00000433,O00001989,C0000019,R019,3,4.0,4,,,2026-04-15
RT00000434,O00001363,C0000159,R016,4,5.0,3,4.0,Customer review,2026-04-10
RT00000435,O00000685,C0000229,R025,3,3.0,4,3.0,,2025-03-08
RT00000436,O00003839,C0000016,R017,4,3.0,3,4.0,Customer review,2025-07-16
RT00000437,O00001309,C0000082,R003,4,4.0,3,,,2026-06-04
RT00000438,O00004574,C0000529,R022,4,4.0,5,4.0,,2025-08-07
RT00000439,O00003294,C0000841,R017,5,4.0,4,5.0,Customer review,2026-05-20
RT00000440,O00001492,C0000095,R002,1,2.0,1,1.0,,2025-11-30
RT00000441,O00000340,C0000800,R001,4,4.0,3,4.0,,2026-03-14
RT00000442,O00001262,C0000246,R002,5,5.0,5,4.0,Customer review,2025-06-04
RT00000443,O00000291,C0000315,R020,4,4.0,5,,Customer review,2025-05-29
RT00000444,O00003224,C0000087,R024,4,5.0,5,,,2025-07-21
RT00000445,O00001174,C0000378,R024,1,1.0,1,1.0,,2025-10-05
RT00000446,O00004647,C0000076,R007,4,4.0,4,4.0,,2026-04-21
RT00000447,O00004711,C0000223,R007,3,2.0,3,4.0,,2026-04-07
RT00000448,O00003878,C0000011,R014,5,4.0,4,4.0,,2025-06-10
RT00000449,O00000098,C0000017,R025,5,5.0,5,5.0,Customer review,2026-05-18
RT00000450,O00001617,C0000018,R025,5,5.0,4,5.0,,2026-05-09
RT00000451,O00003457,C0000278,R006,4,4.0,4,,,2026-06-12
RT00000452,O00001269,C0000665,R008,4,4.0,4,3.0,Customer review,2025-03-14
RT00000453,O00001031,C0000134,R010,4,3.0,4,4.0,,2026-08-11
RT00000454,O00002130,C0000507,R005,4,4.0,5,5.0,,2025-10-11
RT00000455,O00004726,C0000050,R002,4,4.0,4,3.0,,2025-08-08
RT00000456,O00004822,C0000182,R009,4,5.0,5,3.0,,2025-11-22
RT00000457,O00000636,C0000660,R016,5,4.0,5,5.0,,2025-08-29
RT00000458,O00003555,C0000001,R005,4,4.0,4,4.0,,2026-01-16
RT00000459,O00004826,C0000717,R005,5,4.0,4,5.0,,2026-03-06
RT00000460,O00003545,C0000375,R020,5,5.0,5,5.0,,2025-11-29
RT00000461,O00001934,C0000537,R025,2,2.0,2,3.0,,2025-05-04
RT00000462,O00001740,C0000504,R022,3,4.0,2,,Customer review,2025-08-09
RT00000463,O00000315,C0000325,R013,5,5.0,4,5.0,Customer review,2026-04-05
RT00000464,O00002504,C0000127,R004,5,4.0,5,,,2025-05-24
RT00000465,O00003278,C0000009,R001,5,5.0,5,5.0,,2026-04-28
RT00000466,O00002026,C0000671,R016,4,4.0,3,3.0,,2025-12-12
RT00000467,O00003826,C0000045,R013,5,5.0,5,5.0,,2026-03-06
RT00000468,O00001126,C0000612,R025,5,5.0,5,,,2025-03-03
RT00000469,O00002645,C0000248,R024,5,5.0,5,4.0,,2026-05-14
RT00000470,O00002032,C0000009,R007,3,3.0,3,3.0,,2026-05-16
RT00000471,O00004657,C0000533,R009,5,5.0,5,5.0,,2025-10-16
RT00000472,O00004214,C0000606,R021,4,4.0,4,3.0,,2026-02-02
RT00000473,O00001277,C0000517,R010,3,3.0,3,4.0,,2026-06-05
RT00000474,O00003704,C0000883,R022,3,2.0,4,3.0,Customer review,2025-11-01
RT00000475,O00001958,C0000823,R021,4,4.0,4,,Customer review,2026-01-02
RT00000476,O00004068,C0000028,R011,1,1.0,2,1.0,,2025-06-18
RT00000477,O00002657,C0000074,R009,4,4.0,4,4.0,,2026-06-07
RT00000478,O00002073,C0000790,R019,4,4.0,4,4.0,,2025-04-08
RT00000479,O00004503,C0000597,R001,2,2.0,2,2.0,,2026-01-06
RT00000480,O00000400,C0000866,R021,5,5.0,4,5.0,,2026-03-19
RT00000481,O00003576,C0000351,R008,4,3.0,5,3.0,Customer review,2025-09-21
RT00000482,O00001546,C0000596,R003,4,5.0,4,,,2026-06-07
RT00000483,O00001694,C0000071,R021,4,4.0,3,5.0,,2025-12-20
RT00000484,O00002628,C0000252,R006,5,5.0,5,4.0,,2026-03-11
RT00000485,O00003007,C0000057,R007,5,5.0,4,,,2025-09-09
RT00000486,O00003028,C0000112,R008,5,4.0,4,5.0,,2025-10-14
RT00000487,O00000790,C0000012,R020,5,5.0,5,4.0,,2025-09-23
RT00000488,O00000924,C0000013,R001,4,4.0,4,4.0,,2026-03-28
RT00000489,O00001675,C0000168,R008,3,3.0,4,2.0,,2026-03-26
RT00000490,O00000965,C0000001,R007,5,5.0,5,5.0,Customer review,2025-04-04
RT00000491,O00000859,C0000802,R023,4,5.0,5,4.0,,2025-03-26
RT00000492,O00002694,C0000869,R014,1,2.0,1,1.0,,2025-07-27
RT00000493,O00003748,C0000006,R020,4,4.0,4,,,2025-05-03
RT00000494,O00002439,C0000668,R004,5,5.0,4,5.0,,2026-05-27
RT00000495,O00004589,C0000598,R012,4,4.0,4,5.0,,2025-07-01
RT00000496,O00004517,C0000144,R021,4,4.0,4,3.0,Customer review,2025-08-24
RT00000497,O00001731,C0000001,R023,2,1.0,1,2.0,,2025-08-04
RT00000498,O00004387,C0000565,R007,4,5.0,3,3.0,,2025-08-25
RT00000499,O00000710,C0000001,R013,5,5.0,4,5.0,,2025-08-13
RT00000500,O00000188,C0000194,R020,3,4.0,4,,,2025-10-18
RT00000501,O00002850,C0000113,R019,3,4.0,2,4.0,,2025-07-10
RT00000502,O00004111,C0000002,R004,4,4.0,3,,,2025-07-11
RT00000503,O00002384,C0000009,R007,5,5.0,5,4.0,,2026-08-28
RT00000504,O00004863,C0000093,R007,3,3.0,2,4.0,Customer review,2026-03-27
RT00000505,O00000150,C0000001,R025,4,3.0,4,,,2025-07-19
RT00000506,O00001943,C0000272,R016,5,4.0,5,5.0,,2026-01-22
RT00000507,O00000186,C0000046,R018,4,5.0,3,5.0,Customer review,2025-09-02
RT00000508,O00002022,C0000957,R015,4,3.0,3,4.0,,2026-07-12
RT00000509,O00000304,C0000882,R020,5,5.0,4,,,2026-03-17
RT00000510,O00000442,C0000028,R007,5,5.0,5,,,2025-12-27
RT00000511,O00004155,C0000120,R009,4,5.0,4,3.0,,2025-10-06
RT00000512,O00000047,C0000295,R008,5,4.0,5,5.0,,2025-11-27
RT00000513,O00004091,C0000133,R011,4,5.0,4,4.0,,2026-01-14
RT00000514,O00003450,C0000006,R011,1,1.0,1,1.0,Customer review,2026-06-03
RT00000515,O00000799,C0000001,R015,5,5.0,5,5.0,,2026-01-31
RT00000516,O00001311,C0000001,R008,5,5.0,5,,Customer review,2026-03-09
RT00000517,O00001292,C0000417,R013,5,5.0,5,5.0,,2026-08-16
RT00000518,O00000962,C0000243,R001,3,3.0,2,3.0,,2025-07-28
RT00000519,O00002406,C0000276,R023,4,4.0,4,,,2026-03-09
RT00000520,O00003443,C0000019,R018,4,5.0,4,4.0,,2026-06-15
RT00000521,O00002922,C0000798,R010,3,3.0,2,,,2026-03-25
RT00000522,O00002879,C0000955,R016,3,2.0,3,3.0,,2026-05-16
RT00000523,O00001785,C0000470,R001,3,4.0,2,3.0,,2025-11-12
RT00000524,O00002184,C0000267,R013,5,5.0,5,,,2025-07-23
RT00000525,O00002974,C0000115,R011,4,3.0,4,4.0,,2026-02-22
RT00000526,O00002490,C0000210,R019,5,4.0,5,5.0,,2026-04-01
RT00000527,O00004098,C0000388,R023,4,4.0,4,,,2025-09-07
RT00000528,O00004217,C0000023,R019,5,4.0,5,5.0,,2025-11-18
RT00000529,O00003667,C0000301,R012,5,5.0,5,4.0,,2025-03-25
RT00000530,O00000846,C0000023,R015,5,4.0,4,5.0,,2025-10-29
RT00000531,O00002729,C0000402,R004,2,2.0,2,,Customer review,2025-08-14
RT00000532,O00001050,C0000002,R008,4,4.0,5,,Customer review,2025-09-05
RT00000533,O00004567,C0000341,R013,5,5.0,5,5.0,,2025-12-05
RT00000534,O00001908,C0000541,R014,5,5.0,5,5.0,,2025-11-10
RT00000535,O00001297,C0000516,R022,4,4.0,4,5.0,,2026-03-19
RT00000536,O00004367,C0000705,R018,3,3.0,4,,,2025-08-13
RT00000537,O00002266,C0000964,R012,5,5.0,5,5.0,,2026-03-21
RT00000538,O00004403,C0000179,R009,2,2.0,2,1.0,,2026-05-03
RT00000539,O00003580,C0000013,R016,3,4.0,4,,,2026-01-25
RT00000540,O00004680,C0000007,R019,3,4.0,3,4.0,Customer review,2026-08-01
RT00000541,O00003668,C0000009,R024,4,3.0,5,4.0,,2026-04-23
RT00000542,O00004291,C0000835,R003,5,5.0,5,,,2025-04-22
RT00000543,O00004157,C0000278,R002,3,3.0,3,4.0,,2026-02-26
RT00000544,O00003736,C0000329,R008,3,3.0,3,3.0,,2025-08-23
RT00000545,O00000327,C0000995,R016,2,3.0,1,3.0,,2025-05-23
RT00000546,O00002896,C0000078,R014,4,4.0,5,,,2026-01-08
RT00000547,O00003009,C0000425,R013,4,5.0,4,,,2026-04-30
RT00000548,O00003287,C0000001,R023,1,2.0,1,2.0,,2025-04-05
RT00000549,O00003268,C0000022,R009,2,2.0,1,2.0,,2025-11-10
RT00000550,O00004877,C0000001,R016,4,3.0,4,5.0,,2025-03-17
RT00000551,O00003802,C0000007,R023,5,5.0,5,,,2026-05-31
RT00000552,O00000020,C0000101,R016,2,2.0,3,1.0,,2025-08-21
RT00000553,O00001156,C0000091,R008,3,3.0,3,3.0,,2025-08-20
RT00000554,O00000978,C0000934,R009,3,3.0,4,,,2026-07-17
RT00000555,O00001818,C0000005,R022,3,3.0,2,3.0,,2026-06-15
RT00000556,O00002860,C0000074,R025,5,4.0,4,5.0,Customer review,2025-10-04
RT00000557,O00000466,C0000218,R006,4,5.0,4,,,2026-06-24
RT00000558,O00000864,C0000039,R004,3,4.0,2,3.0,,2026-07-03
RT00000559,O00001246,C0000427,R003,3,2.0,3,,,2025-06-13
RT00000560,O00003105,C0000217,R015,5,5.0,5,5.0,,2025-11-06
RT00000561,O00003410,C0000001,R011,3,3.0,2,,,2026-01-26
RT00000562,O00004688,C0000005,R003,5,4.0,5,5.0,,2026-06-22
RT00000563,O00002825,C0000518,R002,4,4.0,4,4.0,Customer review,2026-04-11
RT00000564,O00004280,C0000245,R004,5,5.0,5,5.0,,2025-03-11
RT00000565,O00001168,C0000725,R020,4,4.0,4,3.0,Customer review,2026-04-12
RT00000566,O00000216,C0000068,R025,4,4.0,4,4.0,,2026-08-10
RT00000567,O00002113,C0000078,R021,3,3.0,2,,,2025-08-24
RT00000568,O00004998,C0000291,R008,3,3.0,2,2.0,,2025-07-12
RT00000569,O00004591,C0000096,R020,3,3.0,2,4.0,,2025-08-18
RT00000570,O00000900,C0000041,R020,5,5.0,4,5.0,,2026-07-18
RT00000571,O00001157,C0000317,R001,4,4.0,4,4.0,,2025-12-20
RT00000572,O00004334,C0000097,R007,4,5.0,5,3.0,,2026-06-09
RT00000573,O00001250,C0000836,R004,5,5.0,5,5.0,,2025-06-23
RT00000574,O00003163,C0000970,R002,5,5.0,5,5.0,Customer review,2025-10-24
RT00000575,O00001845,C0000795,R006,4,4.0,5,4.0,,2025-05-05
RT00000576,O00004476,C0000229,R003,4,4.0,3,3.0,,2026-03-27
RT00000577,O00004759,C0000161,R023,1,1.0,1,1.0,,2026-06-04
RT00000578,O00000774,C0000422,R009,5,5.0,5,4.0,Customer review,2026-07-17
RT00000579,O00001214,C0000323,R010,5,4.0,5,,,2026-07-09
RT00000580,O00001770,C0000618,R010,3,3.0,3,3.0,,2025-05-09
RT00000581,O00004909,C0000963,R016,2,2.0,2,1.0,,2025-10-13
RT00000582,O00001120,C0000862,R013,5,4.0,4,5.0,,2025-09-16
RT00000583,O00001070,C0000939,R001,4,4.0,4,5.0,,2026-03-27
RT00000584,O00001929,C0000012,R013,4,4.0,4,,,2026-06-15
RT00000585,O00004514,C0000103,R001,4,4.0,5,4.0,,2025-12-15
RT00000586,O00004718,C0000366,R025,5,5.0,5,5.0,,2026-04-12
RT00000587,O00001351,C0000139,R015,3,4.0,3,2.0,,2025-07-31
RT00000588,O00004020,C0000056,R018,1,1.0,1,1.0,,2025-12-19
RT00000589,O00000871,C0000049,R010,3,2.0,2,3.0,,2026-08-15
RT00000590,O00000694,C0000010,R005,4,3.0,5,,,2026-02-22
RT00000591,O00004846,C0000208,R008,1,1.0,1,,Customer review,2026-03-13
RT00000592,O00000228,C0000457,R018,3,3.0,3,2.0,,2025-09-24
RT00000593,O00003147,C0000054,R010,3,3.0,2,3.0,,2025-07-07
RT00000594,O00004432,C0000782,R014,2,3.0,3,1.0,,2026-08-07
RT00000595,O00000857,C0000904,R003,4,3.0,4,,,2025-08-30
RT00000596,O00000737,C0000056,R013,5,5.0,5,5.0,,2026-02-04
RT00000597,O00001860,C0000002,R006,5,5.0,4,,Customer review,2025-05-23
RT00000598,O00003933,C0000010,R011,5,5.0,5,,,2026-03-14
RT00000599,O00001460,C0000135,R004,4,5.0,4,5.0,,2025-05-26
RT00000600,O00000986,C0000791,R023,4,5.0,4,4.0,,2025-05-11
RT00000601,O00000209,C0000002,R001,5,5.0,4,4.0,Customer review,2025-12-18
RT00000602,O00004414,C0000854,R016,1,1.0,1,1.0,,2026-08-03
RT00000603,O00001834,C0000103,R021,4,5.0,4,4.0,,2025-05-20
RT00000604,O00002643,C0000011,R021,3,3.0,4,,,2025-04-10
RT00000605,O00001641,C0000068,R008,5,5.0,5,5.0,Customer review,2025-04-10
RT00000606,O00004022,C0000047,R015,4,4.0,5,4.0,Customer review,2026-01-18
RT00000607,O00002935,C0000026,R001,1,1.0,1,,Customer review,2026-04-24
RT00000608,O00002154,C0000152,R007,5,5.0,4,5.0,,2025-07-23
RT00000609,O00004338,C0000925,R014,4,4.0,5,4.0,,2026-05-31
RT00000610,O00002870,C0000475,R023,5,4.0,5,5.0,Customer review,2025-04-25
RT00000611,O00001415,C0000019,R001,4,4.0,4,4.0,,2025-04-16
RT00000612,O00000101,C0000364,R008,2,2.0,2,2.0,,2026-08-15
RT00000613,O00003382,C0000701,R015,5,5.0,5,5.0,,2025-05-22
RT00000614,O00000145,C0000277,R018,2,2.0,2,2.0,Customer review,2025-12-28
RT00000615,O00002811,C0000077,R011,5,5.0,5,,Customer review,2025-09-20
RT00000616,O00003437,C0000048,R007,5,5.0,5,,,2025-05-30
RT00000617,O00002648,C0000691,R022,5,4.0,5,,,2026-05-07
RT00000618,O00001348,C0000826,R006,5,5.0,4,5.0,,2026-07-11
RT00000619,O00001143,C0000042,R008,3,3.0,2,3.0,Customer review,2026-08-23
RT00000620,O00004003,C0000249,R012,4,5.0,4,3.0,Customer review,2026-04-14
RT00000621,O00001474,C0000086,R006,5,5.0,5,5.0,,2025-04-30
RT00000622,O00000495,C0000199,R003,5,5.0,5,5.0,,2025-04-22
RT00000623,O00002223,C0000316,R024,4,3.0,5,3.0,,2025-12-21
RT00000624,O00004976,C0000006,R003,5,4.0,5,,,2026-02-15
RT00000625,O00001697,C0000043,R022,1,1.0,1,1.0,,2025-12-02
RT00000626,O00000646,C0000192,R008,3,3.0,2,4.0,,2025-10-15
RT00000627,O00000677,C0000598,R011,4,4.0,3,4.0,,2026-05-25
RT00000628,O00004136,C0000404,R020,5,5.0,5,5.0,,2025-06-13
RT00000629,O00004512,C0000040,R014,5,5.0,5,5.0,Customer review,2025-09-02
RT00000630,O00001041,C0000047,R023,5,5.0,5,5.0,,2026-04-10
RT00000631,O00004142,C0000198,R001,5,5.0,4,,,2025-03-31
RT00000632,O00001964,C0000502,R012,4,3.0,5,5.0,,2026-02-14
RT00000633,O00004672,C0000846,R012,5,5.0,4,,Customer review,2026-07-03
RT00000634,O00002040,C0000155,R020,4,5.0,3,,,2026-02-05
RT00000635,O00003539,C0000307,R015,4,4.0,3,,,2026-01-24
RT00000636,O00000157,C0000609,R001,2,1.0,1,3.0,,2026-04-28
RT00000637,O00001035,C0000375,R012,5,5.0,5,,Customer review,2026-03-16
RT00000638,O00000777,C0000106,R020,5,5.0,4,5.0,Customer review,2025-07-19
RT00000639,O00002549,C0000689,R012,4,4.0,4,,Customer review,2025-10-01
RT00000640,O00001830,C0000062,R020,4,5.0,3,4.0,Customer review,2025-12-22
RT00000641,O00000486,C0000278,R011,4,5.0,4,4.0,,2025-03-22
RT00000642,O00004879,C0000085,R006,4,5.0,5,4.0,Customer review,2026-06-12
RT00000643,O00003087,C0000095,R012,4,4.0,4,3.0,,2026-05-29
RT00000644,O00002575,C0000643,R006,4,5.0,4,4.0,,2025-12-16
RT00000645,O00000254,C0000022,R013,4,4.0,3,4.0,,2025-04-23
RT00000646,O00004687,C0000044,R024,4,4.0,4,5.0,,2026-05-23
RT00000647,O00004507,C0000291,R005,5,5.0,4,5.0,,2025-03-17
RT00000648,O00004900,C0000412,R016,4,4.0,5,4.0,,2025-10-27
RT00000649,O00004571,C0000937,R004,3,3.0,4,2.0,,2025-09-30
RT00000650,O00002234,C0000765,R011,5,5.0,5,5.0,,2025-10-08
RT00000651,O00003279,C0000263,R017,4,4.0,5,3.0,,2025-11-18
RT00000652,O00003680,C0000167,R019,4,3.0,4,3.0,,2026-04-24
RT00000653,O00003621,C0000139,R021,5,4.0,5,4.0,,2025-04-08
RT00000654,O00000890,C0000450,R021,4,5.0,5,4.0,Customer review,2025-05-08
RT00000655,O00002842,C0000026,R004,5,5.0,5,,Customer review,2026-08-05
RT00000656,O00004548,C0000022,R012,2,2.0,2,1.0,Customer review,2026-05-08
RT00000657,O00003950,C0000471,R013,5,5.0,5,4.0,Customer review,2025-03-21
RT00000658,O00003523,C0000869,R022,5,5.0,5,,Customer review,2026-03-14
RT00000659,O00004795,C0000248,R008,2,1.0,1,,,2026-03-29
RT00000660,O00004650,C0000176,R021,4,4.0,3,4.0,,2026-08-16
RT00000661,O00003726,C0000043,R018,4,4.0,5,5.0,,2025-10-16
RT00000662,O00002775,C0000015,R016,5,5.0,4,5.0,,2025-03-31
RT00000663,O00001280,C0000369,R010,5,5.0,5,5.0,,2026-06-04
RT00000664,O00000104,C0000552,R005,4,5.0,3,5.0,,2025-10-10
RT00000665,O00003214,C0000285,R022,3,3.0,2,,,2026-03-09
RT00000666,O00004914,C0000011,R022,2,2.0,1,3.0,,2025-03-13
RT00000667,O00000204,C0000194,R023,3,4.0,3,,,2026-08-29
RT00000668,O00004052,C0000929,R017,3,4.0,3,2.0,,2026-02-21
RT00000669,O00000853,C0000080,R022,3,3.0,4,2.0,,2026-02-10
RT00000670,O00001150,C0000633,R002,5,5.0,5,,,2025-06-02
RT00000671,O00002846,C0000277,R006,5,5.0,5,5.0,,2025-12-22
RT00000672,O00002651,C0000182,R024,4,4.0,3,4.0,Customer review,2025-09-04
RT00000673,O00002027,C0000067,R002,2,3.0,3,,Customer review,2025-05-24
RT00000674,O00001691,C0000447,R003,4,5.0,3,5.0,,2025-04-14
RT00000675,O00002263,C0000204,R004,4,3.0,4,,,2026-01-22
RT00000676,O00003873,C0000568,R024,3,3.0,3,,,2026-07-10
RT00000677,O00002851,C0000022,R009,5,5.0,5,4.0,,2026-01-10
RT00000678,O00003422,C0000140,R016,5,5.0,4,5.0,Customer review,2026-04-17
RT00000679,O00003706,C0000392,R014,4,5.0,4,4.0,,2025-08-22
RT00000680,O00001409,C0000018,R021,5,5.0,5,4.0,Customer review,2025-08-21
RT00000681,O00001211,C0000152,R003,5,5.0,5,,,2025-05-13
RT00000682,O00003236,C0000105,R019,5,5.0,4,4.0,Customer review,2025-08-15
RT00000683,O00004915,C0000157,R015,4,5.0,4,4.0,,2025-03-22
RT00000684,O00001730,C0000711,R020,1,2.0,1,,,2026-04-18
RT00000685,O00003846,C0000139,R015,4,4.0,5,4.0,,2026-08-22
RT00000686,O00004858,C0000392,R004,5,5.0,4,4.0,Customer review,2026-03-19
RT00000687,O00003750,C0000008,R023,4,4.0,5,4.0,,2026-03-01
RT00000688,O00004963,C0000520,R002,2,3.0,2,3.0,,2026-04-22
RT00000689,O00001380,C0000040,R020,5,5.0,5,,,2026-07-19
RT00000690,O00000175,C0000013,R023,5,5.0,5,5.0,,2025-08-29
RT00000691,O00002387,C0000707,R012,4,5.0,4,3.0,,2025-11-06
RT00000692,O00001384,C0000915,R024,4,4.0,5,,,2025-06-21
RT00000693,O00001332,C0000127,R023,5,4.0,5,,Customer review,2025-10-26
RT00000694,O00004668,C0000002,R020,5,5.0,5,5.0,Customer review,2025-08-23
RT00000695,O00002090,C0000452,R014,1,2.0,1,2.0,,2025-12-05
RT00000696,O00000100,C0000035,R008,4,3.0,3,3.0,Customer review,2025-04-29
RT00000697,O00004143,C0000385,R008,4,4.0,3,4.0,,2025-10-28
RT00000698,O00002677,C0000004,R015,5,5.0,5,5.0,,2025-09-11
RT00000699,O00003565,C0000767,R014,5,5.0,4,,Customer review,2025-06-05
RT00000700,O00004665,C0000059,R020,4,4.0,3,3.0,,2025-11-09
RT00000701,O00000084,C0000476,R010,2,2.0,1,2.0,,2025-08-05
RT00000702,O00001573,C0000003,R025,5,5.0,5,,,2026-01-15
RT00000703,O00001842,C0000037,R016,4,3.0,4,3.0,,2026-08-17
RT00000704,O00001728,C0000855,R001,4,4.0,3,3.0,,2025-05-23
RT00000705,O00003052,C0000013,R017,5,5.0,5,5.0,,2026-06-03
RT00000706,O00000159,C0000460,R015,4,3.0,4,3.0,,2026-06-29
RT00000707,O00003671,C0000158,R009,5,5.0,5,4.0,,2025-03-14
RT00000708,O00003770,C0000819,R020,4,4.0,3,4.0,Customer review,2025-04-25
RT00000709,O00001015,C0000092,R001,4,4.0,5,4.0,,2025-07-08
RT00000710,O00001470,C0000001,R004,4,3.0,4,5.0,,2025-09-07
RT00000711,O00001002,C0000657,R017,5,5.0,5,4.0,Customer review,2026-04-10
RT00000712,O00002312,C0000140,R024,5,5.0,4,4.0,,2026-05-20
RT00000713,O00001502,C0000034,R019,5,4.0,5,,,2025-08-27
RT00000714,O00004697,C0000406,R017,5,5.0,5,5.0,,2026-08-16
RT00000715,O00001493,C0000956,R009,5,5.0,5,5.0,,2025-08-19
RT00000716,O00001193,C0000138,R003,5,5.0,5,,,2025-11-25
RT00000717,O00001361,C0000459,R012,2,2.0,3,1.0,,2025-06-18
RT00000718,O00003700,C0000780,R017,5,5.0,4,5.0,,2025-07-27
RT00000719,O00001578,C0000125,R007,3,2.0,2,2.0,,2025-11-30
RT00000720,O00004151,C0000695,R012,4,4.0,4,,,2025-08-10
RT00000721,O00002376,C0000046,R018,5,5.0,5,,,2026-07-03
RT00000722,O00004736,C0000006,R014,2,1.0,2,2.0,,2025-08-18
RT00000723,O00000329,C0000584,R007,5,5.0,4,5.0,,2025-12-05
RT00000724,O00002038,C0000670,R002,5,5.0,5,5.0,,2025-07-11
RT00000725,O00003924,C0000026,R005,4,3.0,4,,,2026-06-30
RT00000726,O00002004,C0000004,R013,4,4.0,4,3.0,Customer review,2026-07-27
RT00000727,O00000569,C0000172,R021,5,5.0,5,4.0,,2025-06-29
RT00000728,O00003318,C0000202,R021,5,4.0,4,5.0,,2025-11-15
RT00000729,O00003514,C0000682,R017,4,3.0,4,5.0,,2026-06-29
RT00000730,O00002118,C0000723,R023,5,5.0,5,4.0,,2026-06-09
RT00000731,O00000532,C0000055,R007,4,4.0,3,4.0,,2026-04-26
RT00000732,O00001775,C0000009,R004,5,5.0,5,4.0,,2025-04-08
RT00000733,O00000197,C0000060,R020,5,5.0,5,5.0,,2025-05-07
RT00000734,O00000218,C0000030,R001,3,3.0,4,2.0,,2025-04-10
RT00000735,O00000437,C0000105,R023,4,3.0,3,4.0,,2025-11-28
RT00000736,O00004386,C0000201,R018,5,5.0,4,,,2025-12-28
RT00000737,O00002539,C0000776,R022,3,4.0,2,,,2026-08-21
RT00000738,O00001806,C0000033,R016,2,2.0,1,,,2026-07-27
RT00000739,O00003068,C0000177,R014,5,5.0,5,5.0,,2026-06-22
RT00000740,O00000323,C0000400,R016,3,4.0,3,3.0,,2025-03-12
RT00000741,O00004344,C0000237,R006,3,3.0,4,3.0,Customer review,2025-08-06
RT00000742,O00000177,C0000445,R005,5,4.0,5,,Customer review,2026-05-30
RT00000743,O00001540,C0000170,R024,5,5.0,5,5.0,Customer review,2025-10-10
RT00000744,O00004169,C0000549,R005,5,5.0,5,,,2026-03-08
RT00000745,O00003641,C0000628,R023,5,5.0,4,5.0,,2025-09-16
RT00000746,O00002576,C0000108,R003,4,4.0,5,5.0,,2025-12-09
RT00000747,O00001310,C0000086,R023,4,4.0,4,4.0,,2026-01-07
RT00000748,O00004027,C0000426,R018,5,5.0,5,,,2025-03-26
RT00000749,O00002315,C0000046,R023,4,4.0,4,3.0,,2025-04-11
RT00000750,O00000224,C0000993,R023,1,1.0,1,2.0,,2026-08-19
RT00000751,O00003054,C0000198,R025,5,5.0,5,4.0,,2026-02-21
RT00000752,O00000089,C0000058,R017,5,5.0,5,,,2025-11-02
RT00000753,O00002937,C0000421,R019,3,4.0,3,2.0,,2026-01-26
RT00000754,O00002050,C0000877,R009,3,4.0,2,2.0,,2026-07-05
RT00000755,O00002359,C0000042,R006,4,4.0,4,4.0,,2026-09-01
RT00000756,O00002674,C0000744,R019,5,5.0,5,4.0,,2026-07-23
RT00000757,O00003379,C0000794,R012,4,5.0,4,4.0,,2025-08-28
RT00000758,O00001187,C0000032,R008,3,2.0,3,3.0,Customer review,2025-11-22
RT00000759,O00003508,C0000007,R011,2,3.0,3,1.0,,2025-03-07
RT00000760,O00002858,C0000682,R007,3,3.0,3,,,2026-07-05
RT00000761,O00003863,C0000899,R014,5,5.0,5,,,2026-06-15
RT00000762,O00001020,C0000740,R019,5,5.0,5,4.0,,2025-08-30
RT00000763,O00003038,C0000462,R011,1,1.0,2,,,2025-03-14
RT00000764,O00002526,C0000067,R017,5,5.0,5,,,2025-12-12
RT00000765,O00002988,C0000451,R008,3,3.0,3,3.0,,2026-01-27
RT00000766,O00002307,C0000193,R012,1,1.0,1,1.0,,2026-08-27
RT00000767,O00003888,C0000001,R001,4,5.0,4,,,2026-07-07
RT00000768,O00001068,C0000084,R003,5,5.0,5,5.0,,2025-03-20
RT00000769,O00000193,C0000133,R009,5,5.0,4,,,2025-11-07
RT00000770,O00003574,C0000516,R024,3,4.0,3,3.0,,2026-08-28
RT00000771,O00000460,C0000379,R024,5,4.0,5,4.0,Customer review,2025-11-28
RT00000772,O00000306,C0000243,R002,4,4.0,3,,,2025-12-05
RT00000773,O00004132,C0000282,R021,2,2.0,2,,Customer review,2025-07-23
RT00000774,O00002198,C0000078,R002,4,3.0,4,4.0,,2025-07-05
RT00000775,O00000577,C0000108,R003,4,4.0,4,,,2026-07-03
RT00000776,O00004017,C0000906,R017,5,5.0,5,5.0,,2026-04-12
RT00000777,O00000201,C0000300,R006,4,3.0,5,4.0,,2026-03-03
RT00000778,O00001969,C0000598,R012,5,5.0,5,5.0,Customer review,2025-10-22
RT00000779,O00001674,C0000190,R009,1,1.0,1,1.0,,2026-07-27
RT00000780,O00000296,C0000044,R008,4,3.0,5,3.0,,2025-12-11
RT00000781,O00000389,C0000187,R003,5,5.0,4,5.0,Customer review,2026-07-06
RT00000782,O00004165,C0000126,R024,5,5.0,5,5.0,,2025-03-16
RT00000783,O00002894,C0000031,R003,4,5.0,4,3.0,,2025-08-16
RT00000784,O00000286,C0000092,R007,4,4.0,4,,,2025-07-30
RT00000785,O00003963,C0000019,R022,5,5.0,5,5.0,,2025-12-19
RT00000786,O00004269,C0000411,R011,5,5.0,4,5.0,,2026-05-12
RT00000787,O00004842,C0000683,R010,2,2.0,2,1.0,,2025-04-01
RT00000788,O00003527,C0000727,R006,4,3.0,4,,,2026-08-07
RT00000789,O00003484,C0000283,R008,3,3.0,3,3.0,,2026-01-11
RT00000790,O00000116,C0000295,R008,4,4.0,5,,,2025-05-02
RT00000791,O00003917,C0000971,R017,5,4.0,5,,Customer review,2026-03-14
RT00000792,O00000390,C0000721,R025,4,5.0,4,5.0,,2026-01-02
RT00000793,O00004751,C0000428,R006,5,5.0,5,,Customer review,2025-05-11
RT00000794,O00000235,C0000239,R023,4,3.0,4,4.0,Customer review,2025-05-24
RT00000795,O00004377,C0000206,R002,1,1.0,1,2.0,,2025-07-31
RT00000796,O00004967,C0000009,R007,4,4.0,3,4.0,,2025-11-10
RT00000797,O00001448,C0000638,R024,2,1.0,2,2.0,,2026-02-28
RT00000798,O00003794,C0000298,R022,5,5.0,4,5.0,,2026-06-13
RT00000799,O00004045,C0000487,R016,5,5.0,5,5.0,,2025-05-03
RT00000800,O00000849,C0000018,R024,4,4.0,4,5.0,,2025-08-20
RT00000801,O00004617,C0000656,R002,5,5.0,4,5.0,Customer review,2025-08-09
RT00000802,O00000490,C0000029,R002,2,2.0,2,2.0,,2025-10-08
RT00000803,O00004411,C0000048,R009,3,3.0,4,2.0,,2026-03-10
RT00000804,O00003374,C0000226,R024,3,4.0,3,3.0,,2025-03-28
RT00000805,O00000593,C0000764,R013,4,4.0,4,4.0,,2026-06-08
RT00000806,O00000894,C0000715,R017,5,4.0,5,,,2026-07-27
RT00000807,O00000919,C0000016,R019,4,3.0,5,4.0,,2025-12-31
RT00000808,O00003645,C0000088,R006,4,4.0,5,4.0,,2026-08-09
RT00000809,O00002142,C0000030,R019,4,5.0,5,3.0,Customer review,2025-11-12
RT00000810,O00003256,C0000200,R001,5,5.0,5,,,2026-02-02
RT00000811,O00004868,C0000904,R020,3,4.0,3,4.0,,2025-07-23
RT00000812,O00000428,C0000224,R018,3,3.0,4,2.0,,2025-07-31
RT00000813,O00004450,C0000498,R016,5,5.0,4,,,2025-09-21
RT00000814,O00001892,C0000963,R021,5,5.0,4,5.0,,2025-12-18
RT00000815,O00004764,C0000128,R009,4,3.0,3,5.0,Customer review,2025-07-22
RT00000816,O00002196,C0000170,R014,3,3.0,3,3.0,Customer review,2026-03-14
RT00000817,O00000703,C0000041,R006,4,5.0,3,4.0,Customer review,2026-04-18
RT00000818,O00002488,C0000001,R024,5,5.0,5,5.0,Customer review,2025-07-13
RT00000819,O00002007,C0000004,R022,2,2.0,3,2.0,,2026-05-10
RT00000820,O00002564,C0000007,R006,5,5.0,5,4.0,,2026-05-18
RT00000821,O00002585,C0000034,R012,3,3.0,3,4.0,,2025-07-28
RT00000822,O00001658,C0000498,R023,5,4.0,5,4.0,,2025-12-06
RT00000823,O00004198,C0000011,R024,5,5.0,4,4.0,,2026-03-01
RT00000824,O00004158,C0000017,R021,3,3.0,2,4.0,,2026-05-31
RT00000825,O00004441,C0000497,R025,4,4.0,3,4.0,,2025-09-27
RT00000826,O00000205,C0000081,R025,5,5.0,5,5.0,Customer review,2026-02-28
RT00000827,O00003121,C0000002,R018,5,5.0,5,,,2026-04-15
RT00000828,O00004396,C0000560,R003,5,4.0,5,5.0,,2026-06-03
RT00000829,O00003346,C0000759,R014,5,5.0,5,,,2025-07-27
RT00000830,O00000335,C0000059,R016,4,4.0,5,5.0,,2025-04-17
RT00000831,O00002556,C0000016,R009,4,4.0,4,3.0,,2026-06-09
RT00000832,O00002035,C0000472,R017,4,3.0,4,5.0,,2025-07-22
RT00000833,O00001198,C0000032,R001,4,4.0,4,5.0,,2025-05-16
RT00000834,O00004429,C0000418,R004,4,3.0,4,,,2026-07-02
RT00000835,O00002028,C0000205,R012,4,4.0,3,,,2025-05-11
RT00000836,O00003887,C0000223,R015,4,3.0,4,5.0,,2026-04-19
RT00000837,O00000118,C0000695,R022,3,4.0,2,4.0,Customer review,2026-04-21
RT00000838,O00002746,C0000186,R023,4,3.0,4,5.0,,2026-04-02
RT00000839,O00001680,C0000404,R013,3,3.0,2,,,2025-09-20
RT00000840,O00000095,C0000987,R004,2,2.0,1,3.0,Customer review,2026-07-09
RT00000841,O00003901,C0000107,R022,5,5.0,4,,,2026-07-05
RT00000842,O00002021,C0000686,R019,5,4.0,5,5.0,,2025-11-10
RT00000843,O00003015,C0000065,R003,5,5.0,5,5.0,,2026-02-21
RT00000844,O00003489,C0000077,R007,3,4.0,4,3.0,,2025-12-12
RT00000845,O00004481,C0000157,R006,3,3.0,2,4.0,Customer review,2025-07-05
RT00000846,O00004536,C0000035,R024,5,5.0,4,,,2026-06-17
RT00000847,O00000944,C0000108,R015,5,5.0,4,5.0,,2026-04-05
RT00000848,O00004072,C0000558,R017,4,4.0,3,5.0,,2025-05-27
RT00000849,O00004380,C0000291,R021,4,4.0,3,4.0,,2026-02-21
RT00000850,O00001539,C0000917,R008,4,4.0,5,4.0,,2026-07-12
RT00000851,O00004126,C0000408,R018,1,2.0,1,,Customer review,2026-02-06
RT00000852,O00001624,C0000909,R013,5,5.0,5,5.0,Customer review,2025-10-23
RT00000853,O00001564,C0000180,R021,5,5.0,5,,,2026-07-02
RT00000854,O00002078,C0000898,R005,5,4.0,4,,,2026-05-22
RT00000855,O00002586,C0000341,R016,5,5.0,5,4.0,,2025-10-14
RT00000856,O00001075,C0000026,R011,1,1.0,2,1.0,,2025-07-13
RT00000857,O00004321,C0000035,R014,5,5.0,5,,Customer review,2025-05-09
RT00000858,O00001703,C0000112,R003,4,3.0,4,5.0,,2025-08-03
RT00000859,O00003341,C0000067,R003,4,4.0,3,,,2025-12-31
RT00000860,O00001522,C0000310,R022,5,4.0,4,,,2025-04-06
RT00000861,O00003582,C0000913,R006,1,1.0,1,2.0,,2025-12-24
RT00000862,O00003043,C0000001,R006,5,5.0,5,5.0,,2026-07-17
RT00000863,O00003573,C0000919,R023,4,5.0,4,,,2025-11-11
RT00000864,O00002686,C0000087,R022,5,5.0,5,4.0,,2025-03-08
RT00000865,O00002687,C0000002,R012,5,5.0,5,,,2026-04-10
RT00000866,O00000818,C0000390,R002,5,5.0,5,5.0,,2025-04-13
RT00000867,O00001085,C0000081,R009,3,2.0,4,2.0,,2026-01-09
RT00000868,O00001763,C0000048,R005,5,5.0,4,4.0,Customer review,2026-05-14
RT00000869,O00002837,C0000118,R009,5,5.0,5,5.0,Customer review,2025-05-14
RT00000870,O00002701,C0000832,R014,3,2.0,2,,Customer review,2025-12-14
RT00000871,O00001783,C0000024,R004,5,5.0,5,5.0,,2026-01-28
RT00000872,O00004547,C0000116,R021,4,4.0,3,,,2025-04-14
RT00000873,O00000479,C0000053,R022,4,4.0,4,4.0,,2025-12-17
RT00000874,O00004531,C0000013,R025,5,5.0,5,,Customer review,2026-02-16
RT00000875,O00004698,C0000384,R001,3,2.0,4,3.0,,2025-05-20
RT00000876,O00000958,C0000692,R024,5,5.0,5,5.0,Customer review,2026-05-10
RT00000877,O00000848,C0000216,R006,3,3.0,3,,,2025-03-21
RT00000878,O00000654,C0000015,R001,5,4.0,5,5.0,Customer review,2025-11-11
RT00000879,O00001100,C0000094,R018,4,4.0,4,3.0,,2026-07-17
RT00000880,O00002826,C0000003,R009,2,1.0,3,1.0,,2025-10-20
RT00000881,O00001837,C0000852,R025,5,5.0,4,5.0,,2025-03-17
RT00000882,O00000938,C0000389,R020,5,5.0,4,5.0,Customer review,2025-10-07
RT00000883,O00004375,C0000019,R023,5,5.0,5,5.0,,2026-05-30
RT00000884,O00002330,C0000591,R021,5,5.0,5,5.0,,2025-03-07
RT00000885,O00003493,C0000692,R019,4,3.0,5,4.0,,2025-10-08
RT00000886,O00004636,C0000003,R020,4,5.0,4,4.0,,2025-03-11
RT00000887,O00000269,C0000084,R025,5,5.0,5,,,2025-10-27
RT00000888,O00001852,C0000002,R023,5,5.0,5,,,2026-01-20
RT00000889,O00000550,C0000009,R006,4,4.0,4,4.0,,2026-03-14
RT00000890,O00003593,C0000483,R014,4,5.0,3,,,2025-04-07
RT00000891,O00003034,C0000966,R022,5,5.0,5,5.0,,2026-02-16
RT00000892,O00000076,C0000105,R001,4,4.0,4,3.0,,2026-02-26
RT00000893,O00001513,C0000466,R013,5,5.0,5,5.0,,2026-05-16
RT00000894,O00002768,C0000034,R010,5,5.0,5,5.0,,2026-05-31
RT00000895,O00000045,C0000008,R024,5,5.0,5,5.0,,2025-04-29
RT00000896,O00002838,C0000304,R025,5,5.0,5,,,2026-04-19
RT00000897,O00003819,C0000549,R002,4,5.0,3,5.0,,2025-11-27
RT00000898,O00004010,C0000066,R013,5,5.0,5,5.0,,2025-10-31
RT00000899,O00004585,C0000908,R004,4,4.0,4,,,2025-10-01
RT00000900,O00000651,C0000002,R017,5,5.0,5,5.0,,2025-04-04
RT00000901,O00001610,C0000497,R010,5,5.0,5,,,2026-03-14
RT00000902,O00003589,C0000212,R020,1,1.0,1,1.0,,2026-04-02
RT00000903,O00002101,C0000976,R025,4,5.0,3,4.0,Customer review,2025-12-26
RT00000904,O00004732,C0000422,R001,5,5.0,4,4.0,Customer review,2025-05-25
RT00000905,O00000453,C0000976,R002,4,3.0,4,5.0,,2026-06-12
RT00000906,O00002106,C0000067,R003,4,3.0,4,4.0,,2025-06-13
RT00000907,O00000657,C0000772,R006,5,5.0,5,,,2026-08-14
RT00000908,O00000531,C0000144,R019,5,5.0,5,5.0,,2026-06-13
RT00000909,O00000373,C0000431,R008,4,4.0,5,4.0,,2025-06-06
RT00000910,O00002958,C0000690,R020,5,5.0,5,5.0,,2026-02-03
RT00000911,O00003646,C0000923,R004,4,4.0,3,4.0,Customer review,2025-08-31
RT00000912,O00001106,C0000486,R023,3,3.0,4,2.0,,2025-08-10
RT00000913,O00003293,C0000022,R015,3,3.0,3,3.0,,2025-09-04
RT00000914,O00001954,C0000109,R016,4,3.0,4,5.0,Customer review,2025-05-10
RT00000915,O00002702,C0000143,R025,5,5.0,5,,,2025-07-19
RT00000916,O00001962,C0000147,R014,5,5.0,4,5.0,,2026-01-09
RT00000917,O00002366,C0000029,R008,4,4.0,4,4.0,,2025-10-02
RT00000918,O00004613,C0000152,R019,4,4.0,4,5.0,,2025-04-23
RT00000919,O00000870,C0000889,R006,3,2.0,3,2.0,,2026-07-15
RT00000920,O00000670,C0000010,R024,2,2.0,3,,,2025-09-27
RT00000921,O00004363,C0000223,R021,4,4.0,3,4.0,,2025-09-04
RT00000922,O00001261,C0000050,R023,4,4.0,3,,,2025-08-05
RT00000923,O00001814,C0000774,R003,1,1.0,1,1.0,,2025-10-07
RT00000924,O00003893,C0000486,R015,4,4.0,4,4.0,,2025-04-24
RT00000925,O00004849,C0000012,R021,5,5.0,5,,,2025-04-25
RT00000926,O00002320,C0000238,R002,5,4.0,5,5.0,,2025-08-03
RT00000927,O00002778,C0000224,R004,4,4.0,3,4.0,,2026-04-13
RT00000928,O00002798,C0000314,R023,5,5.0,5,4.0,,2026-01-14
RT00000929,O00001882,C0000005,R001,5,5.0,5,5.0,,2026-01-07
RT00000930,O00003415,C0000950,R005,5,4.0,5,5.0,,2025-05-19
RT00000931,O00004699,C0000001,R009,5,5.0,5,5.0,,2025-03-13
RT00000932,O00000936,C0000187,R013,5,4.0,5,5.0,,2026-03-09
RT00000933,O00004669,C0000092,R005,4,3.0,5,4.0,,2026-09-04
RT00000934,O00001388,C0000771,R018,5,4.0,5,5.0,Customer review,2025-12-20
RT00000935,O00001325,C0000852,R004,3,3.0,3,2.0,,2025-09-21
RT00000936,O00002011,C0000558,R025,4,3.0,3,3.0,Customer review,2026-02-11
RT00000937,O00000378,C0000038,R017,4,4.0,4,3.0,,2026-03-09
RT00000938,O00004392,C0000282,R001,5,4.0,4,5.0,Customer review,2025-07-20
RT00000939,O00001584,C0000532,R010,4,3.0,3,,,2026-08-10
RT00000940,O00001403,C0000560,R001,5,5.0,5,5.0,,2026-05-08
RT00000941,O00004148,C0000734,R019,5,5.0,4,5.0,,2025-12-01
RT00000942,O00004631,C0000829,R015,5,5.0,4,5.0,,2025-09-28
RT00000943,O00000892,C0000189,R014,1,1.0,1,1.0,,2026-03-17
RT00000944,O00004440,C0000114,R012,5,5.0,5,,,2025-06-09
RT00000945,O00004063,C0000100,R014,4,3.0,4,5.0,,2026-02-27
RT00000946,O00000266,C0000114,R012,5,5.0,5,5.0,Customer review,2025-12-07
RT00000947,O00004729,C0000224,R010,3,3.0,3,,,2026-07-06
RT00000948,O00003349,C0000330,R015,4,3.0,5,4.0,,2025-06-19
RT00000949,O00001857,C0000708,R016,5,4.0,4,4.0,Customer review,2026-04-04
RT00000950,O00000734,C0000004,R007,4,4.0,5,4.0,,2026-06-10
RT00000951,O00002351,C0000151,R022,5,4.0,5,5.0,Customer review,2026-09-04
RT00000952,O00003111,C0000003,R018,2,2.0,2,1.0,,2025-05-21
RT00000953,O00004364,C0000007,R017,5,5.0,5,5.0,,2026-07-13
RT00000954,O00001096,C0000223,R004,5,5.0,5,5.0,,2026-02-22
RT00000955,O00003993,C0000102,R022,3,2.0,2,4.0,,2025-08-18
RT00000956,O00004731,C0000465,R019,4,4.0,3,5.0,,2025-12-14
RT00000957,O00000354,C0000238,R007,2,2.0,1,3.0,,2026-07-05
RT00000958,O00001558,C0000253,R009,5,5.0,5,4.0,,2025-12-21
RT00000959,O00000809,C0000841,R018,3,3.0,4,3.0,Customer review,2026-01-01
RT00000960,O00000776,C0000207,R008,3,4.0,4,4.0,,2026-02-18
RT00000961,O00003507,C0000202,R022,4,5.0,4,5.0,,2026-07-09
RT00000962,O00001459,C0000006,R007,5,5.0,4,4.0,,2026-01-14
RT00000963,O00002804,C0000864,R010,5,5.0,5,4.0,Customer review,2026-04-09
RT00000964,O00004758,C0000060,R022,4,4.0,4,4.0,Customer review,2026-09-06
RT00000965,O00004371,C0000334,R017,1,1.0,2,1.0,,2026-03-28
RT00000966,O00001417,C0000127,R012,4,3.0,3,5.0,,2026-07-05
RT00000967,O00001666,C0000367,R004,5,5.0,5,5.0,Customer review,2025-05-26
RT00000968,O00000558,C0000008,R014,5,5.0,4,,,2026-07-02
RT00000969,O00003355,C0000496,R025,4,4.0,4,5.0,Customer review,2025-08-14
RT00000970,O00000789,C0000004,R022,3,4.0,4,4.0,,2025-10-13
RT00000971,O00004770,C0000170,R023,5,5.0,4,5.0,,2025-09-22
RT00000972,O00001435,C0000320,R013,4,4.0,4,4.0,,2026-07-23
RT00000973,O00004763,C0000224,R006,3,3.0,2,3.0,,2026-06-11
RT00000974,O00003080,C0000101,R025,4,4.0,3,4.0,,2025-12-24
RT00000975,O00000640,C0000079,R001,4,4.0,4,5.0,,2025-04-02
RT00000976,O00001202,C0000520,R024,5,5.0,5,5.0,,2025-03-22
RT00000977,O00000474,C0000014,R015,3,4.0,4,,,2026-01-30
RT00000978,O00004859,C0000696,R020,4,5.0,4,5.0,Customer review,2025-11-05
RT00000979,O00001550,C0000483,R024,5,5.0,5,,,2026-06-06
RT00000980,O00002069,C0000128,R013,3,3.0,2,3.0,,2025-06-01
RT00000981,O00001518,C0000006,R007,3,2.0,4,,Customer review,2026-01-23
RT00000982,O00000481,C0000384,R010,5,5.0,5,5.0,,2026-03-10
RT00000983,O00001260,C0000541,R014,4,5.0,4,3.0,,2025-10-11
RT00000984,O00004913,C0000984,R003,4,5.0,3,4.0,,2025-10-18
RT00000985,O00001478,C0000288,R002,3,3.0,2,,,2025-04-08
RT00000986,O00003828,C0000863,R008,5,5.0,5,,,2026-05-15
RT00000987,O00002784,C0000048,R010,3,,4,3.0,Customer review,2025-05-24
RT00000988,O00000015,C0000884,R025,5,5.0,4,5.0,,2026-09-02
RT00000989,O00003191,C0000009,R011,2,2.0,2,1.0,,2026-08-10
RT00000990,O00004189,C0000077,R017,5,5.0,5,5.0,,2025-07-18
RT00000991,O00002493,C0000489,R016,4,4.0,4,4.0,,2026-06-10
RT00000992,O00001016,C0000471,R023,4,4.0,5,5.0,,2025-09-24
RT00000993,O00004771,C0000016,R016,5,5.0,4,4.0,Customer review,2026-02-07
RT00000994,O00000609,C0000335,R010,5,4.0,5,5.0,Customer review,2026-04-12
RT00000995,O00003003,C0000539,R010,3,2.0,3,3.0,,2026-01-15
RT00000996,O00004270,C0000114,R005,5,5.0,4,5.0,,2025-12-03
RT00000997,O00000383,C0000427,R017,4,4.0,3,4.0,Customer review,2026-08-10
RT00000998,O00001888,C0000010,R001,5,5.0,4,5.0,,2026-02-27
RT00000999,O00003035,C0000299,R009,5,5.0,5,4.0,,2025-11-15
RT00001000,O00004661,C0000068,R024,5,5.0,5,,,2025-07-29
RT00001001,O00000948,C0000290,R019,2,2.0,1,1.0,,2026-01-15
RT00001002,O00004708,C0000443,R012,5,5.0,5,5.0,,2026-03-28
RT00001003,O00003365,C0000228,R021,5,5.0,4,,,2026-05-27
RT00001004,O00002435,C0000592,R021,3,4.0,3,2.0,,2025-04-09
RT00001005,O00004077,C0000887,R010,1,1.0,2,2.0,,2026-04-14
RT00001006,O00001416,C0000092,R001,4,3.0,5,4.0,,2026-05-14
RT00001007,O00002991,C0000577,R015,5,4.0,5,5.0,,2025-07-10
RT00001008,O00004406,C0000159,R006,4,4.0,3,,,2025-10-18
RT00001009,O00000614,C0000881,R002,5,5.0,4,4.0,,2026-03-30
RT00001010,O00002462,C0000070,R012,4,4.0,3,5.0,,2026-03-11
RT00001011,O00001736,C0000097,R022,2,1.0,2,1.0,,2026-02-01
RT00001012,O00003298,C0000181,R001,5,5.0,5,5.0,,2025-06-10
RT00001013,O00004031,C0000152,R010,5,5.0,5,,,2025-10-14
RT00001014,O00004884,C0000068,R014,3,3.0,2,3.0,,2025-09-15
RT00001015,O00003209,C0000010,R014,5,5.0,5,4.0,,2026-03-05
RT00001016,O00001178,C0000157,R018,2,3.0,3,3.0,Customer review,2025-06-21
RT00001017,O00004453,C0000574,R022,5,5.0,5,4.0,,2026-01-10
RT00001018,O00000526,C0000660,R016,5,5.0,4,5.0,,2025-06-08
RT00001019,O00002243,C0000513,R017,4,4.0,4,4.0,,2026-08-03
RT00001020,O00003221,C0000890,R020,4,4.0,5,,Customer review,2026-05-05
RT00001021,O00000927,C0000249,R019,4,4.0,4,4.0,,2025-09-09
RT00001022,O00002714,C0000008,R019,2,2.0,2,3.0,,2025-03-04
RT00001023,O00001458,C0000466,R020,4,4.0,4,4.0,,2025-10-18
RT00001024,O00004885,C0000658,R002,5,4.0,5,,,2025-03-28
RT00001025,O00002379,C0000647,R002,5,5.0,5,5.0,,2025-09-15
RT00001026,O00002332,C0000987,R008,4,3.0,4,,,2025-08-14
RT00001027,O00001660,C0000596,R025,4,4.0,4,4.0,,2025-08-04
RT00001028,O00000544,C0000733,R015,3,4.0,3,3.0,Customer review,2026-08-15
RT00001029,O00001928,C0000859,R022,5,5.0,5,5.0,,2026-03-18
RT00001030,O00004618,C0000014,R014,5,5.0,5,5.0,,2026-06-23
RT00001031,O00002100,C0000114,R010,4,4.0,4,3.0,Customer review,2026-01-28
RT00001032,O00003230,C0000077,R007,2,2.0,2,,,2026-03-28
RT00001033,O00004276,C0000602,R013,4,3.0,4,5.0,Customer review,2025-06-12
RT00001034,O00000461,C0000045,R003,5,4.0,5,5.0,Customer review,2025-03-20
RT00001035,O00002731,C0000092,R014,5,4.0,5,5.0,,2025-08-17
RT00001036,O00002979,C0000554,R021,4,4.0,4,4.0,,2025-12-12
RT00001037,O00003470,C0000219,R006,2,1.0,3,2.0,,2025-08-26
RT00001038,O00003179,C0000489,R023,4,4.0,4,4.0,,2026-07-22
RT00001039,O00002331,C0000195,R017,5,5.0,5,5.0,,2025-04-21
RT00001040,O00004267,C0000420,R003,4,4.0,4,3.0,,2025-12-06
RT00001041,O00003703,C0000507,R021,4,3.0,3,4.0,,2025-06-02
RT00001042,O00003070,C0000092,R023,3,3.0,4,2.0,,2025-04-07
RT00001043,O00000163,C0000892,R024,5,5.0,5,,,2025-06-01
RT00001044,O00003784,C0000193,R002,5,5.0,5,5.0,,2026-01-04
RT00001045,O00002579,C0000220,R020,4,4.0,5,,,2026-03-24
RT00001046,O00004016,C0000184,R009,4,4.0,4,4.0,,2026-04-14
RT00001047,O00000695,C0000001,R024,4,5.0,5,4.0,,2025-09-06
RT00001048,O00003816,C0000306,R023,3,3.0,3,,,2025-06-09
RT00001049,O00002514,C0000048,R002,4,4.0,4,4.0,,2026-04-25
RT00001050,O00004894,C0000406,R014,4,4.0,4,,,2025-11-02
RT00001051,O00002726,C0000783,R005,4,3.0,5,5.0,,2026-04-30
RT00001052,O00000352,C0000443,R016,4,3.0,4,4.0,,2026-04-07
RT00001053,O00004358,C0000911,R019,5,5.0,5,4.0,Customer review,2025-05-14
RT00001054,O00001898,C0000122,R009,4,4.0,4,5.0,,2025-10-08
RT00001055,O00001877,C0000153,R004,5,5.0,5,5.0,,2025-06-04
RT00001056,O00004184,C0000045,R017,5,5.0,5,4.0,,2025-10-14
RT00001057,O00003796,C0000012,R004,4,4.0,3,4.0,,2026-04-09
RT00001058,O00003226,C0000243,R011,5,4.0,5,5.0,,2026-05-22
RT00001059,O00002736,C0000113,R018,5,5.0,5,5.0,Customer review,2026-02-28
RT00001060,O00004176,C0000419,R016,5,4.0,4,4.0,,2026-08-15
RT00001061,O00003864,C0000710,R022,5,4.0,5,,,2025-11-27
RT00001062,O00003781,C0000164,R018,4,3.0,3,,Customer review,2025-05-01
RT00001063,O00000813,C0000004,R008,4,5.0,4,4.0,Customer review,2026-08-04
RT00001064,O00000559,C0000321,R007,4,4.0,5,5.0,,2026-06-03
RT00001065,O00003583,C0000312,R020,4,5.0,3,,,2025-07-30
RT00001066,O00000034,C0000068,R025,3,3.0,4,,,2026-08-21
RT00001067,O00002770,C0000222,R019,5,5.0,5,4.0,,2026-05-07
RT00001068,O00000801,C0000017,R009,1,1.0,1,1.0,,2025-03-16
RT00001069,O00004874,C0000002,R020,5,5.0,5,,,2025-05-17
RT00001070,O00002959,C0000098,R019,2,2.0,3,,,2026-07-28
RT00001071,O00004781,C0000044,R006,3,3.0,3,4.0,,2025-10-15
RT00001072,O00001833,C0000074,R025,5,4.0,5,,,2025-05-05
RT00001073,O00000842,C0000081,R010,1,1.0,2,1.0,,2025-11-06
RT00001074,O00003478,C0000644,R022,3,3.0,3,,,2025-05-12
RT00001075,O00000244,C0000022,R010,5,5.0,5,4.0,,2025-08-23
RT00001076,O00000922,C0000615,R015,2,2.0,1,2.0,,2025-07-20
RT00001077,O00002254,C0000542,R002,1,1.0,2,,,2026-07-14
RT00001078,O00000435,C0000006,R004,3,3.0,4,3.0,,2025-06-11
RT00001079,O00000180,C0000031,R009,5,4.0,5,5.0,,2025-10-11
RT00001080,O00000582,C0000070,R001,5,5.0,5,5.0,,2025-04-28
RT00001081,O00002043,C0000822,R014,3,3.0,2,4.0,,2026-02-21
RT00001082,O00004919,C0000334,R017,3,3.0,4,2.0,,2025-10-14
RT00001083,O00004145,C0000557,R010,5,5.0,4,,,2025-08-03
RT00001084,O00001298,C0000359,R025,4,4.0,4,,,2026-01-26
RT00001085,O00003273,C0000001,R021,3,3.0,3,2.0,,2025-03-07
RT00001086,O00003246,C0000088,R013,5,4.0,5,4.0,,2026-05-15
RT00001087,O00003961,C0000026,R020,4,4.0,3,4.0,,2025-07-26
RT00001088,O00002258,C0000869,R024,4,4.0,4,4.0,,2025-12-17
RT00001089,O00004926,C0000917,R009,5,4.0,5,5.0,,2026-07-02
RT00001090,O00003142,C0000114,R023,3,3.0,2,4.0,Customer review,2025-12-07
RT00001091,O00003677,C0000242,R014,4,4.0,4,4.0,,2025-08-30
RT00001092,O00000608,C0000037,R016,5,4.0,5,5.0,Customer review,2025-12-28
RT00001093,O00004523,C0000029,R011,4,5.0,5,,,2026-03-21
RT00001094,O00004704,C0000556,R011,4,5.0,5,4.0,,2025-10-01
RT00001095,O00001662,C0000316,R013,2,3.0,2,2.0,Customer review,2025-11-07
RT00001096,O00003477,C0000095,R009,2,2.0,1,1.0,,2025-11-19
RT00001097,O00003764,C0000097,R025,5,5.0,5,5.0,Customer review,2026-04-28
RT00001098,O00004030,C0000370,R007,4,3.0,3,3.0,,2025-08-25
RT00001099,O00001334,C0000095,R010,3,3.0,2,,,2025-03-08
RT00001100,O00002284,C0000300,R013,5,,5,,,2026-04-07
RT00001101,O00002389,C0000517,R009,4,4.0,4,4.0,,2025-11-14
RT00001102,O00001208,C0000759,R025,5,5.0,5,,,2026-04-03
RT00001103,O00001249,C0000174,R019,4,4.0,5,4.0,,2026-04-02
RT00001104,O00000347,C0000258,R010,3,3.0,3,3.0,,2025-06-14
RT00001105,O00001130,C0000896,R016,5,5.0,5,5.0,Customer review,2026-04-26
RT00001106,O00002777,C0000016,R010,2,3.0,3,,,2025-12-15
RT00001107,O00004823,C0000432,R003,4,4.0,3,3.0,,2025-12-30
RT00001108,O00001603,C0000046,R003,3,3.0,3,3.0,,2025-05-19
RT00001109,O00003166,C0000332,R009,5,5.0,5,5.0,,2025-08-02
RT00001110,O00000672,C0000378,R018,3,3.0,4,4.0,,2025-03-30
RT00001111,O00004295,C0000810,R005,4,4.0,3,,,2025-06-29
RT00001112,O00000350,C0000156,R002,5,5.0,5,,,2025-12-29
RT00001113,O00004436,C0000014,R016,5,5.0,5,4.0,,2025-03-03
RT00001114,O00000966,C0000141,R005,4,3.0,4,4.0,Customer review,2025-11-11
RT00001115,O00001284,C0000010,R020,5,5.0,4,5.0,,2025-12-17
RT00001116,O00001627,C0000040,R014,5,5.0,5,5.0,,2026-02-14
RT00001117,O00004649,C0000235,R005,4,4.0,3,5.0,,2025-03-10
RT00001118,O00004635,C0000090,R011,4,5.0,4,3.0,Customer review,2025-06-14
RT00001119,O00004082,C0000328,R003,2,1.0,2,2.0,,2026-04-22
RT00001120,O00001647,C0000631,R006,4,3.0,5,3.0,,2026-03-21
RT00001121,O00004278,C0000172,R005,5,4.0,5,5.0,,2025-10-17
RT00001122,O00002168,C0000075,R006,2,2.0,2,2.0,,2025-12-10
RT00001123,O00002752,C0000849,R017,4,5.0,4,4.0,,2026-01-08
RT00001124,O00002229,C0000021,R001,5,5.0,5,5.0,,2025-04-05
RT00001125,O00004021,C0000864,R025,2,2.0,2,2.0,,2026-08-13
RT00001126,O00003682,C0000073,R010,4,4.0,4,4.0,,2025-08-03
RT00001127,O00004220,C0000849,R016,5,4.0,4,5.0,Customer review,2025-07-23
RT00001128,O00000868,C0000386,R010,5,5.0,4,5.0,,2025-06-26
RT00001129,O00001051,C0000065,R002,5,5.0,5,5.0,,2025-05-03
RT00001130,O00001700,C0000335,R003,4,4.0,4,3.0,,2026-03-29
RT00001131,O00002553,C0000226,R012,3,3.0,4,3.0,,2025-07-09
RT00001132,O00003419,C0000369,R005,2,3.0,1,,,2026-03-27
RT00001133,O00002372,C0000003,R008,5,5.0,5,5.0,,2026-01-01
RT00001134,O00002835,C0000145,R002,5,4.0,5,5.0,,2025-09-25
RT00001135,O00002423,C0000007,R012,2,1.0,1,1.0,,2025-04-14
RT00001136,O00001300,C0000485,R005,5,5.0,4,5.0,,2025-11-21
RT00001137,O00003192,C0000084,R021,5,5.0,5,5.0,,2026-07-24
RT00001138,O00001527,C0000006,R001,5,5.0,5,5.0,,2026-04-24
RT00001139,O00000185,C0000935,R004,4,4.0,3,5.0,,2026-05-11
RT00001140,O00001350,C0000624,R014,5,4.0,4,5.0,,2026-05-06
RT00001141,O00001683,C0000845,R022,4,4.0,3,4.0,,2026-04-10
RT00001142,O00004085,C0000037,R013,5,5.0,5,,,2025-04-08
RT00001143,O00001967,C0000012,R023,5,5.0,5,,,2025-10-27
RT00001144,O00000231,C0000241,R002,5,5.0,5,4.0,,2025-07-20
RT00001145,O00003692,C0000302,R011,3,3.0,4,2.0,,2025-05-03
RT00001146,O00004383,C0000076,R021,4,4.0,4,5.0,,2025-11-18
RT00001147,O00000744,C0000003,R011,4,4.0,4,,Customer review,2025-04-11
RT00001148,O00002453,C0000004,R017,4,4.0,3,5.0,,2025-06-02
RT00001149,O00002471,C0000003,R024,3,3.0,3,3.0,,2025-10-05
RT00001150,O00004061,C0000423,R018,5,5.0,5,4.0,,2025-11-05
RT00001151,O00001190,C0000008,R005,5,5.0,5,5.0,,2025-08-24
RT00001152,O00003557,C0000843,R007,4,4.0,4,4.0,,2025-10-11
RT00001153,O00004712,C0000042,R016,4,3.0,5,,,2026-04-10
RT00001154,O00002450,C0000018,R022,5,5.0,5,5.0,,2025-09-23
RT00001155,O00001809,C0000628,R023,3,4.0,4,3.0,,2025-12-30
RT00001156,O00004766,C0000520,R014,5,4.0,5,,,2026-02-05
RT00001157,O00003502,C0000923,R011,4,3.0,5,,,2026-02-24
RT00001158,O00000623,C0000107,R007,4,5.0,3,3.0,,2026-07-10
RT00001159,O00002548,C0000538,R022,4,4.0,4,4.0,,2026-07-19
RT00001160,O00004443,C0000421,R015,5,5.0,5,5.0,Customer review,2026-05-16
RT00001161,O00000955,C0000139,R002,4,5.0,3,4.0,,2025-04-02
RT00001162,O00003254,C0000062,R015,5,5.0,5,5.0,,2025-12-25
RT00001163,O00001760,C0000635,R007,5,5.0,4,,,2026-03-05
RT00001164,O00002530,C0000284,R002,4,3.0,5,5.0,,2025-09-18
RT00001165,O00000877,C0000339,R022,3,2.0,2,3.0,,2025-04-15
RT00001166,O00003093,C0000005,R023,3,3.0,4,3.0,Customer review,2025-11-07
RT00001167,O00000221,C0000616,R014,3,2.0,3,4.0,,2026-07-04
RT00001168,O00000310,C0000021,R021,2,2.0,1,2.0,,2026-02-06
RT00001169,O00001204,C0000035,R025,4,3.0,5,3.0,,2026-01-30
RT00001170,O00004174,C0000416,R010,4,4.0,4,,,2025-09-13
RT00001171,O00001064,C0000053,R007,3,2.0,3,3.0,Customer review,2025-10-12
RT00001172,O00004760,C0000036,R006,3,4.0,4,2.0,,2026-04-16
RT00001173,O00001757,C0000505,R023,5,5.0,5,5.0,Customer review,2026-02-28
RT00001174,O00000375,C0000095,R025,4,3.0,4,5.0,,2025-06-16
RT00001175,O00001595,C0000267,R023,1,1.0,2,1.0,,2025-04-06
RT00001176,O00002868,C0000415,R008,4,5.0,4,3.0,Customer review,2026-06-01
RT00001177,O00003953,C0000322,R005,5,5.0,5,5.0,Customer review,2025-04-25
RT00001178,O00002874,C0000448,R020,5,4.0,5,5.0,,2025-11-21
RT00001179,O00001956,C0000460,R002,2,2.0,3,2.0,,2025-08-04
RT00001180,O00001321,C0000281,R001,4,4.0,5,4.0,,2026-01-13
RT00001181,O00001536,C0000001,R013,2,2.0,1,1.0,,2025-09-02
RT00001182,O00004745,C0000444,R020,4,5.0,4,4.0,,2025-04-21
RT00001183,O00003761,C0000706,R012,1,1.0,1,,Customer review,2025-03-30
RT00001184,O00002418,C0000656,R025,5,5.0,4,4.0,,2025-05-30
RT00001185,O00000054,C0000418,R018,4,4.0,3,5.0,,2025-06-06
RT00001186,O00001778,C0000014,R020,5,5.0,4,4.0,,2025-05-21
RT00001187,O00004887,C0000198,R024,2,3.0,3,,,2025-05-19
RT00001188,O00002301,C0000055,R015,4,5.0,3,4.0,,2026-01-04
RT00001189,O00002641,C0000005,R020,4,4.0,5,,,2025-03-15
RT00001190,O00003945,C0000285,R023,3,4.0,3,4.0,,2026-07-04
RT00001191,O00001110,C0000255,R015,4,5.0,4,4.0,,2026-09-01
RT00001192,O00001181,C0000056,R007,4,4.0,3,4.0,,2025-04-25
RT00001193,O00004684,C0000508,R010,1,2.0,1,,,2026-08-06
RT00001194,O00004855,C0000765,R014,5,5.0,5,5.0,Customer review,2025-12-15
RT00001195,O00003563,C0000439,R010,3,4.0,3,2.0,,2026-04-02
RT00001196,O00004924,C0000723,R012,3,4.0,2,3.0,,2025-04-12
RT00001197,O00000031,C0000617,R010,5,5.0,5,4.0,,2025-11-25
RT00001198,O00004245,C0000084,R005,4,4.0,4,,,2026-05-03
RT00001199,O00004743,C0000007,R017,5,5.0,4,4.0,,2026-04-27
RT00001200,O00002377,C0000679,R018,5,5.0,5,5.0,,2025-08-01
RT00001201,O00000464,C0000001,R023,4,4.0,4,4.0,,2026-06-01
RT00001202,O00000983,C0000030,R014,5,4.0,5,5.0,,2026-02-23
RT00001203,O00004073,C0000209,R010,5,5.0,5,4.0,,2025-03-14
RT00001204,O00004521,C0000102,R008,4,4.0,3,4.0,,2025-07-29
RT00001205,O00003146,C0000343,R018,5,5.0,4,4.0,Customer review,2025-08-04
RT00001206,O00003075,C0000688,R010,5,4.0,5,5.0,,2025-11-25
RT00001207,O00004765,C0000008,R003,5,4.0,4,5.0,,2025-04-26
RT00001208,O00000973,C0000694,R018,4,5.0,5,4.0,,2025-11-17
RT00001209,O00004796,C0000024,R013,4,4.0,4,4.0,Customer review,2025-11-11
RT00001210,O00004131,C0000729,R023,5,4.0,5,4.0,,2025-10-28
RT00001211,O00004037,C0000255,R009,5,5.0,5,4.0,,2026-06-20
RT00001212,O00000196,C0000008,R019,4,4.0,4,4.0,,2025-05-09
RT00001213,O00001358,C0000529,R008,4,3.0,3,4.0,,2025-07-23
RT00001214,O00001901,C0000648,R014,5,4.0,5,5.0,,2026-03-23
RT00001215,O00000343,C0000392,R015,5,5.0,5,,,2025-06-18
RT00001216,O00004336,C0000404,R024,5,5.0,5,4.0,,2026-05-12
RT00001217,O00002272,C0000910,R025,3,4.0,3,3.0,,2026-07-01
RT00001218,O00001538,C0000543,R016,1,1.0,1,1.0,,2026-01-11
RT00001219,O00001587,C0000557,R006,4,4.0,4,4.0,,2025-03-09
RT00001220,O00001856,C0000148,R011,4,3.0,5,4.0,Customer review,2025-10-22
RT00001221,O00004445,C0000079,R004,5,4.0,4,5.0,Customer review,2025-10-10
RT00001222,O00001234,C0000903,R006,5,5.0,4,,,2026-05-09
RT00001223,O00002041,C0000519,R011,5,5.0,5,5.0,,2026-01-04
RT00001224,O00000046,C0000018,R014,4,5.0,4,3.0,,2026-04-28
RT00001225,O00001328,C0000154,R023,4,4.0,3,,,2026-06-13
RT00001226,O00003988,C0000138,R001,4,4.0,3,3.0,,2026-04-04
RT00001227,O00002932,C0000028,R003,5,5.0,5,,,2026-07-30
RT00001228,O00000440,C0000108,R013,5,5.0,5,5.0,,2025-11-24
RT00001229,O00004152,C0000096,R021,5,5.0,5,5.0,,2026-06-09
RT00001230,O00000860,C0000055,R001,3,2.0,3,3.0,Customer review,2025-11-02
RT00001231,O00001988,C0000012,R002,4,4.0,5,4.0,,2026-04-15
RT00001232,O00002328,C0000026,R009,1,2.0,1,2.0,,2025-03-12
RT00001233,O00001345,C0000205,R004,5,5.0,4,4.0,,2025-10-01
RT00001234,O00002212,C0000715,R020,5,5.0,4,5.0,,2026-01-29
RT00001235,O00000271,C0000547,R009,5,5.0,4,5.0,Customer review,2025-05-05
RT00001236,O00002475,C0000176,R019,4,3.0,5,,,2025-04-23
RT00001237,O00001469,C0000069,R007,4,4.0,4,4.0,,2026-01-25
RT00001238,O00001239,C0000464,R004,5,5.0,4,,,2026-08-03
RT00001239,O00003248,C0000059,R001,1,1.0,2,1.0,Customer review,2025-10-22
RT00001240,O00000699,C0000004,R005,5,5.0,5,4.0,,2026-07-19
RT00001241,O00002743,C0000044,R001,4,5.0,3,5.0,Customer review,2025-12-08
RT00001242,O00002499,C0000896,R025,5,5.0,5,4.0,,2026-03-13
RT00001243,O00004569,C0000876,R010,5,5.0,5,5.0,,2026-07-03
RT00001244,O00003551,C0000427,R009,1,1.0,2,,,2025-08-14
RT00001245,O00001717,C0000855,R024,1,1.0,2,1.0,,2025-12-11
RT00001246,O00001689,C0000108,R012,5,4.0,5,5.0,,2025-07-18
RT00001247,O00002696,C0000013,R015,4,4.0,3,5.0,Customer review,2026-05-28
RT00001248,O00002008,C0000093,R011,4,5.0,3,3.0,,2026-04-21
RT00001249,O00004103,C0000468,R023,5,5.0,5,,Customer review,2025-07-31
RT00001250,O00002960,C0000538,R025,4,4.0,5,4.0,,2026-08-13
RT00001251,O00000279,C0000579,R012,2,1.0,1,3.0,,2026-08-30
RT00001252,O00001619,C0000094,R019,5,5.0,5,5.0,Customer review,2025-08-10
RT00001253,O00001274,C0000237,R006,2,1.0,2,1.0,,2025-04-21
RT00001254,O00000058,C0000046,R005,5,5.0,5,5.0,Customer review,2025-12-17
RT00001255,O00000749,C0000479,R001,4,4.0,5,4.0,,2025-12-28
RT00001256,O00002501,C0000190,R019,5,5.0,5,,,2026-03-27
RT00001257,O00001497,C0000001,R011,5,5.0,4,5.0,,2025-06-04
RT00001258,O00002599,C0000081,R009,5,5.0,4,5.0,,2025-10-24
RT00001259,O00004568,C0000135,R023,4,4.0,5,5.0,,2026-07-01
RT00001260,O00004586,C0000260,R013,5,5.0,5,,,2025-12-19
RT00001261,O00002181,C0000089,R011,4,4.0,4,3.0,,2026-04-21
RT00001262,O00000736,C0000142,R017,4,5.0,4,3.0,,2025-10-19
RT00001263,O00004065,C0000543,R006,3,3.0,3,2.0,Customer review,2026-05-05
RT00001264,O00004686,C0000711,R009,2,2.0,3,2.0,,2025-04-16
RT00001265,O00004550,C0000264,R020,4,5.0,4,3.0,,2026-01-06
RT00001266,O00002695,C0000223,R010,5,5.0,5,5.0,,2025-11-22
RT00001267,O00000303,C0000005,R011,5,5.0,5,,,2025-07-17
RT00001268,O00002697,C0000200,R012,5,5.0,4,4.0,,2025-07-26
RT00001269,O00002305,C0000741,R011,3,2.0,4,3.0,Customer review,2025-03-18
RT00001270,O00003175,C0000279,R020,1,1.0,2,,,2026-07-26
RT00001271,O00001491,C0000037,R011,5,4.0,4,4.0,,2025-04-17
RT00001272,O00001437,C0000079,R014,3,3.0,4,3.0,,2025-11-10
RT00001273,O00002734,C0000906,R003,3,4.0,3,3.0,,2025-03-15
RT00001274,O00000792,C0000001,R019,5,5.0,4,4.0,,2025-10-29
RT00001275,O00001583,C0000643,R019,5,5.0,4,5.0,,2025-10-12
RT00001276,O00004258,C0000136,R024,2,1.0,2,2.0,Customer review,2026-07-19
RT00001277,O00002277,C0000421,R008,3,4.0,4,3.0,,2025-07-08
RT00001278,O00002626,C0000187,R021,5,5.0,4,,,2025-06-18
RT00001279,O00004413,C0000111,R011,3,3.0,4,3.0,,2026-01-07
RT00001280,O00001153,C0000300,R015,5,4.0,5,,,2026-04-23
RT00001281,O00004978,C0000011,R001,2,2.0,2,,,2026-07-07
RT00001282,O00001618,C0000016,R019,2,1.0,2,2.0,,2025-03-13
RT00001283,O00004100,C0000145,R023,4,5.0,4,,,2026-01-19
RT00001284,O00004430,C0000841,R011,4,5.0,4,4.0,,2025-09-19
RT00001285,O00002068,C0000604,R003,5,5.0,5,5.0,,2025-03-24
RT00001286,O00004239,C0000514,R006,3,4.0,3,2.0,,2025-05-21
RT00001287,O00004965,C0000015,R008,4,4.0,5,5.0,,2025-06-21
RT00001288,O00000535,C0000086,R006,1,2.0,2,2.0,Customer review,2026-01-24
RT00001289,O00004625,C0000008,R019,1,1.0,1,1.0,,2025-12-31
RT00001290,O00004218,C0000044,R018,5,5.0,4,,,2025-06-29
RT00001291,O00002432,C0000400,R010,5,5.0,5,5.0,,2025-03-14
RT00001292,O00003380,C0000734,R009,4,3.0,5,4.0,,2025-08-06
RT00001293,O00003348,C0000097,R020,4,5.0,4,,,2026-04-13
RT00001294,O00004895,C0000419,R010,4,5.0,3,3.0,,2025-07-18
RT00001295,O00002567,C0000532,R015,5,5.0,5,5.0,,2026-03-07
RT00001296,O00003351,C0000001,R001,4,4.0,3,,Customer review,2025-09-06
RT00001297,O00001745,C0000622,R003,5,4.0,5,5.0,,2025-07-12
RT00001298,O00001098,C0000780,R024,5,5.0,4,5.0,,2025-07-09
RT00001299,O00002173,C0000293,R012,4,3.0,5,3.0,,2025-07-27
RT00001300,O00004886,C0000973,R017,5,5.0,5,5.0,Customer review,2025-05-31
RT00001301,O00001704,C0000829,R006,5,5.0,5,5.0,Customer review,2026-04-30
RT00001302,O00002362,C0000754,R007,3,3.0,4,3.0,,2026-03-20
RT00001303,O00000718,C0000004,R023,4,5.0,5,,,2026-01-30
RT00001304,O00003709,C0000069,R013,4,4.0,3,5.0,,2025-09-20
RT00001305,O00002507,C0000003,R023,4,4.0,4,,,2025-09-02
RT00001306,O00001093,C0000558,R017,5,5.0,5,4.0,,2025-05-02
RT00001307,O00001812,C0000742,R025,5,5.0,5,5.0,,2025-04-09
RT00001308,O00002291,C0000569,R005,5,5.0,5,5.0,,2026-05-14
RT00001309,O00001295,C0000065,R014,3,2.0,3,4.0,,2025-04-06
RT00001310,O00001723,C0000004,R007,4,5.0,3,4.0,,2025-11-26
RT00001311,O00003301,C0000168,R023,1,1.0,1,1.0,,2026-02-10
RT00001312,O00001520,C0000716,R016,3,2.0,3,,,2025-03-06
RT00001313,O00000260,C0000228,R009,5,5.0,5,4.0,,2026-09-03
RT00001314,O00001251,C0000478,R012,3,3.0,4,,,2026-03-07
RT00001315,O00000282,C0000153,R023,5,5.0,5,,,2025-06-03
RT00001316,O00002259,C0000013,R023,5,5.0,4,,,2025-05-16
RT00001317,O00001199,C0000002,R021,5,5.0,4,4.0,,2026-07-02
RT00001318,O00000065,C0000641,R005,3,4.0,3,2.0,,2026-04-30
RT00001319,O00001997,C0000960,R023,5,5.0,5,4.0,,2025-12-07
RT00001320,O00001957,C0000065,R008,4,4.0,5,,,2025-07-17
RT00001321,O00002615,C0000099,R014,4,4.0,3,,,2025-07-30
RT00001322,O00002840,C0000073,R001,1,1.0,1,,,2025-05-21
RT00001323,O00004405,C0000035,R006,4,3.0,4,4.0,,2025-05-04
RT00001324,O00001913,C0000004,R011,3,3.0,4,3.0,,2026-03-21
RT00001325,O00002664,C0000093,R019,5,4.0,5,,,2025-10-08
RT00001326,O00003986,C0000390,R001,1,1.0,1,2.0,,2025-07-18
RT00001327,O00002852,C0000613,R003,4,3.0,3,,,2026-02-22
RT00001328,O00002762,C0000017,R024,4,3.0,3,,,2026-05-08
RT00001329,O00001327,C0000427,R010,5,4.0,5,5.0,,2026-06-10
RT00001330,O00000108,C0000489,R025,5,5.0,5,5.0,,2025-08-25
RT00001331,O00003642,C0000634,R008,5,5.0,5,4.0,Customer review,2026-08-03
RT00001332,O00003775,C0000745,R001,5,5.0,5,4.0,Customer review,2026-03-27
RT00001333,O00000547,C0000655,R020,4,5.0,5,4.0,Customer review,2025-04-26
RT00001334,O00004315,C0000436,R017,3,2.0,4,4.0,Customer review,2025-09-16
RT00001335,O00004931,C0000085,R012,5,5.0,5,4.0,,2025-05-10
RT00001336,O00002401,C0000771,R008,5,5.0,5,5.0,,2026-02-17
RT00001337,O00000930,C0000507,R013,5,5.0,5,5.0,,2025-10-17
RT00001338,O00002364,C0000039,R011,5,5.0,4,,,2025-05-22
RT00001339,O00000979,C0000866,R015,5,4.0,5,,,2026-03-01
RT00001340,O00001855,C0000274,R015,4,4.0,5,3.0,Customer review,2025-04-27
RT00001341,O00003673,C0000011,R020,2,2.0,2,,,2025-06-04
RT00001342,O00000897,C0000084,R007,1,1.0,1,2.0,Customer review,2025-07-19
RT00001343,O00000381,C0000053,R018,3,2.0,3,3.0,,2025-08-12
RT00001344,O00004093,C0000428,R017,4,4.0,4,3.0,,2025-04-05
RT00001345,O00000316,C0000003,R012,5,5.0,5,,,2025-04-18
RT00001346,O00001078,C0000177,R002,4,4.0,5,4.0,Customer review,2026-07-05
RT00001347,O00002046,C0000730,R016,4,5.0,4,3.0,,2025-10-06
RT00001348,O00001012,C0000690,R019,4,5.0,4,4.0,,2025-10-22
RT00001349,O00001643,C0000079,R025,4,4.0,5,3.0,Customer review,2025-07-18
RT00001350,O00000820,C0000550,R013,5,5.0,5,5.0,,2025-11-28
RT00001351,O00001909,C0000304,R016,3,2.0,3,3.0,,2026-02-01
RT00001352,O00001788,C0000697,R001,4,5.0,5,4.0,,2026-05-07
RT00001353,O00002541,C0000129,R013,5,5.0,5,5.0,,2026-03-26
RT00001354,O00002538,C0000839,R014,5,5.0,5,5.0,,2025-11-08
RT00001355,O00001756,C0000033,R014,2,2.0,3,,,2025-04-10
RT00001356,O00003569,C0000331,R020,5,5.0,5,5.0,,2025-12-16
RT00001357,O00004397,C0000348,R003,4,3.0,3,,,2025-05-24
RT00001358,O00004203,C0000136,R016,5,5.0,5,5.0,,2025-07-11
RT00001359,O00001276,C0000142,R019,5,5.0,5,,,2026-08-13
RT00001360,O00002817,C0000096,R021,2,2.0,2,2.0,,2026-08-26
RT00001361,O00002502,C0000018,R012,5,5.0,5,,,2025-05-24
RT00001362,O00003653,C0000122,R024,5,5.0,5,4.0,Customer review,2025-12-13
RT00001363,O00003245,C0000453,R004,3,3.0,4,3.0,,2025-10-23
RT00001364,O00000113,C0000023,R019,4,3.0,4,4.0,,2025-05-21
RT00001365,O00003786,C0000401,R005,5,4.0,4,4.0,Customer review,2025-11-16
RT00001366,O00004186,C0000204,R011,4,4.0,4,3.0,,2026-05-28
RT00001367,O00000060,C0000449,R024,3,3.0,2,3.0,,2025-03-03
RT00001368,O00000079,C0000407,R019,5,4.0,4,,,2026-05-28
RT00001369,O00004349,C0000062,R024,5,5.0,5,5.0,,2026-03-20
RT00001370,O00000392,C0000360,R015,4,3.0,5,,Customer review,2026-06-07
RT00001371,O00003552,C0000124,R013,4,4.0,4,,,2026-04-04
RT00001372,O00000844,C0000801,R002,5,4.0,5,,,2026-02-19
RT00001373,O00001820,C0000044,R002,3,3.0,4,4.0,,2026-01-22
RT00001374,O00003259,C0000073,R005,5,5.0,4,4.0,,2025-03-28
RT00001375,O00001724,C0000930,R014,4,4.0,4,3.0,Customer review,2025-05-25
RT00001376,O00003307,C0000069,R007,5,5.0,5,5.0,,2026-02-28
RT00001377,O00003337,C0000046,R019,5,4.0,5,4.0,,2026-08-08
RT00001378,O00004964,C0000105,R006,3,2.0,3,,,2025-06-28
RT00001379,O00000126,C0000164,R023,5,5.0,5,5.0,,2026-02-16
RT00001380,O00001589,C0000049,R016,5,5.0,5,5.0,,2026-07-29
RT00001381,O00002262,C0000693,R020,1,1.0,2,1.0,,2025-06-04
RT00001382,O00003433,C0000513,R013,2,2.0,1,2.0,,2026-02-21
RT00001383,O00000981,C0000604,R003,3,4.0,3,3.0,,2025-09-18
RT00001384,O00000129,C0000497,R005,5,5.0,5,,,2026-07-17
RT00001385,O00002368,C0000573,R005,4,4.0,4,5.0,Customer review,2025-04-07
RT00001386,O00001347,C0000305,R017,5,4.0,5,4.0,Customer review,2026-02-08
RT00001387,O00003249,C0000363,R009,1,1.0,1,2.0,,2026-05-11
RT00001388,O00003290,C0000447,R008,4,4.0,5,4.0,,2025-09-02
RT00001389,O00001266,C0000374,R022,4,4.0,4,4.0,,2025-05-31
RT00001390,O00003280,C0000949,R006,3,3.0,2,3.0,,2025-08-21
RT00001391,O00004606,C0000335,R001,4,3.0,4,4.0,Customer review,2026-07-02
RT00001392,O00000470,C0000022,R009,5,5.0,5,4.0,,2026-08-14
RT00001393,O00003157,C0000943,R016,3,2.0,3,2.0,,2026-01-21
RT00001394,O00000996,C0000192,R006,5,5.0,5,5.0,,2025-05-10
RT00001395,O00002036,C0000002,R009,2,2.0,2,3.0,Customer review,2026-03-22
RT00001396,O00003277,C0000023,R023,5,4.0,5,5.0,,2025-08-05
RT00001397,O00001512,C0000173,R022,4,3.0,4,4.0,Customer review,2026-05-06
RT00001398,O00001316,C0000658,R010,5,4.0,5,,,2026-04-30
RT00001399,O00001920,C0000467,R021,4,3.0,3,5.0,,2025-04-22
RT00001400,O00000346,C0000101,R020,5,4.0,5,5.0,,2025-11-03
RT00001401,O00002907,C0000719,R023,4,4.0,5,4.0,,2026-03-05
RT00001402,O00003369,C0000431,R004,4,5.0,4,5.0,,2025-05-28
RT00001403,O00003522,C0000060,R025,5,5.0,4,,,2025-06-07
RT00001404,O00003116,C0000064,R013,2,3.0,3,2.0,,2025-03-15
RT00001405,O00002862,C0000778,R018,5,5.0,5,5.0,Customer review,2026-02-07
RT00001406,O00001081,C0000004,R021,5,5.0,4,5.0,,2025-12-03
RT00001407,O00003321,C0000191,R009,4,4.0,3,4.0,,2025-09-03
RT00001408,O00001314,C0000169,R020,2,2.0,3,1.0,,2025-11-19
RT00001409,O00002470,C0000024,R007,5,5.0,5,4.0,Customer review,2025-03-25
RT00001410,O00002480,C0000010,R010,4,4.0,4,4.0,Customer review,2025-07-16
RT00001411,O00001304,C0000022,R005,4,4.0,4,4.0,,2025-05-30
RT00001412,O00003865,C0000218,R004,4,4.0,4,,,2025-03-08
RT00001413,O00000447,C0000073,R015,5,4.0,5,4.0,,2026-03-04
RT00001414,O00003317,C0000407,R003,4,4.0,4,3.0,,2026-05-19
RT00001415,O00000007,C0000171,R003,4,4.0,5,4.0,,2025-10-11
RT00001416,O00001003,C0000102,R006,3,4.0,3,2.0,,2025-12-23
RT00001417,O00000467,C0000338,R023,4,5.0,3,3.0,,2026-04-26
RT00001418,O00001407,C0000569,R021,5,5.0,5,5.0,,2025-04-30
RT00001419,O00002604,C0000330,R020,5,5.0,5,4.0,Customer review,2025-11-20
RT00001420,O00004199,C0000036,R024,3,4.0,3,4.0,,2025-07-13
RT00001421,O00002392,C0000218,R015,5,5.0,5,,,2026-04-06
RT00001422,O00003266,C0000161,R024,2,1.0,2,1.0,,2026-04-15
RT00001423,O00004639,C0000003,R014,2,3.0,2,2.0,,2025-09-29
RT00001424,O00001873,C0000004,R019,3,4.0,4,3.0,,2026-08-27
RT00001425,O00002396,C0000006,R006,5,5.0,5,5.0,Customer review,2026-04-04
RT00001426,O00002441,C0000780,R023,5,5.0,5,,,2025-07-14
RT00001427,O00003356,C0000456,R004,3,3.0,2,,Customer review,2026-06-30
RT00001428,O00002595,C0000511,R011,5,5.0,5,4.0,,2026-01-13
RT00001429,O00004666,C0000002,R005,5,5.0,5,5.0,,2026-04-30
RT00001430,O00002978,C0000475,R012,5,5.0,5,5.0,,2025-11-18
RT00001431,O00002662,C0000263,R012,4,4.0,5,3.0,,2025-12-05
RT00001432,O00000207,C0000456,R025,5,5.0,5,4.0,,2025-05-01
RT00001433,O00001899,C0000348,R016,5,5.0,5,5.0,,2025-07-28
RT00001434,O00001299,C0000943,R008,5,4.0,5,4.0,Customer review,2025-12-24
RT00001435,O00003640,C0000098,R002,4,4.0,4,,,2025-07-13
RT00001436,O00002629,C0000443,R008,2,2.0,3,2.0,,2026-07-18
RT00001437,O00002847,C0000058,R019,4,4.0,4,4.0,,2025-03-11
RT00001438,O00002057,C0000300,R023,4,5.0,4,4.0,,2026-03-14
RT00001439,O00001591,C0000304,R002,4,4.0,4,3.0,,2025-03-12
RT00001440,O00001216,C0000154,R016,5,5.0,5,,,2025-11-01
RT00001441,O00002049,C0000462,R002,5,5.0,5,,Customer review,2026-08-13
RT00001442,O00003734,C0000066,R004,3,4.0,2,3.0,,2025-12-25
RT00001443,O00002192,C0000104,R007,5,5.0,4,,,2026-01-03
RT00001444,O00001395,C0000134,R008,5,5.0,4,5.0,,2025-04-26
RT00001445,O00003967,C0000013,R014,4,4.0,4,4.0,Customer review,2025-07-22
RT00001446,O00000237,C0000876,R020,5,5.0,5,,,2026-04-29
RT00001447,O00001747,C0000298,R012,2,3.0,3,2.0,,2025-08-14
RT00001448,O00002675,C0000032,R008,4,3.0,4,4.0,,2026-06-08
RT00001449,O00000620,C0000525,R021,4,4.0,4,4.0,,2025-05-12
RT00001450,O00001326,C0000896,R019,2,1.0,2,1.0,,2025-08-23
RT00001451,O00003347,C0000087,R005,4,4.0,4,5.0,,2025-11-26
RT00001452,O00003429,C0000263,R022,5,5.0,5,4.0,Customer review,2025-04-06
RT00001453,O00001430,C0000025,R019,5,5.0,5,4.0,,2026-03-15
RT00001454,O00004485,C0000017,R025,3,3.0,3,3.0,,2025-09-03
RT00001455,O00000445,C0000291,R014,5,5.0,4,4.0,,2025-08-25
RT00001456,O00003633,C0000084,R016,4,5.0,5,,,2026-04-04
RT00001457,O00001188,C0000724,R023,4,5.0,4,3.0,,2026-07-10
RT00001458,O00000272,C0000108,R004,3,4.0,2,,Customer review,2026-02-04
RT00001459,O00000312,C0000001,R010,3,4.0,3,3.0,Customer review,2026-07-06
RT00001460,O00002253,C0000469,R009,5,5.0,5,5.0,,2025-06-06
RT00001461,O00001976,C0000105,R007,5,4.0,5,,,2025-08-17
RT00001462,O00004170,C0000256,R020,4,4.0,4,3.0,,2025-07-01
RT00001463,O00004304,C0000690,R007,4,5.0,4,5.0,Customer review,2026-06-20
RT00001464,O00004799,C0000155,R017,4,4.0,4,5.0,,2025-03-18
RT00001465,O00001586,C0000014,R008,3,2.0,3,2.0,,2026-08-16
RT00001466,O00004393,C0000948,R010,5,5.0,5,,,2026-02-22
RT00001467,O00001904,C0000469,R007,5,4.0,4,5.0,,2025-09-29
RT00001468,O00000767,C0000194,R015,4,4.0,5,4.0,,2026-04-10
RT00001469,O00002240,C0000368,R008,3,3.0,3,2.0,,2026-01-27
RT00001470,O00003501,C0000684,R008,4,4.0,4,5.0,,2025-11-09
RT00001471,O00004830,C0000002,R025,5,5.0,5,,,2026-08-09
RT00001472,O00003721,C0000094,R019,4,4.0,4,4.0,,2026-03-11
RT00001473,O00001381,C0000119,R023,5,5.0,5,5.0,,2026-04-14
RT00001474,O00000478,C0000479,R006,4,3.0,4,4.0,,2026-06-13
RT00001475,O00003861,C0000213,R007,5,5.0,5,,,2025-04-04
RT00001476,O00002446,C0000139,R025,5,4.0,5,5.0,,2025-11-28
RT00001477,O00001029,C0000578,R009,5,4.0,4,,,2026-08-10
RT00001478,O00003553,C0000154,R022,2,2.0,1,1.0,,2025-04-06
RT00001479,O00000707,C0000277,R001,4,4.0,4,5.0,,2025-08-06
RT00001480,O00004205,C0000054,R012,3,3.0,2,,,2025-04-10
RT00001481,O00002448,C0000001,R007,5,5.0,4,5.0,,2026-06-04
RT00001482,O00002247,C0000253,R018,3,3.0,3,3.0,,2025-11-30
RT00001483,O00004612,C0000613,R017,4,4.0,3,4.0,,2026-04-23
RT00001484,O00002327,C0000384,R006,5,5.0,4,5.0,,2026-06-10
RT00001485,O00000438,C0000011,R002,4,4.0,4,,,2026-08-12
RT00001486,O00004044,C0000093,R016,3,2.0,2,2.0,,2026-08-05
RT00001487,O00003196,C0000008,R022,4,4.0,5,3.0,,2026-02-03
RT00001488,O00002658,C0000107,R003,5,5.0,5,5.0,,2025-08-24
RT00001489,O00002153,C0000001,R022,5,5.0,5,5.0,Customer review,2025-11-08
RT00001490,O00002322,C0000951,R002,5,5.0,5,5.0,,2025-12-23
RT00001491,O00001725,C0000511,R001,4,5.0,5,3.0,,2026-04-27
RT00001492,O00004532,C0000689,R024,5,5.0,4,4.0,,2026-07-31
RT00001493,O00003371,C0000727,R015,4,4.0,4,,,2025-07-22
RT00001494,O00000458,C0000701,R002,5,5.0,5,5.0,Customer review,2025-05-26
RT00001495,O00002757,C0000783,R011,5,4.0,5,5.0,,2026-04-05
RT00001496,O00001465,C0000036,R019,3,3.0,4,,,2026-03-03
RT00001497,O00001709,C0000591,R001,4,4.0,3,,,2025-11-03
RT00001498,O00002693,C0000790,R007,1,2.0,1,1.0,,2026-04-21
RT00001499,O00001264,C0000392,R020,4,3.0,4,4.0,,2026-01-29
RT00001500,O00004078,C0000698,R024,5,5.0,4,4.0,,2025-11-01
RT00001501,O00001580,C0000207,R005,5,5.0,5,5.0,,2025-11-04
RT00001502,O00002977,C0000060,R006,4,5.0,4,4.0,,2026-03-20
RT00001503,O00002809,C0000387,R016,4,4.0,4,4.0,,2025-06-29
RT00001504,O00000107,C0000035,R009,5,5.0,5,4.0,,2025-05-12
RT00001505,O00004426,C0000966,R002,4,5.0,3,,,2026-09-02
RT00001506,O00002127,C0000206,R025,5,5.0,5,5.0,,2025-05-08
RT00001507,O00001353,C0000893,R012,4,3.0,5,4.0,,2025-03-06
RT00001508,O00003350,C0000833,R020,3,2.0,3,4.0,,2025-08-13
RT00001509,O00004844,C0000259,R023,5,4.0,5,5.0,,2025-07-10
RT00001510,O00001941,C0000067,R016,2,1.0,3,2.0,Customer review,2026-04-29
RT00001511,O00002888,C0000295,R009,1,2.0,2,1.0,,2026-06-20
RT00001512,O00002600,C0000434,R023,4,5.0,5,4.0,,2025-10-21
RT00001513,O00003117,C0000143,R023,2,2.0,2,2.0,,2025-12-12
RT00001514,O00002993,C0000118,R010,5,5.0,5,5.0,,2026-04-12
RT00001515,O00002802,C0000423,R006,5,4.0,5,5.0,,2025-10-22
RT00001516,O00004166,C0000302,R013,5,4.0,5,5.0,,2025-12-04
RT00001517,O00001846,C0000403,R015,4,4.0,5,3.0,Customer review,2026-06-16
RT00001518,O00003899,C0000238,R014,4,4.0,4,5.0,,2026-07-21
RT00001519,O00001453,C0000005,R025,4,4.0,3,3.0,Customer review,2025-10-03
RT00001520,O00003198,C0000531,R002,2,2.0,3,,,2026-04-06
RT00001521,O00003078,C0000181,R001,4,4.0,4,4.0,,2025-11-30
RT00001522,O00002793,C0000111,R024,4,3.0,5,3.0,,2025-03-24
RT00001523,O00000420,C0000011,R018,3,4.0,2,,,2025-06-30
RT00001524,O00001146,C0000080,R017,5,5.0,5,5.0,Customer review,2026-05-19
RT00001525,O00003357,C0000039,R011,5,5.0,5,4.0,,2026-09-04
RT00001526,O00000878,C0000013,R023,5,,5,5.0,,2026-03-16
RT00001527,O00001848,C0000002,R009,4,4.0,4,5.0,,2026-02-26
RT00001528,O00004118,C0000080,R015,4,4.0,5,5.0,,2025-04-06
RT00001529,O00000876,C0000528,R010,5,5.0,5,5.0,Customer review,2025-06-04
RT00001530,O00003339,C0000057,R013,5,4.0,5,5.0,,2025-08-13
RT00001531,O00004551,C0000663,R022,4,3.0,4,3.0,,2025-11-12
RT00001532,O00000405,C0000002,R022,4,4.0,4,5.0,,2025-04-22
RT00001533,O00003601,C0000172,R008,4,4.0,4,5.0,,2025-11-01
RT00001534,O00003650,C0000580,R012,5,5.0,5,5.0,,2026-06-15
RT00001535,O00003310,C0000051,R002,5,5.0,5,5.0,,2025-03-16
RT00001536,O00002206,C0000816,R015,4,4.0,5,,,2025-12-13
RT00001537,O00002589,C0000285,R022,4,4.0,3,3.0,Customer review,2026-01-28
RT00001538,O00002226,C0000300,R010,1,1.0,1,2.0,,2026-05-12
RT00001539,O00000929,C0000302,R006,5,4.0,5,4.0,,2025-04-27
RT00001540,O00003939,C0000171,R025,5,4.0,5,4.0,,2025-11-18
RT00001541,O00004225,C0000546,R022,4,4.0,5,,,2025-09-09
RT00001542,O00000596,C0000533,R025,3,3.0,3,3.0,,2025-06-04
RT00001543,O00001247,C0000012,R001,4,4.0,3,4.0,,2025-09-04
RT00001544,O00001301,C0000863,R004,2,2.0,2,3.0,,2025-08-08
RT00001545,O00003500,C0000479,R024,3,3.0,3,3.0,,2025-07-28
RT00001546,O00002766,C0000131,R007,6,4.0,4,,Customer review,2026-05-12
RT00001547,O00000050,C0000396,R017,5,5.0,5,5.0,,2025-04-14
RT00001548,O00004929,C0000122,R008,5,5.0,5,4.0,,2025-04-14
RT00001549,O00002220,C0000087,R012,1,1.0,1,1.0,,2026-03-08
RT00001550,O00000705,C0000211,R006,5,5.0,5,5.0,,2026-07-29
RT00001551,O00000805,C0000618,R020,2,3.0,3,,Customer review,2025-10-17
RT00001552,O00001557,C0000687,R010,5,5.0,5,4.0,,2026-07-09
RT00001553,O00004999,C0000538,R020,3,3.0,3,3.0,,2025-11-23
RT00001554,O00004153,C0000745,R020,4,4.0,4,3.0,,2025-03-09
RT00001555,O00002636,C0000877,R004,3,4.0,3,4.0,,2025-07-03
RT00001556,O00000931,C0000580,R006,5,5.0,4,5.0,,2025-04-05
RT00001557,O00000810,C0000034,R023,4,4.0,3,,,2025-11-27
RT00001558,O00004303,C0000120,R015,4,3.0,4,4.0,,2026-03-25
RT00001559,O00003195,C0000010,R015,4,5.0,4,4.0,Customer review,2026-05-20
RT00001560,O00004628,C0000964,R005,5,5.0,5,5.0,,2026-01-03
RT00001561,O00002318,C0000142,R011,5,5.0,5,5.0,,2025-04-20
RT00001562,O00004995,C0000685,R018,5,5.0,4,5.0,,2026-08-18
RT00001563,O00001594,C0000101,R017,1,2.0,2,1.0,,2025-03-20
RT00001564,O00001971,C0000062,R009,2,2.0,2,,,2025-11-29
RT00001565,O00000785,C0000107,R024,4,5.0,3,3.0,,2025-10-18
RT00001566,O00003869,C0000138,R015,5,5.0,5,5.0,,2026-07-16
RT00001567,O00003184,C0000022,R005,5,5.0,4,5.0,,2025-06-28
RT00001568,O00004937,C0000059,R024,5,5.0,5,5.0,,2026-05-26
RT00001569,O00003471,C0000008,R016,4,4.0,4,,Customer review,2026-03-03
RT00001570,O00003299,C0000837,R012,4,4.0,4,4.0,,2025-05-11
RT00001571,O00001195,C0000064,R006,3,2.0,3,2.0,,2025-04-06
RT00001572,O00004883,C0000056,R023,3,3.0,2,,,2026-03-28
RT00001573,O00004482,C0000766,R024,5,5.0,4,,,2025-09-01
RT00001574,O00000368,C0000832,R019,5,5.0,5,,Customer review,2026-04-17
RT00001575,O00001935,C0000336,R019,4,4.0,5,3.0,,2026-04-28
RT00001576,O00003780,C0000131,R016,5,5.0,5,5.0,Customer review,2025-08-06
RT00001577,O00001620,C0000537,R022,4,4.0,4,,,2025-03-07
RT00001578,O00004674,C0000019,R003,3,3.0,2,3.0,Customer review,2026-06-30
RT00001579,O00000625,C0000107,R008,4,4.0,5,3.0,Customer review,2026-04-01
RT00001580,O00000078,C0000549,R023,5,5.0,5,4.0,,2025-07-31
RT00001581,O00001531,C0000794,R014,4,3.0,3,,,2026-02-08
RT00001582,O00003389,C0000383,R025,2,2.0,2,1.0,,2025-12-10
RT00001583,O00004438,C0000113,R019,4,4.0,5,,,2025-09-22
RT00001584,O00002610,C0000461,R016,5,5.0,5,,,2026-08-12
RT00001585,O00004949,C0000751,R015,5,4.0,5,,Customer review,2025-08-13
RT00001586,O00004845,C0000172,R023,5,5.0,4,4.0,,2026-04-14
RT00001587,O00000189,C0000097,R015,2,3.0,2,,,2025-08-31
RT00001588,O00004473,C0000772,R016,4,3.0,4,3.0,,2025-05-04
RT00001589,O00002429,C0000182,R010,5,5.0,5,5.0,,2025-12-27
RT00001590,O00001836,C0000037,R002,3,2.0,3,2.0,,2025-06-20
RT00001591,O00004685,C0000796,R021,5,4.0,5,5.0,,2025-12-13
RT00001592,O00004200,C0000071,R011,4,4.0,4,4.0,,2026-06-19
RT00001593,O00000656,C0000001,R024,5,4.0,5,5.0,,2025-06-09
RT00001594,O00002940,C0000247,R022,4,3.0,5,4.0,Customer review,2026-02-11
RT00001595,O00000026,C0000167,R002,5,5.0,5,5.0,,2025-08-27
RT00001596,O00000711,C0000143,R006,4,4.0,4,3.0,Customer review,2025-10-13
RT00001597,O00003134,C0000750,R008,5,5.0,5,,,2025-11-24
RT00001598,O00003949,C0000662,R008,4,5.0,4,4.0,,2026-03-30
RT00001599,O00000183,C0000448,R013,5,5.0,5,5.0,,2026-08-25
RT00001600,O00000465,C0000089,R010,4,4.0,5,5.0,,2025-08-07
RT00001601,O00000353,C0000435,R024,4,3.0,5,3.0,,2025-04-02
RT00001602,O00002924,C0000880,R020,4,4.0,5,4.0,,2025-07-17
RT00001603,O00001556,C0000077,R021,5,5.0,5,5.0,Customer review,2025-07-14
RT00001604,O00000364,C0000469,R004,5,5.0,5,5.0,,2025-03-26
RT00001605,O00003019,C0000002,R023,5,5.0,5,5.0,Customer review,2026-08-25
RT00001606,O00002422,C0000445,R022,4,3.0,4,,,2025-06-26
RT00001607,O00001172,C0000060,R013,2,3.0,2,,Customer review,2026-03-09
RT00001608,O00000513,C0000242,R019,4,3.0,4,,,2026-06-01
RT00001609,O00000783,C0000049,R020,1,1.0,1,,Customer review,2026-03-05
RT00001610,O00003998,C0000924,R015,4,4.0,5,,,2026-08-16
RT00001611,O00001049,C0000840,R007,3,3.0,4,3.0,,2025-03-18
RT00001612,O00002930,C0000346,R017,3,4.0,3,4.0,,2026-07-29
RT00001613,O00003943,C0000271,R023,5,5.0,5,,,2026-07-07
RT00001614,O00001572,C0000176,R023,5,5.0,5,5.0,,2026-07-27
RT00001615,O00001313,C0000014,R005,2,2.0,2,2.0,,2025-08-08
RT00001616,O00003509,C0000232,R015,4,4.0,3,4.0,,2026-03-12
RT00001617,O00001392,C0000016,R023,2,2.0,2,1.0,Customer review,2025-08-21
RT00001618,O00002819,C0000188,R025,2,1.0,2,,,2026-04-21
RT00001619,O00004607,C0000856,R002,5,5.0,5,5.0,,2025-06-15
RT00001620,O00000713,C0000530,R008,5,5.0,5,5.0,Customer review,2025-12-05
RT00001621,O00004725,C0000055,R009,4,4.0,5,4.0,,2026-05-04
RT00001622,O00002638,C0000550,R025,4,3.0,4,4.0,,2025-10-21
RT00001623,O00002805,C0000187,R009,4,4.0,3,3.0,,2026-01-11
RT00001624,O00003885,C0000086,R010,5,4.0,5,,,2026-03-01
RT00001625,O00003129,C0000064,R007,5,4.0,5,5.0,,2025-10-27
RT00001626,O00004681,C0000022,R011,5,4.0,4,4.0,,2026-06-22
RT00001627,O00003567,C0000003,R010,3,3.0,3,4.0,,2025-11-24
RT00001628,O00002472,C0000718,R011,4,5.0,4,4.0,,2025-10-17
RT00001629,O00003699,C0000295,R003,5,5.0,5,5.0,,2026-07-04
RT00001630,O00004993,C0000054,R018,3,3.0,3,3.0,,2026-01-02
RT00001631,O00003444,C0000219,R020,3,3.0,3,3.0,,2025-06-30
RT00001632,O00002627,C0000060,R011,5,5.0,5,,,2025-12-09
RT00001633,O00003012,C0000421,R008,3,4.0,3,2.0,,2026-02-08
RT00001634,O00001369,C0000119,R009,5,5.0,5,5.0,,2025-07-26
RT00001635,O00004646,C0000463,R019,3,3.0,3,4.0,,2026-04-19
RT00001636,O00002123,C0000834,R012,4,4.0,4,4.0,,2025-05-24
RT00001637,O00003701,C0000133,R023,4,3.0,5,4.0,,2026-03-04
RT00001638,O00004808,C0000189,R011,4,4.0,4,4.0,,2025-11-21
RT00001639,O00000069,C0000017,R009,4,5.0,3,4.0,,2025-03-31
RT00001640,O00004172,C0000316,R002,5,4.0,5,,,2026-08-11
RT00001641,O00000236,C0000964,R023,5,4.0,5,,,2025-11-07
RT00001642,O00004757,C0000937,R015,3,4.0,4,3.0,,2025-11-11
RT00001643,O00004941,C0000901,R023,5,5.0,5,5.0,,2025-06-22
RT00001644,O00003999,C0000302,R019,2,1.0,2,3.0,,2025-11-08
RT00001645,O00002156,C0000788,R021,1,1.0,1,1.0,,2025-04-21
RT00001646,O00000093,C0000878,R011,5,5.0,4,,,2026-04-23
RT00001647,O00004013,C0000051,R004,4,3.0,3,5.0,,2025-05-02
RT00001648,O00002710,C0000030,R025,4,5.0,4,3.0,,2025-04-23
RT00001649,O00002680,C0000976,R016,4,4.0,4,,,2026-08-30
RT00001650,O00004097,C0000469,R018,3,2.0,4,,,2025-06-28
RT00001651,O00002459,C0000258,R017,5,5.0,5,5.0,Customer review,2025-07-02
RT00001652,O00002603,C0000814,R004,2,3.0,2,1.0,,2026-01-16
RT00001653,O00003376,C0000006,R020,5,5.0,5,,Customer review,2026-01-27
RT00001654,O00001854,C0000607,R022,4,4.0,3,4.0,,2025-09-17
RT00001655,O00004561,C0000958,R014,4,3.0,4,4.0,Customer review,2026-06-13
RT00001656,O00004163,C0000281,R019,4,4.0,4,3.0,,2025-12-27
RT00001657,O00004620,C0000107,R005,4,4.0,4,3.0,Customer review,2025-03-29
RT00001658,O00001231,C0000594,R015,5,5.0,5,5.0,,2026-04-26
RT00001659,O00000421,C0000030,R003,3,4.0,3,3.0,,2026-01-27
RT00001660,O00003227,C0000085,R014,2,2.0,1,,,2025-07-31
RT00001661,O00002347,C0000086,R001,2,3.0,2,3.0,,2026-02-02
RT00001662,O00002741,C0000175,R007,5,5.0,4,,Customer review,2026-04-28
RT00001663,O00004222,C0000029,R024,4,5.0,3,5.0,,2026-06-04
RT00001664,O00004901,C0000134,R004,5,5.0,5,4.0,,2025-10-11
RT00001665,O00001498,C0000232,R003,5,4.0,5,5.0,,2025-06-17
RT00001666,O00001772,C0000007,R010,5,5.0,4,5.0,,2025-12-10
RT00001667,O00004837,C0000506,R013,5,5.0,5,4.0,,2026-04-06
RT00001668,O00001180,C0000083,R021,5,5.0,5,5.0,,2026-09-03
RT00001669,O00003811,C0000435,R001,5,5.0,4,4.0,,2026-04-21
RT00001670,O00001447,C0000431,R009,2,2.0,1,2.0,,2026-05-14
RT00001671,O00002467,C0000038,R014,5,5.0,4,5.0,,2025-08-05
RT00001672,O00001053,C0000264,R010,3,3.0,4,,,2026-06-07
RT00001673,O00000300,C0000303,R025,5,5.0,4,4.0,,2025-07-24
RT00001674,O00001391,C0000265,R010,5,5.0,5,4.0,,2025-04-24
RT00001675,O00002685,C0000017,R009,5,5.0,5,,,2026-08-02
RT00001676,O00000967,C0000650,R010,4,5.0,5,,,2026-08-02
RT00001677,O00003773,C0000892,R008,4,4.0,4,4.0,,2026-03-11
RT00001678,O00004064,C0000071,R016,5,5.0,4,4.0,,2025-09-23
RT00001679,O00000087,C0000562,R015,5,5.0,5,5.0,,2026-06-22
RT00001680,O00002344,C0000037,R022,2,2.0,2,,,2026-06-02
RT00001681,O00000665,C0000693,R006,4,4.0,5,3.0,,2025-05-30
RT00001682,O00004451,C0000102,R016,5,5.0,5,5.0,,2025-09-03
RT00001683,O00004160,C0000793,R024,4,4.0,4,,,2025-03-20
RT00001684,O00004261,C0000001,R018,5,5.0,5,5.0,,2025-11-17
RT00001685,O00000450,C0000090,R016,5,5.0,5,5.0,,2026-05-12
RT00001686,O00004309,C0000369,R022,2,2.0,3,1.0,,2026-04-06
RT00001687,O00004912,C0000013,R017,5,5.0,4,5.0,,2026-04-04
RT00001688,O00004762,C0000339,R017,5,4.0,5,,,2026-02-11
RT00001689,O00001676,C0000103,R004,5,5.0,5,5.0,Customer review,2026-04-15
RT00001690,O00003168,C0000957,R010,5,5.0,5,,,2025-09-06
RT00001691,O00004049,C0000249,R015,4,4.0,3,5.0,,2025-03-26
RT00001692,O00003609,C0000442,R019,4,4.0,3,4.0,,2026-07-25
RT00001693,O00000901,C0000524,R024,4,4.0,4,5.0,,2025-09-16
RT00001694,O00000538,C0000919,R003,2,2.0,1,,,2026-06-07
RT00001695,O00000663,C0000388,R011,4,4.0,4,,,2026-04-07
RT00001696,O00004154,C0000120,R025,5,5.0,5,5.0,,2026-02-19
RT00001697,O00000591,C0000899,R010,3,4.0,4,,,2025-03-17
RT00001698,O00000600,C0000289,R005,5,5.0,4,5.0,,2025-12-12
RT00001699,O00000954,C0000068,R022,3,3.0,4,3.0,,2026-05-30
RT00001700,O00002097,C0000343,R003,5,5.0,5,5.0,,2025-03-21
RT00001701,O00001739,C0000345,R004,2,3.0,3,3.0,,2026-02-09
RT00001702,O00003485,C0000012,R011,1,1.0,1,,,2025-08-31
RT00001703,O00002755,C0000024,R024,4,5.0,5,4.0,,2025-03-09
RT00001704,O00000232,C0000118,R006,4,4.0,4,3.0,,2026-03-28
RT00001705,O00002863,C0000388,R001,2,2.0,2,3.0,,2025-04-16
RT00001706,O00001907,C0000264,R016,3,2.0,2,4.0,Customer review,2026-05-01
RT00001707,O00001226,C0000888,R004,4,5.0,4,4.0,,2025-11-24
RT00001708,O00000222,C0000005,R008,5,5.0,5,,,2026-02-23
RT00001709,O00003749,C0000156,R003,5,5.0,5,5.0,,2026-05-27
RT00001710,O00002421,C0000046,R021,5,5.0,5,4.0,,2026-01-17
RT00001711,O00002443,C0000001,R005,3,3.0,3,3.0,,2025-07-30
RT00001712,O00000592,C0000161,R008,5,5.0,4,,,2026-04-06
RT00001713,O00001525,C0000059,R004,4,5.0,4,4.0,,2025-03-07
RT00001714,O00002923,C0000178,R014,5,4.0,4,4.0,,2025-10-31
RT00001715,O00002820,C0000575,R017,2,2.0,2,2.0,Customer review,2026-05-13
RT00001716,O00003395,C0000600,R019,4,4.0,4,3.0,,2025-10-27
RT00001717,O00001019,C0000993,R011,5,4.0,5,5.0,,2025-05-16
RT00001718,O00001765,C0000154,R009,4,4.0,3,4.0,,2025-09-13
RT00001719,O00002302,C0000808,R018,5,5.0,4,5.0,,2026-03-01
RT00001720,O00003588,C0000890,R008,3,3.0,3,3.0,,2025-12-07
RT00001721,O00000574,C0000152,R006,5,5.0,4,,,2026-03-14
RT00001722,O00004488,C0000408,R012,4,4.0,3,4.0,,2025-04-19
RT00001723,O00003062,C0000085,R021,5,5.0,5,5.0,,2026-06-02
RT00001724,O00003648,C0000003,R001,3,4.0,2,2.0,,2026-09-06
RT00001725,O00002986,C0000915,R016,5,4.0,5,,Customer review,2026-04-10
RT00001726,O00001713,C0000006,R009,4,5.0,3,3.0,,2025-06-12
RT00001727,O00004810,C0000507,R018,3,4.0,3,2.0,,2026-06-09
RT00001728,O00000691,C0000054,R002,5,5.0,5,5.0,,2025-12-21
RT00001729,O00004832,C0000127,R006,5,4.0,4,4.0,,2026-04-10
RT00001730,O00001039,C0000064,R019,2,2.0,1,,,2025-11-21
RT00001731,O00000001,C0000310,R001,5,5.0,5,4.0,Customer review,2025-04-02
RT00001732,O00002524,C0000428,R011,5,4.0,4,5.0,,2025-06-15
RT00001733,O00003930,C0000353,R019,3,3.0,3,3.0,,2025-12-29
RT00001734,O00004903,C0000041,R006,5,4.0,4,4.0,,2026-03-24
RT00001735,O00004749,C0000125,R011,5,5.0,5,4.0,,2025-06-10
RT00001736,O00002233,C0000529,R012,3,3.0,3,,,2026-06-27
RT00001737,O00001887,C0000101,R001,5,4.0,5,5.0,,2026-02-13
RT00001738,O00000262,C0000315,R019,5,4.0,5,5.0,,2026-07-18
RT00001739,O00002369,C0000303,R013,4,4.0,4,5.0,,2026-08-21
RT00001740,O00002682,C0000515,R001,5,5.0,5,,Customer review,2025-04-17
RT00001741,O00002140,C0000570,R004,3,2.0,4,3.0,,2026-01-26
RT00001742,O00003430,C0000933,R024,2,2.0,1,3.0,,2026-04-24
RT00001743,O00003352,C0000141,R020,5,4.0,5,,,2026-04-19
RT00001744,O00004106,C0000017,R005,5,4.0,5,5.0,Customer review,2025-06-19
RT00001745,O00002102,C0000910,R017,5,5.0,4,5.0,,2026-01-23
RT00001746,O00001001,C0000027,R016,3,4.0,2,3.0,Customer review,2026-01-03
RT00001747,O00004705,C0000515,R005,5,5.0,5,,,2025-06-29
RT00001748,O00002411,C0000003,R018,3,3.0,4,,,2025-04-15
RT00001749,O00004327,C0000404,R001,5,5.0,4,4.0,,2025-10-28
RT00001750,O00002281,C0000859,R018,4,4.0,4,4.0,Customer review,2025-12-14
RT00001751,O00000288,C0000130,R014,5,4.0,5,,,2025-10-07
RT00001752,O00004990,C0000394,R017,4,4.0,5,4.0,,2025-03-22
RT00001753,O00002821,C0000681,R014,3,3.0,3,4.0,,2026-08-21
RT00001754,O00003324,C0000001,R012,2,2.0,2,2.0,,2026-02-06
RT00001755,O00000295,C0000014,R011,4,5.0,5,4.0,Customer review,2026-03-18
RT00001756,O00001023,C0000334,R021,4,4.0,4,4.0,,2026-04-19
RT00001757,O00003183,C0000002,R018,4,3.0,3,,Customer review,2025-06-11
RT00001758,O00002261,C0000693,R012,4,4.0,3,5.0,,2026-04-06
RT00001759,O00003109,C0000111,R004,4,4.0,4,3.0,,2026-07-04
RT00001760,O00004424,C0000079,R022,5,5.0,5,,,2025-11-10
RT00001761,O00002006,C0000012,R007,2,2.0,3,1.0,Customer review,2026-04-19
RT00001762,O00003637,C0000822,R004,4,5.0,5,4.0,,2026-04-20
RT00001763,O00002455,C0000008,R011,5,4.0,5,5.0,,2026-04-09
RT00001764,O00004250,C0000082,R025,5,5.0,4,5.0,,2026-03-28
RT00001765,O00001813,C0000291,R018,3,4.0,3,,,2025-10-26
RT00001766,O00004715,C0000073,R008,3,4.0,3,3.0,,2025-10-22
RT00001767,O00002786,C0000276,R004,4,4.0,3,,,2025-09-24
RT00001768,O00003403,C0000973,R025,5,5.0,4,5.0,,2025-12-06
RT00001769,O00002660,C0000685,R023,5,5.0,4,,,2025-10-23
RT00001770,O00000162,C0000040,R003,4,4.0,4,4.0,,2026-03-23
RT00001771,O00003155,C0000237,R016,5,5.0,4,5.0,Customer review,2025-10-03
RT00001772,O00001059,C0000197,R010,4,5.0,3,4.0,,2026-05-09
RT00001773,O00001999,C0000491,R004,5,5.0,4,,,2026-03-03
RT00001774,O00004066,C0000021,R002,5,5.0,5,5.0,,2025-05-07
RT00001775,O00002126,C0000026,R024,4,5.0,3,3.0,,2026-06-26
RT00001776,O00001055,C0000005,R001,5,4.0,5,4.0,,2025-12-17
RT00001777,O00002373,C0000099,R019,5,5.0,5,5.0,,2025-05-13
RT00001778,O00001868,C0000001,R007,5,5.0,4,5.0,,2025-08-26
RT00001779,O00004034,C0000014,R006,5,5.0,5,4.0,,2026-07-07
RT00001780,O00002515,C0000386,R019,5,5.0,5,5.0,Customer review,2026-03-03
RT00001781,O00002984,C0000106,R012,5,5.0,4,5.0,,2026-07-15
RT00001782,O00001013,C0000689,R006,4,4.0,3,,,2026-06-12
RT00001783,O00002774,C0000106,R021,5,5.0,5,5.0,,2025-03-06
RT00001784,O00003332,C0000042,R018,5,5.0,5,5.0,,2026-01-04
RT00001785,O00001500,C0000928,R011,5,5.0,5,4.0,,2026-09-03
RT00001786,O00001706,C0000657,R014,4,4.0,4,4.0,,2026-05-22
RT00001787,O00000223,C0000777,R009,4,4.0,4,5.0,,2025-09-12
RT00001788,O00003623,C0000587,R005,4,3.0,4,4.0,,2026-04-17
RT00001789,O00001560,C0000762,R018,4,3.0,3,,,2026-05-24
RT00001790,O00001614,C0000040,R012,5,4.0,5,5.0,,2026-01-29
RT00001791,O00001495,C0000500,R025,4,4.0,3,4.0,,2026-08-08
RT00001792,O00000280,C0000014,R009,5,5.0,5,5.0,,2025-04-15
RT00001793,O00003495,C0000686,R005,3,3.0,4,3.0,,2025-07-21
RT00001794,O00001604,C0000623,R004,3,4.0,2,3.0,,2025-10-13
RT00001795,O00000754,C0000019,R020,5,5.0,5,,,2025-10-09
RT00001796,O00002016,C0000011,R004,3,2.0,3,3.0,,2025-03-26
RT00001797,O00000696,C0000203,R002,4,4.0,4,5.0,Customer review,2025-11-15
RT00001798,O00004939,C0000164,R004,4,4.0,4,4.0,,2026-06-22
RT00001799,O00001506,C0000230,R014,4,3.0,3,5.0,Customer review,2025-05-28
RT00001800,O00002138,C0000065,R025,4,4.0,4,4.0,Customer review,2025-03-09
RT00001801,O00001000,C0000006,R011,5,4.0,4,,,2025-08-05
RT00001802,O00004124,C0000076,R009,4,4.0,5,5.0,,2025-08-17
RT00001803,O00002652,C0000997,R002,4,3.0,4,4.0,,2025-12-30
RT00001804,O00003475,C0000078,R014,4,3.0,3,3.0,,2025-09-29
RT00001805,O00004314,C0000203,R015,5,5.0,5,5.0,,2026-08-22
RT00001806,O00004866,C0000592,R002,4,5.0,4,,,2025-08-05
RT00001807,O00000261,C0000003,R025,5,5.0,5,5.0,Customer review,2026-05-09
RT00001808,O00003388,C0000107,R010,4,4.0,3,4.0,,2025-03-11
RT00001809,O00001875,C0000561,R020,4,4.0,3,,,2025-08-01
RT00001810,O00004985,C0000815,R018,5,5.0,4,5.0,,2026-01-10
RT00001811,O00002659,C0000712,R015,5,5.0,5,,,2026-06-05
RT00001812,O00000994,C0000360,R007,5,5.0,4,4.0,,2025-06-23
RT00001813,O00002236,C0000985,R005,3,2.0,3,2.0,,2025-09-14
RT00001814,O00001273,C0000500,R007,2,2.0,3,2.0,Customer review,2026-06-22
RT00001815,O00000284,C0000003,R006,4,4.0,5,4.0,,2026-03-24
RT00001816,O00000722,C0000103,R014,4,4.0,3,4.0,Customer review,2026-06-18
RT00001817,O00002160,C0000416,R006,3,4.0,4,,,2026-05-15
RT00001818,O00003119,C0000531,R003,4,4.0,4,5.0,,2025-04-19
RT00001819,O00003562,C0000029,R009,3,3.0,3,3.0,,2026-07-25
RT00001820,O00004592,C0000104,R013,3,4.0,3,4.0,,2026-03-24
RT00001821,O00001965,C0000838,R002,5,5.0,5,5.0,,2026-08-27
RT00001822,O00003753,C0000022,R009,5,5.0,5,5.0,,2025-06-14
RT00001823,O00002824,C0000071,R013,5,5.0,5,,,2026-06-18
RT00001824,O00003906,C0000178,R005,3,3.0,4,2.0,,2026-04-23
RT00001825,O00000701,C0000390,R010,5,5.0,5,5.0,Customer review,2026-04-21
RT00001826,O00000585,C0000563,R005,5,5.0,5,5.0,,2026-06-08
RT00001827,O00004107,C0000380,R016,4,5.0,4,5.0,Customer review,2026-02-15
RT00001828,O00003654,C0000021,R018,3,2.0,2,,,2026-08-24
RT00001829,O00002412,C0000532,R022,4,3.0,4,,,2025-03-03
RT00001830,O00002157,C0000006,R022,5,4.0,4,5.0,,2026-04-24
RT00001831,O00003492,C0000002,R005,4,5.0,3,,,2025-12-22
RT00001832,O00000275,C0000639,R022,1,1.0,1,,Customer review,2025-12-29
RT00001833,O00002170,C0000135,R018,5,5.0,4,5.0,Customer review,2025-07-10
RT00001834,O00002438,C0000117,R006,5,5.0,5,5.0,Customer review,2025-08-15
RT00001835,O00004493,C0000286,R024,4,4.0,5,,,2025-06-09
RT00001836,O00000998,C0000943,R007,5,5.0,5,5.0,,2025-04-08
RT00001837,O00000664,C0000854,R022,5,5.0,5,,,2026-01-11
RT00001838,O00001651,C0000153,R013,3,4.0,3,,,2026-02-07
RT00001839,O00001099,C0000780,R022,3,4.0,4,2.0,Customer review,2026-03-05
RT00001840,O00004277,C0000172,R019,4,3.0,4,5.0,,2026-08-18
RT00001841,O00001240,C0000849,R010,4,3.0,3,3.0,,2026-07-28
RT00001842,O00000233,C0000493,R017,4,4.0,4,,Customer review,2025-11-24
RT00001843,O00004468,C0000026,R011,3,3.0,4,3.0,,2025-04-15
RT00001844,O00000520,C0000160,R007,5,5.0,4,4.0,,2026-07-05
RT00001845,O00003334,C0000541,R014,3,3.0,4,,,2025-06-04
RT00001846,O00001762,C0000057,R020,5,5.0,5,5.0,,2025-08-07
RT00001847,O00002707,C0000754,R012,5,4.0,4,4.0,,2025-03-26
RT00001848,O00000274,C0000456,R021,3,3.0,3,,,2026-04-29
RT00001849,O00004168,C0000221,R003,2,3.0,1,1.0,,2025-09-09
RT00001850,O00000410,C0000079,R006,5,5.0,5,5.0,Customer review,2025-07-16
RT00001851,O00000910,C0000071,R005,3,2.0,3,3.0,,2025-11-23
RT00001852,O00003712,C0000312,R011,5,5.0,5,5.0,,2025-07-08
RT00001853,O00002481,C0000814,R018,5,5.0,5,5.0,,2026-02-16
RT00001854,O00002963,C0000138,R006,3,3.0,2,2.0,,2026-04-27
RT00001855,O00001581,C0000005,R018,5,5.0,5,5.0,,2025-11-25
RT00001856,O00004135,C0000486,R015,5,5.0,5,,Customer review,2026-09-05
RT00001857,O00003909,C0000477,R009,3,4.0,3,,,2025-10-14
RT00001858,O00000595,C0000015,R020,4,4.0,4,4.0,,2026-04-23
RT00001859,O00001323,C0000016,R005,4,3.0,4,4.0,,2025-08-03
RT00001860,O00001212,C0000030,R002,4,5.0,4,3.0,,2026-07-14
RT00001861,O00004794,C0000750,R006,5,4.0,5,5.0,,2026-03-23
RT00001862,O00004101,C0000687,R019,5,5.0,5,,,2025-09-24
RT00001863,O00003681,C0000394,R022,5,4.0,5,,,2025-03-17
RT00001864,O00003870,C0000420,R003,4,4.0,5,,,2026-08-06
RT00001865,O00001179,C0000021,R017,3,4.0,3,3.0,,2025-07-16
RT00001866,O00001733,C0000992,R003,5,5.0,5,4.0,,2025-12-11
RT00001867,O00004213,C0000220,R005,4,4.0,4,5.0,,2025-03-28
RT00001868,O00002465,C0000048,R016,4,3.0,4,3.0,,2025-04-11
RT00001869,O00001414,C0000366,R016,5,4.0,4,5.0,,2026-07-27
RT00001870,O00002246,C0000444,R015,4,4.0,4,5.0,,2026-02-04
RT00001871,O00000545,C0000057,R025,5,5.0,5,5.0,Customer review,2025-06-12
RT00001872,O00000008,C0000042,R015,5,5.0,4,,,2025-11-13
RT00001873,O00001722,C0000016,R010,2,1.0,2,2.0,,2025-12-04
RT00001874,O00000283,C0000612,R009,5,5.0,5,5.0,,2026-04-05
RT00001875,O00002938,C0000871,R024,5,5.0,4,,,2025-11-28
RT00001876,O00003176,C0000031,R004,4,4.0,3,5.0,Customer review,2025-08-29
RT00001877,O00003010,C0000074,R017,5,5.0,4,5.0,,2025-10-17
RT00001878,O00000763,C0000411,R018,4,4.0,4,4.0,,2026-06-07
RT00001879,O00001552,C0000183,R001,1,1.0,2,1.0,,2025-09-07
RT00001880,O00004444,C0000199,R008,4,3.0,3,,,2026-07-31
RT00001881,O00000402,C0000783,R013,4,4.0,4,4.0,Customer review,2025-05-19
RT00001882,O00004024,C0000005,R001,5,4.0,4,5.0,,2025-04-04
RT00001883,O00001936,C0000130,R015,3,3.0,3,2.0,,2026-07-23
RT00001884,O00003854,C0000473,R014,3,3.0,3,3.0,,2025-07-09
RT00001885,O00000732,C0000404,R019,5,5.0,4,5.0,,2025-07-15
RT00001886,O00000832,C0000761,R018,5,5.0,5,5.0,,2025-08-07
RT00001887,O00004622,C0000811,R018,5,5.0,5,,,2025-05-03
RT00001888,O00001086,C0000655,R023,5,5.0,5,5.0,,2025-11-26
RT00001889,O00002665,C0000002,R017,3,3.0,2,4.0,Customer review,2026-05-02
RT00001890,O00004284,C0000503,R019,5,4.0,4,5.0,,2025-08-24
RT00001891,O00002333,C0000136,R003,4,4.0,4,3.0,,2025-03-31
RT00001892,O00003968,C0000520,R007,4,4.0,3,4.0,,2025-05-07
RT00001893,O00002149,C0000609,R017,4,3.0,3,5.0,,2026-05-24
RT00001894,O00000067,C0000005,R020,2,2.0,2,,Customer review,2025-11-21
RT00001895,O00004365,C0000405,R018,4,4.0,4,,,2025-04-29
RT00001896,O00000947,C0000408,R024,4,4.0,5,3.0,,2025-09-05
RT00001897,O00004257,C0000412,R023,4,3.0,3,,,2026-03-17
RT00001898,O00004537,C0000096,R022,4,5.0,4,5.0,Customer review,2026-06-01
RT00001899,O00002635,C0000022,R002,4,3.0,5,4.0,,2025-05-15
RT00001900,O00000733,C0000340,R005,4,4.0,3,,,2025-12-10
RT00001901,O00002800,C0000125,R004,4,4.0,4,,,2025-07-24
RT00001902,O00002293,C0000323,R006,5,5.0,5,5.0,,2025-07-17
RT00001903,O00000840,C0000344,R009,5,5.0,5,,,2026-02-01
RT00001904,O00004452,C0000006,R002,4,4.0,5,,,2025-07-18
RT00001905,O00000679,C0000004,R006,4,4.0,3,,,2025-12-10
RT00001906,O00001866,C0000680,R012,2,2.0,3,1.0,Customer review,2026-08-17
RT00001907,O00003391,C0000046,R019,4,4.0,4,3.0,,2026-08-03
RT00001908,O00002577,C0000234,R020,4,5.0,3,5.0,,2026-08-07
RT00001909,O00002479,C0000076,R024,4,5.0,5,4.0,Customer review,2026-07-26
RT00001910,O00003417,C0000039,R007,4,4.0,3,4.0,,2026-05-12
RT00001911,O00004933,C0000630,R020,5,5.0,5,,,2025-12-15
RT00001912,O00004325,C0000847,R016,5,5.0,5,4.0,,2026-06-30
RT00001913,O00000950,C0000031,R004,4,3.0,3,5.0,,2026-04-18
RT00001914,O00002268,C0000038,R009,5,5.0,5,4.0,,2025-11-16
RT00001915,O00001175,C0001000,R020,5,5.0,5,4.0,,2026-05-12
RT00001916,O00000406,C0000203,R023,4,4.0,4,3.0,,2025-03-30
RT00001917,O00002771,C0001000,R002,2,3.0,3,1.0,,2026-05-21
RT00001918,O00004104,C0000078,R007,4,4.0,3,3.0,,2025-06-02
RT00001919,O00000293,C0000323,R019,5,5.0,5,5.0,,2025-12-07
RT00001920,O00003505,C0000280,R015,5,5.0,5,5.0,,2025-06-12
RT00001921,O00000032,C0000013,R011,3,3.0,2,3.0,,2026-03-02
RT00001922,O00003140,C0000099,R004,4,4.0,3,,,2026-08-24
RT00001923,O00002571,C0000204,R002,4,4.0,4,,,2025-10-23
RT00001924,O00003871,C0000555,R005,5,5.0,4,5.0,,2026-05-31
RT00001925,O00004144,C0000760,R021,5,5.0,5,5.0,,2026-07-29
RT00001926,O00001843,C0000235,R020,5,5.0,5,5.0,,2026-01-30
RT00001927,O00000662,C0000744,R015,4,4.0,3,,,2025-12-10
RT00001928,O00004080,C0000214,R003,5,4.0,4,,,2026-02-03
RT00001929,O00000616,C0000448,R022,4,4.0,3,4.0,Customer review,2026-04-15
RT00001930,O00004789,C0000005,R023,5,5.0,5,4.0,,2026-01-13
RT00001931,O00000365,C0000860,R021,5,5.0,4,,,2026-07-17
RT00001932,O00002829,C0000426,R012,1,1.0,1,1.0,,2026-07-25
RT00001933,O00003084,C0000303,R019,4,4.0,4,,Customer review,2025-05-10
RT00001934,O00001817,C0000237,R005,5,5.0,5,,,2025-06-04
RT00001935,O00002964,C0000872,R016,4,4.0,4,4.0,,2026-06-18
RT00001936,O00000462,C0000158,R015,5,5.0,5,4.0,,2025-06-15
RT00001937,O00002033,C0000121,R017,5,5.0,5,,,2025-10-26
RT00001938,O00004528,C0000184,R008,3,3.0,3,2.0,,2025-04-06
RT00001939,O00004565,C0000254,R001,5,5.0,5,5.0,,2025-05-04
RT00001940,O00004940,C0000138,R004,1,1.0,1,2.0,,2025-07-22
RT00001941,O00001173,C0000301,R017,5,5.0,5,5.0,,2025-03-28
RT00001942,O00003808,C0000572,R009,2,2.0,3,3.0,Customer review,2025-10-12
RT00001943,O00001222,C0000001,R010,5,5.0,5,5.0,,2026-08-08
RT00001944,O00003029,C0000013,R012,5,5.0,5,5.0,,2025-06-22
RT00001945,O00001644,C0000703,R024,5,5.0,5,5.0,,2026-07-06
RT00001946,O00004956,C0000097,R021,5,4.0,5,4.0,,2026-08-09
RT00001947,O00002997,C0000026,R016,5,5.0,5,,,2025-06-14
RT00001948,O00000903,C0000010,R011,5,5.0,5,4.0,,2025-03-16
RT00001949,O00001711,C0000234,R024,5,5.0,5,,,2025-03-09
RT00001950,O00003620,C0000552,R013,3,3.0,3,3.0,,2026-06-28
RT00001951,O00002237,C0000636,R004,5,5.0,5,,,2026-04-02
RT00001952,O00001622,C0000060,R001,4,5.0,4,4.0,,2025-04-10
RT00001953,O00001036,C0000011,R025,3,2.0,2,2.0,Customer review,2025-05-11
RT00001954,O00004415,C0000002,R006,5,4.0,5,5.0,,2026-04-08
RT00001955,O00000570,C0000018,R013,2,2.0,1,2.0,,2026-04-21
RT00001956,O00000187,C0000045,R022,5,4.0,5,,,2026-05-21
RT00001957,O00001734,C0000167,R004,5,5.0,5,4.0,Customer review,2025-05-27
RT00001958,O00000449,C0000032,R009,4,4.0,4,4.0,Customer review,2026-07-23
RT00001959,O00003292,C0000003,R014,3,3.0,2,3.0,,2025-09-09
RT00001960,O00002527,C0000726,R013,4,4.0,3,4.0,,2026-05-08
RT00001961,O00004520,C0000473,R001,5,5.0,5,5.0,,2026-04-22
RT00001962,O00002931,C0000443,R024,1,1.0,1,,,2025-08-21
RT00001963,O00001476,C0000504,R020,5,5.0,5,4.0,,2026-08-09
RT00001964,O00000619,C0000575,R005,3,3.0,2,2.0,Customer review,2026-01-16
RT00001965,O00004584,C0000334,R004,5,4.0,5,5.0,,2026-05-26
RT00001966,O00003049,C0000223,R023,1,1.0,1,2.0,,2025-03-11
RT00001967,O00003314,C0000003,R004,4,4.0,4,5.0,,2026-01-07
RT00001968,O00000305,C0000043,R014,5,5.0,5,5.0,,2026-03-11
RT00001969,O00004378,C0000790,R025,2,2.0,3,1.0,,2025-12-14
RT00001970,O00002345,C0000742,R018,5,5.0,5,4.0,,2025-03-08
RT00001971,O00003807,C0000385,R005,5,5.0,4,5.0,Customer review,2025-12-29
RT00001972,O00002621,C0000701,R010,5,5.0,5,5.0,,2026-07-08
RT00001973,O00002760,C0000852,R025,4,4.0,4,5.0,,2025-03-31
RT00001974,O00003027,C0000001,R018,4,3.0,3,5.0,,2025-11-26
RT00001975,O00002456,C0000713,R006,5,5.0,5,4.0,Customer review,2026-08-14
RT00001976,O00002457,C0000472,R011,5,5.0,5,,Customer review,2025-05-24
RT00001977,O00004629,C0000616,R008,5,5.0,5,,,2026-02-28
RT00001978,O00002238,C0000019,R020,3,2.0,2,,,2025-12-29
RT00001979,O00002442,C0000910,R024,3,2.0,4,2.0,,2026-02-20
RT00001980,O00003710,C0000017,R018,5,5.0,4,,,2026-03-10
RT00001981,O00002613,C0000002,R025,4,5.0,3,4.0,,2025-07-17
RT00001982,O00000407,C0000297,R010,4,5.0,4,4.0,,2026-04-06
RT00001983,O00000915,C0000717,R019,3,4.0,3,4.0,,2025-05-19
RT00001984,O00002010,C0000110,R020,5,4.0,5,,,2026-04-12
RT00001985,O00000394,C0000026,R012,2,2.0,2,2.0,,2026-03-26
RT00001986,O00004587,C0000114,R025,5,5.0,5,5.0,,2026-07-06
RT00001987,O00004527,C0000547,R002,5,4.0,4,5.0,,2025-08-26
RT00001988,O00002700,C0000978,R008,3,3.0,2,3.0,,2025-12-23
RT00001989,O00002208,C0000358,R012,4,4.0,4,,,2026-05-28
RT00001990,O00004275,C0000004,R008,3,3.0,3,3.0,Customer review,2026-04-05
RT00001991,O00003461,C0000631,R015,3,3.0,3,3.0,,2025-08-31
RT00001992,O00004776,C0000001,R024,5,5.0,4,4.0,,2025-09-24
RT00001993,O00004059,C0000116,R022,3,3.0,3,2.0,Customer review,2026-08-01
RT00001994,O00001189,C0000886,R018,2,3.0,2,,,2025-03-25
RT00001995,O00002756,C0000002,R015,5,5.0,5,5.0,,2025-07-16
RT00001996,O00004330,C0000179,R007,4,4.0,5,5.0,,2026-06-13
RT00001997,O00003879,C0000001,R011,4,5.0,5,,,2025-03-22
RT00001998,O00001432,C0000035,R004,5,4.0,4,,Customer review,2025-05-05
RT00001999,O00000147,C0000197,R016,3,3.0,3,3.0,,2025-11-04
RT00002000,O00004603,C0000146,R013,5,4.0,4,4.0,Customer review,2026-01-13
