analysis,metric,key,spark_result,python_result,absolute_difference,tolerance,pass,explanation
menu_item_performance,item_name,{'menu_item_id': 'M0001'},Classic Burger 1,Classic Burger 1,,0.0,True,exact categorical/dimension match
menu_item_performance,category_name,{'menu_item_id': 'M0001'},Burgers,Burgers,,0.0,True,exact categorical/dimension match
menu_item_performance,order_count,{'menu_item_id': 'M0001'},187375,187375,0.0,0.0,True,within declared rounding tolerance
menu_item_performance,units_sold,{'menu_item_id': 'M0001'},343241,343241,0.0,0.0,True,within declared rounding tolerance
menu_item_performance,gross_sales,{'menu_item_id': 'M0001'},501827562.7,501827562.7,0.0,0.005,True,within declared rounding tolerance
menu_item_performance,avg_unit_price,{'menu_item_id': 'M0001'},1480.03,1480.03,0.0,0.005,True,within declared rounding tolerance
menu_item_performance,item_name,{'menu_item_id': 'M0002'},Signature Pizza 1,Signature Pizza 1,,0.0,True,exact categorical/dimension match
menu_item_performance,category_name,{'menu_item_id': 'M0002'},Pizza,Pizza,,0.0,True,exact categorical/dimension match
menu_item_performance,order_count,{'menu_item_id': 'M0002'},121444,121444,0.0,0.0,True,within declared rounding tolerance
menu_item_performance,units_sold,{'menu_item_id': 'M0002'},209301,209301,0.0,0.0,True,within declared rounding tolerance
menu_item_performance,gross_sales,{'menu_item_id': 'M0002'},107506618.7,107506618.7,0.0,0.005,True,within declared rounding tolerance
menu_item_performance,avg_unit_price,{'menu_item_id': 'M0002'},520.02,520.02,0.0,0.005,True,within declared rounding tolerance
menu_item_performance,item_name,{'menu_item_id': 'M0003'},Fresh Pakistani 1,Fresh Pakistani 1,,0.0,True,exact categorical/dimension match
menu_item_performance,category_name,{'menu_item_id': 'M0003'},Pakistani,Pakistani,,0.0,True,exact categorical/dimension match
menu_item_performance,order_count,{'menu_item_id': 'M0003'},92958,92958,0.0,0.0,True,within declared rounding tolerance
menu_item_performance,units_sold,{'menu_item_id': 'M0003'},155765,155765,0.0,0.0,True,within declared rounding tolerance
menu_item_performance,gross_sales,{'menu_item_id': 'M0003'},161527463.68,161527463.68,0.0,0.005,True,within declared rounding tolerance
menu_item_performance,avg_unit_price,{'menu_item_id': 'M0003'},1049.88,1049.88,0.0,0.005,True,within declared rounding tolerance
menu_item_performance,item_name,{'menu_item_id': 'M0004'},Spicy BBQ 1,Spicy BBQ 1,,0.0,True,exact categorical/dimension match
menu_item_performance,category_name,{'menu_item_id': 'M0004'},BBQ,BBQ,,0.0,True,exact categorical/dimension match
menu_item_performance,order_count,{'menu_item_id': 'M0004'},76269,76269,0.0,0.0,True,within declared rounding tolerance
menu_item_performance,units_sold,{'menu_item_id': 'M0004'},126006,126006,0.0,0.0,True,within declared rounding tolerance
menu_item_performance,gross_sales,{'menu_item_id': 'M0004'},224007426.0,224007426.0,0.0,0.005,True,within declared rounding tolerance
menu_item_performance,avg_unit_price,{'menu_item_id': 'M0004'},1800.21,1800.21,0.0,0.005,True,within declared rounding tolerance
menu_item_performance,item_name,{'menu_item_id': 'M0005'},House Beverage 1,House Beverage 1,,0.0,True,exact categorical/dimension match
menu_item_performance,category_name,{'menu_item_id': 'M0005'},Beverages,Beverages,,0.0,True,exact categorical/dimension match
menu_item_performance,order_count,{'menu_item_id': 'M0005'},65961,65961,0.0,0.0,True,within declared rounding tolerance
menu_item_performance,units_sold,{'menu_item_id': 'M0005'},107773,107773,0.0,0.0,True,within declared rounding tolerance
menu_item_performance,gross_sales,{'menu_item_id': 'M0005'},45768686.88,45768686.88,0.0,0.005,True,within declared rounding tolerance
menu_item_performance,avg_unit_price,{'menu_item_id': 'M0005'},430.02,430.02,0.0,0.005,True,within declared rounding tolerance
menu_item_performance,item_name,{'menu_item_id': 'M0006'},Double Dessert 1,Double Dessert 1,,0.0,True,exact categorical/dimension match
menu_item_performance,category_name,{'menu_item_id': 'M0006'},Desserts,Desserts,,0.0,True,exact categorical/dimension match
menu_item_performance,order_count,{'menu_item_id': 'M0006'},58082,58082,0.0,0.0,True,within declared rounding tolerance
menu_item_performance,units_sold,{'menu_item_id': 'M0006'},94334,94334,0.0,0.0,True,within declared rounding tolerance
menu_item_performance,gross_sales,{'menu_item_id': 'M0006'},166781576.15,166781576.15,0.0,0.005,True,within declared rounding tolerance
menu_item_performance,avg_unit_price,{'menu_item_id': 'M0006'},1790.08,1790.08,0.0,0.005,True,within declared rounding tolerance
menu_item_performance,item_name,{'menu_item_id': 'M0007'},Smoky Chinese 1,Smoky Chinese 1,,0.0,True,exact categorical/dimension match
menu_item_performance,category_name,{'menu_item_id': 'M0007'},Chinese,Chinese,,0.0,True,exact categorical/dimension match
menu_item_performance,order_count,{'menu_item_id': 'M0007'},52577,52577,0.0,0.0,True,within declared rounding tolerance
menu_item_performance,units_sold,{'menu_item_id': 'M0007'},85225,85225,0.0,0.0,True,within declared rounding tolerance
menu_item_performance,gross_sales,{'menu_item_id': 'M0007'},107735136.0,107735136.0,0.0,0.005,True,within declared rounding tolerance
menu_item_performance,avg_unit_price,{'menu_item_id': 'M0007'},1280.03,1280.03,0.0,0.005,True,within declared rounding tolerance
menu_item_performance,item_name,{'menu_item_id': 'M0008'},Royal Fast Food 1,Royal Fast Food 1,,0.0,True,exact categorical/dimension match
menu_item_performance,category_name,{'menu_item_id': 'M0008'},Fast Food,Fast Food,,0.0,True,exact categorical/dimension match
menu_item_performance,order_count,{'menu_item_id': 'M0008'},47873,47873,0.0,0.0,True,within declared rounding tolerance
menu_item_performance,units_sold,{'menu_item_id': 'M0008'},77158,77158,0.0,0.0,True,within declared rounding tolerance
menu_item_performance,gross_sales,{'menu_item_id': 'M0008'},67055769.0,67055769.0,0.0,0.005,True,within declared rounding tolerance
menu_item_performance,avg_unit_price,{'menu_item_id': 'M0008'},879.99,879.99,0.0,0.005,True,within declared rounding tolerance
menu_item_performance,item_name,{'menu_item_id': 'M0009'},Special Breakfast 1,Special Breakfast 1,,0.0,True,exact categorical/dimension match
menu_item_performance,category_name,{'menu_item_id': 'M0009'},Breakfast,Breakfast,,0.0,True,exact categorical/dimension match
menu_item_performance,order_count,{'menu_item_id': 'M0009'},43896,43896,0.0,0.0,True,within declared rounding tolerance
menu_item_performance,units_sold,{'menu_item_id': 'M0009'},70319,70319,0.0,0.0,True,within declared rounding tolerance
menu_item_performance,gross_sales,{'menu_item_id': 'M0009'},115301379.75,115301379.75,0.0,0.005,True,within declared rounding tolerance
menu_item_performance,avg_unit_price,{'menu_item_id': 'M0009'},1659.87,1659.87,0.0,0.005,True,within declared rounding tolerance
menu_item_performance,item_name,{'menu_item_id': 'M0010'},Grilled Salad 1,Grilled Salad 1,,0.0,True,exact categorical/dimension match
menu_item_performance,category_name,{'menu_item_id': 'M0010'},Salads,Salads,,0.0,True,exact categorical/dimension match
menu_item_performance,order_count,{'menu_item_id': 'M0010'},40621,40621,0.0,0.0,True,within declared rounding tolerance
menu_item_performance,units_sold,{'menu_item_id': 'M0010'},65271,65271,0.0,0.0,True,within declared rounding tolerance
menu_item_performance,gross_sales,{'menu_item_id': 'M0010'},27708490.41,27708490.41,0.0,0.005,True,within declared rounding tolerance
menu_item_performance,avg_unit_price,{'menu_item_id': 'M0010'},429.99,429.99,0.0,0.005,True,within declared rounding tolerance
menu_item_performance,item_name,{'menu_item_id': 'M0011'},Tandoori Pasta 1,Tandoori Pasta 1,,0.0,True,exact categorical/dimension match
menu_item_performance,category_name,{'menu_item_id': 'M0011'},Pasta,Pasta,,0.0,True,exact categorical/dimension match
menu_item_performance,order_count,{'menu_item_id': 'M0011'},38177,38177,0.0,0.0,True,within declared rounding tolerance
menu_item_performance,units_sold,{'menu_item_id': 'M0011'},61194,61194,0.0,0.0,True,within declared rounding tolerance
menu_item_performance,gross_sales,{'menu_item_id': 'M0011'},69490124.42,69490124.42,0.0,0.005,True,within declared rounding tolerance
menu_item_performance,avg_unit_price,{'menu_item_id': 'M0011'},1149.83,1149.83,0.0,0.005,True,within declared rounding tolerance
menu_item_performance,item_name,{'menu_item_id': 'M0012'},Fiery Seafood 1,Fiery Seafood 1,,0.0,True,exact categorical/dimension match
menu_item_performance,category_name,{'menu_item_id': 'M0012'},Seafood,Seafood,,0.0,True,exact categorical/dimension match
menu_item_performance,order_count,{'menu_item_id': 'M0012'},36166,36166,0.0,0.0,True,within declared rounding tolerance
menu_item_performance,units_sold,{'menu_item_id': 'M0012'},57795,57795,0.0,0.0,True,within declared rounding tolerance
menu_item_performance,gross_sales,{'menu_item_id': 'M0012'},32531169.57,32531169.57,0.0,0.005,True,within declared rounding tolerance
menu_item_performance,avg_unit_price,{'menu_item_id': 'M0012'},569.9,569.9,0.0,0.005,True,within declared rounding tolerance
menu_item_performance,item_name,{'menu_item_id': 'M0013'},Crispy Sandwiche 1,Crispy Sandwiche 1,,0.0,True,exact categorical/dimension match
menu_item_performance,category_name,{'menu_item_id': 'M0013'},Sandwiches,Sandwiches,,0.0,True,exact categorical/dimension match
menu_item_performance,order_count,{'menu_item_id': 'M0013'},34021,34021,0.0,0.0,True,within declared rounding tolerance
menu_item_performance,units_sold,{'menu_item_id': 'M0013'},53803,53803,0.0,0.0,True,within declared rounding tolerance
menu_item_performance,gross_sales,{'menu_item_id': 'M0013'},79733197.5,79733197.5,0.0,0.005,True,within declared rounding tolerance
menu_item_performance,avg_unit_price,{'menu_item_id': 'M0013'},1500.25,1500.25,0.0,0.005,True,within declared rounding tolerance
menu_item_performance,item_name,{'menu_item_id': 'M0014'},Masala Rice 1,Masala Rice 1,,0.0,True,exact categorical/dimension match
menu_item_performance,category_name,{'menu_item_id': 'M0014'},Rice,Rice,,0.0,True,exact categorical/dimension match
menu_item_performance,order_count,{'menu_item_id': 'M0014'},32351,32351,0.0,0.0,True,within declared rounding tolerance
menu_item_performance,units_sold,{'menu_item_id': 'M0014'},51685,51685,0.0,0.0,True,within declared rounding tolerance
menu_item_performance,gross_sales,{'menu_item_id': 'M0014'},87294472.31,87294472.31,0.0,0.005,True,within declared rounding tolerance
menu_item_performance,avg_unit_price,{'menu_item_id': 'M0014'},1709.98,1709.98,0.0,0.005,True,within declared rounding tolerance
menu_item_performance,item_name,{'menu_item_id': 'M0015'},Herb Coffee & Tea 1,Herb Coffee & Tea 1,,0.0,True,exact categorical/dimension match
menu_item_performance,category_name,{'menu_item_id': 'M0015'},Coffee & Tea,Coffee & Tea,,0.0,True,exact categorical/dimension match
menu_item_performance,order_count,{'menu_item_id': 'M0015'},30901,30901,0.0,0.0,True,within declared rounding tolerance
menu_item_performance,units_sold,{'menu_item_id': 'M0015'},49242,49242,0.0,0.0,True,within declared rounding tolerance
menu_item_performance,gross_sales,{'menu_item_id': 'M0015'},81715968.6,81715968.6,0.0,0.005,True,within declared rounding tolerance
menu_item_performance,avg_unit_price,{'menu_item_id': 'M0015'},1680.28,1680.28,0.0,0.005,True,within declared rounding tolerance
menu_item_performance,item_name,{'menu_item_id': 'M0016'},Cheesy Burger 2,Cheesy Burger 2,,0.0,True,exact categorical/dimension match
menu_item_performance,category_name,{'menu_item_id': 'M0016'},Burgers,Burgers,,0.0,True,exact categorical/dimension match
menu_item_performance,order_count,{'menu_item_id': 'M0016'},29380,29380,0.0,0.0,True,within declared rounding tolerance
menu_item_performance,units_sold,{'menu_item_id': 'M0016'},46654,46654,0.0,0.0,True,within declared rounding tolerance
menu_item_performance,gross_sales,{'menu_item_id': 'M0016'},56676988.57,56676988.57,0.0,0.005,True,within declared rounding tolerance
menu_item_performance,avg_unit_price,{'menu_item_id': 'M0016'},1229.98,1229.98,0.0,0.005,True,within declared rounding tolerance
menu_item_performance,item_name,{'menu_item_id': 'M0017'},Creamy Pizza 2,Creamy Pizza 2,,0.0,True,exact categorical/dimension match
menu_item_performance,category_name,{'menu_item_id': 'M0017'},Pizza,Pizza,,0.0,True,exact categorical/dimension match
menu_item_performance,order_count,{'menu_item_id': 'M0017'},28118,28118,0.0,0.0,True,within declared rounding tolerance
menu_item_performance,units_sold,{'menu_item_id': 'M0017'},44802,44802,0.0,0.0,True,within declared rounding tolerance
menu_item_performance,gross_sales,{'menu_item_id': 'M0017'},32254407.95,32254407.95,0.0,0.005,True,within declared rounding tolerance
menu_item_performance,avg_unit_price,{'menu_item_id': 'M0017'},729.83,729.83,0.0,0.005,True,within declared rounding tolerance
menu_item_performance,item_name,{'menu_item_id': 'M0018'},Deluxe Pakistani 2,Deluxe Pakistani 2,,0.0,True,exact categorical/dimension match
menu_item_performance,category_name,{'menu_item_id': 'M0018'},Pakistani,Pakistani,,0.0,True,exact categorical/dimension match
menu_item_performance,order_count,{'menu_item_id': 'M0018'},26813,26813,0.0,0.0,True,within declared rounding tolerance
menu_item_performance,units_sold,{'menu_item_id': 'M0018'},42555,42555,0.0,0.0,True,within declared rounding tolerance
menu_item_performance,gross_sales,{'menu_item_id': 'M0018'},50405733.0,50405733.0,0.0,0.005,True,within declared rounding tolerance
menu_item_performance,avg_unit_price,{'menu_item_id': 'M0018'},1199.8,1199.8,0.0,0.005,True,within declared rounding tolerance
menu_item_performance,item_name,{'menu_item_id': 'M0019'},Supreme BBQ 2,Supreme BBQ 2,,0.0,True,exact categorical/dimension match
menu_item_performance,category_name,{'menu_item_id': 'M0019'},BBQ,BBQ,,0.0,True,exact categorical/dimension match
menu_item_performance,order_count,{'menu_item_id': 'M0019'},26204,26204,0.0,0.0,True,within declared rounding tolerance
menu_item_performance,units_sold,{'menu_item_id': 'M0019'},41564,41564,0.0,0.0,True,within declared rounding tolerance
menu_item_performance,gross_sales,{'menu_item_id': 'M0019'},25852895.87,25852895.87,0.0,0.005,True,within declared rounding tolerance
menu_item_performance,avg_unit_price,{'menu_item_id': 'M0019'},629.94,629.94,0.0,0.005,True,within declared rounding tolerance
menu_item_performance,item_name,{'menu_item_id': 'M0020'},Loaded Beverage 2,Loaded Beverage 2,,0.0,True,exact categorical/dimension match
menu_item_performance,category_name,{'menu_item_id': 'M0020'},Beverages,Beverages,,0.0,True,exact categorical/dimension match
menu_item_performance,order_count,{'menu_item_id': 'M0020'},25237,25237,0.0,0.0,True,within declared rounding tolerance
menu_item_performance,units_sold,{'menu_item_id': 'M0020'},40003,40003,0.0,0.0,True,within declared rounding tolerance
menu_item_performance,gross_sales,{'menu_item_id': 'M0020'},43877366.04,43877366.04,0.0,0.005,True,within declared rounding tolerance
menu_item_performance,avg_unit_price,{'menu_item_id': 'M0020'},1110.17,1110.17,0.0,0.005,True,within declared rounding tolerance
menu_item_performance,item_name,{'menu_item_id': 'M0021'},Classic Dessert 2,Classic Dessert 2,,0.0,True,exact categorical/dimension match
menu_item_performance,category_name,{'menu_item_id': 'M0021'},Desserts,Desserts,,0.0,True,exact categorical/dimension match
menu_item_performance,order_count,{'menu_item_id': 'M0021'},24550,24550,0.0,0.0,True,within declared rounding tolerance
menu_item_performance,units_sold,{'menu_item_id': 'M0021'},38782,38782,0.0,0.0,True,within declared rounding tolerance
menu_item_performance,gross_sales,{'menu_item_id': 'M0021'},47892162.61,47892162.61,0.0,0.005,True,within declared rounding tolerance
menu_item_performance,avg_unit_price,{'menu_item_id': 'M0021'},1250.12,1250.12,0.0,0.005,True,within declared rounding tolerance
menu_item_performance,item_name,{'menu_item_id': 'M0022'},Signature Chinese 2,Signature Chinese 2,,0.0,True,exact categorical/dimension match
menu_item_performance,category_name,{'menu_item_id': 'M0022'},Chinese,Chinese,,0.0,True,exact categorical/dimension match
menu_item_performance,order_count,{'menu_item_id': 'M0022'},23231,23231,0.0,0.0,True,within declared rounding tolerance
menu_item_performance,units_sold,{'menu_item_id': 'M0022'},36741,36741,0.0,0.0,True,within declared rounding tolerance
menu_item_performance,gross_sales,{'menu_item_id': 'M0022'},45026666.1,45026666.1,0.0,0.005,True,within declared rounding tolerance
menu_item_performance,avg_unit_price,{'menu_item_id': 'M0022'},1239.94,1239.94,0.0,0.005,True,within declared rounding tolerance
menu_item_performance,item_name,{'menu_item_id': 'M0023'},Fresh Fast Food 2,Fresh Fast Food 2,,0.0,True,exact categorical/dimension match
menu_item_performance,category_name,{'menu_item_id': 'M0023'},Fast Food,Fast Food,,0.0,True,exact categorical/dimension match
menu_item_performance,order_count,{'menu_item_id': 'M0023'},22592,22592,0.0,0.0,True,within declared rounding tolerance
menu_item_performance,units_sold,{'menu_item_id': 'M0023'},35577,35577,0.0,0.0,True,within declared rounding tolerance
menu_item_performance,gross_sales,{'menu_item_id': 'M0023'},20379680.4,20379680.4,0.0,0.005,True,within declared rounding tolerance
menu_item_performance,avg_unit_price,{'menu_item_id': 'M0023'},579.95,579.95,0.0,0.005,True,within declared rounding tolerance
menu_item_performance,item_name,{'menu_item_id': 'M0024'},Spicy Breakfast 2,Spicy Breakfast 2,,0.0,True,exact categorical/dimension match
menu_item_performance,category_name,{'menu_item_id': 'M0024'},Breakfast,Breakfast,,0.0,True,exact categorical/dimension match
menu_item_performance,order_count,{'menu_item_id': 'M0024'},22096,22096,0.0,0.0,True,within declared rounding tolerance
menu_item_performance,units_sold,{'menu_item_id': 'M0024'},34941,34941,0.0,0.0,True,within declared rounding tolerance
menu_item_performance,gross_sales,{'menu_item_id': 'M0024'},20031220.75,20031220.75,0.0,0.005,True,within declared rounding tolerance
menu_item_performance,avg_unit_price,{'menu_item_id': 'M0024'},580.19,580.19,0.0,0.005,True,within declared rounding tolerance
menu_item_performance,item_name,{'menu_item_id': 'M0025'},House Salad 2,House Salad 2,,0.0,True,exact categorical/dimension match
menu_item_performance,category_name,{'menu_item_id': 'M0025'},Salads,Salads,,0.0,True,exact categorical/dimension match
menu_item_performance,order_count,{'menu_item_id': 'M0025'},21489,21489,0.0,0.0,True,within declared rounding tolerance
menu_item_performance,units_sold,{'menu_item_id': 'M0025'},33868,33868,0.0,0.0,True,within declared rounding tolerance
menu_item_performance,gross_sales,{'menu_item_id': 'M0025'},8698395.55,8698395.55,0.0,0.005,True,within declared rounding tolerance
menu_item_performance,avg_unit_price,{'menu_item_id': 'M0025'},260.03,260.03,0.0,0.005,True,within declared rounding tolerance
menu_item_performance,item_name,{'menu_item_id': 'M0026'},Double Pasta 2,Double Pasta 2,,0.0,True,exact categorical/dimension match
menu_item_performance,category_name,{'menu_item_id': 'M0026'},Pasta,Pasta,,0.0,True,exact categorical/dimension match
menu_item_performance,order_count,{'menu_item_id': 'M0026'},20777,20777,0.0,0.0,True,within declared rounding tolerance
menu_item_performance,units_sold,{'menu_item_id': 'M0026'},32648,32648,0.0,0.0,True,within declared rounding tolerance
menu_item_performance,gross_sales,{'menu_item_id': 'M0026'},14517913.5,14517913.5,0.0,0.005,True,within declared rounding tolerance
menu_item_performance,avg_unit_price,{'menu_item_id': 'M0026'},450.03,450.03,0.0,0.005,True,within declared rounding tolerance
menu_item_performance,item_name,{'menu_item_id': 'M0027'},Smoky Seafood 2,Smoky Seafood 2,,0.0,True,exact categorical/dimension match
menu_item_performance,category_name,{'menu_item_id': 'M0027'},Seafood,Seafood,,0.0,True,exact categorical/dimension match
menu_item_performance,order_count,{'menu_item_id': 'M0027'},19944,19944,0.0,0.0,True,within declared rounding tolerance
menu_item_performance,units_sold,{'menu_item_id': 'M0027'},31472,31472,0.0,0.0,True,within declared rounding tolerance
menu_item_performance,gross_sales,{'menu_item_id': 'M0027'},24541260.81,24541260.81,0.0,0.005,True,within declared rounding tolerance
menu_item_performance,avg_unit_price,{'menu_item_id': 'M0027'},790.14,790.14,0.0,0.005,True,within declared rounding tolerance
menu_item_performance,item_name,{'menu_item_id': 'M0028'},Royal Sandwiche 2,Royal Sandwiche 2,,0.0,True,exact categorical/dimension match
menu_item_performance,category_name,{'menu_item_id': 'M0028'},Sandwiches,Sandwiches,,0.0,True,exact categorical/dimension match
menu_item_performance,order_count,{'menu_item_id': 'M0028'},19815,19815,0.0,0.0,True,within declared rounding tolerance
menu_item_performance,units_sold,{'menu_item_id': 'M0028'},31153,31153,0.0,0.0,True,within declared rounding tolerance
menu_item_performance,gross_sales,{'menu_item_id': 'M0028'},26754533.92,26754533.92,0.0,0.005,True,within declared rounding tolerance
menu_item_performance,avg_unit_price,{'menu_item_id': 'M0028'},870.08,870.08,0.0,0.005,True,within declared rounding tolerance
menu_item_performance,item_name,{'menu_item_id': 'M0029'},Special Rice 2,Special Rice 2,,0.0,True,exact categorical/dimension match
menu_item_performance,category_name,{'menu_item_id': 'M0029'},Rice,Rice,,0.0,True,exact categorical/dimension match
menu_item_performance,order_count,{'menu_item_id': 'M0029'},19494,19494,0.0,0.0,True,within declared rounding tolerance
menu_item_performance,units_sold,{'menu_item_id': 'M0029'},30564,30564,0.0,0.0,True,within declared rounding tolerance
menu_item_performance,gross_sales,{'menu_item_id': 'M0029'},19927733.1,19927733.1,0.0,0.005,True,within declared rounding tolerance
menu_item_performance,avg_unit_price,{'menu_item_id': 'M0029'},660.06,660.06,0.0,0.005,True,within declared rounding tolerance
menu_item_performance,item_name,{'menu_item_id': 'M0030'},Grilled Coffee & Tea 2,Grilled Coffee & Tea 2,,0.0,True,exact categorical/dimension match
menu_item_performance,category_name,{'menu_item_id': 'M0030'},Coffee & Tea,Coffee & Tea,,0.0,True,exact categorical/dimension match
menu_item_performance,order_count,{'menu_item_id': 'M0030'},18775,18775,0.0,0.0,True,within declared rounding tolerance
menu_item_performance,units_sold,{'menu_item_id': 'M0030'},29350,29350,0.0,0.0,True,within declared rounding tolerance
menu_item_performance,gross_sales,{'menu_item_id': 'M0030'},7826142.23,7826142.23,0.0,0.005,True,within declared rounding tolerance
menu_item_performance,avg_unit_price,{'menu_item_id': 'M0030'},269.96,269.96,0.0,0.005,True,within declared rounding tolerance
menu_item_performance,item_name,{'menu_item_id': 'M0031'},Tandoori Burger 3,Tandoori Burger 3,,0.0,True,exact categorical/dimension match
menu_item_performance,category_name,{'menu_item_id': 'M0031'},Burgers,Burgers,,0.0,True,exact categorical/dimension match
menu_item_performance,order_count,{'menu_item_id': 'M0031'},18193,18193,0.0,0.0,True,within declared rounding tolerance
menu_item_performance,units_sold,{'menu_item_id': 'M0031'},28384,28384,0.0,0.0,True,within declared rounding tolerance
menu_item_performance,gross_sales,{'menu_item_id': 'M0031'},48797912.85,48797912.85,0.0,0.005,True,within declared rounding tolerance
menu_item_performance,avg_unit_price,{'menu_item_id': 'M0031'},1739.89,1739.89,0.0,0.005,True,within declared rounding tolerance
menu_item_performance,item_name,{'menu_item_id': 'M0032'},Fiery Pizza 3,Fiery Pizza 3,,0.0,True,exact categorical/dimension match
menu_item_performance,category_name,{'menu_item_id': 'M0032'},Pizza,Pizza,,0.0,True,exact categorical/dimension match
menu_item_performance,order_count,{'menu_item_id': 'M0032'},17748,17748,0.0,0.0,True,within declared rounding tolerance
menu_item_performance,units_sold,{'menu_item_id': 'M0032'},27914,27914,0.0,0.0,True,within declared rounding tolerance
menu_item_performance,gross_sales,{'menu_item_id': 'M0032'},22876566.96,22876566.96,0.0,0.005,True,within declared rounding tolerance
menu_item_performance,avg_unit_price,{'menu_item_id': 'M0032'},829.8,829.8,0.0,0.005,True,within declared rounding tolerance
menu_item_performance,item_name,{'menu_item_id': 'M0033'},Crispy Pakistani 3,Crispy Pakistani 3,,0.0,True,exact categorical/dimension match
menu_item_performance,category_name,{'menu_item_id': 'M0033'},Pakistani,Pakistani,,0.0,True,exact categorical/dimension match
menu_item_performance,order_count,{'menu_item_id': 'M0033'},17620,17620,0.0,0.0,True,within declared rounding tolerance
menu_item_performance,units_sold,{'menu_item_id': 'M0033'},27571,27571,0.0,0.0,True,within declared rounding tolerance
menu_item_performance,gross_sales,{'menu_item_id': 'M0033'},8437552.01,8437552.01,0.0,0.005,True,within declared rounding tolerance
menu_item_performance,avg_unit_price,{'menu_item_id': 'M0033'},309.86,309.86,0.0,0.005,True,within declared rounding tolerance
menu_item_performance,item_name,{'menu_item_id': 'M0034'},Masala BBQ 3,Masala BBQ 3,,0.0,True,exact categorical/dimension match
menu_item_performance,category_name,{'menu_item_id': 'M0034'},BBQ,BBQ,,0.0,True,exact categorical/dimension match
menu_item_performance,order_count,{'menu_item_id': 'M0034'},17236,17236,0.0,0.0,True,within declared rounding tolerance
menu_item_performance,units_sold,{'menu_item_id': 'M0034'},27036,27036,0.0,0.0,True,within declared rounding tolerance
menu_item_performance,gross_sales,{'menu_item_id': 'M0034'},33622706.25,33622706.25,0.0,0.005,True,within declared rounding tolerance
menu_item_performance,avg_unit_price,{'menu_item_id': 'M0034'},1259.43,1259.43,0.0,0.005,True,within declared rounding tolerance
menu_item_performance,item_name,{'menu_item_id': 'M0035'},Herb Beverage 3,Herb Beverage 3,,0.0,True,exact categorical/dimension match
menu_item_performance,category_name,{'menu_item_id': 'M0035'},Beverages,Beverages,,0.0,True,exact categorical/dimension match
menu_item_performance,order_count,{'menu_item_id': 'M0035'},17125,17125,0.0,0.0,True,within declared rounding tolerance
menu_item_performance,units_sold,{'menu_item_id': 'M0035'},26999,26999,0.0,0.0,True,within declared rounding tolerance
menu_item_performance,gross_sales,{'menu_item_id': 'M0035'},24526066.1,24526066.1,0.0,0.005,True,within declared rounding tolerance
menu_item_performance,avg_unit_price,{'menu_item_id': 'M0035'},920.1,920.1,0.0,0.005,True,within declared rounding tolerance
menu_item_performance,item_name,{'menu_item_id': 'M0036'},Cheesy Dessert 3,Cheesy Dessert 3,,0.0,True,exact categorical/dimension match
menu_item_performance,category_name,{'menu_item_id': 'M0036'},Desserts,Desserts,,0.0,True,exact categorical/dimension match
menu_item_performance,order_count,{'menu_item_id': 'M0036'},16443,16443,0.0,0.0,True,within declared rounding tolerance
menu_item_performance,units_sold,{'menu_item_id': 'M0036'},25564,25564,0.0,0.0,True,within declared rounding tolerance
menu_item_performance,gross_sales,{'menu_item_id': 'M0036'},45230449.52,45230449.52,0.0,0.005,True,within declared rounding tolerance
menu_item_performance,avg_unit_price,{'menu_item_id': 'M0036'},1790.74,1790.74,0.0,0.005,True,within declared rounding tolerance
menu_item_performance,item_name,{'menu_item_id': 'M0037'},Creamy Chinese 3,Creamy Chinese 3,,0.0,True,exact categorical/dimension match
menu_item_performance,category_name,{'menu_item_id': 'M0037'},Chinese,Chinese,,0.0,True,exact categorical/dimension match
menu_item_performance,order_count,{'menu_item_id': 'M0037'},16242,16242,0.0,0.0,True,within declared rounding tolerance
menu_item_performance,units_sold,{'menu_item_id': 'M0037'},25440,25440,0.0,0.0,True,within declared rounding tolerance
menu_item_performance,gross_sales,{'menu_item_id': 'M0037'},40446967.47,40446967.47,0.0,0.005,True,within declared rounding tolerance
menu_item_performance,avg_unit_price,{'menu_item_id': 'M0037'},1610.43,1610.43,0.0,0.005,True,within declared rounding tolerance
menu_item_performance,item_name,{'menu_item_id': 'M0038'},Deluxe Fast Food 3,Deluxe Fast Food 3,,0.0,True,exact categorical/dimension match
menu_item_performance,category_name,{'menu_item_id': 'M0038'},Fast Food,Fast Food,,0.0,True,exact categorical/dimension match
menu_item_performance,order_count,{'menu_item_id': 'M0038'},15960,15960,0.0,0.0,True,within declared rounding tolerance
menu_item_performance,units_sold,{'menu_item_id': 'M0038'},24838,24838,0.0,0.0,True,within declared rounding tolerance
menu_item_performance,gross_sales,{'menu_item_id': 'M0038'},32384899.8,32384899.8,0.0,0.005,True,within declared rounding tolerance
menu_item_performance,avg_unit_price,{'menu_item_id': 'M0038'},1320.45,1320.45,0.0,0.005,True,within declared rounding tolerance
menu_item_performance,item_name,{'menu_item_id': 'M0039'},Supreme Breakfast 3,Supreme Breakfast 3,,0.0,True,exact categorical/dimension match
menu_item_performance,category_name,{'menu_item_id': 'M0039'},Breakfast,Breakfast,,0.0,True,exact categorical/dimension match
menu_item_performance,order_count,{'menu_item_id': 'M0039'},15449,15449,0.0,0.0,True,within declared rounding tolerance
menu_item_performance,units_sold,{'menu_item_id': 'M0039'},24366,24366,0.0,0.0,True,within declared rounding tolerance
menu_item_performance,gross_sales,{'menu_item_id': 'M0039'},40619462.61,40619462.61,0.0,0.005,True,within declared rounding tolerance
menu_item_performance,avg_unit_price,{'menu_item_id': 'M0039'},1690.19,1690.19,0.0,0.005,True,within declared rounding tolerance
menu_item_performance,item_name,{'menu_item_id': 'M0040'},Loaded Salad 3,Loaded Salad 3,,0.0,True,exact categorical/dimension match
menu_item_performance,category_name,{'menu_item_id': 'M0040'},Salads,Salads,,0.0,True,exact categorical/dimension match
menu_item_performance,order_count,{'menu_item_id': 'M0040'},15030,15030,0.0,0.0,True,within declared rounding tolerance
menu_item_performance,units_sold,{'menu_item_id': 'M0040'},23602,23602,0.0,0.0,True,within declared rounding tolerance
menu_item_performance,gross_sales,{'menu_item_id': 'M0040'},10021590.6,10021590.6,0.0,0.005,True,within declared rounding tolerance
menu_item_performance,avg_unit_price,{'menu_item_id': 'M0040'},430.13,430.13,0.0,0.005,True,within declared rounding tolerance
menu_item_performance,item_name,{'menu_item_id': 'M0041'},Classic Pasta 3,Classic Pasta 3,,0.0,True,exact categorical/dimension match
menu_item_performance,category_name,{'menu_item_id': 'M0041'},Pasta,Pasta,,0.0,True,exact categorical/dimension match
menu_item_performance,order_count,{'menu_item_id': 'M0041'},15168,15168,0.0,0.0,True,within declared rounding tolerance
menu_item_performance,units_sold,{'menu_item_id': 'M0041'},23836,23836,0.0,0.0,True,within declared rounding tolerance
menu_item_performance,gross_sales,{'menu_item_id': 'M0041'},36718784.7,36718784.7,0.0,0.005,True,within declared rounding tolerance
menu_item_performance,avg_unit_price,{'menu_item_id': 'M0041'},1559.92,1559.92,0.0,0.005,True,within declared rounding tolerance
menu_item_performance,item_name,{'menu_item_id': 'M0042'},Signature Seafood 3,Signature Seafood 3,,0.0,True,exact categorical/dimension match
menu_item_performance,category_name,{'menu_item_id': 'M0042'},Seafood,Seafood,,0.0,True,exact categorical/dimension match
menu_item_performance,order_count,{'menu_item_id': 'M0042'},14606,14606,0.0,0.0,True,within declared rounding tolerance
menu_item_performance,units_sold,{'menu_item_id': 'M0042'},22991,22991,0.0,0.0,True,within declared rounding tolerance
menu_item_performance,gross_sales,{'menu_item_id': 'M0042'},27474492.27,27474492.27,0.0,0.005,True,within declared rounding tolerance
menu_item_performance,avg_unit_price,{'menu_item_id': 'M0042'},1209.97,1209.97,0.0,0.005,True,within declared rounding tolerance
menu_item_performance,item_name,{'menu_item_id': 'M0043'},Fresh Sandwiche 3,Fresh Sandwiche 3,,0.0,True,exact categorical/dimension match
menu_item_performance,category_name,{'menu_item_id': 'M0043'},Sandwiches,Sandwiches,,0.0,True,exact categorical/dimension match
menu_item_performance,order_count,{'menu_item_id': 'M0043'},14581,14581,0.0,0.0,True,within declared rounding tolerance
menu_item_performance,units_sold,{'menu_item_id': 'M0043'},23092,23092,0.0,0.0,True,within declared rounding tolerance
menu_item_performance,gross_sales,{'menu_item_id': 'M0043'},40382939.4,40382939.4,0.0,0.005,True,within declared rounding tolerance
menu_item_performance,avg_unit_price,{'menu_item_id': 'M0043'},1770.22,1770.22,0.0,0.005,True,within declared rounding tolerance
menu_item_performance,item_name,{'menu_item_id': 'M0044'},Spicy Rice 3,Spicy Rice 3,,0.0,True,exact categorical/dimension match
menu_item_performance,category_name,{'menu_item_id': 'M0044'},Rice,Rice,,0.0,True,exact categorical/dimension match
menu_item_performance,order_count,{'menu_item_id': 'M0044'},14296,14296,0.0,0.0,True,within declared rounding tolerance
menu_item_performance,units_sold,{'menu_item_id': 'M0044'},22361,22361,0.0,0.0,True,within declared rounding tolerance
menu_item_performance,gross_sales,{'menu_item_id': 'M0044'},7952386.5,7952386.5,0.0,0.005,True,within declared rounding tolerance
menu_item_performance,avg_unit_price,{'menu_item_id': 'M0044'},360.07,360.07,0.0,0.005,True,within declared rounding tolerance
menu_item_performance,item_name,{'menu_item_id': 'M0045'},House Coffee & Tea 3,House Coffee & Tea 3,,0.0,True,exact categorical/dimension match
menu_item_performance,category_name,{'menu_item_id': 'M0045'},Coffee & Tea,Coffee & Tea,,0.0,True,exact categorical/dimension match
menu_item_performance,order_count,{'menu_item_id': 'M0045'},14151,14151,0.0,0.0,True,within declared rounding tolerance
menu_item_performance,units_sold,{'menu_item_id': 'M0045'},22096,22096,0.0,0.0,True,within declared rounding tolerance
menu_item_performance,gross_sales,{'menu_item_id': 'M0045'},23573003.4,23573003.4,0.0,0.005,True,within declared rounding tolerance
menu_item_performance,avg_unit_price,{'menu_item_id': 'M0045'},1080.29,1080.29,0.0,0.005,True,within declared rounding tolerance
menu_item_performance,item_name,{'menu_item_id': 'M0046'},Double Burger 4,Double Burger 4,,0.0,True,exact categorical/dimension match
menu_item_performance,category_name,{'menu_item_id': 'M0046'},Burgers,Burgers,,0.0,True,exact categorical/dimension match
menu_item_performance,order_count,{'menu_item_id': 'M0046'},14045,14045,0.0,0.0,True,within declared rounding tolerance
menu_item_performance,units_sold,{'menu_item_id': 'M0046'},22047,22047,0.0,0.0,True,within declared rounding tolerance
menu_item_performance,gross_sales,{'menu_item_id': 'M0046'},35702615.5,35702615.5,0.0,0.005,True,within declared rounding tolerance
menu_item_performance,avg_unit_price,{'menu_item_id': 'M0046'},1639.25,1639.25,0.0,0.005,True,within declared rounding tolerance
menu_item_performance,item_name,{'menu_item_id': 'M0047'},Smoky Pizza 4,Smoky Pizza 4,,0.0,True,exact categorical/dimension match
menu_item_performance,category_name,{'menu_item_id': 'M0047'},Pizza,Pizza,,0.0,True,exact categorical/dimension match
menu_item_performance,order_count,{'menu_item_id': 'M0047'},13826,13826,0.0,0.0,True,within declared rounding tolerance
menu_item_performance,units_sold,{'menu_item_id': 'M0047'},21526,21526,0.0,0.0,True,within declared rounding tolerance
menu_item_performance,gross_sales,{'menu_item_id': 'M0047'},34233285.06,34233285.06,0.0,0.005,True,within declared rounding tolerance
menu_item_performance,avg_unit_price,{'menu_item_id': 'M0047'},1610.47,1610.47,0.0,0.005,True,within declared rounding tolerance
menu_item_performance,item_name,{'menu_item_id': 'M0048'},Royal Pakistani 4,Royal Pakistani 4,,0.0,True,exact categorical/dimension match
menu_item_performance,category_name,{'menu_item_id': 'M0048'},Pakistani,Pakistani,,0.0,True,exact categorical/dimension match
menu_item_performance,order_count,{'menu_item_id': 'M0048'},13503,13503,0.0,0.0,True,within declared rounding tolerance
menu_item_performance,units_sold,{'menu_item_id': 'M0048'},21126,21126,0.0,0.0,True,within declared rounding tolerance
menu_item_performance,gross_sales,{'menu_item_id': 'M0048'},33004623.95,33004623.95,0.0,0.005,True,within declared rounding tolerance
menu_item_performance,avg_unit_price,{'menu_item_id': 'M0048'},1580.84,1580.84,0.0,0.005,True,within declared rounding tolerance
menu_item_performance,item_name,{'menu_item_id': 'M0049'},Special BBQ 4,Special BBQ 4,,0.0,True,exact categorical/dimension match
menu_item_performance,category_name,{'menu_item_id': 'M0049'},BBQ,BBQ,,0.0,True,exact categorical/dimension match
menu_item_performance,order_count,{'menu_item_id': 'M0049'},13377,13377,0.0,0.0,True,within declared rounding tolerance
menu_item_performance,units_sold,{'menu_item_id': 'M0049'},20950,20950,0.0,0.0,True,within declared rounding tolerance
menu_item_performance,gross_sales,{'menu_item_id': 'M0049'},30005375.58,30005375.58,0.0,0.005,True,within declared rounding tolerance
menu_item_performance,avg_unit_price,{'menu_item_id': 'M0049'},1450.51,1450.51,0.0,0.005,True,within declared rounding tolerance
menu_item_performance,item_name,{'menu_item_id': 'M0050'},Grilled Beverage 4,Grilled Beverage 4,,0.0,True,exact categorical/dimension match
menu_item_performance,category_name,{'menu_item_id': 'M0050'},Beverages,Beverages,,0.0,True,exact categorical/dimension match
menu_item_performance,order_count,{'menu_item_id': 'M0050'},12970,12970,0.0,0.0,True,within declared rounding tolerance
menu_item_performance,units_sold,{'menu_item_id': 'M0050'},20298,20298,0.0,0.0,True,within declared rounding tolerance
menu_item_performance,gross_sales,{'menu_item_id': 'M0050'},16037544.0,16037544.0,0.0,0.005,True,within declared rounding tolerance
menu_item_performance,avg_unit_price,{'menu_item_id': 'M0050'},799.65,799.65,0.0,0.005,True,within declared rounding tolerance
menu_item_performance,item_name,{'menu_item_id': 'M0051'},Tandoori Dessert 4,Tandoori Dessert 4,,0.0,True,exact categorical/dimension match
menu_item_performance,category_name,{'menu_item_id': 'M0051'},Desserts,Desserts,,0.0,True,exact categorical/dimension match
menu_item_performance,order_count,{'menu_item_id': 'M0051'},12870,12870,0.0,0.0,True,within declared rounding tolerance
menu_item_performance,units_sold,{'menu_item_id': 'M0051'},20152,20152,0.0,0.0,True,within declared rounding tolerance
menu_item_performance,gross_sales,{'menu_item_id': 'M0051'},14912435.55,14912435.55,0.0,0.005,True,within declared rounding tolerance
menu_item_performance,avg_unit_price,{'menu_item_id': 'M0051'},749.61,749.61,0.0,0.005,True,within declared rounding tolerance
menu_item_performance,item_name,{'menu_item_id': 'M0052'},Fiery Chinese 4,Fiery Chinese 4,,0.0,True,exact categorical/dimension match
menu_item_performance,category_name,{'menu_item_id': 'M0052'},Chinese,Chinese,,0.0,True,exact categorical/dimension match
menu_item_performance,order_count,{'menu_item_id': 'M0052'},12848,12848,0.0,0.0,True,within declared rounding tolerance
menu_item_performance,units_sold,{'menu_item_id': 'M0052'},20110,20110,0.0,0.0,True,within declared rounding tolerance
menu_item_performance,gross_sales,{'menu_item_id': 'M0052'},14106232.06,14106232.06,0.0,0.005,True,within declared rounding tolerance
menu_item_performance,avg_unit_price,{'menu_item_id': 'M0052'},710.1,710.1,0.0,0.005,True,within declared rounding tolerance
menu_item_performance,item_name,{'menu_item_id': 'M0053'},Crispy Fast Food 4,Crispy Fast Food 4,,0.0,True,exact categorical/dimension match
menu_item_performance,category_name,{'menu_item_id': 'M0053'},Fast Food,Fast Food,,0.0,True,exact categorical/dimension match
menu_item_performance,order_count,{'menu_item_id': 'M0053'},12486,12486,0.0,0.0,True,within declared rounding tolerance
menu_item_performance,units_sold,{'menu_item_id': 'M0053'},19424,19424,0.0,0.0,True,within declared rounding tolerance
menu_item_performance,gross_sales,{'menu_item_id': 'M0053'},33955409.9,33955409.9,0.0,0.005,True,within declared rounding tolerance
menu_item_performance,avg_unit_price,{'menu_item_id': 'M0053'},1769.5,1769.5,0.0,0.005,True,within declared rounding tolerance
menu_item_performance,item_name,{'menu_item_id': 'M0054'},Masala Breakfast 4,Masala Breakfast 4,,0.0,True,exact categorical/dimension match
menu_item_performance,category_name,{'menu_item_id': 'M0054'},Breakfast,Breakfast,,0.0,True,exact categorical/dimension match
menu_item_performance,order_count,{'menu_item_id': 'M0054'},12466,12466,0.0,0.0,True,within declared rounding tolerance
menu_item_performance,units_sold,{'menu_item_id': 'M0054'},19547,19547,0.0,0.0,True,within declared rounding tolerance
menu_item_performance,gross_sales,{'menu_item_id': 'M0054'},21615333.6,21615333.6,0.0,0.005,True,within declared rounding tolerance
menu_item_performance,avg_unit_price,{'menu_item_id': 'M0054'},1120.11,1120.11,0.0,0.005,True,within declared rounding tolerance
menu_item_performance,item_name,{'menu_item_id': 'M0055'},Herb Salad 4,Herb Salad 4,,0.0,True,exact categorical/dimension match
menu_item_performance,category_name,{'menu_item_id': 'M0055'},Salads,Salads,,0.0,True,exact categorical/dimension match
menu_item_performance,order_count,{'menu_item_id': 'M0055'},12198,12198,0.0,0.0,True,within declared rounding tolerance
menu_item_performance,units_sold,{'menu_item_id': 'M0055'},19002,19002,0.0,0.0,True,within declared rounding tolerance
menu_item_performance,gross_sales,{'menu_item_id': 'M0055'},16706246.24,16706246.24,0.0,0.005,True,within declared rounding tolerance
menu_item_performance,avg_unit_price,{'menu_item_id': 'M0055'},889.79,889.79,0.0,0.005,True,within declared rounding tolerance
menu_item_performance,item_name,{'menu_item_id': 'M0056'},Cheesy Pasta 4,Cheesy Pasta 4,,0.0,True,exact categorical/dimension match
menu_item_performance,category_name,{'menu_item_id': 'M0056'},Pasta,Pasta,,0.0,True,exact categorical/dimension match
menu_item_performance,order_count,{'menu_item_id': 'M0056'},11957,11957,0.0,0.0,True,within declared rounding tolerance
menu_item_performance,units_sold,{'menu_item_id': 'M0056'},18714,18714,0.0,0.0,True,within declared rounding tolerance
menu_item_performance,gross_sales,{'menu_item_id': 'M0056'},4615156.21,4615156.21,0.0,0.005,True,within declared rounding tolerance
menu_item_performance,avg_unit_price,{'menu_item_id': 'M0056'},249.96,249.96,0.0,0.005,True,within declared rounding tolerance
menu_item_performance,item_name,{'menu_item_id': 'M0057'},Creamy Seafood 4,Creamy Seafood 4,,0.0,True,exact categorical/dimension match
menu_item_performance,category_name,{'menu_item_id': 'M0057'},Seafood,Seafood,,0.0,True,exact categorical/dimension match
menu_item_performance,order_count,{'menu_item_id': 'M0057'},11968,11968,0.0,0.0,True,within declared rounding tolerance
menu_item_performance,units_sold,{'menu_item_id': 'M0057'},18710,18710,0.0,0.0,True,within declared rounding tolerance
menu_item_performance,gross_sales,{'menu_item_id': 'M0057'},9243631.25,9243631.25,0.0,0.005,True,within declared rounding tolerance
menu_item_performance,avg_unit_price,{'menu_item_id': 'M0057'},499.97,499.97,0.0,0.005,True,within declared rounding tolerance
menu_item_performance,item_name,{'menu_item_id': 'M0058'},Deluxe Sandwiche 4,Deluxe Sandwiche 4,,0.0,True,exact categorical/dimension match
menu_item_performance,category_name,{'menu_item_id': 'M0058'},Sandwiches,Sandwiches,,0.0,True,exact categorical/dimension match
menu_item_performance,order_count,{'menu_item_id': 'M0058'},11712,11712,0.0,0.0,True,within declared rounding tolerance
menu_item_performance,units_sold,{'menu_item_id': 'M0058'},18396,18396,0.0,0.0,True,within declared rounding tolerance
menu_item_performance,gross_sales,{'menu_item_id': 'M0058'},24538102.88,24538102.88,0.0,0.005,True,within declared rounding tolerance
menu_item_performance,avg_unit_price,{'menu_item_id': 'M0058'},1350.21,1350.21,0.0,0.005,True,within declared rounding tolerance
menu_item_performance,item_name,{'menu_item_id': 'M0059'},Supreme Rice 4,Supreme Rice 4,,0.0,True,exact categorical/dimension match
menu_item_performance,category_name,{'menu_item_id': 'M0059'},Rice,Rice,,0.0,True,exact categorical/dimension match
menu_item_performance,order_count,{'menu_item_id': 'M0059'},11763,11763,0.0,0.0,True,within declared rounding tolerance
menu_item_performance,units_sold,{'menu_item_id': 'M0059'},18312,18312,0.0,0.0,True,within declared rounding tolerance
menu_item_performance,gross_sales,{'menu_item_id': 'M0059'},11931488.25,11931488.25,0.0,0.005,True,within declared rounding tolerance
menu_item_performance,avg_unit_price,{'menu_item_id': 'M0059'},659.76,659.76,0.0,0.005,True,within declared rounding tolerance
menu_item_performance,item_name,{'menu_item_id': 'M0060'},Loaded Coffee & Tea 4,Loaded Coffee & Tea 4,,0.0,True,exact categorical/dimension match
menu_item_performance,category_name,{'menu_item_id': 'M0060'},Coffee & Tea,Coffee & Tea,,0.0,True,exact categorical/dimension match
menu_item_performance,order_count,{'menu_item_id': 'M0060'},11663,11663,0.0,0.0,True,within declared rounding tolerance
menu_item_performance,units_sold,{'menu_item_id': 'M0060'},18164,18164,0.0,0.0,True,within declared rounding tolerance
menu_item_performance,gross_sales,{'menu_item_id': 'M0060'},21190145.0,21190145.0,0.0,0.005,True,within declared rounding tolerance
menu_item_performance,avg_unit_price,{'menu_item_id': 'M0060'},1180.47,1180.47,0.0,0.005,True,within declared rounding tolerance
menu_item_performance,item_name,{'menu_item_id': 'M0061'},Classic Burger 5,Classic Burger 5,,0.0,True,exact categorical/dimension match
menu_item_performance,category_name,{'menu_item_id': 'M0061'},Burgers,Burgers,,0.0,True,exact categorical/dimension match
menu_item_performance,order_count,{'menu_item_id': 'M0061'},11415,11415,0.0,0.0,True,within declared rounding tolerance
menu_item_performance,units_sold,{'menu_item_id': 'M0061'},17845,17845,0.0,0.0,True,within declared rounding tolerance
menu_item_performance,gross_sales,{'menu_item_id': 'M0061'},15514483.6,15514483.6,0.0,0.005,True,within declared rounding tolerance
menu_item_performance,avg_unit_price,{'menu_item_id': 'M0061'},879.92,879.92,0.0,0.005,True,within declared rounding tolerance
menu_item_performance,item_name,{'menu_item_id': 'M0062'},Signature Pizza 5,Signature Pizza 5,,0.0,True,exact categorical/dimension match
menu_item_performance,category_name,{'menu_item_id': 'M0062'},Pizza,Pizza,,0.0,True,exact categorical/dimension match
menu_item_performance,order_count,{'menu_item_id': 'M0062'},11203,11203,0.0,0.0,True,within declared rounding tolerance
menu_item_performance,units_sold,{'menu_item_id': 'M0062'},17540,17540,0.0,0.0,True,within declared rounding tolerance
menu_item_performance,gross_sales,{'menu_item_id': 'M0062'},17505627.98,17505627.98,0.0,0.005,True,within declared rounding tolerance
menu_item_performance,avg_unit_price,{'menu_item_id': 'M0062'},1010.27,1010.27,0.0,0.005,True,within declared rounding tolerance
menu_item_performance,item_name,{'menu_item_id': 'M0063'},Fresh Pakistani 5,Fresh Pakistani 5,,0.0,True,exact categorical/dimension match
menu_item_performance,category_name,{'menu_item_id': 'M0063'},Pakistani,Pakistani,,0.0,True,exact categorical/dimension match
menu_item_performance,order_count,{'menu_item_id': 'M0063'},11008,11008,0.0,0.0,True,within declared rounding tolerance
menu_item_performance,units_sold,{'menu_item_id': 'M0063'},17319,17319,0.0,0.0,True,within declared rounding tolerance
menu_item_performance,gross_sales,{'menu_item_id': 'M0063'},20699191.14,20699191.14,0.0,0.005,True,within declared rounding tolerance
menu_item_performance,avg_unit_price,{'menu_item_id': 'M0063'},1210.4,1210.4,0.0,0.005,True,within declared rounding tolerance
menu_item_performance,item_name,{'menu_item_id': 'M0064'},Spicy BBQ 5,Spicy BBQ 5,,0.0,True,exact categorical/dimension match
menu_item_performance,category_name,{'menu_item_id': 'M0064'},BBQ,BBQ,,0.0,True,exact categorical/dimension match
menu_item_performance,order_count,{'menu_item_id': 'M0064'},11018,11018,0.0,0.0,True,within declared rounding tolerance
menu_item_performance,units_sold,{'menu_item_id': 'M0064'},17069,17069,0.0,0.0,True,within declared rounding tolerance
menu_item_performance,gross_sales,{'menu_item_id': 'M0064'},7077665.7,7077665.7,0.0,0.005,True,within declared rounding tolerance
menu_item_performance,avg_unit_price,{'menu_item_id': 'M0064'},420.09,420.09,0.0,0.005,True,within declared rounding tolerance
menu_item_performance,item_name,{'menu_item_id': 'M0065'},House Beverage 5,House Beverage 5,,0.0,True,exact categorical/dimension match
menu_item_performance,category_name,{'menu_item_id': 'M0065'},Beverages,Beverages,,0.0,True,exact categorical/dimension match
menu_item_performance,order_count,{'menu_item_id': 'M0065'},10809,10809,0.0,0.0,True,within declared rounding tolerance
menu_item_performance,units_sold,{'menu_item_id': 'M0065'},16945,16945,0.0,0.0,True,within declared rounding tolerance
menu_item_performance,gross_sales,{'menu_item_id': 'M0065'},14232009.03,14232009.03,0.0,0.005,True,within declared rounding tolerance
menu_item_performance,avg_unit_price,{'menu_item_id': 'M0065'},849.93,849.93,0.0,0.005,True,within declared rounding tolerance
menu_item_performance,item_name,{'menu_item_id': 'M0066'},Double Dessert 5,Double Dessert 5,,0.0,True,exact categorical/dimension match
menu_item_performance,category_name,{'menu_item_id': 'M0066'},Desserts,Desserts,,0.0,True,exact categorical/dimension match
menu_item_performance,order_count,{'menu_item_id': 'M0066'},10727,10727,0.0,0.0,True,within declared rounding tolerance
menu_item_performance,units_sold,{'menu_item_id': 'M0066'},16856,16856,0.0,0.0,True,within declared rounding tolerance
menu_item_performance,gross_sales,{'menu_item_id': 'M0066'},9654452.35,9654452.35,0.0,0.005,True,within declared rounding tolerance
menu_item_performance,avg_unit_price,{'menu_item_id': 'M0066'},579.88,579.88,0.0,0.005,True,within declared rounding tolerance
menu_item_performance,item_name,{'menu_item_id': 'M0067'},Smoky Chinese 5,Smoky Chinese 5,,0.0,True,exact categorical/dimension match
menu_item_performance,category_name,{'menu_item_id': 'M0067'},Chinese,Chinese,,0.0,True,exact categorical/dimension match
menu_item_performance,order_count,{'menu_item_id': 'M0067'},10764,10764,0.0,0.0,True,within declared rounding tolerance
menu_item_performance,units_sold,{'menu_item_id': 'M0067'},16878,16878,0.0,0.0,True,within declared rounding tolerance
menu_item_performance,gross_sales,{'menu_item_id': 'M0067'},24001797.6,24001797.6,0.0,0.005,True,within declared rounding tolerance
menu_item_performance,avg_unit_price,{'menu_item_id': 'M0067'},1440.46,1440.46,0.0,0.005,True,within declared rounding tolerance
menu_item_performance,item_name,{'menu_item_id': 'M0068'},Royal Fast Food 5,Royal Fast Food 5,,0.0,True,exact categorical/dimension match
menu_item_performance,category_name,{'menu_item_id': 'M0068'},Fast Food,Fast Food,,0.0,True,exact categorical/dimension match
menu_item_performance,order_count,{'menu_item_id': 'M0068'},10531,10531,0.0,0.0,True,within declared rounding tolerance
menu_item_performance,units_sold,{'menu_item_id': 'M0068'},16391,16391,0.0,0.0,True,within declared rounding tolerance
menu_item_performance,gross_sales,{'menu_item_id': 'M0068'},14900338.4,14900338.4,0.0,0.005,True,within declared rounding tolerance
menu_item_performance,avg_unit_price,{'menu_item_id': 'M0068'},920.2,920.2,0.0,0.005,True,within declared rounding tolerance
menu_item_performance,item_name,{'menu_item_id': 'M0069'},Special Breakfast 5,Special Breakfast 5,,0.0,True,exact categorical/dimension match
menu_item_performance,category_name,{'menu_item_id': 'M0069'},Breakfast,Breakfast,,0.0,True,exact categorical/dimension match
menu_item_performance,order_count,{'menu_item_id': 'M0069'},10506,10506,0.0,0.0,True,within declared rounding tolerance
menu_item_performance,units_sold,{'menu_item_id': 'M0069'},16435,16435,0.0,0.0,True,within declared rounding tolerance
menu_item_performance,gross_sales,{'menu_item_id': 'M0069'},18989351.57,18989351.57,0.0,0.005,True,within declared rounding tolerance
menu_item_performance,avg_unit_price,{'menu_item_id': 'M0069'},1169.91,1169.91,0.0,0.005,True,within declared rounding tolerance
menu_item_performance,item_name,{'menu_item_id': 'M0070'},Grilled Salad 5,Grilled Salad 5,,0.0,True,exact categorical/dimension match
menu_item_performance,category_name,{'menu_item_id': 'M0070'},Salads,Salads,,0.0,True,exact categorical/dimension match
menu_item_performance,order_count,{'menu_item_id': 'M0070'},10495,10495,0.0,0.0,True,within declared rounding tolerance
menu_item_performance,units_sold,{'menu_item_id': 'M0070'},16318,16318,0.0,0.0,True,within declared rounding tolerance
menu_item_performance,gross_sales,{'menu_item_id': 'M0070'},26258994.23,26258994.23,0.0,0.005,True,within declared rounding tolerance
menu_item_performance,avg_unit_price,{'menu_item_id': 'M0070'},1629.81,1629.81,0.0,0.005,True,within declared rounding tolerance
menu_item_performance,item_name,{'menu_item_id': 'M0071'},Tandoori Pasta 5,Tandoori Pasta 5,,0.0,True,exact categorical/dimension match
menu_item_performance,category_name,{'menu_item_id': 'M0071'},Pasta,Pasta,,0.0,True,exact categorical/dimension match
menu_item_performance,order_count,{'menu_item_id': 'M0071'},10304,10304,0.0,0.0,True,within declared rounding tolerance
menu_item_performance,units_sold,{'menu_item_id': 'M0071'},15974,15974,0.0,0.0,True,within declared rounding tolerance
menu_item_performance,gross_sales,{'menu_item_id': 'M0071'},9933751.86,9933751.86,0.0,0.005,True,within declared rounding tolerance
menu_item_performance,avg_unit_price,{'menu_item_id': 'M0071'},629.8,629.8,0.0,0.005,True,within declared rounding tolerance
menu_item_performance,item_name,{'menu_item_id': 'M0072'},Fiery Seafood 5,Fiery Seafood 5,,0.0,True,exact categorical/dimension match
menu_item_performance,category_name,{'menu_item_id': 'M0072'},Seafood,Seafood,,0.0,True,exact categorical/dimension match
menu_item_performance,order_count,{'menu_item_id': 'M0072'},10121,10121,0.0,0.0,True,within declared rounding tolerance
menu_item_performance,units_sold,{'menu_item_id': 'M0072'},15768,15768,0.0,0.0,True,within declared rounding tolerance
menu_item_performance,gross_sales,{'menu_item_id': 'M0072'},20881008.95,20881008.95,0.0,0.005,True,within declared rounding tolerance
menu_item_performance,avg_unit_price,{'menu_item_id': 'M0072'},1340.45,1340.45,0.0,0.005,True,within declared rounding tolerance
menu_item_performance,item_name,{'menu_item_id': 'M0073'},Crispy Sandwiche 5,Crispy Sandwiche 5,,0.0,True,exact categorical/dimension match
menu_item_performance,category_name,{'menu_item_id': 'M0073'},Sandwiches,Sandwiches,,0.0,True,exact categorical/dimension match
menu_item_performance,order_count,{'menu_item_id': 'M0073'},10063,10063,0.0,0.0,True,within declared rounding tolerance
menu_item_performance,units_sold,{'menu_item_id': 'M0073'},15728,15728,0.0,0.0,True,within declared rounding tolerance
menu_item_performance,gross_sales,{'menu_item_id': 'M0073'},6515787.6,6515787.6,0.0,0.005,True,within declared rounding tolerance
menu_item_performance,avg_unit_price,{'menu_item_id': 'M0073'},419.89,419.89,0.0,0.005,True,within declared rounding tolerance
menu_item_performance,item_name,{'menu_item_id': 'M0074'},Masala Rice 5,Masala Rice 5,,0.0,True,exact categorical/dimension match
menu_item_performance,category_name,{'menu_item_id': 'M0074'},Rice,Rice,,0.0,True,exact categorical/dimension match
menu_item_performance,order_count,{'menu_item_id': 'M0074'},9886,9886,0.0,0.0,True,within declared rounding tolerance
menu_item_performance,units_sold,{'menu_item_id': 'M0074'},15677,15677,0.0,0.0,True,within declared rounding tolerance
menu_item_performance,gross_sales,{'menu_item_id': 'M0074'},11147731.2,11147731.2,0.0,0.005,True,within declared rounding tolerance
menu_item_performance,avg_unit_price,{'menu_item_id': 'M0074'},720.09,720.09,0.0,0.005,True,within declared rounding tolerance
menu_item_performance,item_name,{'menu_item_id': 'M0075'},Herb Coffee & Tea 5,Herb Coffee & Tea 5,,0.0,True,exact categorical/dimension match
menu_item_performance,category_name,{'menu_item_id': 'M0075'},Coffee & Tea,Coffee & Tea,,0.0,True,exact categorical/dimension match
menu_item_performance,order_count,{'menu_item_id': 'M0075'},9776,9776,0.0,0.0,True,within declared rounding tolerance
menu_item_performance,units_sold,{'menu_item_id': 'M0075'},15164,15164,0.0,0.0,True,within declared rounding tolerance
menu_item_performance,gross_sales,{'menu_item_id': 'M0075'},25602957.46,25602957.46,0.0,0.005,True,within declared rounding tolerance
menu_item_performance,avg_unit_price,{'menu_item_id': 'M0075'},1709.44,1709.44,0.0,0.005,True,within declared rounding tolerance
menu_item_performance,item_name,{'menu_item_id': 'M0076'},Cheesy Burger 6,Cheesy Burger 6,,0.0,True,exact categorical/dimension match
menu_item_performance,category_name,{'menu_item_id': 'M0076'},Burgers,Burgers,,0.0,True,exact categorical/dimension match
menu_item_performance,order_count,{'menu_item_id': 'M0076'},9747,9747,0.0,0.0,True,within declared rounding tolerance
menu_item_performance,units_sold,{'menu_item_id': 'M0076'},15235,15235,0.0,0.0,True,within declared rounding tolerance
menu_item_performance,gross_sales,{'menu_item_id': 'M0076'},9928063.2,9928063.2,0.0,0.005,True,within declared rounding tolerance
menu_item_performance,avg_unit_price,{'menu_item_id': 'M0076'},660.0,660.0,0.0,0.005,True,within declared rounding tolerance
menu_item_performance,item_name,{'menu_item_id': 'M0077'},Creamy Pizza 6,Creamy Pizza 6,,0.0,True,exact categorical/dimension match
menu_item_performance,category_name,{'menu_item_id': 'M0077'},Pizza,Pizza,,0.0,True,exact categorical/dimension match
menu_item_performance,order_count,{'menu_item_id': 'M0077'},9448,9448,0.0,0.0,True,within declared rounding tolerance
menu_item_performance,units_sold,{'menu_item_id': 'M0077'},14675,14675,0.0,0.0,True,within declared rounding tolerance
menu_item_performance,gross_sales,{'menu_item_id': 'M0077'},23638838.64,23638838.64,0.0,0.005,True,within declared rounding tolerance
menu_item_performance,avg_unit_price,{'menu_item_id': 'M0077'},1630.45,1630.45,0.0,0.005,True,within declared rounding tolerance
menu_item_performance,item_name,{'menu_item_id': 'M0078'},Deluxe Pakistani 6,Deluxe Pakistani 6,,0.0,True,exact categorical/dimension match
menu_item_performance,category_name,{'menu_item_id': 'M0078'},Pakistani,Pakistani,,0.0,True,exact categorical/dimension match
menu_item_performance,order_count,{'menu_item_id': 'M0078'},9549,9549,0.0,0.0,True,within declared rounding tolerance
menu_item_performance,units_sold,{'menu_item_id': 'M0078'},14893,14893,0.0,0.0,True,within declared rounding tolerance
menu_item_performance,gross_sales,{'menu_item_id': 'M0078'},18525795.75,18525795.75,0.0,0.005,True,within declared rounding tolerance
menu_item_performance,avg_unit_price,{'menu_item_id': 'M0078'},1259.95,1259.95,0.0,0.005,True,within declared rounding tolerance
menu_item_performance,item_name,{'menu_item_id': 'M0079'},Supreme BBQ 6,Supreme BBQ 6,,0.0,True,exact categorical/dimension match
menu_item_performance,category_name,{'menu_item_id': 'M0079'},BBQ,BBQ,,0.0,True,exact categorical/dimension match
menu_item_performance,order_count,{'menu_item_id': 'M0079'},9397,9397,0.0,0.0,True,within declared rounding tolerance
menu_item_performance,units_sold,{'menu_item_id': 'M0079'},14658,14658,0.0,0.0,True,within declared rounding tolerance
menu_item_performance,gross_sales,{'menu_item_id': 'M0079'},15211384.09,15211384.09,0.0,0.005,True,within declared rounding tolerance
menu_item_performance,avg_unit_price,{'menu_item_id': 'M0079'},1050.08,1050.08,0.0,0.005,True,within declared rounding tolerance
menu_item_performance,item_name,{'menu_item_id': 'M0080'},Loaded Beverage 6,Loaded Beverage 6,,0.0,True,exact categorical/dimension match
menu_item_performance,category_name,{'menu_item_id': 'M0080'},Beverages,Beverages,,0.0,True,exact categorical/dimension match
menu_item_performance,order_count,{'menu_item_id': 'M0080'},9404,9404,0.0,0.0,True,within declared rounding tolerance
menu_item_performance,units_sold,{'menu_item_id': 'M0080'},14735,14735,0.0,0.0,True,within declared rounding tolerance
menu_item_performance,gross_sales,{'menu_item_id': 'M0080'},12667243.43,12667243.43,0.0,0.005,True,within declared rounding tolerance
menu_item_performance,avg_unit_price,{'menu_item_id': 'M0080'},869.38,869.38,0.0,0.005,True,within declared rounding tolerance
menu_item_performance,item_name,{'menu_item_id': 'M0081'},Classic Dessert 6,Classic Dessert 6,,0.0,True,exact categorical/dimension match
menu_item_performance,category_name,{'menu_item_id': 'M0081'},Desserts,Desserts,,0.0,True,exact categorical/dimension match
menu_item_performance,order_count,{'menu_item_id': 'M0081'},9155,9155,0.0,0.0,True,within declared rounding tolerance
menu_item_performance,units_sold,{'menu_item_id': 'M0081'},14362,14362,0.0,0.0,True,within declared rounding tolerance
menu_item_performance,gross_sales,{'menu_item_id': 'M0081'},13044459.2,13044459.2,0.0,0.005,True,within declared rounding tolerance
menu_item_performance,avg_unit_price,{'menu_item_id': 'M0081'},919.8,919.8,0.0,0.005,True,within declared rounding tolerance
menu_item_performance,item_name,{'menu_item_id': 'M0082'},Signature Chinese 6,Signature Chinese 6,,0.0,True,exact categorical/dimension match
menu_item_performance,category_name,{'menu_item_id': 'M0082'},Chinese,Chinese,,0.0,True,exact categorical/dimension match
menu_item_performance,order_count,{'menu_item_id': 'M0082'},9172,9172,0.0,0.0,True,within declared rounding tolerance
menu_item_performance,units_sold,{'menu_item_id': 'M0082'},14301,14301,0.0,0.0,True,within declared rounding tolerance
menu_item_performance,gross_sales,{'menu_item_id': 'M0082'},8338571.77,8338571.77,0.0,0.005,True,within declared rounding tolerance
menu_item_performance,avg_unit_price,{'menu_item_id': 'M0082'},590.2,590.2,0.0,0.005,True,within declared rounding tolerance
menu_item_performance,item_name,{'menu_item_id': 'M0083'},Fresh Fast Food 6,Fresh Fast Food 6,,0.0,True,exact categorical/dimension match
menu_item_performance,category_name,{'menu_item_id': 'M0083'},Fast Food,Fast Food,,0.0,True,exact categorical/dimension match
menu_item_performance,order_count,{'menu_item_id': 'M0083'},9076,9076,0.0,0.0,True,within declared rounding tolerance
menu_item_performance,units_sold,{'menu_item_id': 'M0083'},14112,14112,0.0,0.0,True,within declared rounding tolerance
menu_item_performance,gross_sales,{'menu_item_id': 'M0083'},7525147.05,7525147.05,0.0,0.005,True,within declared rounding tolerance
menu_item_performance,avg_unit_price,{'menu_item_id': 'M0083'},540.03,540.03,0.0,0.005,True,within declared rounding tolerance
menu_item_performance,item_name,{'menu_item_id': 'M0084'},Spicy Breakfast 6,Spicy Breakfast 6,,0.0,True,exact categorical/dimension match
menu_item_performance,category_name,{'menu_item_id': 'M0084'},Breakfast,Breakfast,,0.0,True,exact categorical/dimension match
menu_item_performance,order_count,{'menu_item_id': 'M0084'},9151,9151,0.0,0.0,True,within declared rounding tolerance
menu_item_performance,units_sold,{'menu_item_id': 'M0084'},14431,14431,0.0,0.0,True,within declared rounding tolerance
menu_item_performance,gross_sales,{'menu_item_id': 'M0084'},21974460.2,21974460.2,0.0,0.005,True,within declared rounding tolerance
menu_item_performance,avg_unit_price,{'menu_item_id': 'M0084'},1540.04,1540.04,0.0,0.005,True,within declared rounding tolerance
menu_item_performance,item_name,{'menu_item_id': 'M0085'},House Salad 6,House Salad 6,,0.0,True,exact categorical/dimension match
menu_item_performance,category_name,{'menu_item_id': 'M0085'},Salads,Salads,,0.0,True,exact categorical/dimension match
menu_item_performance,order_count,{'menu_item_id': 'M0085'},9019,9019,0.0,0.0,True,within declared rounding tolerance
menu_item_performance,units_sold,{'menu_item_id': 'M0085'},14002,14002,0.0,0.0,True,within declared rounding tolerance
menu_item_performance,gross_sales,{'menu_item_id': 'M0085'},23802908.0,23802908.0,0.0,0.005,True,within declared rounding tolerance
menu_item_performance,avg_unit_price,{'menu_item_id': 'M0085'},1719.09,1719.09,0.0,0.005,True,within declared rounding tolerance
menu_item_performance,item_name,{'menu_item_id': 'M0086'},Double Pasta 6,Double Pasta 6,,0.0,True,exact categorical/dimension match
menu_item_performance,category_name,{'menu_item_id': 'M0086'},Pasta,Pasta,,0.0,True,exact categorical/dimension match
menu_item_performance,order_count,{'menu_item_id': 'M0086'},8812,8812,0.0,0.0,True,within declared rounding tolerance
menu_item_performance,units_sold,{'menu_item_id': 'M0086'},13821,13821,0.0,0.0,True,within declared rounding tolerance
menu_item_performance,gross_sales,{'menu_item_id': 'M0086'},23768717.55,23768717.55,0.0,0.005,True,within declared rounding tolerance
menu_item_performance,avg_unit_price,{'menu_item_id': 'M0086'},1739.88,1739.88,0.0,0.005,True,within declared rounding tolerance
menu_item_performance,item_name,{'menu_item_id': 'M0087'},Smoky Seafood 6,Smoky Seafood 6,,0.0,True,exact categorical/dimension match
menu_item_performance,category_name,{'menu_item_id': 'M0087'},Seafood,Seafood,,0.0,True,exact categorical/dimension match
menu_item_performance,order_count,{'menu_item_id': 'M0087'},8869,8869,0.0,0.0,True,within declared rounding tolerance
menu_item_performance,units_sold,{'menu_item_id': 'M0087'},13833,13833,0.0,0.0,True,within declared rounding tolerance
menu_item_performance,gross_sales,{'menu_item_id': 'M0087'},22972366.2,22972366.2,0.0,0.005,True,within declared rounding tolerance
menu_item_performance,avg_unit_price,{'menu_item_id': 'M0087'},1680.47,1680.47,0.0,0.005,True,within declared rounding tolerance
menu_item_performance,item_name,{'menu_item_id': 'M0088'},Royal Sandwiche 6,Royal Sandwiche 6,,0.0,True,exact categorical/dimension match
menu_item_performance,category_name,{'menu_item_id': 'M0088'},Sandwiches,Sandwiches,,0.0,True,exact categorical/dimension match
menu_item_performance,order_count,{'menu_item_id': 'M0088'},8764,8764,0.0,0.0,True,within declared rounding tolerance
menu_item_performance,units_sold,{'menu_item_id': 'M0088'},13644,13644,0.0,0.0,True,within declared rounding tolerance
menu_item_performance,gross_sales,{'menu_item_id': 'M0088'},15342638.7,15342638.7,0.0,0.005,True,within declared rounding tolerance
menu_item_performance,avg_unit_price,{'menu_item_id': 'M0088'},1139.59,1139.59,0.0,0.005,True,within declared rounding tolerance
menu_item_performance,item_name,{'menu_item_id': 'M0089'},Special Rice 6,Special Rice 6,,0.0,True,exact categorical/dimension match
menu_item_performance,category_name,{'menu_item_id': 'M0089'},Rice,Rice,,0.0,True,exact categorical/dimension match
menu_item_performance,order_count,{'menu_item_id': 'M0089'},8694,8694,0.0,0.0,True,within declared rounding tolerance
menu_item_performance,units_sold,{'menu_item_id': 'M0089'},13442,13442,0.0,0.0,True,within declared rounding tolerance
menu_item_performance,gross_sales,{'menu_item_id': 'M0089'},15268023.95,15268023.95,0.0,0.005,True,within declared rounding tolerance
menu_item_performance,avg_unit_price,{'menu_item_id': 'M0089'},1150.25,1150.25,0.0,0.005,True,within declared rounding tolerance
menu_item_performance,item_name,{'menu_item_id': 'M0090'},Grilled Coffee & Tea 6,Grilled Coffee & Tea 6,,0.0,True,exact categorical/dimension match
menu_item_performance,category_name,{'menu_item_id': 'M0090'},Coffee & Tea,Coffee & Tea,,0.0,True,exact categorical/dimension match
menu_item_performance,order_count,{'menu_item_id': 'M0090'},8715,8715,0.0,0.0,True,within declared rounding tolerance
menu_item_performance,units_sold,{'menu_item_id': 'M0090'},13511,13511,0.0,0.0,True,within declared rounding tolerance
menu_item_performance,gross_sales,{'menu_item_id': 'M0090'},16678731.3,16678731.3,0.0,0.005,True,within declared rounding tolerance
menu_item_performance,avg_unit_price,{'menu_item_id': 'M0090'},1249.47,1249.47,0.0,0.005,True,within declared rounding tolerance
menu_item_performance,item_name,{'menu_item_id': 'M0091'},Tandoori Burger 7,Tandoori Burger 7,,0.0,True,exact categorical/dimension match
menu_item_performance,category_name,{'menu_item_id': 'M0091'},Burgers,Burgers,,0.0,True,exact categorical/dimension match
menu_item_performance,order_count,{'menu_item_id': 'M0091'},8487,8487,0.0,0.0,True,within declared rounding tolerance
menu_item_performance,units_sold,{'menu_item_id': 'M0091'},13186,13186,0.0,0.0,True,within declared rounding tolerance
menu_item_performance,gross_sales,{'menu_item_id': 'M0091'},4557236.32,4557236.32,0.0,0.005,True,within declared rounding tolerance
menu_item_performance,avg_unit_price,{'menu_item_id': 'M0091'},349.9,349.9,0.0,0.005,True,within declared rounding tolerance
menu_item_performance,item_name,{'menu_item_id': 'M0092'},Fiery Pizza 7,Fiery Pizza 7,,0.0,True,exact categorical/dimension match
menu_item_performance,category_name,{'menu_item_id': 'M0092'},Pizza,Pizza,,0.0,True,exact categorical/dimension match
menu_item_performance,order_count,{'menu_item_id': 'M0092'},8401,8401,0.0,0.0,True,within declared rounding tolerance
menu_item_performance,units_sold,{'menu_item_id': 'M0092'},13086,13086,0.0,0.0,True,within declared rounding tolerance
menu_item_performance,gross_sales,{'menu_item_id': 'M0092'},11492939.84,11492939.84,0.0,0.005,True,within declared rounding tolerance
menu_item_performance,avg_unit_price,{'menu_item_id': 'M0092'},889.69,889.69,0.0,0.005,True,within declared rounding tolerance
menu_item_performance,item_name,{'menu_item_id': 'M0093'},Crispy Pakistani 7,Crispy Pakistani 7,,0.0,True,exact categorical/dimension match
menu_item_performance,category_name,{'menu_item_id': 'M0093'},Pakistani,Pakistani,,0.0,True,exact categorical/dimension match
menu_item_performance,order_count,{'menu_item_id': 'M0093'},8379,8379,0.0,0.0,True,within declared rounding tolerance
menu_item_performance,units_sold,{'menu_item_id': 'M0093'},13004,13004,0.0,0.0,True,within declared rounding tolerance
menu_item_performance,gross_sales,{'menu_item_id': 'M0093'},11946049.91,11946049.91,0.0,0.005,True,within declared rounding tolerance
menu_item_performance,avg_unit_price,{'menu_item_id': 'M0093'},930.38,930.38,0.0,0.005,True,within declared rounding tolerance
menu_item_performance,item_name,{'menu_item_id': 'M0094'},Masala BBQ 7,Masala BBQ 7,,0.0,True,exact categorical/dimension match
menu_item_performance,category_name,{'menu_item_id': 'M0094'},BBQ,BBQ,,0.0,True,exact categorical/dimension match
menu_item_performance,order_count,{'menu_item_id': 'M0094'},8309,8309,0.0,0.0,True,within declared rounding tolerance
menu_item_performance,units_sold,{'menu_item_id': 'M0094'},12869,12869,0.0,0.0,True,within declared rounding tolerance
menu_item_performance,gross_sales,{'menu_item_id': 'M0094'},8013574.78,8013574.78,0.0,0.005,True,within declared rounding tolerance
menu_item_performance,avg_unit_price,{'menu_item_id': 'M0094'},630.11,630.11,0.0,0.005,True,within declared rounding tolerance
menu_item_performance,item_name,{'menu_item_id': 'M0095'},Herb Beverage 7,Herb Beverage 7,,0.0,True,exact categorical/dimension match
menu_item_performance,category_name,{'menu_item_id': 'M0095'},Beverages,Beverages,,0.0,True,exact categorical/dimension match
menu_item_performance,order_count,{'menu_item_id': 'M0095'},8273,8273,0.0,0.0,True,within declared rounding tolerance
menu_item_performance,units_sold,{'menu_item_id': 'M0095'},12964,12964,0.0,0.0,True,within declared rounding tolerance
menu_item_performance,gross_sales,{'menu_item_id': 'M0095'},2946501.34,2946501.34,0.0,0.005,True,within declared rounding tolerance
menu_item_performance,avg_unit_price,{'menu_item_id': 'M0095'},230.02,230.02,0.0,0.005,True,within declared rounding tolerance
menu_item_performance,item_name,{'menu_item_id': 'M0096'},Cheesy Dessert 7,Cheesy Dessert 7,,0.0,True,exact categorical/dimension match
menu_item_performance,category_name,{'menu_item_id': 'M0096'},Desserts,Desserts,,0.0,True,exact categorical/dimension match
menu_item_performance,order_count,{'menu_item_id': 'M0096'},8270,8270,0.0,0.0,True,within declared rounding tolerance
menu_item_performance,units_sold,{'menu_item_id': 'M0096'},12940,12940,0.0,0.0,True,within declared rounding tolerance
menu_item_performance,gross_sales,{'menu_item_id': 'M0096'},9331033.0,9331033.0,0.0,0.005,True,within declared rounding tolerance
menu_item_performance,avg_unit_price,{'menu_item_id': 'M0096'},729.98,729.98,0.0,0.005,True,within declared rounding tolerance
menu_item_performance,item_name,{'menu_item_id': 'M0097'},Creamy Chinese 7,Creamy Chinese 7,,0.0,True,exact categorical/dimension match
menu_item_performance,category_name,{'menu_item_id': 'M0097'},Chinese,Chinese,,0.0,True,exact categorical/dimension match
menu_item_performance,order_count,{'menu_item_id': 'M0097'},8222,8222,0.0,0.0,True,within declared rounding tolerance
menu_item_performance,units_sold,{'menu_item_id': 'M0097'},12882,12882,0.0,0.0,True,within declared rounding tolerance
menu_item_performance,gross_sales,{'menu_item_id': 'M0097'},4070016.8,4070016.8,0.0,0.005,True,within declared rounding tolerance
menu_item_performance,avg_unit_price,{'menu_item_id': 'M0097'},320.03,320.03,0.0,0.005,True,within declared rounding tolerance
menu_item_performance,item_name,{'menu_item_id': 'M0098'},Deluxe Fast Food 7,Deluxe Fast Food 7,,0.0,True,exact categorical/dimension match
menu_item_performance,category_name,{'menu_item_id': 'M0098'},Fast Food,Fast Food,,0.0,True,exact categorical/dimension match
menu_item_performance,order_count,{'menu_item_id': 'M0098'},8125,8125,0.0,0.0,True,within declared rounding tolerance
menu_item_performance,units_sold,{'menu_item_id': 'M0098'},12577,12577,0.0,0.0,True,within declared rounding tolerance
menu_item_performance,gross_sales,{'menu_item_id': 'M0098'},15282746.88,15282746.88,0.0,0.005,True,within declared rounding tolerance
menu_item_performance,avg_unit_price,{'menu_item_id': 'M0098'},1229.95,1229.95,0.0,0.005,True,within declared rounding tolerance
menu_item_performance,item_name,{'menu_item_id': 'M0099'},Supreme Breakfast 7,Supreme Breakfast 7,,0.0,True,exact categorical/dimension match
menu_item_performance,category_name,{'menu_item_id': 'M0099'},Breakfast,Breakfast,,0.0,True,exact categorical/dimension match
menu_item_performance,order_count,{'menu_item_id': 'M0099'},8063,8063,0.0,0.0,True,within declared rounding tolerance
menu_item_performance,units_sold,{'menu_item_id': 'M0099'},12610,12610,0.0,0.0,True,within declared rounding tolerance
menu_item_performance,gross_sales,{'menu_item_id': 'M0099'},7096232.03,7096232.03,0.0,0.005,True,within declared rounding tolerance
menu_item_performance,avg_unit_price,{'menu_item_id': 'M0099'},569.75,569.75,0.0,0.005,True,within declared rounding tolerance
menu_item_performance,item_name,{'menu_item_id': 'M0100'},Loaded Salad 7,Loaded Salad 7,,0.0,True,exact categorical/dimension match
menu_item_performance,category_name,{'menu_item_id': 'M0100'},Salads,Salads,,0.0,True,exact categorical/dimension match
menu_item_performance,order_count,{'menu_item_id': 'M0100'},8001,8001,0.0,0.0,True,within declared rounding tolerance
menu_item_performance,units_sold,{'menu_item_id': 'M0100'},12367,12367,0.0,0.0,True,within declared rounding tolerance
menu_item_performance,gross_sales,{'menu_item_id': 'M0100'},21866196.9,21866196.9,0.0,0.005,True,within declared rounding tolerance
menu_item_performance,avg_unit_price,{'menu_item_id': 'M0100'},1789.97,1789.97,0.0,0.005,True,within declared rounding tolerance
menu_item_performance,item_name,{'menu_item_id': 'M0101'},Classic Pasta 7,Classic Pasta 7,,0.0,True,exact categorical/dimension match
menu_item_performance,category_name,{'menu_item_id': 'M0101'},Pasta,Pasta,,0.0,True,exact categorical/dimension match
menu_item_performance,order_count,{'menu_item_id': 'M0101'},7964,7964,0.0,0.0,True,within declared rounding tolerance
menu_item_performance,units_sold,{'menu_item_id': 'M0101'},12394,12394,0.0,0.0,True,within declared rounding tolerance
menu_item_performance,gross_sales,{'menu_item_id': 'M0101'},6733537.19,6733537.19,0.0,0.005,True,within declared rounding tolerance
menu_item_performance,avg_unit_price,{'menu_item_id': 'M0101'},550.01,550.01,0.0,0.005,True,within declared rounding tolerance
menu_item_performance,item_name,{'menu_item_id': 'M0102'},Signature Seafood 7,Signature Seafood 7,,0.0,True,exact categorical/dimension match
menu_item_performance,category_name,{'menu_item_id': 'M0102'},Seafood,Seafood,,0.0,True,exact categorical/dimension match
menu_item_performance,order_count,{'menu_item_id': 'M0102'},7813,7813,0.0,0.0,True,within declared rounding tolerance
menu_item_performance,units_sold,{'menu_item_id': 'M0102'},12060,12060,0.0,0.0,True,within declared rounding tolerance
menu_item_performance,gross_sales,{'menu_item_id': 'M0102'},5713364.4,5713364.4,0.0,0.005,True,within declared rounding tolerance
menu_item_performance,avg_unit_price,{'menu_item_id': 'M0102'},480.02,480.02,0.0,0.005,True,within declared rounding tolerance
menu_item_performance,item_name,{'menu_item_id': 'M0103'},Fresh Sandwiche 7,Fresh Sandwiche 7,,0.0,True,exact categorical/dimension match
menu_item_performance,category_name,{'menu_item_id': 'M0103'},Sandwiches,Sandwiches,,0.0,True,exact categorical/dimension match
menu_item_performance,order_count,{'menu_item_id': 'M0103'},7808,7808,0.0,0.0,True,within declared rounding tolerance
menu_item_performance,units_sold,{'menu_item_id': 'M0103'},12177,12177,0.0,0.0,True,within declared rounding tolerance
menu_item_performance,gross_sales,{'menu_item_id': 'M0103'},13837420.93,13837420.93,0.0,0.005,True,within declared rounding tolerance
menu_item_performance,avg_unit_price,{'menu_item_id': 'M0103'},1150.64,1150.64,0.0,0.005,True,within declared rounding tolerance
menu_item_performance,item_name,{'menu_item_id': 'M0104'},Spicy Rice 7,Spicy Rice 7,,0.0,True,exact categorical/dimension match
menu_item_performance,category_name,{'menu_item_id': 'M0104'},Rice,Rice,,0.0,True,exact categorical/dimension match
menu_item_performance,order_count,{'menu_item_id': 'M0104'},7778,7778,0.0,0.0,True,within declared rounding tolerance
menu_item_performance,units_sold,{'menu_item_id': 'M0104'},12220,12220,0.0,0.0,True,within declared rounding tolerance
menu_item_performance,gross_sales,{'menu_item_id': 'M0104'},2414322.0,2414322.0,0.0,0.005,True,within declared rounding tolerance
menu_item_performance,avg_unit_price,{'menu_item_id': 'M0104'},199.96,199.96,0.0,0.005,True,within declared rounding tolerance
menu_item_performance,item_name,{'menu_item_id': 'M0105'},House Coffee & Tea 7,House Coffee & Tea 7,,0.0,True,exact categorical/dimension match
menu_item_performance,category_name,{'menu_item_id': 'M0105'},Coffee & Tea,Coffee & Tea,,0.0,True,exact categorical/dimension match
menu_item_performance,order_count,{'menu_item_id': 'M0105'},7676,7676,0.0,0.0,True,within declared rounding tolerance
menu_item_performance,units_sold,{'menu_item_id': 'M0105'},11987,11987,0.0,0.0,True,within declared rounding tolerance
menu_item_performance,gross_sales,{'menu_item_id': 'M0105'},15501927.58,15501927.58,0.0,0.005,True,within declared rounding tolerance
menu_item_performance,avg_unit_price,{'menu_item_id': 'M0105'},1309.48,1309.48,0.0,0.005,True,within declared rounding tolerance
menu_item_performance,item_name,{'menu_item_id': 'M0106'},Double Burger 8,Double Burger 8,,0.0,True,exact categorical/dimension match
menu_item_performance,category_name,{'menu_item_id': 'M0106'},Burgers,Burgers,,0.0,True,exact categorical/dimension match
menu_item_performance,order_count,{'menu_item_id': 'M0106'},7741,7741,0.0,0.0,True,within declared rounding tolerance
menu_item_performance,units_sold,{'menu_item_id': 'M0106'},11832,11832,0.0,0.0,True,within declared rounding tolerance
menu_item_performance,gross_sales,{'menu_item_id': 'M0106'},10981040.05,10981040.05,0.0,0.005,True,within declared rounding tolerance
menu_item_performance,avg_unit_price,{'menu_item_id': 'M0106'},939.98,939.98,0.0,0.005,True,within declared rounding tolerance
menu_item_performance,item_name,{'menu_item_id': 'M0107'},Smoky Pizza 8,Smoky Pizza 8,,0.0,True,exact categorical/dimension match
menu_item_performance,category_name,{'menu_item_id': 'M0107'},Pizza,Pizza,,0.0,True,exact categorical/dimension match
menu_item_performance,order_count,{'menu_item_id': 'M0107'},7715,7715,0.0,0.0,True,within declared rounding tolerance
menu_item_performance,units_sold,{'menu_item_id': 'M0107'},12034,12034,0.0,0.0,True,within declared rounding tolerance
menu_item_performance,gross_sales,{'menu_item_id': 'M0107'},4276970.1,4276970.1,0.0,0.005,True,within declared rounding tolerance
menu_item_performance,avg_unit_price,{'menu_item_id': 'M0107'},359.9,359.9,0.0,0.005,True,within declared rounding tolerance
menu_item_performance,item_name,{'menu_item_id': 'M0108'},Royal Pakistani 8,Royal Pakistani 8,,0.0,True,exact categorical/dimension match
menu_item_performance,category_name,{'menu_item_id': 'M0108'},Pakistani,Pakistani,,0.0,True,exact categorical/dimension match
menu_item_performance,order_count,{'menu_item_id': 'M0108'},7584,7584,0.0,0.0,True,within declared rounding tolerance
menu_item_performance,units_sold,{'menu_item_id': 'M0108'},11783,11783,0.0,0.0,True,within declared rounding tolerance
menu_item_performance,gross_sales,{'menu_item_id': 'M0108'},4997842.52,4997842.52,0.0,0.005,True,within declared rounding tolerance
menu_item_performance,avg_unit_price,{'menu_item_id': 'M0108'},430.0,430.0,0.0,0.005,True,within declared rounding tolerance
menu_item_performance,item_name,{'menu_item_id': 'M0109'},Special BBQ 8,Special BBQ 8,,0.0,True,exact categorical/dimension match
menu_item_performance,category_name,{'menu_item_id': 'M0109'},BBQ,BBQ,,0.0,True,exact categorical/dimension match
menu_item_performance,order_count,{'menu_item_id': 'M0109'},7518,7518,0.0,0.0,True,within declared rounding tolerance
menu_item_performance,units_sold,{'menu_item_id': 'M0109'},11730,11730,0.0,0.0,True,within declared rounding tolerance
menu_item_performance,gross_sales,{'menu_item_id': 'M0109'},16442630.85,16442630.85,0.0,0.005,True,within declared rounding tolerance
menu_item_performance,avg_unit_price,{'menu_item_id': 'M0109'},1419.58,1419.58,0.0,0.005,True,within declared rounding tolerance
menu_item_performance,item_name,{'menu_item_id': 'M0110'},Grilled Beverage 8,Grilled Beverage 8,,0.0,True,exact categorical/dimension match
menu_item_performance,category_name,{'menu_item_id': 'M0110'},Beverages,Beverages,,0.0,True,exact categorical/dimension match
menu_item_performance,order_count,{'menu_item_id': 'M0110'},7474,7474,0.0,0.0,True,within declared rounding tolerance
menu_item_performance,units_sold,{'menu_item_id': 'M0110'},11590,11590,0.0,0.0,True,within declared rounding tolerance
menu_item_performance,gross_sales,{'menu_item_id': 'M0110'},18886696.14,18886696.14,0.0,0.005,True,within declared rounding tolerance
menu_item_performance,avg_unit_price,{'menu_item_id': 'M0110'},1649.29,1649.29,0.0,0.005,True,within declared rounding tolerance
menu_item_performance,item_name,{'menu_item_id': 'M0111'},Tandoori Dessert 8,Tandoori Dessert 8,,0.0,True,exact categorical/dimension match
menu_item_performance,category_name,{'menu_item_id': 'M0111'},Desserts,Desserts,,0.0,True,exact categorical/dimension match
menu_item_performance,order_count,{'menu_item_id': 'M0111'},7245,7245,0.0,0.0,True,within declared rounding tolerance
menu_item_performance,units_sold,{'menu_item_id': 'M0111'},11368,11368,0.0,0.0,True,within declared rounding tolerance
menu_item_performance,gross_sales,{'menu_item_id': 'M0111'},3142038.2,3142038.2,0.0,0.005,True,within declared rounding tolerance
menu_item_performance,avg_unit_price,{'menu_item_id': 'M0111'},279.86,279.86,0.0,0.005,True,within declared rounding tolerance
menu_item_performance,item_name,{'menu_item_id': 'M0112'},Fiery Chinese 8,Fiery Chinese 8,,0.0,True,exact categorical/dimension match
menu_item_performance,category_name,{'menu_item_id': 'M0112'},Chinese,Chinese,,0.0,True,exact categorical/dimension match
menu_item_performance,order_count,{'menu_item_id': 'M0112'},7394,7394,0.0,0.0,True,within declared rounding tolerance
menu_item_performance,units_sold,{'menu_item_id': 'M0112'},11512,11512,0.0,0.0,True,within declared rounding tolerance
menu_item_performance,gross_sales,{'menu_item_id': 'M0112'},6933639.68,6933639.68,0.0,0.005,True,within declared rounding tolerance
menu_item_performance,avg_unit_price,{'menu_item_id': 'M0112'},609.97,609.97,0.0,0.005,True,within declared rounding tolerance
menu_item_performance,item_name,{'menu_item_id': 'M0113'},Crispy Fast Food 8,Crispy Fast Food 8,,0.0,True,exact categorical/dimension match
menu_item_performance,category_name,{'menu_item_id': 'M0113'},Fast Food,Fast Food,,0.0,True,exact categorical/dimension match
menu_item_performance,order_count,{'menu_item_id': 'M0113'},7407,7407,0.0,0.0,True,within declared rounding tolerance
menu_item_performance,units_sold,{'menu_item_id': 'M0113'},11510,11510,0.0,0.0,True,within declared rounding tolerance
menu_item_performance,gross_sales,{'menu_item_id': 'M0113'},9553002.9,9553002.9,0.0,0.005,True,within declared rounding tolerance
menu_item_performance,avg_unit_price,{'menu_item_id': 'M0113'},839.98,839.98,0.0,0.005,True,within declared rounding tolerance
menu_item_performance,item_name,{'menu_item_id': 'M0114'},Masala Breakfast 8,Masala Breakfast 8,,0.0,True,exact categorical/dimension match
menu_item_performance,category_name,{'menu_item_id': 'M0114'},Breakfast,Breakfast,,0.0,True,exact categorical/dimension match
menu_item_performance,order_count,{'menu_item_id': 'M0114'},7205,7205,0.0,0.0,True,within declared rounding tolerance
menu_item_performance,units_sold,{'menu_item_id': 'M0114'},11125,11125,0.0,0.0,True,within declared rounding tolerance
menu_item_performance,gross_sales,{'menu_item_id': 'M0114'},7032150.4,7032150.4,0.0,0.005,True,within declared rounding tolerance
menu_item_performance,avg_unit_price,{'menu_item_id': 'M0114'},640.08,640.08,0.0,0.005,True,within declared rounding tolerance
menu_item_performance,item_name,{'menu_item_id': 'M0115'},Herb Salad 8,Herb Salad 8,,0.0,True,exact categorical/dimension match
menu_item_performance,category_name,{'menu_item_id': 'M0115'},Salads,Salads,,0.0,True,exact categorical/dimension match
menu_item_performance,order_count,{'menu_item_id': 'M0115'},7314,7314,0.0,0.0,True,within declared rounding tolerance
menu_item_performance,units_sold,{'menu_item_id': 'M0115'},11451,11451,0.0,0.0,True,within declared rounding tolerance
menu_item_performance,gross_sales,{'menu_item_id': 'M0115'},12888498.0,12888498.0,0.0,0.005,True,within declared rounding tolerance
menu_item_performance,avg_unit_price,{'menu_item_id': 'M0115'},1140.19,1140.19,0.0,0.005,True,within declared rounding tolerance
menu_item_performance,item_name,{'menu_item_id': 'M0116'},Cheesy Pasta 8,Cheesy Pasta 8,,0.0,True,exact categorical/dimension match
menu_item_performance,category_name,{'menu_item_id': 'M0116'},Pasta,Pasta,,0.0,True,exact categorical/dimension match
menu_item_performance,order_count,{'menu_item_id': 'M0116'},7202,7202,0.0,0.0,True,within declared rounding tolerance
menu_item_performance,units_sold,{'menu_item_id': 'M0116'},11222,11222,0.0,0.0,True,within declared rounding tolerance
menu_item_performance,gross_sales,{'menu_item_id': 'M0116'},4653845.7,4653845.7,0.0,0.005,True,within declared rounding tolerance
menu_item_performance,avg_unit_price,{'menu_item_id': 'M0116'},420.03,420.03,0.0,0.005,True,within declared rounding tolerance
menu_item_performance,item_name,{'menu_item_id': 'M0117'},Creamy Seafood 8,Creamy Seafood 8,,0.0,True,exact categorical/dimension match
menu_item_performance,category_name,{'menu_item_id': 'M0117'},Seafood,Seafood,,0.0,True,exact categorical/dimension match
menu_item_performance,order_count,{'menu_item_id': 'M0117'},7104,7104,0.0,0.0,True,within declared rounding tolerance
menu_item_performance,units_sold,{'menu_item_id': 'M0117'},10951,10951,0.0,0.0,True,within declared rounding tolerance
menu_item_performance,gross_sales,{'menu_item_id': 'M0117'},12324654.0,12324654.0,0.0,0.005,True,within declared rounding tolerance
menu_item_performance,avg_unit_price,{'menu_item_id': 'M0117'},1139.63,1139.63,0.0,0.005,True,within declared rounding tolerance
menu_item_performance,item_name,{'menu_item_id': 'M0118'},Deluxe Sandwiche 8,Deluxe Sandwiche 8,,0.0,True,exact categorical/dimension match
menu_item_performance,category_name,{'menu_item_id': 'M0118'},Sandwiches,Sandwiches,,0.0,True,exact categorical/dimension match
menu_item_performance,order_count,{'menu_item_id': 'M0118'},7088,7088,0.0,0.0,True,within declared rounding tolerance
menu_item_performance,units_sold,{'menu_item_id': 'M0118'},11049,11049,0.0,0.0,True,within declared rounding tolerance
menu_item_performance,gross_sales,{'menu_item_id': 'M0118'},14296763.73,14296763.73,0.0,0.005,True,within declared rounding tolerance
menu_item_performance,avg_unit_price,{'menu_item_id': 'M0118'},1309.46,1309.46,0.0,0.005,True,within declared rounding tolerance
menu_item_performance,item_name,{'menu_item_id': 'M0119'},Supreme Rice 8,Supreme Rice 8,,0.0,True,exact categorical/dimension match
menu_item_performance,category_name,{'menu_item_id': 'M0119'},Rice,Rice,,0.0,True,exact categorical/dimension match
menu_item_performance,order_count,{'menu_item_id': 'M0119'},6955,6955,0.0,0.0,True,within declared rounding tolerance
menu_item_performance,units_sold,{'menu_item_id': 'M0119'},10924,10924,0.0,0.0,True,within declared rounding tolerance
menu_item_performance,gross_sales,{'menu_item_id': 'M0119'},2589717.6,2589717.6,0.0,0.005,True,within declared rounding tolerance
menu_item_performance,avg_unit_price,{'menu_item_id': 'M0119'},240.01,240.01,0.0,0.005,True,within declared rounding tolerance
menu_item_performance,item_name,{'menu_item_id': 'M0120'},Loaded Coffee & Tea 8,Loaded Coffee & Tea 8,,0.0,True,exact categorical/dimension match
menu_item_performance,category_name,{'menu_item_id': 'M0120'},Coffee & Tea,Coffee & Tea,,0.0,True,exact categorical/dimension match
menu_item_performance,order_count,{'menu_item_id': 'M0120'},6949,6949,0.0,0.0,True,within declared rounding tolerance
menu_item_performance,units_sold,{'menu_item_id': 'M0120'},10754,10754,0.0,0.0,True,within declared rounding tolerance
menu_item_performance,gross_sales,{'menu_item_id': 'M0120'},18465549.9,18465549.9,0.0,0.005,True,within declared rounding tolerance
menu_item_performance,avg_unit_price,{'menu_item_id': 'M0120'},1738.74,1738.74,0.0,0.005,True,within declared rounding tolerance
menu_item_performance,item_name,{'menu_item_id': 'M0121'},Classic Burger 9,Classic Burger 9,,0.0,True,exact categorical/dimension match
menu_item_performance,category_name,{'menu_item_id': 'M0121'},Burgers,Burgers,,0.0,True,exact categorical/dimension match
menu_item_performance,order_count,{'menu_item_id': 'M0121'},7000,7000,0.0,0.0,True,within declared rounding tolerance
menu_item_performance,units_sold,{'menu_item_id': 'M0121'},10861,10861,0.0,0.0,True,within declared rounding tolerance
menu_item_performance,gross_sales,{'menu_item_id': 'M0121'},16198800.41,16198800.41,0.0,0.005,True,within declared rounding tolerance
menu_item_performance,avg_unit_price,{'menu_item_id': 'M0121'},1510.13,1510.13,0.0,0.005,True,within declared rounding tolerance
menu_item_performance,item_name,{'menu_item_id': 'M0122'},Signature Pizza 9,Signature Pizza 9,,0.0,True,exact categorical/dimension match
menu_item_performance,category_name,{'menu_item_id': 'M0122'},Pizza,Pizza,,0.0,True,exact categorical/dimension match
menu_item_performance,order_count,{'menu_item_id': 'M0122'},6772,6772,0.0,0.0,True,within declared rounding tolerance
menu_item_performance,units_sold,{'menu_item_id': 'M0122'},10539,10539,0.0,0.0,True,within declared rounding tolerance
menu_item_performance,gross_sales,{'menu_item_id': 'M0122'},4887211.64,4887211.64,0.0,0.005,True,within declared rounding tolerance
menu_item_performance,avg_unit_price,{'menu_item_id': 'M0122'},469.82,469.82,0.0,0.005,True,within declared rounding tolerance
menu_item_performance,item_name,{'menu_item_id': 'M0123'},Fresh Pakistani 9,Fresh Pakistani 9,,0.0,True,exact categorical/dimension match
menu_item_performance,category_name,{'menu_item_id': 'M0123'},Pakistani,Pakistani,,0.0,True,exact categorical/dimension match
menu_item_performance,order_count,{'menu_item_id': 'M0123'},6826,6826,0.0,0.0,True,within declared rounding tolerance
menu_item_performance,units_sold,{'menu_item_id': 'M0123'},10604,10604,0.0,0.0,True,within declared rounding tolerance
menu_item_performance,gross_sales,{'menu_item_id': 'M0123'},7752556.35,7752556.35,0.0,0.005,True,within declared rounding tolerance
menu_item_performance,avg_unit_price,{'menu_item_id': 'M0123'},739.71,739.71,0.0,0.005,True,within declared rounding tolerance
menu_item_performance,item_name,{'menu_item_id': 'M0124'},Spicy BBQ 9,Spicy BBQ 9,,0.0,True,exact categorical/dimension match
menu_item_performance,category_name,{'menu_item_id': 'M0124'},BBQ,BBQ,,0.0,True,exact categorical/dimension match
menu_item_performance,order_count,{'menu_item_id': 'M0124'},6826,6826,0.0,0.0,True,within declared rounding tolerance
menu_item_performance,units_sold,{'menu_item_id': 'M0124'},10740,10740,0.0,0.0,True,within declared rounding tolerance
menu_item_performance,gross_sales,{'menu_item_id': 'M0124'},10391525.55,10391525.55,0.0,0.005,True,within declared rounding tolerance
menu_item_performance,avg_unit_price,{'menu_item_id': 'M0124'},979.36,979.36,0.0,0.005,True,within declared rounding tolerance
menu_item_performance,item_name,{'menu_item_id': 'M0125'},House Beverage 9,House Beverage 9,,0.0,True,exact categorical/dimension match
menu_item_performance,category_name,{'menu_item_id': 'M0125'},Beverages,Beverages,,0.0,True,exact categorical/dimension match
menu_item_performance,order_count,{'menu_item_id': 'M0125'},6761,6761,0.0,0.0,True,within declared rounding tolerance
menu_item_performance,units_sold,{'menu_item_id': 'M0125'},10497,10497,0.0,0.0,True,within declared rounding tolerance
menu_item_performance,gross_sales,{'menu_item_id': 'M0125'},3318075.2,3318075.2,0.0,0.005,True,within declared rounding tolerance
menu_item_performance,avg_unit_price,{'menu_item_id': 'M0125'},319.94,319.94,0.0,0.005,True,within declared rounding tolerance
menu_item_performance,item_name,{'menu_item_id': 'M0126'},Double Dessert 9,Double Dessert 9,,0.0,True,exact categorical/dimension match
menu_item_performance,category_name,{'menu_item_id': 'M0126'},Desserts,Desserts,,0.0,True,exact categorical/dimension match
menu_item_performance,order_count,{'menu_item_id': 'M0126'},6690,6690,0.0,0.0,True,within declared rounding tolerance
menu_item_performance,units_sold,{'menu_item_id': 'M0126'},10383,10383,0.0,0.0,True,within declared rounding tolerance
menu_item_performance,gross_sales,{'menu_item_id': 'M0126'},15589933.2,15589933.2,0.0,0.005,True,within declared rounding tolerance
menu_item_performance,avg_unit_price,{'menu_item_id': 'M0126'},1520.0,1520.0,0.0,0.005,True,within declared rounding tolerance
menu_item_performance,item_name,{'menu_item_id': 'M0127'},Smoky Chinese 9,Smoky Chinese 9,,0.0,True,exact categorical/dimension match
menu_item_performance,category_name,{'menu_item_id': 'M0127'},Chinese,Chinese,,0.0,True,exact categorical/dimension match
menu_item_performance,order_count,{'menu_item_id': 'M0127'},6730,6730,0.0,0.0,True,within declared rounding tolerance
menu_item_performance,units_sold,{'menu_item_id': 'M0127'},10422,10422,0.0,0.0,True,within declared rounding tolerance
menu_item_performance,gross_sales,{'menu_item_id': 'M0127'},7914292.61,7914292.61,0.0,0.005,True,within declared rounding tolerance
menu_item_performance,avg_unit_price,{'menu_item_id': 'M0127'},769.95,769.95,0.0,0.005,True,within declared rounding tolerance
menu_item_performance,item_name,{'menu_item_id': 'M0128'},Royal Fast Food 9,Royal Fast Food 9,,0.0,True,exact categorical/dimension match
menu_item_performance,category_name,{'menu_item_id': 'M0128'},Fast Food,Fast Food,,0.0,True,exact categorical/dimension match
menu_item_performance,order_count,{'menu_item_id': 'M0128'},6682,6682,0.0,0.0,True,within declared rounding tolerance
menu_item_performance,units_sold,{'menu_item_id': 'M0128'},10399,10399,0.0,0.0,True,within declared rounding tolerance
menu_item_performance,gross_sales,{'menu_item_id': 'M0128'},10990614.59,10990614.59,0.0,0.005,True,within declared rounding tolerance
menu_item_performance,avg_unit_price,{'menu_item_id': 'M0128'},1069.82,1069.82,0.0,0.005,True,within declared rounding tolerance
menu_item_performance,item_name,{'menu_item_id': 'M0129'},Special Breakfast 9,Special Breakfast 9,,0.0,True,exact categorical/dimension match
menu_item_performance,category_name,{'menu_item_id': 'M0129'},Breakfast,Breakfast,,0.0,True,exact categorical/dimension match
menu_item_performance,order_count,{'menu_item_id': 'M0129'},6798,6798,0.0,0.0,True,within declared rounding tolerance
menu_item_performance,units_sold,{'menu_item_id': 'M0129'},10418,10418,0.0,0.0,True,within declared rounding tolerance
menu_item_performance,gross_sales,{'menu_item_id': 'M0129'},18110615.6,18110615.6,0.0,0.005,True,within declared rounding tolerance
menu_item_performance,avg_unit_price,{'menu_item_id': 'M0129'},1760.12,1760.12,0.0,0.005,True,within declared rounding tolerance
menu_item_performance,item_name,{'menu_item_id': 'M0130'},Grilled Salad 9,Grilled Salad 9,,0.0,True,exact categorical/dimension match
menu_item_performance,category_name,{'menu_item_id': 'M0130'},Salads,Salads,,0.0,True,exact categorical/dimension match
menu_item_performance,order_count,{'menu_item_id': 'M0130'},6600,6600,0.0,0.0,True,within declared rounding tolerance
menu_item_performance,units_sold,{'menu_item_id': 'M0130'},10236,10236,0.0,0.0,True,within declared rounding tolerance
menu_item_performance,gross_sales,{'menu_item_id': 'M0130'},10812093.21,10812093.21,0.0,0.005,True,within declared rounding tolerance
menu_item_performance,avg_unit_price,{'menu_item_id': 'M0130'},1069.71,1069.71,0.0,0.005,True,within declared rounding tolerance
menu_item_performance,item_name,{'menu_item_id': 'M0131'},Tandoori Pasta 9,Tandoori Pasta 9,,0.0,True,exact categorical/dimension match
menu_item_performance,category_name,{'menu_item_id': 'M0131'},Pasta,Pasta,,0.0,True,exact categorical/dimension match
menu_item_performance,order_count,{'menu_item_id': 'M0131'},6660,6660,0.0,0.0,True,within declared rounding tolerance
menu_item_performance,units_sold,{'menu_item_id': 'M0131'},10353,10353,0.0,0.0,True,within declared rounding tolerance
menu_item_performance,gross_sales,{'menu_item_id': 'M0131'},10117020.32,10117020.32,0.0,0.005,True,within declared rounding tolerance
menu_item_performance,avg_unit_price,{'menu_item_id': 'M0131'},989.98,989.98,0.0,0.005,True,within declared rounding tolerance
menu_item_performance,item_name,{'menu_item_id': 'M0132'},Fiery Seafood 9,Fiery Seafood 9,,0.0,True,exact categorical/dimension match
menu_item_performance,category_name,{'menu_item_id': 'M0132'},Seafood,Seafood,,0.0,True,exact categorical/dimension match
menu_item_performance,order_count,{'menu_item_id': 'M0132'},6390,6390,0.0,0.0,True,within declared rounding tolerance
menu_item_performance,units_sold,{'menu_item_id': 'M0132'},10031,10031,0.0,0.0,True,within declared rounding tolerance
menu_item_performance,gross_sales,{'menu_item_id': 'M0132'},17543275.29,17543275.29,0.0,0.005,True,within declared rounding tolerance
menu_item_performance,avg_unit_price,{'menu_item_id': 'M0132'},1770.81,1770.81,0.0,0.005,True,within declared rounding tolerance
menu_item_performance,item_name,{'menu_item_id': 'M0133'},Crispy Sandwiche 9,Crispy Sandwiche 9,,0.0,True,exact categorical/dimension match
menu_item_performance,category_name,{'menu_item_id': 'M0133'},Sandwiches,Sandwiches,,0.0,True,exact categorical/dimension match
menu_item_performance,order_count,{'menu_item_id': 'M0133'},6492,6492,0.0,0.0,True,within declared rounding tolerance
menu_item_performance,units_sold,{'menu_item_id': 'M0133'},10178,10178,0.0,0.0,True,within declared rounding tolerance
menu_item_performance,gross_sales,{'menu_item_id': 'M0133'},10051145.0,10051145.0,0.0,0.005,True,within declared rounding tolerance
menu_item_performance,avg_unit_price,{'menu_item_id': 'M0133'},1000.04,1000.04,0.0,0.005,True,within declared rounding tolerance
menu_item_performance,item_name,{'menu_item_id': 'M0134'},Masala Rice 9,Masala Rice 9,,0.0,True,exact categorical/dimension match
menu_item_performance,category_name,{'menu_item_id': 'M0134'},Rice,Rice,,0.0,True,exact categorical/dimension match
menu_item_performance,order_count,{'menu_item_id': 'M0134'},6552,6552,0.0,0.0,True,within declared rounding tolerance
menu_item_performance,units_sold,{'menu_item_id': 'M0134'},10200,10200,0.0,0.0,True,within declared rounding tolerance
menu_item_performance,gross_sales,{'menu_item_id': 'M0134'},7350402.58,7350402.58,0.0,0.005,True,within declared rounding tolerance
menu_item_performance,avg_unit_price,{'menu_item_id': 'M0134'},730.26,730.26,0.0,0.005,True,within declared rounding tolerance
menu_item_performance,item_name,{'menu_item_id': 'M0135'},Herb Coffee & Tea 9,Herb Coffee & Tea 9,,0.0,True,exact categorical/dimension match
menu_item_performance,category_name,{'menu_item_id': 'M0135'},Coffee & Tea,Coffee & Tea,,0.0,True,exact categorical/dimension match
menu_item_performance,order_count,{'menu_item_id': 'M0135'},6600,6600,0.0,0.0,True,within declared rounding tolerance
menu_item_performance,units_sold,{'menu_item_id': 'M0135'},10317,10317,0.0,0.0,True,within declared rounding tolerance
menu_item_performance,gross_sales,{'menu_item_id': 'M0135'},15687186.9,15687186.9,0.0,0.005,True,within declared rounding tolerance
menu_item_performance,avg_unit_price,{'menu_item_id': 'M0135'},1540.84,1540.84,0.0,0.005,True,within declared rounding tolerance
menu_item_performance,item_name,{'menu_item_id': 'M0136'},Cheesy Burger 10,Cheesy Burger 10,,0.0,True,exact categorical/dimension match
menu_item_performance,category_name,{'menu_item_id': 'M0136'},Burgers,Burgers,,0.0,True,exact categorical/dimension match
menu_item_performance,order_count,{'menu_item_id': 'M0136'},6416,6416,0.0,0.0,True,within declared rounding tolerance
menu_item_performance,units_sold,{'menu_item_id': 'M0136'},10083,10083,0.0,0.0,True,within declared rounding tolerance
menu_item_performance,gross_sales,{'menu_item_id': 'M0136'},7371635.8,7371635.8,0.0,0.005,True,within declared rounding tolerance
menu_item_performance,avg_unit_price,{'menu_item_id': 'M0136'},739.74,739.74,0.0,0.005,True,within declared rounding tolerance
menu_item_performance,item_name,{'menu_item_id': 'M0137'},Creamy Pizza 10,Creamy Pizza 10,,0.0,True,exact categorical/dimension match
menu_item_performance,category_name,{'menu_item_id': 'M0137'},Pizza,Pizza,,0.0,True,exact categorical/dimension match
menu_item_performance,order_count,{'menu_item_id': 'M0137'},6365,6365,0.0,0.0,True,within declared rounding tolerance
menu_item_performance,units_sold,{'menu_item_id': 'M0137'},9847,9847,0.0,0.0,True,within declared rounding tolerance
menu_item_performance,gross_sales,{'menu_item_id': 'M0137'},17220011.44,17220011.44,0.0,0.005,True,within declared rounding tolerance
menu_item_performance,avg_unit_price,{'menu_item_id': 'M0137'},1769.21,1769.21,0.0,0.005,True,within declared rounding tolerance
menu_item_performance,item_name,{'menu_item_id': 'M0138'},Deluxe Pakistani 10,Deluxe Pakistani 10,,0.0,True,exact categorical/dimension match
menu_item_performance,category_name,{'menu_item_id': 'M0138'},Pakistani,Pakistani,,0.0,True,exact categorical/dimension match
menu_item_performance,order_count,{'menu_item_id': 'M0138'},6232,6232,0.0,0.0,True,within declared rounding tolerance
menu_item_performance,units_sold,{'menu_item_id': 'M0138'},9734,9734,0.0,0.0,True,within declared rounding tolerance
menu_item_performance,gross_sales,{'menu_item_id': 'M0138'},6725472.25,6725472.25,0.0,0.005,True,within declared rounding tolerance
menu_item_performance,avg_unit_price,{'menu_item_id': 'M0138'},699.98,699.98,0.0,0.005,True,within declared rounding tolerance
menu_item_performance,item_name,{'menu_item_id': 'M0139'},Supreme BBQ 10,Supreme BBQ 10,,0.0,True,exact categorical/dimension match
menu_item_performance,category_name,{'menu_item_id': 'M0139'},BBQ,BBQ,,0.0,True,exact categorical/dimension match
menu_item_performance,order_count,{'menu_item_id': 'M0139'},6232,6232,0.0,0.0,True,within declared rounding tolerance
menu_item_performance,units_sold,{'menu_item_id': 'M0139'},9658,9658,0.0,0.0,True,within declared rounding tolerance
menu_item_performance,gross_sales,{'menu_item_id': 'M0139'},16888556.72,16888556.72,0.0,0.005,True,within declared rounding tolerance
menu_item_performance,avg_unit_price,{'menu_item_id': 'M0139'},1770.07,1770.07,0.0,0.005,True,within declared rounding tolerance
menu_item_performance,item_name,{'menu_item_id': 'M0140'},Loaded Beverage 10,Loaded Beverage 10,,0.0,True,exact categorical/dimension match
menu_item_performance,category_name,{'menu_item_id': 'M0140'},Beverages,Beverages,,0.0,True,exact categorical/dimension match
menu_item_performance,order_count,{'menu_item_id': 'M0140'},6411,6411,0.0,0.0,True,within declared rounding tolerance
menu_item_performance,units_sold,{'menu_item_id': 'M0140'},9936,9936,0.0,0.0,True,within declared rounding tolerance
menu_item_performance,gross_sales,{'menu_item_id': 'M0140'},15608405.57,15608405.57,0.0,0.005,True,within declared rounding tolerance
menu_item_performance,avg_unit_price,{'menu_item_id': 'M0140'},1590.79,1590.79,0.0,0.005,True,within declared rounding tolerance
menu_item_performance,item_name,{'menu_item_id': 'M0141'},Classic Dessert 10,Classic Dessert 10,,0.0,True,exact categorical/dimension match
menu_item_performance,category_name,{'menu_item_id': 'M0141'},Desserts,Desserts,,0.0,True,exact categorical/dimension match
menu_item_performance,order_count,{'menu_item_id': 'M0141'},6220,6220,0.0,0.0,True,within declared rounding tolerance
menu_item_performance,units_sold,{'menu_item_id': 'M0141'},9677,9677,0.0,0.0,True,within declared rounding tolerance
menu_item_performance,gross_sales,{'menu_item_id': 'M0141'},12904477.91,12904477.91,0.0,0.005,True,within declared rounding tolerance
menu_item_performance,avg_unit_price,{'menu_item_id': 'M0141'},1350.75,1350.75,0.0,0.005,True,within declared rounding tolerance
menu_item_performance,item_name,{'menu_item_id': 'M0142'},Signature Chinese 10,Signature Chinese 10,,0.0,True,exact categorical/dimension match
menu_item_performance,category_name,{'menu_item_id': 'M0142'},Chinese,Chinese,,0.0,True,exact categorical/dimension match
menu_item_performance,order_count,{'menu_item_id': 'M0142'},6197,6197,0.0,0.0,True,within declared rounding tolerance
menu_item_performance,units_sold,{'menu_item_id': 'M0142'},9668,9668,0.0,0.0,True,within declared rounding tolerance
menu_item_performance,gross_sales,{'menu_item_id': 'M0142'},6970426.64,6970426.64,0.0,0.005,True,within declared rounding tolerance
menu_item_performance,avg_unit_price,{'menu_item_id': 'M0142'},730.32,730.32,0.0,0.005,True,within declared rounding tolerance
menu_item_performance,item_name,{'menu_item_id': 'M0143'},Fresh Fast Food 10,Fresh Fast Food 10,,0.0,True,exact categorical/dimension match
menu_item_performance,category_name,{'menu_item_id': 'M0143'},Fast Food,Fast Food,,0.0,True,exact categorical/dimension match
menu_item_performance,order_count,{'menu_item_id': 'M0143'},6075,6075,0.0,0.0,True,within declared rounding tolerance
menu_item_performance,units_sold,{'menu_item_id': 'M0143'},9304,9304,0.0,0.0,True,within declared rounding tolerance
menu_item_performance,gross_sales,{'menu_item_id': 'M0143'},7347198.0,7347198.0,0.0,0.005,True,within declared rounding tolerance
menu_item_performance,avg_unit_price,{'menu_item_id': 'M0143'},799.38,799.38,0.0,0.005,True,within declared rounding tolerance
menu_item_performance,item_name,{'menu_item_id': 'M0144'},Spicy Breakfast 10,Spicy Breakfast 10,,0.0,True,exact categorical/dimension match
menu_item_performance,category_name,{'menu_item_id': 'M0144'},Breakfast,Breakfast,,0.0,True,exact categorical/dimension match
menu_item_performance,order_count,{'menu_item_id': 'M0144'},6116,6116,0.0,0.0,True,within declared rounding tolerance
menu_item_performance,units_sold,{'menu_item_id': 'M0144'},9610,9610,0.0,0.0,True,within declared rounding tolerance
menu_item_performance,gross_sales,{'menu_item_id': 'M0144'},5320323.4,5320323.4,0.0,0.005,True,within declared rounding tolerance
menu_item_performance,avg_unit_price,{'menu_item_id': 'M0144'},560.43,560.43,0.0,0.005,True,within declared rounding tolerance
menu_item_performance,item_name,{'menu_item_id': 'M0145'},House Salad 10,House Salad 10,,0.0,True,exact categorical/dimension match
menu_item_performance,category_name,{'menu_item_id': 'M0145'},Salads,Salads,,0.0,True,exact categorical/dimension match
menu_item_performance,order_count,{'menu_item_id': 'M0145'},6140,6140,0.0,0.0,True,within declared rounding tolerance
menu_item_performance,units_sold,{'menu_item_id': 'M0145'},9616,9616,0.0,0.0,True,within declared rounding tolerance
menu_item_performance,gross_sales,{'menu_item_id': 'M0145'},16706852.8,16706852.8,0.0,0.005,True,within declared rounding tolerance
menu_item_performance,avg_unit_price,{'menu_item_id': 'M0145'},1759.73,1759.73,0.0,0.005,True,within declared rounding tolerance
menu_item_performance,item_name,{'menu_item_id': 'M0146'},Double Pasta 10,Double Pasta 10,,0.0,True,exact categorical/dimension match
menu_item_performance,category_name,{'menu_item_id': 'M0146'},Pasta,Pasta,,0.0,True,exact categorical/dimension match
menu_item_performance,order_count,{'menu_item_id': 'M0146'},6101,6101,0.0,0.0,True,within declared rounding tolerance
menu_item_performance,units_sold,{'menu_item_id': 'M0146'},9506,9506,0.0,0.0,True,within declared rounding tolerance
menu_item_performance,gross_sales,{'menu_item_id': 'M0146'},2348444.42,2348444.42,0.0,0.005,True,within declared rounding tolerance
menu_item_performance,avg_unit_price,{'menu_item_id': 'M0146'},250.06,250.06,0.0,0.005,True,within declared rounding tolerance
menu_item_performance,item_name,{'menu_item_id': 'M0147'},Smoky Seafood 10,Smoky Seafood 10,,0.0,True,exact categorical/dimension match
menu_item_performance,category_name,{'menu_item_id': 'M0147'},Seafood,Seafood,,0.0,True,exact categorical/dimension match
menu_item_performance,order_count,{'menu_item_id': 'M0147'},6106,6106,0.0,0.0,True,within declared rounding tolerance
menu_item_performance,units_sold,{'menu_item_id': 'M0147'},9393,9393,0.0,0.0,True,within declared rounding tolerance
menu_item_performance,gross_sales,{'menu_item_id': 'M0147'},9650989.4,9650989.4,0.0,0.005,True,within declared rounding tolerance
menu_item_performance,avg_unit_price,{'menu_item_id': 'M0147'},1040.79,1040.79,0.0,0.005,True,within declared rounding tolerance
menu_item_performance,item_name,{'menu_item_id': 'M0148'},Royal Sandwiche 10,Royal Sandwiche 10,,0.0,True,exact categorical/dimension match
menu_item_performance,category_name,{'menu_item_id': 'M0148'},Sandwiches,Sandwiches,,0.0,True,exact categorical/dimension match
menu_item_performance,order_count,{'menu_item_id': 'M0148'},6077,6077,0.0,0.0,True,within declared rounding tolerance
menu_item_performance,units_sold,{'menu_item_id': 'M0148'},9434,9434,0.0,0.0,True,within declared rounding tolerance
menu_item_performance,gross_sales,{'menu_item_id': 'M0148'},11002591.4,11002591.4,0.0,0.005,True,within declared rounding tolerance
menu_item_performance,avg_unit_price,{'menu_item_id': 'M0148'},1179.79,1179.79,0.0,0.005,True,within declared rounding tolerance
menu_item_performance,item_name,{'menu_item_id': 'M0149'},Special Rice 10,Special Rice 10,,0.0,True,exact categorical/dimension match
menu_item_performance,category_name,{'menu_item_id': 'M0149'},Rice,Rice,,0.0,True,exact categorical/dimension match
menu_item_performance,order_count,{'menu_item_id': 'M0149'},6106,6106,0.0,0.0,True,within declared rounding tolerance
menu_item_performance,units_sold,{'menu_item_id': 'M0149'},9576,9576,0.0,0.0,True,within declared rounding tolerance
menu_item_performance,gross_sales,{'menu_item_id': 'M0149'},8697850.2,8697850.2,0.0,0.005,True,within declared rounding tolerance
menu_item_performance,avg_unit_price,{'menu_item_id': 'M0149'},919.68,919.68,0.0,0.005,True,within declared rounding tolerance
menu_item_performance,item_name,{'menu_item_id': 'M0150'},Grilled Coffee & Tea 10,Grilled Coffee & Tea 10,,0.0,True,exact categorical/dimension match
menu_item_performance,category_name,{'menu_item_id': 'M0150'},Coffee & Tea,Coffee & Tea,,0.0,True,exact categorical/dimension match
menu_item_performance,order_count,{'menu_item_id': 'M0150'},5944,5944,0.0,0.0,True,within declared rounding tolerance
menu_item_performance,units_sold,{'menu_item_id': 'M0150'},9323,9323,0.0,0.0,True,within declared rounding tolerance
menu_item_performance,gross_sales,{'menu_item_id': 'M0150'},2759765.25,2759765.25,0.0,0.005,True,within declared rounding tolerance
menu_item_performance,avg_unit_price,{'menu_item_id': 'M0150'},299.9,299.9,0.0,0.005,True,within declared rounding tolerance
menu_item_performance,item_name,{'menu_item_id': 'M0151'},Tandoori Burger 11,Tandoori Burger 11,,0.0,True,exact categorical/dimension match
menu_item_performance,category_name,{'menu_item_id': 'M0151'},Burgers,Burgers,,0.0,True,exact categorical/dimension match
menu_item_performance,order_count,{'menu_item_id': 'M0151'},5922,5922,0.0,0.0,True,within declared rounding tolerance
menu_item_performance,units_sold,{'menu_item_id': 'M0151'},9293,9293,0.0,0.0,True,within declared rounding tolerance
menu_item_performance,gross_sales,{'menu_item_id': 'M0151'},5408869.16,5408869.16,0.0,0.005,True,within declared rounding tolerance
menu_item_performance,avg_unit_price,{'menu_item_id': 'M0151'},589.69,589.69,0.0,0.005,True,within declared rounding tolerance
menu_item_performance,item_name,{'menu_item_id': 'M0152'},Fiery Pizza 11,Fiery Pizza 11,,0.0,True,exact categorical/dimension match
menu_item_performance,category_name,{'menu_item_id': 'M0152'},Pizza,Pizza,,0.0,True,exact categorical/dimension match
menu_item_performance,order_count,{'menu_item_id': 'M0152'},5813,5813,0.0,0.0,True,within declared rounding tolerance
menu_item_performance,units_sold,{'menu_item_id': 'M0152'},9079,9079,0.0,0.0,True,within declared rounding tolerance
menu_item_performance,gross_sales,{'menu_item_id': 'M0152'},5021196.6,5021196.6,0.0,0.005,True,within declared rounding tolerance
menu_item_performance,avg_unit_price,{'menu_item_id': 'M0152'},560.23,560.23,0.0,0.005,True,within declared rounding tolerance
menu_item_performance,item_name,{'menu_item_id': 'M0153'},Crispy Pakistani 11,Crispy Pakistani 11,,0.0,True,exact categorical/dimension match
menu_item_performance,category_name,{'menu_item_id': 'M0153'},Pakistani,Pakistani,,0.0,True,exact categorical/dimension match
menu_item_performance,order_count,{'menu_item_id': 'M0153'},5839,5839,0.0,0.0,True,within declared rounding tolerance
menu_item_performance,units_sold,{'menu_item_id': 'M0153'},9201,9201,0.0,0.0,True,within declared rounding tolerance
menu_item_performance,gross_sales,{'menu_item_id': 'M0153'},16006034.0,16006034.0,0.0,0.005,True,within declared rounding tolerance
menu_item_performance,avg_unit_price,{'menu_item_id': 'M0153'},1760.53,1760.53,0.0,0.005,True,within declared rounding tolerance
menu_item_performance,item_name,{'menu_item_id': 'M0154'},Masala BBQ 11,Masala BBQ 11,,0.0,True,exact categorical/dimension match
menu_item_performance,category_name,{'menu_item_id': 'M0154'},BBQ,BBQ,,0.0,True,exact categorical/dimension match
menu_item_performance,order_count,{'menu_item_id': 'M0154'},5839,5839,0.0,0.0,True,within declared rounding tolerance
menu_item_performance,units_sold,{'menu_item_id': 'M0154'},9167,9167,0.0,0.0,True,within declared rounding tolerance
menu_item_performance,gross_sales,{'menu_item_id': 'M0154'},15009695.1,15009695.1,0.0,0.005,True,within declared rounding tolerance
menu_item_performance,avg_unit_price,{'menu_item_id': 'M0154'},1659.75,1659.75,0.0,0.005,True,within declared rounding tolerance
menu_item_performance,item_name,{'menu_item_id': 'M0155'},Herb Beverage 11,Herb Beverage 11,,0.0,True,exact categorical/dimension match
menu_item_performance,category_name,{'menu_item_id': 'M0155'},Beverages,Beverages,,0.0,True,exact categorical/dimension match
menu_item_performance,order_count,{'menu_item_id': 'M0155'},5883,5883,0.0,0.0,True,within declared rounding tolerance
menu_item_performance,units_sold,{'menu_item_id': 'M0155'},9188,9188,0.0,0.0,True,within declared rounding tolerance
menu_item_performance,gross_sales,{'menu_item_id': 'M0155'},4820690.2,4820690.2,0.0,0.005,True,within declared rounding tolerance
menu_item_performance,avg_unit_price,{'menu_item_id': 'M0155'},530.23,530.23,0.0,0.005,True,within declared rounding tolerance
menu_item_performance,item_name,{'menu_item_id': 'M0156'},Cheesy Dessert 11,Cheesy Dessert 11,,0.0,True,exact categorical/dimension match
menu_item_performance,category_name,{'menu_item_id': 'M0156'},Desserts,Desserts,,0.0,True,exact categorical/dimension match
menu_item_performance,order_count,{'menu_item_id': 'M0156'},5630,5630,0.0,0.0,True,within declared rounding tolerance
menu_item_performance,units_sold,{'menu_item_id': 'M0156'},8623,8623,0.0,0.0,True,within declared rounding tolerance
menu_item_performance,gross_sales,{'menu_item_id': 'M0156'},10905465.6,10905465.6,0.0,0.005,True,within declared rounding tolerance
menu_item_performance,avg_unit_price,{'menu_item_id': 'M0156'},1280.08,1280.08,0.0,0.005,True,within declared rounding tolerance
menu_item_performance,item_name,{'menu_item_id': 'M0157'},Creamy Chinese 11,Creamy Chinese 11,,0.0,True,exact categorical/dimension match
menu_item_performance,category_name,{'menu_item_id': 'M0157'},Chinese,Chinese,,0.0,True,exact categorical/dimension match
menu_item_performance,order_count,{'menu_item_id': 'M0157'},5664,5664,0.0,0.0,True,within declared rounding tolerance
menu_item_performance,units_sold,{'menu_item_id': 'M0157'},8873,8873,0.0,0.0,True,within declared rounding tolerance
menu_item_performance,gross_sales,{'menu_item_id': 'M0157'},12800794.55,12800794.55,0.0,0.005,True,within declared rounding tolerance
menu_item_performance,avg_unit_price,{'menu_item_id': 'M0157'},1461.27,1461.27,0.0,0.005,True,within declared rounding tolerance
menu_item_performance,item_name,{'menu_item_id': 'M0158'},Deluxe Fast Food 11,Deluxe Fast Food 11,,0.0,True,exact categorical/dimension match
menu_item_performance,category_name,{'menu_item_id': 'M0158'},Fast Food,Fast Food,,0.0,True,exact categorical/dimension match
menu_item_performance,order_count,{'menu_item_id': 'M0158'},5774,5774,0.0,0.0,True,within declared rounding tolerance
menu_item_performance,units_sold,{'menu_item_id': 'M0158'},8867,8867,0.0,0.0,True,within declared rounding tolerance
menu_item_performance,gross_sales,{'menu_item_id': 'M0158'},6213959.06,6213959.06,0.0,0.005,True,within declared rounding tolerance
menu_item_performance,avg_unit_price,{'menu_item_id': 'M0158'},709.7,709.7,0.0,0.005,True,within declared rounding tolerance
menu_item_performance,item_name,{'menu_item_id': 'M0159'},Supreme Breakfast 11,Supreme Breakfast 11,,0.0,True,exact categorical/dimension match
menu_item_performance,category_name,{'menu_item_id': 'M0159'},Breakfast,Breakfast,,0.0,True,exact categorical/dimension match
menu_item_performance,order_count,{'menu_item_id': 'M0159'},5872,5872,0.0,0.0,True,within declared rounding tolerance
menu_item_performance,units_sold,{'menu_item_id': 'M0159'},9220,9220,0.0,0.0,True,within declared rounding tolerance
menu_item_performance,gross_sales,{'menu_item_id': 'M0159'},9462315.2,9462315.2,0.0,0.005,True,within declared rounding tolerance
menu_item_performance,avg_unit_price,{'menu_item_id': 'M0159'},1040.05,1040.05,0.0,0.005,True,within declared rounding tolerance
menu_item_performance,item_name,{'menu_item_id': 'M0160'},Loaded Salad 11,Loaded Salad 11,,0.0,True,exact categorical/dimension match
menu_item_performance,category_name,{'menu_item_id': 'M0160'},Salads,Salads,,0.0,True,exact categorical/dimension match
menu_item_performance,order_count,{'menu_item_id': 'M0160'},5726,5726,0.0,0.0,True,within declared rounding tolerance
menu_item_performance,units_sold,{'menu_item_id': 'M0160'},8934,8934,0.0,0.0,True,within declared rounding tolerance
menu_item_performance,gross_sales,{'menu_item_id': 'M0160'},15430095.59,15430095.59,0.0,0.005,True,within declared rounding tolerance
menu_item_performance,avg_unit_price,{'menu_item_id': 'M0160'},1748.38,1748.38,0.0,0.005,True,within declared rounding tolerance
menu_item_performance,item_name,{'menu_item_id': 'M0161'},Classic Pasta 11,Classic Pasta 11,,0.0,True,exact categorical/dimension match
menu_item_performance,category_name,{'menu_item_id': 'M0161'},Pasta,Pasta,,0.0,True,exact categorical/dimension match
menu_item_performance,order_count,{'menu_item_id': 'M0161'},5768,5768,0.0,0.0,True,within declared rounding tolerance
menu_item_performance,units_sold,{'menu_item_id': 'M0161'},9089,9089,0.0,0.0,True,within declared rounding tolerance
menu_item_performance,gross_sales,{'menu_item_id': 'M0161'},3678314.0,3678314.0,0.0,0.005,True,within declared rounding tolerance
menu_item_performance,avg_unit_price,{'menu_item_id': 'M0161'},410.02,410.02,0.0,0.005,True,within declared rounding tolerance
menu_item_performance,item_name,{'menu_item_id': 'M0162'},Signature Seafood 11,Signature Seafood 11,,0.0,True,exact categorical/dimension match
menu_item_performance,category_name,{'menu_item_id': 'M0162'},Seafood,Seafood,,0.0,True,exact categorical/dimension match
menu_item_performance,order_count,{'menu_item_id': 'M0162'},5709,5709,0.0,0.0,True,within declared rounding tolerance
menu_item_performance,units_sold,{'menu_item_id': 'M0162'},8915,8915,0.0,0.0,True,within declared rounding tolerance
menu_item_performance,gross_sales,{'menu_item_id': 'M0162'},2907930.18,2907930.18,0.0,0.005,True,within declared rounding tolerance
menu_item_performance,avg_unit_price,{'menu_item_id': 'M0162'},330.06,330.06,0.0,0.005,True,within declared rounding tolerance
menu_item_performance,item_name,{'menu_item_id': 'M0163'},Fresh Sandwiche 11,Fresh Sandwiche 11,,0.0,True,exact categorical/dimension match
menu_item_performance,category_name,{'menu_item_id': 'M0163'},Sandwiches,Sandwiches,,0.0,True,exact categorical/dimension match
menu_item_performance,order_count,{'menu_item_id': 'M0163'},5730,5730,0.0,0.0,True,within declared rounding tolerance
menu_item_performance,units_sold,{'menu_item_id': 'M0163'},9005,9005,0.0,0.0,True,within declared rounding tolerance
menu_item_performance,gross_sales,{'menu_item_id': 'M0163'},12373272.27,12373272.27,0.0,0.005,True,within declared rounding tolerance
menu_item_performance,avg_unit_price,{'menu_item_id': 'M0163'},1390.6,1390.6,0.0,0.005,True,within declared rounding tolerance
menu_item_performance,item_name,{'menu_item_id': 'M0164'},Spicy Rice 11,Spicy Rice 11,,0.0,True,exact categorical/dimension match
menu_item_performance,category_name,{'menu_item_id': 'M0164'},Rice,Rice,,0.0,True,exact categorical/dimension match
menu_item_performance,order_count,{'menu_item_id': 'M0164'},5663,5663,0.0,0.0,True,within declared rounding tolerance
menu_item_performance,units_sold,{'menu_item_id': 'M0164'},8904,8904,0.0,0.0,True,within declared rounding tolerance
menu_item_performance,gross_sales,{'menu_item_id': 'M0164'},11172828.13,11172828.13,0.0,0.005,True,within declared rounding tolerance
menu_item_performance,avg_unit_price,{'menu_item_id': 'M0164'},1271.17,1271.17,0.0,0.005,True,within declared rounding tolerance
menu_item_performance,item_name,{'menu_item_id': 'M0165'},House Coffee & Tea 11,House Coffee & Tea 11,,0.0,True,exact categorical/dimension match
menu_item_performance,category_name,{'menu_item_id': 'M0165'},Coffee & Tea,Coffee & Tea,,0.0,True,exact categorical/dimension match
menu_item_performance,order_count,{'menu_item_id': 'M0165'},5591,5591,0.0,0.0,True,within declared rounding tolerance
menu_item_performance,units_sold,{'menu_item_id': 'M0165'},8664,8664,0.0,0.0,True,within declared rounding tolerance
menu_item_performance,gross_sales,{'menu_item_id': 'M0165'},4624187.4,4624187.4,0.0,0.005,True,within declared rounding tolerance
menu_item_performance,avg_unit_price,{'menu_item_id': 'M0165'},540.18,540.18,0.0,0.005,True,within declared rounding tolerance
menu_item_performance,item_name,{'menu_item_id': 'M0166'},Double Burger 12,Double Burger 12,,0.0,True,exact categorical/dimension match
menu_item_performance,category_name,{'menu_item_id': 'M0166'},Burgers,Burgers,,0.0,True,exact categorical/dimension match
menu_item_performance,order_count,{'menu_item_id': 'M0166'},5568,5568,0.0,0.0,True,within declared rounding tolerance
menu_item_performance,units_sold,{'menu_item_id': 'M0166'},8642,8642,0.0,0.0,True,within declared rounding tolerance
menu_item_performance,gross_sales,{'menu_item_id': 'M0166'},3154675.45,3154675.45,0.0,0.005,True,within declared rounding tolerance
menu_item_performance,avg_unit_price,{'menu_item_id': 'M0166'},369.94,369.94,0.0,0.005,True,within declared rounding tolerance
menu_item_performance,item_name,{'menu_item_id': 'M0167'},Smoky Pizza 12,Smoky Pizza 12,,0.0,True,exact categorical/dimension match
menu_item_performance,category_name,{'menu_item_id': 'M0167'},Pizza,Pizza,,0.0,True,exact categorical/dimension match
menu_item_performance,order_count,{'menu_item_id': 'M0167'},5498,5498,0.0,0.0,True,within declared rounding tolerance
menu_item_performance,units_sold,{'menu_item_id': 'M0167'},8572,8572,0.0,0.0,True,within declared rounding tolerance
menu_item_performance,gross_sales,{'menu_item_id': 'M0167'},4736317.6,4736317.6,0.0,0.005,True,within declared rounding tolerance
menu_item_performance,avg_unit_price,{'menu_item_id': 'M0167'},559.95,559.95,0.0,0.005,True,within declared rounding tolerance
menu_item_performance,item_name,{'menu_item_id': 'M0168'},Royal Pakistani 12,Royal Pakistani 12,,0.0,True,exact categorical/dimension match
menu_item_performance,category_name,{'menu_item_id': 'M0168'},Pakistani,Pakistani,,0.0,True,exact categorical/dimension match
menu_item_performance,order_count,{'menu_item_id': 'M0168'},5498,5498,0.0,0.0,True,within declared rounding tolerance
menu_item_performance,units_sold,{'menu_item_id': 'M0168'},8588,8588,0.0,0.0,True,within declared rounding tolerance
menu_item_performance,gross_sales,{'menu_item_id': 'M0168'},14507105.31,14507105.31,0.0,0.005,True,within declared rounding tolerance
menu_item_performance,avg_unit_price,{'menu_item_id': 'M0168'},1710.82,1710.82,0.0,0.005,True,within declared rounding tolerance
menu_item_performance,item_name,{'menu_item_id': 'M0169'},Special BBQ 12,Special BBQ 12,,0.0,True,exact categorical/dimension match
menu_item_performance,category_name,{'menu_item_id': 'M0169'},BBQ,BBQ,,0.0,True,exact categorical/dimension match
menu_item_performance,order_count,{'menu_item_id': 'M0169'},5445,5445,0.0,0.0,True,within declared rounding tolerance
menu_item_performance,units_sold,{'menu_item_id': 'M0169'},8545,8545,0.0,0.0,True,within declared rounding tolerance
menu_item_performance,gross_sales,{'menu_item_id': 'M0169'},9952754.25,9952754.25,0.0,0.005,True,within declared rounding tolerance
menu_item_performance,avg_unit_price,{'menu_item_id': 'M0169'},1180.13,1180.13,0.0,0.005,True,within declared rounding tolerance
menu_item_performance,item_name,{'menu_item_id': 'M0170'},Grilled Beverage 12,Grilled Beverage 12,,0.0,True,exact categorical/dimension match
menu_item_performance,category_name,{'menu_item_id': 'M0170'},Beverages,Beverages,,0.0,True,exact categorical/dimension match
menu_item_performance,order_count,{'menu_item_id': 'M0170'},5458,5458,0.0,0.0,True,within declared rounding tolerance
menu_item_performance,units_sold,{'menu_item_id': 'M0170'},8553,8553,0.0,0.0,True,within declared rounding tolerance
menu_item_performance,gross_sales,{'menu_item_id': 'M0170'},7598299.5,7598299.5,0.0,0.005,True,within declared rounding tolerance
menu_item_performance,avg_unit_price,{'menu_item_id': 'M0170'},899.71,899.71,0.0,0.005,True,within declared rounding tolerance
menu_item_performance,item_name,{'menu_item_id': 'M0171'},Tandoori Dessert 12,Tandoori Dessert 12,,0.0,True,exact categorical/dimension match
menu_item_performance,category_name,{'menu_item_id': 'M0171'},Desserts,Desserts,,0.0,True,exact categorical/dimension match
menu_item_performance,order_count,{'menu_item_id': 'M0171'},5415,5415,0.0,0.0,True,within declared rounding tolerance
menu_item_performance,units_sold,{'menu_item_id': 'M0171'},8251,8251,0.0,0.0,True,within declared rounding tolerance
menu_item_performance,gross_sales,{'menu_item_id': 'M0171'},13359325.2,13359325.2,0.0,0.005,True,within declared rounding tolerance
menu_item_performance,avg_unit_price,{'menu_item_id': 'M0171'},1639.91,1639.91,0.0,0.005,True,within declared rounding tolerance
menu_item_performance,item_name,{'menu_item_id': 'M0172'},Fiery Chinese 12,Fiery Chinese 12,,0.0,True,exact categorical/dimension match
menu_item_performance,category_name,{'menu_item_id': 'M0172'},Chinese,Chinese,,0.0,True,exact categorical/dimension match
menu_item_performance,order_count,{'menu_item_id': 'M0172'},5481,5481,0.0,0.0,True,within declared rounding tolerance
menu_item_performance,units_sold,{'menu_item_id': 'M0172'},8532,8532,0.0,0.0,True,within declared rounding tolerance
menu_item_performance,gross_sales,{'menu_item_id': 'M0172'},14495424.7,14495424.7,0.0,0.005,True,within declared rounding tolerance
menu_item_performance,avg_unit_price,{'menu_item_id': 'M0172'},1720.03,1720.03,0.0,0.005,True,within declared rounding tolerance
menu_item_performance,item_name,{'menu_item_id': 'M0173'},Crispy Fast Food 12,Crispy Fast Food 12,,0.0,True,exact categorical/dimension match
menu_item_performance,category_name,{'menu_item_id': 'M0173'},Fast Food,Fast Food,,0.0,True,exact categorical/dimension match
menu_item_performance,order_count,{'menu_item_id': 'M0173'},5402,5402,0.0,0.0,True,within declared rounding tolerance
menu_item_performance,units_sold,{'menu_item_id': 'M0173'},8355,8355,0.0,0.0,True,within declared rounding tolerance
menu_item_performance,gross_sales,{'menu_item_id': 'M0173'},14432617.5,14432617.5,0.0,0.005,True,within declared rounding tolerance
menu_item_performance,avg_unit_price,{'menu_item_id': 'M0173'},1748.87,1748.87,0.0,0.005,True,within declared rounding tolerance
menu_item_performance,item_name,{'menu_item_id': 'M0174'},Masala Breakfast 12,Masala Breakfast 12,,0.0,True,exact categorical/dimension match
menu_item_performance,category_name,{'menu_item_id': 'M0174'},Breakfast,Breakfast,,0.0,True,exact categorical/dimension match
menu_item_performance,order_count,{'menu_item_id': 'M0174'},5416,5416,0.0,0.0,True,within declared rounding tolerance
menu_item_performance,units_sold,{'menu_item_id': 'M0174'},8444,8444,0.0,0.0,True,within declared rounding tolerance
menu_item_performance,gross_sales,{'menu_item_id': 'M0174'},4256346.48,4256346.48,0.0,0.005,True,within declared rounding tolerance
menu_item_performance,avg_unit_price,{'menu_item_id': 'M0174'},510.05,510.05,0.0,0.005,True,within declared rounding tolerance
menu_item_performance,item_name,{'menu_item_id': 'M0175'},Herb Salad 12,Herb Salad 12,,0.0,True,exact categorical/dimension match
menu_item_performance,category_name,{'menu_item_id': 'M0175'},Salads,Salads,,0.0,True,exact categorical/dimension match
menu_item_performance,order_count,{'menu_item_id': 'M0175'},5363,5363,0.0,0.0,True,within declared rounding tolerance
menu_item_performance,units_sold,{'menu_item_id': 'M0175'},8308,8308,0.0,0.0,True,within declared rounding tolerance
menu_item_performance,gross_sales,{'menu_item_id': 'M0175'},5831755.33,5831755.33,0.0,0.005,True,within declared rounding tolerance
menu_item_performance,avg_unit_price,{'menu_item_id': 'M0175'},710.13,710.13,0.0,0.005,True,within declared rounding tolerance
menu_item_performance,item_name,{'menu_item_id': 'M0176'},Cheesy Pasta 12,Cheesy Pasta 12,,0.0,True,exact categorical/dimension match
menu_item_performance,category_name,{'menu_item_id': 'M0176'},Pasta,Pasta,,0.0,True,exact categorical/dimension match
menu_item_performance,order_count,{'menu_item_id': 'M0176'},5396,5396,0.0,0.0,True,within declared rounding tolerance
menu_item_performance,units_sold,{'menu_item_id': 'M0176'},8452,8452,0.0,0.0,True,within declared rounding tolerance
menu_item_performance,gross_sales,{'menu_item_id': 'M0176'},14858874.85,14858874.85,0.0,0.005,True,within declared rounding tolerance
menu_item_performance,avg_unit_price,{'menu_item_id': 'M0176'},1779.38,1779.38,0.0,0.005,True,within declared rounding tolerance
menu_item_performance,item_name,{'menu_item_id': 'M0177'},Creamy Seafood 12,Creamy Seafood 12,,0.0,True,exact categorical/dimension match
menu_item_performance,category_name,{'menu_item_id': 'M0177'},Seafood,Seafood,,0.0,True,exact categorical/dimension match
menu_item_performance,order_count,{'menu_item_id': 'M0177'},5300,5300,0.0,0.0,True,within declared rounding tolerance
menu_item_performance,units_sold,{'menu_item_id': 'M0177'},8264,8264,0.0,0.0,True,within declared rounding tolerance
menu_item_performance,gross_sales,{'menu_item_id': 'M0177'},1632051.0,1632051.0,0.0,0.005,True,within declared rounding tolerance
menu_item_performance,avg_unit_price,{'menu_item_id': 'M0177'},200.09,200.09,0.0,0.005,True,within declared rounding tolerance
menu_item_performance,item_name,{'menu_item_id': 'M0178'},Deluxe Sandwiche 12,Deluxe Sandwiche 12,,0.0,True,exact categorical/dimension match
menu_item_performance,category_name,{'menu_item_id': 'M0178'},Sandwiches,Sandwiches,,0.0,True,exact categorical/dimension match
menu_item_performance,order_count,{'menu_item_id': 'M0178'},5347,5347,0.0,0.0,True,within declared rounding tolerance
menu_item_performance,units_sold,{'menu_item_id': 'M0178'},8279,8279,0.0,0.0,True,within declared rounding tolerance
menu_item_performance,gross_sales,{'menu_item_id': 'M0178'},2127201.05,2127201.05,0.0,0.005,True,within declared rounding tolerance
menu_item_performance,avg_unit_price,{'menu_item_id': 'M0178'},260.12,260.12,0.0,0.005,True,within declared rounding tolerance
menu_item_performance,item_name,{'menu_item_id': 'M0179'},Supreme Rice 12,Supreme Rice 12,,0.0,True,exact categorical/dimension match
menu_item_performance,category_name,{'menu_item_id': 'M0179'},Rice,Rice,,0.0,True,exact categorical/dimension match
menu_item_performance,order_count,{'menu_item_id': 'M0179'},5083,5083,0.0,0.0,True,within declared rounding tolerance
menu_item_performance,units_sold,{'menu_item_id': 'M0179'},8093,8093,0.0,0.0,True,within declared rounding tolerance
menu_item_performance,gross_sales,{'menu_item_id': 'M0179'},11505268.8,11505268.8,0.0,0.005,True,within declared rounding tolerance
menu_item_performance,avg_unit_price,{'menu_item_id': 'M0179'},1440.27,1440.27,0.0,0.005,True,within declared rounding tolerance
menu_item_performance,item_name,{'menu_item_id': 'M0180'},Loaded Coffee & Tea 12,Loaded Coffee & Tea 12,,0.0,True,exact categorical/dimension match
menu_item_performance,category_name,{'menu_item_id': 'M0180'},Coffee & Tea,Coffee & Tea,,0.0,True,exact categorical/dimension match
menu_item_performance,order_count,{'menu_item_id': 'M0180'},5211,5211,0.0,0.0,True,within declared rounding tolerance
menu_item_performance,units_sold,{'menu_item_id': 'M0180'},8103,8103,0.0,0.0,True,within declared rounding tolerance
menu_item_performance,gross_sales,{'menu_item_id': 'M0180'},2000942.54,2000942.54,0.0,0.005,True,within declared rounding tolerance
menu_item_performance,avg_unit_price,{'menu_item_id': 'M0180'},250.1,250.1,0.0,0.005,True,within declared rounding tolerance
menu_item_performance,item_name,{'menu_item_id': 'M0181'},Classic Burger 13,Classic Burger 13,,0.0,True,exact categorical/dimension match
menu_item_performance,category_name,{'menu_item_id': 'M0181'},Burgers,Burgers,,0.0,True,exact categorical/dimension match
menu_item_performance,order_count,{'menu_item_id': 'M0181'},5254,5254,0.0,0.0,True,within declared rounding tolerance
menu_item_performance,units_sold,{'menu_item_id': 'M0181'},8159,8159,0.0,0.0,True,within declared rounding tolerance
menu_item_performance,gross_sales,{'menu_item_id': 'M0181'},2255971.9,2255971.9,0.0,0.005,True,within declared rounding tolerance
menu_item_performance,avg_unit_price,{'menu_item_id': 'M0181'},279.95,279.95,0.0,0.005,True,within declared rounding tolerance
menu_item_performance,item_name,{'menu_item_id': 'M0182'},Signature Pizza 13,Signature Pizza 13,,0.0,True,exact categorical/dimension match
menu_item_performance,category_name,{'menu_item_id': 'M0182'},Pizza,Pizza,,0.0,True,exact categorical/dimension match
menu_item_performance,order_count,{'menu_item_id': 'M0182'},5184,5184,0.0,0.0,True,within declared rounding tolerance
menu_item_performance,units_sold,{'menu_item_id': 'M0182'},8117,8117,0.0,0.0,True,within declared rounding tolerance
menu_item_performance,gross_sales,{'menu_item_id': 'M0182'},13232447.18,13232447.18,0.0,0.005,True,within declared rounding tolerance
menu_item_performance,avg_unit_price,{'menu_item_id': 'M0182'},1650.86,1650.86,0.0,0.005,True,within declared rounding tolerance
menu_item_performance,item_name,{'menu_item_id': 'M0183'},Fresh Pakistani 13,Fresh Pakistani 13,,0.0,True,exact categorical/dimension match
menu_item_performance,category_name,{'menu_item_id': 'M0183'},Pakistani,Pakistani,,0.0,True,exact categorical/dimension match
menu_item_performance,order_count,{'menu_item_id': 'M0183'},5131,5131,0.0,0.0,True,within declared rounding tolerance
menu_item_performance,units_sold,{'menu_item_id': 'M0183'},7875,7875,0.0,0.0,True,within declared rounding tolerance
menu_item_performance,gross_sales,{'menu_item_id': 'M0183'},4899648.48,4899648.48,0.0,0.005,True,within declared rounding tolerance
menu_item_performance,avg_unit_price,{'menu_item_id': 'M0183'},630.09,630.09,0.0,0.005,True,within declared rounding tolerance
menu_item_performance,item_name,{'menu_item_id': 'M0184'},Spicy BBQ 13,Spicy BBQ 13,,0.0,True,exact categorical/dimension match
menu_item_performance,category_name,{'menu_item_id': 'M0184'},BBQ,BBQ,,0.0,True,exact categorical/dimension match
menu_item_performance,order_count,{'menu_item_id': 'M0184'},5179,5179,0.0,0.0,True,within declared rounding tolerance
menu_item_performance,units_sold,{'menu_item_id': 'M0184'},7972,7972,0.0,0.0,True,within declared rounding tolerance
menu_item_performance,gross_sales,{'menu_item_id': 'M0184'},8187121.8,8187121.8,0.0,0.005,True,within declared rounding tolerance
menu_item_performance,avg_unit_price,{'menu_item_id': 'M0184'},1039.76,1039.76,0.0,0.005,True,within declared rounding tolerance
menu_item_performance,item_name,{'menu_item_id': 'M0185'},House Beverage 13,House Beverage 13,,0.0,True,exact categorical/dimension match
menu_item_performance,category_name,{'menu_item_id': 'M0185'},Beverages,Beverages,,0.0,True,exact categorical/dimension match
menu_item_performance,order_count,{'menu_item_id': 'M0185'},5073,5073,0.0,0.0,True,within declared rounding tolerance
menu_item_performance,units_sold,{'menu_item_id': 'M0185'},7921,7921,0.0,0.0,True,within declared rounding tolerance
menu_item_performance,gross_sales,{'menu_item_id': 'M0185'},12203275.5,12203275.5,0.0,0.005,True,within declared rounding tolerance
menu_item_performance,avg_unit_price,{'menu_item_id': 'M0185'},1559.79,1559.79,0.0,0.005,True,within declared rounding tolerance
menu_item_performance,item_name,{'menu_item_id': 'M0186'},Double Dessert 13,Double Dessert 13,,0.0,True,exact categorical/dimension match
menu_item_performance,category_name,{'menu_item_id': 'M0186'},Desserts,Desserts,,0.0,True,exact categorical/dimension match
menu_item_performance,order_count,{'menu_item_id': 'M0186'},5081,5081,0.0,0.0,True,within declared rounding tolerance
menu_item_performance,units_sold,{'menu_item_id': 'M0186'},7879,7879,0.0,0.0,True,within declared rounding tolerance
menu_item_performance,gross_sales,{'menu_item_id': 'M0186'},12601161.9,12601161.9,0.0,0.005,True,within declared rounding tolerance
menu_item_performance,avg_unit_price,{'menu_item_id': 'M0186'},1619.9,1619.9,0.0,0.005,True,within declared rounding tolerance
menu_item_performance,item_name,{'menu_item_id': 'M0187'},Smoky Chinese 13,Smoky Chinese 13,,0.0,True,exact categorical/dimension match
menu_item_performance,category_name,{'menu_item_id': 'M0187'},Chinese,Chinese,,0.0,True,exact categorical/dimension match
menu_item_performance,order_count,{'menu_item_id': 'M0187'},5126,5126,0.0,0.0,True,within declared rounding tolerance
menu_item_performance,units_sold,{'menu_item_id': 'M0187'},7973,7973,0.0,0.0,True,within declared rounding tolerance
menu_item_performance,gross_sales,{'menu_item_id': 'M0187'},6841949.78,6841949.78,0.0,0.005,True,within declared rounding tolerance
menu_item_performance,avg_unit_price,{'menu_item_id': 'M0187'},869.93,869.93,0.0,0.005,True,within declared rounding tolerance
menu_item_performance,item_name,{'menu_item_id': 'M0188'},Royal Fast Food 13,Royal Fast Food 13,,0.0,True,exact categorical/dimension match
menu_item_performance,category_name,{'menu_item_id': 'M0188'},Fast Food,Fast Food,,0.0,True,exact categorical/dimension match
menu_item_performance,order_count,{'menu_item_id': 'M0188'},5074,5074,0.0,0.0,True,within declared rounding tolerance
menu_item_performance,units_sold,{'menu_item_id': 'M0188'},7883,7883,0.0,0.0,True,within declared rounding tolerance
menu_item_performance,gross_sales,{'menu_item_id': 'M0188'},2259448.44,2259448.44,0.0,0.005,True,within declared rounding tolerance
menu_item_performance,avg_unit_price,{'menu_item_id': 'M0188'},290.0,290.0,0.0,0.005,True,within declared rounding tolerance
menu_item_performance,item_name,{'menu_item_id': 'M0189'},Special Breakfast 13,Special Breakfast 13,,0.0,True,exact categorical/dimension match
menu_item_performance,category_name,{'menu_item_id': 'M0189'},Breakfast,Breakfast,,0.0,True,exact categorical/dimension match
menu_item_performance,order_count,{'menu_item_id': 'M0189'},5010,5010,0.0,0.0,True,within declared rounding tolerance
menu_item_performance,units_sold,{'menu_item_id': 'M0189'},7843,7843,0.0,0.0,True,within declared rounding tolerance
menu_item_performance,gross_sales,{'menu_item_id': 'M0189'},11620657.5,11620657.5,0.0,0.005,True,within declared rounding tolerance
menu_item_performance,avg_unit_price,{'menu_item_id': 'M0189'},1500.7,1500.7,0.0,0.005,True,within declared rounding tolerance
menu_item_performance,item_name,{'menu_item_id': 'M0190'},Grilled Salad 13,Grilled Salad 13,,0.0,True,exact categorical/dimension match
menu_item_performance,category_name,{'menu_item_id': 'M0190'},Salads,Salads,,0.0,True,exact categorical/dimension match
menu_item_performance,order_count,{'menu_item_id': 'M0190'},4973,4973,0.0,0.0,True,within declared rounding tolerance
menu_item_performance,units_sold,{'menu_item_id': 'M0190'},7688,7688,0.0,0.0,True,within declared rounding tolerance
menu_item_performance,gross_sales,{'menu_item_id': 'M0190'},2884568.6,2884568.6,0.0,0.005,True,within declared rounding tolerance
menu_item_performance,avg_unit_price,{'menu_item_id': 'M0190'},379.91,379.91,0.0,0.005,True,within declared rounding tolerance
menu_item_performance,item_name,{'menu_item_id': 'M0191'},Tandoori Pasta 13,Tandoori Pasta 13,,0.0,True,exact categorical/dimension match
menu_item_performance,category_name,{'menu_item_id': 'M0191'},Pasta,Pasta,,0.0,True,exact categorical/dimension match
menu_item_performance,order_count,{'menu_item_id': 'M0191'},5085,5085,0.0,0.0,True,within declared rounding tolerance
menu_item_performance,units_sold,{'menu_item_id': 'M0191'},7903,7903,0.0,0.0,True,within declared rounding tolerance
menu_item_performance,gross_sales,{'menu_item_id': 'M0191'},8989647.65,8989647.65,0.0,0.005,True,within declared rounding tolerance
menu_item_performance,avg_unit_price,{'menu_item_id': 'M0191'},1150.03,1150.03,0.0,0.005,True,within declared rounding tolerance
menu_item_performance,item_name,{'menu_item_id': 'M0192'},Fiery Seafood 13,Fiery Seafood 13,,0.0,True,exact categorical/dimension match
menu_item_performance,category_name,{'menu_item_id': 'M0192'},Seafood,Seafood,,0.0,True,exact categorical/dimension match
menu_item_performance,order_count,{'menu_item_id': 'M0192'},4883,4883,0.0,0.0,True,within declared rounding tolerance
menu_item_performance,units_sold,{'menu_item_id': 'M0192'},7541,7541,0.0,0.0,True,within declared rounding tolerance
menu_item_performance,gross_sales,{'menu_item_id': 'M0192'},4023897.75,4023897.75,0.0,0.005,True,within declared rounding tolerance
menu_item_performance,avg_unit_price,{'menu_item_id': 'M0192'},539.99,539.99,0.0,0.005,True,within declared rounding tolerance
menu_item_performance,item_name,{'menu_item_id': 'M0193'},Crispy Sandwiche 13,Crispy Sandwiche 13,,0.0,True,exact categorical/dimension match
menu_item_performance,category_name,{'menu_item_id': 'M0193'},Sandwiches,Sandwiches,,0.0,True,exact categorical/dimension match
menu_item_performance,order_count,{'menu_item_id': 'M0193'},5051,5051,0.0,0.0,True,within declared rounding tolerance
menu_item_performance,units_sold,{'menu_item_id': 'M0193'},7794,7794,0.0,0.0,True,within declared rounding tolerance
menu_item_performance,gross_sales,{'menu_item_id': 'M0193'},4227588.8,4227588.8,0.0,0.005,True,within declared rounding tolerance
menu_item_performance,avg_unit_price,{'menu_item_id': 'M0193'},549.74,549.74,0.0,0.005,True,within declared rounding tolerance
menu_item_performance,item_name,{'menu_item_id': 'M0194'},Masala Rice 13,Masala Rice 13,,0.0,True,exact categorical/dimension match
menu_item_performance,category_name,{'menu_item_id': 'M0194'},Rice,Rice,,0.0,True,exact categorical/dimension match
menu_item_performance,order_count,{'menu_item_id': 'M0194'},4867,4867,0.0,0.0,True,within declared rounding tolerance
menu_item_performance,units_sold,{'menu_item_id': 'M0194'},7629,7629,0.0,0.0,True,within declared rounding tolerance
menu_item_performance,gross_sales,{'menu_item_id': 'M0194'},9563766.77,9563766.77,0.0,0.005,True,within declared rounding tolerance
menu_item_performance,avg_unit_price,{'menu_item_id': 'M0194'},1268.91,1268.91,0.0,0.005,True,within declared rounding tolerance
menu_item_performance,item_name,{'menu_item_id': 'M0195'},Herb Coffee & Tea 13,Herb Coffee & Tea 13,,0.0,True,exact categorical/dimension match
menu_item_performance,category_name,{'menu_item_id': 'M0195'},Coffee & Tea,Coffee & Tea,,0.0,True,exact categorical/dimension match
menu_item_performance,order_count,{'menu_item_id': 'M0195'},5116,5116,0.0,0.0,True,within declared rounding tolerance
menu_item_performance,units_sold,{'menu_item_id': 'M0195'},7890,7890,0.0,0.0,True,within declared rounding tolerance
menu_item_performance,gross_sales,{'menu_item_id': 'M0195'},1793420.98,1793420.98,0.0,0.005,True,within declared rounding tolerance
menu_item_performance,avg_unit_price,{'menu_item_id': 'M0195'},230.02,230.02,0.0,0.005,True,within declared rounding tolerance
menu_item_performance,item_name,{'menu_item_id': 'M0196'},Cheesy Burger 14,Cheesy Burger 14,,0.0,True,exact categorical/dimension match
menu_item_performance,category_name,{'menu_item_id': 'M0196'},Burgers,Burgers,,0.0,True,exact categorical/dimension match
menu_item_performance,order_count,{'menu_item_id': 'M0196'},4980,4980,0.0,0.0,True,within declared rounding tolerance
menu_item_performance,units_sold,{'menu_item_id': 'M0196'},7806,7806,0.0,0.0,True,within declared rounding tolerance
menu_item_performance,gross_sales,{'menu_item_id': 'M0196'},12264262.1,12264262.1,0.0,0.005,True,within declared rounding tolerance
menu_item_performance,avg_unit_price,{'menu_item_id': 'M0196'},1589.78,1589.78,0.0,0.005,True,within declared rounding tolerance
menu_item_performance,item_name,{'menu_item_id': 'M0197'},Creamy Pizza 14,Creamy Pizza 14,,0.0,True,exact categorical/dimension match
menu_item_performance,category_name,{'menu_item_id': 'M0197'},Pizza,Pizza,,0.0,True,exact categorical/dimension match
menu_item_performance,order_count,{'menu_item_id': 'M0197'},5055,5055,0.0,0.0,True,within declared rounding tolerance
menu_item_performance,units_sold,{'menu_item_id': 'M0197'},7816,7816,0.0,0.0,True,within declared rounding tolerance
menu_item_performance,gross_sales,{'menu_item_id': 'M0197'},2546387.22,2546387.22,0.0,0.005,True,within declared rounding tolerance
menu_item_performance,avg_unit_price,{'menu_item_id': 'M0197'},329.89,329.89,0.0,0.005,True,within declared rounding tolerance
menu_item_performance,item_name,{'menu_item_id': 'M0198'},Deluxe Pakistani 14,Deluxe Pakistani 14,,0.0,True,exact categorical/dimension match
menu_item_performance,category_name,{'menu_item_id': 'M0198'},Pakistani,Pakistani,,0.0,True,exact categorical/dimension match
menu_item_performance,order_count,{'menu_item_id': 'M0198'},4871,4871,0.0,0.0,True,within declared rounding tolerance
menu_item_performance,units_sold,{'menu_item_id': 'M0198'},7615,7615,0.0,0.0,True,within declared rounding tolerance
menu_item_performance,gross_sales,{'menu_item_id': 'M0198'},5116071.8,5116071.8,0.0,0.005,True,within declared rounding tolerance
menu_item_performance,avg_unit_price,{'menu_item_id': 'M0198'},679.81,679.81,0.0,0.005,True,within declared rounding tolerance
menu_item_performance,item_name,{'menu_item_id': 'M0199'},Supreme BBQ 14,Supreme BBQ 14,,0.0,True,exact categorical/dimension match
menu_item_performance,category_name,{'menu_item_id': 'M0199'},BBQ,BBQ,,0.0,True,exact categorical/dimension match
menu_item_performance,order_count,{'menu_item_id': 'M0199'},4817,4817,0.0,0.0,True,within declared rounding tolerance
menu_item_performance,units_sold,{'menu_item_id': 'M0199'},7630,7630,0.0,0.0,True,within declared rounding tolerance
menu_item_performance,gross_sales,{'menu_item_id': 'M0199'},3312423.4,3312423.4,0.0,0.005,True,within declared rounding tolerance
menu_item_performance,avg_unit_price,{'menu_item_id': 'M0199'},439.73,439.73,0.0,0.005,True,within declared rounding tolerance
menu_item_performance,item_name,{'menu_item_id': 'M0200'},Loaded Beverage 14,Loaded Beverage 14,,0.0,True,exact categorical/dimension match
menu_item_performance,category_name,{'menu_item_id': 'M0200'},Beverages,Beverages,,0.0,True,exact categorical/dimension match
menu_item_performance,order_count,{'menu_item_id': 'M0200'},4772,4772,0.0,0.0,True,within declared rounding tolerance
menu_item_performance,units_sold,{'menu_item_id': 'M0200'},7368,7368,0.0,0.0,True,within declared rounding tolerance
menu_item_performance,gross_sales,{'menu_item_id': 'M0200'},8435618.6,8435618.6,0.0,0.005,True,within declared rounding tolerance
menu_item_performance,avg_unit_price,{'menu_item_id': 'M0200'},1159.21,1159.21,0.0,0.005,True,within declared rounding tolerance
category_performance,order_count,{'category_name': 'BBQ'},178751,178751,0.0,0.0,True,within declared rounding tolerance
category_performance,units_sold,{'category_name': 'BBQ'},325594,325594,0.0,0.0,True,within declared rounding tolerance
category_performance,gross_sales,{'category_name': 'BBQ'},423975735.94,423975735.94,0.0,0.005,True,within declared rounding tolerance
category_performance,avg_line_value,{'category_name': 'BBQ'},2022.4,2022.4,0.0,0.005,True,within declared rounding tolerance
category_performance,order_count,{'category_name': 'Beverages'},169117,169117,0.0,0.0,True,within declared rounding tolerance
category_performance,units_sold,{'category_name': 'Beverages'},304770,304770,0.0,0.0,True,within declared rounding tolerance
category_performance,gross_sales,{'category_name': 'Beverages'},230926477.53,230926477.53,0.0,0.005,True,within declared rounding tolerance
category_performance,avg_line_value,{'category_name': 'Beverages'},1175.69,1175.69,0.0,0.005,True,within declared rounding tolerance
category_performance,order_count,{'category_name': 'Breakfast'},142027,142027,0.0,0.0,True,within declared rounding tolerance
category_performance,units_sold,{'category_name': 'Breakfast'},249309,249309,0.0,0.0,True,within declared rounding tolerance
category_performance,gross_sales,{'category_name': 'Breakfast'},301429849.09,301429849.09,0.0,0.005,True,within declared rounding tolerance
category_performance,avg_line_value,{'category_name': 'Breakfast'},1877.97,1877.97,0.0,0.005,True,within declared rounding tolerance
category_performance,order_count,{'category_name': 'Burgers'},273423,273423,0.0,0.0,True,within declared rounding tolerance
category_performance,units_sold,{'category_name': 'Burgers'},553268,553268,0.0,0.0,True,within declared rounding tolerance
category_performance,gross_sales,{'category_name': 'Burgers'},730640117.61,730640117.61,0.0,0.005,True,within declared rounding tolerance
category_performance,avg_line_value,{'category_name': 'Burgers'},2045.69,2045.69,0.0,0.005,True,within declared rounding tolerance
category_performance,order_count,{'category_name': 'Chinese'},151618,151618,0.0,0.0,True,within declared rounding tolerance
category_performance,units_sold,{'category_name': 'Chinese'},268557,268557,0.0,0.0,True,within declared rounding tolerance
category_performance,gross_sales,{'category_name': 'Chinese'},299681915.76,299681915.76,0.0,0.005,True,within declared rounding tolerance
category_performance,avg_line_value,{'category_name': 'Chinese'},1733.13,1733.13,0.0,0.005,True,within declared rounding tolerance
category_performance,order_count,{'category_name': 'Coffee & Tea'},124527,124527,0.0,0.0,True,within declared rounding tolerance
category_performance,units_sold,{'category_name': 'Coffee & Tea'},214565,214565,0.0,0.0,True,within declared rounding tolerance
category_performance,gross_sales,{'category_name': 'Coffee & Tea'},237419928.54,237419928.54,0.0,0.005,True,within declared rounding tolerance
category_performance,avg_line_value,{'category_name': 'Coffee & Tea'},1712.47,1712.47,0.0,0.005,True,within declared rounding tolerance
category_performance,order_count,{'category_name': 'Desserts'},157089,157089,0.0,0.0,True,within declared rounding tolerance
category_performance,units_sold,{'category_name': 'Desserts'},279171,279171,0.0,0.0,True,within declared rounding tolerance
category_performance,gross_sales,{'category_name': 'Desserts'},375348970.39,375348970.39,0.0,0.005,True,within declared rounding tolerance
category_performance,avg_line_value,{'category_name': 'Desserts'},2082.26,2082.26,0.0,0.005,True,within declared rounding tolerance
category_performance,order_count,{'category_name': 'Fast Food'},146063,146063,0.0,0.0,True,within declared rounding tolerance
category_performance,units_sold,{'category_name': 'Fast Food'},256395,256395,0.0,0.0,True,within declared rounding tolerance
category_performance,gross_sales,{'category_name': 'Fast Food'},242280831.92,242280831.92,0.0,0.005,True,within declared rounding tolerance
category_performance,avg_line_value,{'category_name': 'Fast Food'},1460.55,1460.55,0.0,0.005,True,within declared rounding tolerance
category_performance,order_count,{'category_name': 'Pakistani'},193755,193755,0.0,0.0,True,within declared rounding tolerance
category_performance,units_sold,{'category_name': 'Pakistani'},357633,357633,0.0,0.0,True,within declared rounding tolerance
category_performance,gross_sales,{'category_name': 'Pakistani'},364551140.15,364551140.15,0.0,0.005,True,within declared rounding tolerance
category_performance,avg_line_value,{'category_name': 'Pakistani'},1581.69,1581.69,0.0,0.005,True,within declared rounding tolerance
category_performance,order_count,{'category_name': 'Pasta'},134927,134927,0.0,0.0,True,within declared rounding tolerance
category_performance,units_sold,{'category_name': 'Pasta'},235106,235106,0.0,0.0,True,within declared rounding tolerance
category_performance,gross_sales,{'category_name': 'Pasta'},210424132.37,210424132.37,0.0,0.005,True,within declared rounding tolerance
category_performance,avg_line_value,{'category_name': 'Pasta'},1389.47,1389.47,0.0,0.005,True,within declared rounding tolerance
category_performance,order_count,{'category_name': 'Pizza'},218236,218236,0.0,0.0,True,within declared rounding tolerance
category_performance,units_sold,{'category_name': 'Pizza'},414848,414848,0.0,0.0,True,within declared rounding tolerance
category_performance,gross_sales,{'category_name': 'Pizza'},301428826.91,301428826.91,0.0,0.005,True,within declared rounding tolerance
category_performance,avg_line_value,{'category_name': 'Pizza'},1128.49,1128.49,0.0,0.005,True,within declared rounding tolerance
category_performance,order_count,{'category_name': 'Rice'},126742,126742,0.0,0.0,True,within declared rounding tolerance
category_performance,units_sold,{'category_name': 'Rice'},219587,219587,0.0,0.0,True,within declared rounding tolerance
category_performance,gross_sales,{'category_name': 'Rice'},206815991.39,206815991.39,0.0,0.005,True,within declared rounding tolerance
category_performance,avg_line_value,{'category_name': 'Rice'},1466.02,1466.02,0.0,0.005,True,within declared rounding tolerance
category_performance,order_count,{'category_name': 'Salads'},137997,137997,0.0,0.0,True,within declared rounding tolerance
category_performance,units_sold,{'category_name': 'Salads'},240663,240663,0.0,0.0,True,within declared rounding tolerance
category_performance,gross_sales,{'category_name': 'Salads'},199616685.46,199616685.46,0.0,0.005,True,within declared rounding tolerance
category_performance,avg_line_value,{'category_name': 'Salads'},1286.02,1286.02,0.0,0.005,True,within declared rounding tolerance
category_performance,order_count,{'category_name': 'Sandwiches'},129213,129213,0.0,0.0,True,within declared rounding tolerance
category_performance,units_sold,{'category_name': 'Sandwiches'},223732,223732,0.0,0.0,True,within declared rounding tolerance
category_performance,gross_sales,{'category_name': 'Sandwiches'},261183183.18,261183183.18,0.0,0.005,True,within declared rounding tolerance
category_performance,avg_line_value,{'category_name': 'Sandwiches'},1810.2,1810.2,0.0,0.005,True,within declared rounding tolerance
category_performance,order_count,{'category_name': 'Seafood'},131168,131168,0.0,0.0,True,within declared rounding tolerance
category_performance,units_sold,{'category_name': 'Seafood'},227724,227724,0.0,0.0,True,within declared rounding tolerance
category_performance,gross_sales,{'category_name': 'Seafood'},191440091.07,191440091.07,0.0,0.005,True,within declared rounding tolerance
category_performance,avg_line_value,{'category_name': 'Seafood'},1303.0,1303.0,0.0,0.005,True,within declared rounding tolerance
restaurant_performance,restaurant_name,{'restaurant_id': 'R001'},DineIQ Clifton,DineIQ Clifton,,0.0,True,exact categorical/dimension match
restaurant_performance,city,{'restaurant_id': 'R001'},Karachi,Karachi,,0.0,True,exact categorical/dimension match
restaurant_performance,order_count,{'restaurant_id': 'R001'},24464,24464,0.0,0.0,True,within declared rounding tolerance
restaurant_performance,revenue,{'restaurant_id': 'R001'},207164356.12,207164356.12,0.0,0.005,True,within declared rounding tolerance
restaurant_performance,avg_order_value,{'restaurant_id': 'R001'},8468.13,8468.13,0.0,0.005,True,within declared rounding tolerance
restaurant_performance,restaurant_name,{'restaurant_id': 'R002'},DineIQ DHA,DineIQ DHA,,0.0,True,exact categorical/dimension match
restaurant_performance,city,{'restaurant_id': 'R002'},Karachi,Karachi,,0.0,True,exact categorical/dimension match
restaurant_performance,order_count,{'restaurant_id': 'R002'},24400,24400,0.0,0.0,True,within declared rounding tolerance
restaurant_performance,revenue,{'restaurant_id': 'R002'},205731353.64,205731353.64,0.0,0.005,True,within declared rounding tolerance
restaurant_performance,avg_order_value,{'restaurant_id': 'R002'},8431.61,8431.61,0.0,0.005,True,within declared rounding tolerance
restaurant_performance,restaurant_name,{'restaurant_id': 'R003'},DineIQ Gulshan,DineIQ Gulshan,,0.0,True,exact categorical/dimension match
restaurant_performance,city,{'restaurant_id': 'R003'},Karachi,Karachi,,0.0,True,exact categorical/dimension match
restaurant_performance,order_count,{'restaurant_id': 'R003'},24151,24151,0.0,0.0,True,within declared rounding tolerance
restaurant_performance,revenue,{'restaurant_id': 'R003'},204159566.57,204159566.57,0.0,0.005,True,within declared rounding tolerance
restaurant_performance,avg_order_value,{'restaurant_id': 'R003'},8453.46,8453.46,0.0,0.005,True,within declared rounding tolerance
restaurant_performance,restaurant_name,{'restaurant_id': 'R004'},DineIQ North Nazimabad,DineIQ North Nazimabad,,0.0,True,exact categorical/dimension match
restaurant_performance,city,{'restaurant_id': 'R004'},Karachi,Karachi,,0.0,True,exact categorical/dimension match
restaurant_performance,order_count,{'restaurant_id': 'R004'},24481,24481,0.0,0.0,True,within declared rounding tolerance
restaurant_performance,revenue,{'restaurant_id': 'R004'},207131479.06,207131479.06,0.0,0.005,True,within declared rounding tolerance
restaurant_performance,avg_order_value,{'restaurant_id': 'R004'},8460.91,8460.91,0.0,0.005,True,within declared rounding tolerance
restaurant_performance,restaurant_name,{'restaurant_id': 'R005'},DineIQ Bahadurabad,DineIQ Bahadurabad,,0.0,True,exact categorical/dimension match
restaurant_performance,city,{'restaurant_id': 'R005'},Karachi,Karachi,,0.0,True,exact categorical/dimension match
restaurant_performance,order_count,{'restaurant_id': 'R005'},24356,24356,0.0,0.0,True,within declared rounding tolerance
restaurant_performance,revenue,{'restaurant_id': 'R005'},204466778.11,204466778.11,0.0,0.005,True,within declared rounding tolerance
restaurant_performance,avg_order_value,{'restaurant_id': 'R005'},8394.92,8394.92,0.0,0.005,True,within declared rounding tolerance
restaurant_performance,restaurant_name,{'restaurant_id': 'R006'},DineIQ Gulberg,DineIQ Gulberg,,0.0,True,exact categorical/dimension match
restaurant_performance,city,{'restaurant_id': 'R006'},Lahore,Lahore,,0.0,True,exact categorical/dimension match
restaurant_performance,order_count,{'restaurant_id': 'R006'},24559,24559,0.0,0.0,True,within declared rounding tolerance
restaurant_performance,revenue,{'restaurant_id': 'R006'},207313214.1,207313214.1,0.0,0.005,True,within declared rounding tolerance
restaurant_performance,avg_order_value,{'restaurant_id': 'R006'},8441.44,8441.44,0.0,0.005,True,within declared rounding tolerance
restaurant_performance,restaurant_name,{'restaurant_id': 'R007'},DineIQ DHA,DineIQ DHA,,0.0,True,exact categorical/dimension match
restaurant_performance,city,{'restaurant_id': 'R007'},Lahore,Lahore,,0.0,True,exact categorical/dimension match
restaurant_performance,order_count,{'restaurant_id': 'R007'},24488,24488,0.0,0.0,True,within declared rounding tolerance
restaurant_performance,revenue,{'restaurant_id': 'R007'},206486557.48,206486557.48,0.0,0.005,True,within declared rounding tolerance
restaurant_performance,avg_order_value,{'restaurant_id': 'R007'},8432.15,8432.15,0.0,0.005,True,within declared rounding tolerance
restaurant_performance,restaurant_name,{'restaurant_id': 'R008'},DineIQ Johar Town,DineIQ Johar Town,,0.0,True,exact categorical/dimension match
restaurant_performance,city,{'restaurant_id': 'R008'},Lahore,Lahore,,0.0,True,exact categorical/dimension match
restaurant_performance,order_count,{'restaurant_id': 'R008'},24690,24690,0.0,0.0,True,within declared rounding tolerance
restaurant_performance,revenue,{'restaurant_id': 'R008'},208883316.54,208883316.54,0.0,0.005,True,within declared rounding tolerance
restaurant_performance,avg_order_value,{'restaurant_id': 'R008'},8460.24,8460.24,0.0,0.005,True,within declared rounding tolerance
restaurant_performance,restaurant_name,{'restaurant_id': 'R009'},DineIQ Model Town,DineIQ Model Town,,0.0,True,exact categorical/dimension match
restaurant_performance,city,{'restaurant_id': 'R009'},Lahore,Lahore,,0.0,True,exact categorical/dimension match
restaurant_performance,order_count,{'restaurant_id': 'R009'},24454,24454,0.0,0.0,True,within declared rounding tolerance
restaurant_performance,revenue,{'restaurant_id': 'R009'},206460024.58,206460024.58,0.0,0.005,True,within declared rounding tolerance
restaurant_performance,avg_order_value,{'restaurant_id': 'R009'},8442.79,8442.79,0.0,0.005,True,within declared rounding tolerance
restaurant_performance,restaurant_name,{'restaurant_id': 'R010'},DineIQ F-7,DineIQ F-7,,0.0,True,exact categorical/dimension match
restaurant_performance,city,{'restaurant_id': 'R010'},Islamabad,Islamabad,,0.0,True,exact categorical/dimension match
restaurant_performance,order_count,{'restaurant_id': 'R010'},24286,24286,0.0,0.0,True,within declared rounding tolerance
restaurant_performance,revenue,{'restaurant_id': 'R010'},204107381.98,204107381.98,0.0,0.005,True,within declared rounding tolerance
restaurant_performance,avg_order_value,{'restaurant_id': 'R010'},8404.32,8404.32,0.0,0.005,True,within declared rounding tolerance
restaurant_performance,restaurant_name,{'restaurant_id': 'R011'},DineIQ F-10,DineIQ F-10,,0.0,True,exact categorical/dimension match
restaurant_performance,city,{'restaurant_id': 'R011'},Islamabad,Islamabad,,0.0,True,exact categorical/dimension match
restaurant_performance,order_count,{'restaurant_id': 'R011'},24448,24448,0.0,0.0,True,within declared rounding tolerance
restaurant_performance,revenue,{'restaurant_id': 'R011'},206186782.27,206186782.27,0.0,0.005,True,within declared rounding tolerance
restaurant_performance,avg_order_value,{'restaurant_id': 'R011'},8433.69,8433.69,0.0,0.005,True,within declared rounding tolerance
restaurant_performance,restaurant_name,{'restaurant_id': 'R012'},DineIQ Blue Area,DineIQ Blue Area,,0.0,True,exact categorical/dimension match
restaurant_performance,city,{'restaurant_id': 'R012'},Islamabad,Islamabad,,0.0,True,exact categorical/dimension match
restaurant_performance,order_count,{'restaurant_id': 'R012'},24194,24194,0.0,0.0,True,within declared rounding tolerance
restaurant_performance,revenue,{'restaurant_id': 'R012'},203695547.89,203695547.89,0.0,0.005,True,within declared rounding tolerance
restaurant_performance,avg_order_value,{'restaurant_id': 'R012'},8419.26,8419.26,0.0,0.005,True,within declared rounding tolerance
restaurant_performance,restaurant_name,{'restaurant_id': 'R013'},DineIQ G-11,DineIQ G-11,,0.0,True,exact categorical/dimension match
restaurant_performance,city,{'restaurant_id': 'R013'},Islamabad,Islamabad,,0.0,True,exact categorical/dimension match
restaurant_performance,order_count,{'restaurant_id': 'R013'},24334,24334,0.0,0.0,True,within declared rounding tolerance
restaurant_performance,revenue,{'restaurant_id': 'R013'},204052492.95,204052492.95,0.0,0.005,True,within declared rounding tolerance
restaurant_performance,avg_order_value,{'restaurant_id': 'R013'},8385.49,8385.49,0.0,0.005,True,within declared rounding tolerance
restaurant_performance,restaurant_name,{'restaurant_id': 'R014'},DineIQ Saddar,DineIQ Saddar,,0.0,True,exact categorical/dimension match
restaurant_performance,city,{'restaurant_id': 'R014'},Rawalpindi,Rawalpindi,,0.0,True,exact categorical/dimension match
restaurant_performance,order_count,{'restaurant_id': 'R014'},24470,24470,0.0,0.0,True,within declared rounding tolerance
restaurant_performance,revenue,{'restaurant_id': 'R014'},206968007.21,206968007.21,0.0,0.005,True,within declared rounding tolerance
restaurant_performance,avg_order_value,{'restaurant_id': 'R014'},8458.03,8458.03,0.0,0.005,True,within declared rounding tolerance
restaurant_performance,restaurant_name,{'restaurant_id': 'R015'},DineIQ Bahria Town,DineIQ Bahria Town,,0.0,True,exact categorical/dimension match
restaurant_performance,city,{'restaurant_id': 'R015'},Rawalpindi,Rawalpindi,,0.0,True,exact categorical/dimension match
restaurant_performance,order_count,{'restaurant_id': 'R015'},24509,24509,0.0,0.0,True,within declared rounding tolerance
restaurant_performance,revenue,{'restaurant_id': 'R015'},206889114.07,206889114.07,0.0,0.005,True,within declared rounding tolerance
restaurant_performance,avg_order_value,{'restaurant_id': 'R015'},8441.35,8441.35,0.0,0.005,True,within declared rounding tolerance
restaurant_performance,restaurant_name,{'restaurant_id': 'R016'},DineIQ D-Ground,DineIQ D-Ground,,0.0,True,exact categorical/dimension match
restaurant_performance,city,{'restaurant_id': 'R016'},Faisalabad,Faisalabad,,0.0,True,exact categorical/dimension match
restaurant_performance,order_count,{'restaurant_id': 'R016'},24562,24562,0.0,0.0,True,within declared rounding tolerance
restaurant_performance,revenue,{'restaurant_id': 'R016'},208068371.43,208068371.43,0.0,0.005,True,within declared rounding tolerance
restaurant_performance,avg_order_value,{'restaurant_id': 'R016'},8471.15,8471.15,0.0,0.005,True,within declared rounding tolerance
restaurant_performance,restaurant_name,{'restaurant_id': 'R017'},DineIQ Canal Road,DineIQ Canal Road,,0.0,True,exact categorical/dimension match
restaurant_performance,city,{'restaurant_id': 'R017'},Faisalabad,Faisalabad,,0.0,True,exact categorical/dimension match
restaurant_performance,order_count,{'restaurant_id': 'R017'},24728,24728,0.0,0.0,True,within declared rounding tolerance
restaurant_performance,revenue,{'restaurant_id': 'R017'},208744250.08,208744250.08,0.0,0.005,True,within declared rounding tolerance
restaurant_performance,avg_order_value,{'restaurant_id': 'R017'},8441.61,8441.61,0.0,0.005,True,within declared rounding tolerance
restaurant_performance,restaurant_name,{'restaurant_id': 'R018'},DineIQ Gulgasht,DineIQ Gulgasht,,0.0,True,exact categorical/dimension match
restaurant_performance,city,{'restaurant_id': 'R018'},Multan,Multan,,0.0,True,exact categorical/dimension match
restaurant_performance,order_count,{'restaurant_id': 'R018'},24504,24504,0.0,0.0,True,within declared rounding tolerance
restaurant_performance,revenue,{'restaurant_id': 'R018'},205426956.32,205426956.32,0.0,0.005,True,within declared rounding tolerance
restaurant_performance,avg_order_value,{'restaurant_id': 'R018'},8383.41,8383.41,0.0,0.005,True,within declared rounding tolerance
restaurant_performance,restaurant_name,{'restaurant_id': 'R019'},DineIQ Cantt,DineIQ Cantt,,0.0,True,exact categorical/dimension match
restaurant_performance,city,{'restaurant_id': 'R019'},Multan,Multan,,0.0,True,exact categorical/dimension match
restaurant_performance,order_count,{'restaurant_id': 'R019'},24278,24278,0.0,0.0,True,within declared rounding tolerance
restaurant_performance,revenue,{'restaurant_id': 'R019'},205514721.29,205514721.29,0.0,0.005,True,within declared rounding tolerance
restaurant_performance,avg_order_value,{'restaurant_id': 'R019'},8465.06,8465.06,0.0,0.005,True,within declared rounding tolerance
restaurant_performance,restaurant_name,{'restaurant_id': 'R020'},DineIQ Clifton,DineIQ Clifton,,0.0,True,exact categorical/dimension match
restaurant_performance,city,{'restaurant_id': 'R020'},Karachi,Karachi,,0.0,True,exact categorical/dimension match
restaurant_performance,order_count,{'restaurant_id': 'R020'},24687,24687,0.0,0.0,True,within declared rounding tolerance
restaurant_performance,revenue,{'restaurant_id': 'R020'},208236687.47,208236687.47,0.0,0.005,True,within declared rounding tolerance
restaurant_performance,avg_order_value,{'restaurant_id': 'R020'},8435.07,8435.07,0.0,0.005,True,within declared rounding tolerance
restaurant_performance,restaurant_name,{'restaurant_id': 'R021'},DineIQ DHA,DineIQ DHA,,0.0,True,exact categorical/dimension match
restaurant_performance,city,{'restaurant_id': 'R021'},Karachi,Karachi,,0.0,True,exact categorical/dimension match
restaurant_performance,order_count,{'restaurant_id': 'R021'},24623,24623,0.0,0.0,True,within declared rounding tolerance
restaurant_performance,revenue,{'restaurant_id': 'R021'},208886471.22,208886471.22,0.0,0.005,True,within declared rounding tolerance
restaurant_performance,avg_order_value,{'restaurant_id': 'R021'},8483.39,8483.39,0.0,0.005,True,within declared rounding tolerance
restaurant_performance,restaurant_name,{'restaurant_id': 'R022'},DineIQ Gulshan,DineIQ Gulshan,,0.0,True,exact categorical/dimension match
restaurant_performance,city,{'restaurant_id': 'R022'},Karachi,Karachi,,0.0,True,exact categorical/dimension match
restaurant_performance,order_count,{'restaurant_id': 'R022'},24428,24428,0.0,0.0,True,within declared rounding tolerance
restaurant_performance,revenue,{'restaurant_id': 'R022'},205736898.45,205736898.45,0.0,0.005,True,within declared rounding tolerance
restaurant_performance,avg_order_value,{'restaurant_id': 'R022'},8422.18,8422.18,0.0,0.005,True,within declared rounding tolerance
restaurant_performance,restaurant_name,{'restaurant_id': 'R023'},DineIQ North Nazimabad,DineIQ North Nazimabad,,0.0,True,exact categorical/dimension match
restaurant_performance,city,{'restaurant_id': 'R023'},Karachi,Karachi,,0.0,True,exact categorical/dimension match
restaurant_performance,order_count,{'restaurant_id': 'R023'},24107,24107,0.0,0.0,True,within declared rounding tolerance
restaurant_performance,revenue,{'restaurant_id': 'R023'},203752536.23,203752536.23,0.0,0.005,True,within declared rounding tolerance
restaurant_performance,avg_order_value,{'restaurant_id': 'R023'},8452.01,8452.01,0.0,0.005,True,within declared rounding tolerance
restaurant_performance,restaurant_name,{'restaurant_id': 'R024'},DineIQ Bahadurabad,DineIQ Bahadurabad,,0.0,True,exact categorical/dimension match
restaurant_performance,city,{'restaurant_id': 'R024'},Karachi,Karachi,,0.0,True,exact categorical/dimension match
restaurant_performance,order_count,{'restaurant_id': 'R024'},24474,24474,0.0,0.0,True,within declared rounding tolerance
restaurant_performance,revenue,{'restaurant_id': 'R024'},206369665.3,206369665.3,0.0,0.005,True,within declared rounding tolerance
restaurant_performance,avg_order_value,{'restaurant_id': 'R024'},8432.2,8432.2,0.0,0.005,True,within declared rounding tolerance
restaurant_performance,restaurant_name,{'restaurant_id': 'R025'},DineIQ Gulberg,DineIQ Gulberg,,0.0,True,exact categorical/dimension match
restaurant_performance,city,{'restaurant_id': 'R025'},Lahore,Lahore,,0.0,True,exact categorical/dimension match
restaurant_performance,order_count,{'restaurant_id': 'R025'},24476,24476,0.0,0.0,True,within declared rounding tolerance
restaurant_performance,revenue,{'restaurant_id': 'R025'},206438353.56,206438353.56,0.0,0.005,True,within declared rounding tolerance
restaurant_performance,avg_order_value,{'restaurant_id': 'R025'},8434.32,8434.32,0.0,0.005,True,within declared rounding tolerance
channel_performance,orders,{'ordering_channel': 'Delivery Partner'},134353,134353,0.0,0.0,True,within declared rounding tolerance
channel_performance,avg_order_value,{'ordering_channel': 'Delivery Partner'},8477.55,8477.55,0.0,0.005,True,within declared rounding tolerance
channel_performance,completed_revenue,{'ordering_channel': 'Delivery Partner'},1138984938.2,1138984938.2,0.0,0.005,True,within declared rounding tolerance
channel_performance,orders,{'ordering_channel': 'Dine-In'},146439,146439,0.0,0.0,True,within declared rounding tolerance
channel_performance,avg_order_value,{'ordering_channel': 'Dine-In'},8372.52,8372.52,0.0,0.005,True,within declared rounding tolerance
channel_performance,completed_revenue,{'ordering_channel': 'Dine-In'},1226063322.05,1226063322.05,0.0,0.005,True,within declared rounding tolerance
channel_performance,orders,{'ordering_channel': 'Mobile App'},177285,177285,0.0,0.0,True,within declared rounding tolerance
channel_performance,avg_order_value,{'ordering_channel': 'Mobile App'},8465.34,8465.34,0.0,0.005,True,within declared rounding tolerance
channel_performance,completed_revenue,{'ordering_channel': 'Mobile App'},1500778402.2,1500778402.2,0.0,0.005,True,within declared rounding tolerance
channel_performance,orders,{'ordering_channel': 'Takeaway'},84808,84808,0.0,0.0,True,within declared rounding tolerance
channel_performance,avg_order_value,{'ordering_channel': 'Takeaway'},8392.47,8392.47,0.0,0.005,True,within declared rounding tolerance
channel_performance,completed_revenue,{'ordering_channel': 'Takeaway'},711748822.41,711748822.41,0.0,0.005,True,within declared rounding tolerance
channel_performance,orders,{'ordering_channel': 'Unknown'},1224,1224,0.0,0.0,True,within declared rounding tolerance
channel_performance,avg_order_value,{'ordering_channel': 'Unknown'},8443.74,8443.74,0.0,0.005,True,within declared rounding tolerance
channel_performance,completed_revenue,{'ordering_channel': 'Unknown'},10335137.35,10335137.35,0.0,0.005,True,within declared rounding tolerance
channel_performance,orders,{'ordering_channel': 'Website'},67042,67042,0.0,0.0,True,within declared rounding tolerance
channel_performance,avg_order_value,{'ordering_channel': 'Website'},8486.62,8486.62,0.0,0.005,True,within declared rounding tolerance
channel_performance,completed_revenue,{'ordering_channel': 'Website'},568960261.71,568960261.71,0.0,0.005,True,within declared rounding tolerance
monthly_demand,total_orders,{'order_month': '2025-03'},37610,37610,0.0,0.0,True,within declared rounding tolerance
monthly_demand,completed_orders,{'order_month': '2025-03'},35354,35354,0.0,0.0,True,within declared rounding tolerance
monthly_demand,completed_revenue,{'order_month': '2025-03'},298361068.4,298361068.4,0.0,0.005,True,within declared rounding tolerance
monthly_demand,total_orders,{'order_month': '2025-04'},37669,37669,0.0,0.0,True,within declared rounding tolerance
monthly_demand,completed_orders,{'order_month': '2025-04'},35477,35477,0.0,0.0,True,within declared rounding tolerance
monthly_demand,completed_revenue,{'order_month': '2025-04'},300213944.79,300213944.79,0.0,0.005,True,within declared rounding tolerance
monthly_demand,total_orders,{'order_month': '2025-05'},36047,36047,0.0,0.0,True,within declared rounding tolerance
monthly_demand,completed_orders,{'order_month': '2025-05'},33927,33927,0.0,0.0,True,within declared rounding tolerance
monthly_demand,completed_revenue,{'order_month': '2025-05'},286884659.12,286884659.12,0.0,0.005,True,within declared rounding tolerance
monthly_demand,total_orders,{'order_month': '2025-06'},36041,36041,0.0,0.0,True,within declared rounding tolerance
monthly_demand,completed_orders,{'order_month': '2025-06'},33890,33890,0.0,0.0,True,within declared rounding tolerance
monthly_demand,completed_revenue,{'order_month': '2025-06'},285588790.22,285588790.22,0.0,0.005,True,within declared rounding tolerance
monthly_demand,total_orders,{'order_month': '2025-07'},35601,35601,0.0,0.0,True,within declared rounding tolerance
monthly_demand,completed_orders,{'order_month': '2025-07'},33510,33510,0.0,0.0,True,within declared rounding tolerance
monthly_demand,completed_revenue,{'order_month': '2025-07'},283556828.21,283556828.21,0.0,0.005,True,within declared rounding tolerance
monthly_demand,total_orders,{'order_month': '2025-08'},35501,35501,0.0,0.0,True,within declared rounding tolerance
monthly_demand,completed_orders,{'order_month': '2025-08'},33353,33353,0.0,0.0,True,within declared rounding tolerance
monthly_demand,completed_revenue,{'order_month': '2025-08'},282890826.21,282890826.21,0.0,0.005,True,within declared rounding tolerance
monthly_demand,total_orders,{'order_month': '2025-09'},32949,32949,0.0,0.0,True,within declared rounding tolerance
monthly_demand,completed_orders,{'order_month': '2025-09'},30964,30964,0.0,0.0,True,within declared rounding tolerance
monthly_demand,completed_revenue,{'order_month': '2025-09'},260897401.37,260897401.37,0.0,0.005,True,within declared rounding tolerance
monthly_demand,total_orders,{'order_month': '2025-10'},36208,36208,0.0,0.0,True,within declared rounding tolerance
monthly_demand,completed_orders,{'order_month': '2025-10'},33926,33926,0.0,0.0,True,within declared rounding tolerance
monthly_demand,completed_revenue,{'order_month': '2025-10'},288042371.58,288042371.58,0.0,0.005,True,within declared rounding tolerance
monthly_demand,total_orders,{'order_month': '2025-11'},37929,37929,0.0,0.0,True,within declared rounding tolerance
monthly_demand,completed_orders,{'order_month': '2025-11'},35695,35695,0.0,0.0,True,within declared rounding tolerance
monthly_demand,completed_revenue,{'order_month': '2025-11'},300493702.52,300493702.52,0.0,0.005,True,within declared rounding tolerance
monthly_demand,total_orders,{'order_month': '2025-12'},40848,40848,0.0,0.0,True,within declared rounding tolerance
monthly_demand,completed_orders,{'order_month': '2025-12'},38331,38331,0.0,0.0,True,within declared rounding tolerance
monthly_demand,completed_revenue,{'order_month': '2025-12'},323397426.62,323397426.62,0.0,0.005,True,within declared rounding tolerance
monthly_demand,total_orders,{'order_month': '2026-01'},35242,35242,0.0,0.0,True,within declared rounding tolerance
monthly_demand,completed_orders,{'order_month': '2026-01'},33170,33170,0.0,0.0,True,within declared rounding tolerance
monthly_demand,completed_revenue,{'order_month': '2026-01'},279570592.0,279570592.0,0.0,0.005,True,within declared rounding tolerance
monthly_demand,total_orders,{'order_month': '2026-02'},30152,30152,0.0,0.0,True,within declared rounding tolerance
monthly_demand,completed_orders,{'order_month': '2026-02'},28405,28405,0.0,0.0,True,within declared rounding tolerance
monthly_demand,completed_revenue,{'order_month': '2026-02'},239383359.0,239383359.0,0.0,0.005,True,within declared rounding tolerance
monthly_demand,total_orders,{'order_month': '2026-03'},37104,37104,0.0,0.0,True,within declared rounding tolerance
monthly_demand,completed_orders,{'order_month': '2026-03'},34868,34868,0.0,0.0,True,within declared rounding tolerance
monthly_demand,completed_revenue,{'order_month': '2026-03'},295032853.79,295032853.79,0.0,0.005,True,within declared rounding tolerance
monthly_demand,total_orders,{'order_month': '2026-04'},38021,38021,0.0,0.0,True,within declared rounding tolerance
monthly_demand,completed_orders,{'order_month': '2026-04'},35801,35801,0.0,0.0,True,within declared rounding tolerance
monthly_demand,completed_revenue,{'order_month': '2026-04'},301460215.22,301460215.22,0.0,0.005,True,within declared rounding tolerance
monthly_demand,total_orders,{'order_month': '2026-05'},36332,36332,0.0,0.0,True,within declared rounding tolerance
monthly_demand,completed_orders,{'order_month': '2026-05'},34173,34173,0.0,0.0,True,within declared rounding tolerance
monthly_demand,completed_revenue,{'order_month': '2026-05'},287579293.92,287579293.92,0.0,0.005,True,within declared rounding tolerance
monthly_demand,total_orders,{'order_month': '2026-06'},35753,35753,0.0,0.0,True,within declared rounding tolerance
monthly_demand,completed_orders,{'order_month': '2026-06'},33645,33645,0.0,0.0,True,within declared rounding tolerance
monthly_demand,completed_revenue,{'order_month': '2026-06'},283425569.24,283425569.24,0.0,0.005,True,within declared rounding tolerance
monthly_demand,total_orders,{'order_month': '2026-07'},35303,35303,0.0,0.0,True,within declared rounding tolerance
monthly_demand,completed_orders,{'order_month': '2026-07'},33180,33180,0.0,0.0,True,within declared rounding tolerance
monthly_demand,completed_revenue,{'order_month': '2026-07'},279159013.58,279159013.58,0.0,0.005,True,within declared rounding tolerance
monthly_demand,total_orders,{'order_month': '2026-08'},35690,35690,0.0,0.0,True,within declared rounding tolerance
monthly_demand,completed_orders,{'order_month': '2026-08'},33482,33482,0.0,0.0,True,within declared rounding tolerance
monthly_demand,completed_revenue,{'order_month': '2026-08'},280932968.13,280932968.13,0.0,0.005,True,within declared rounding tolerance
customer_segment_behavior,customers,{'customer_segment': 'High Value'},6775,6775,0.0,0.0,True,within declared rounding tolerance
customer_segment_behavior,total_orders,{'customer_segment': 'High Value'},54982,54982,0.0,0.0,True,within declared rounding tolerance
customer_segment_behavior,avg_order_value,{'customer_segment': 'High Value'},8445.4,8445.4,0.0,0.005,True,within declared rounding tolerance
customer_segment_behavior,revenue,{'customer_segment': 'High Value'},464345105.82,464345105.82,0.0,0.005,True,within declared rounding tolerance
customer_segment_behavior,customers,{'customer_segment': 'Loyal'},17935,17935,0.0,0.0,True,within declared rounding tolerance
customer_segment_behavior,total_orders,{'customer_segment': 'Loyal'},143456,143456,0.0,0.0,True,within declared rounding tolerance
customer_segment_behavior,avg_order_value,{'customer_segment': 'Loyal'},8444.83,8444.83,0.0,0.005,True,within declared rounding tolerance
customer_segment_behavior,revenue,{'customer_segment': 'Loyal'},1211460832.29,1211460832.29,0.0,0.005,True,within declared rounding tolerance
customer_segment_behavior,customers,{'customer_segment': 'New'},13558,13558,0.0,0.0,True,within declared rounding tolerance
customer_segment_behavior,total_orders,{'customer_segment': 'New'},111133,111133,0.0,0.0,True,within declared rounding tolerance
customer_segment_behavior,avg_order_value,{'customer_segment': 'New'},8433.18,8433.18,0.0,0.005,True,within declared rounding tolerance
customer_segment_behavior,revenue,{'customer_segment': 'New'},937204396.06,937204396.06,0.0,0.005,True,within declared rounding tolerance
customer_segment_behavior,customers,{'customer_segment': 'Occasional'},11241,11241,0.0,0.0,True,within declared rounding tolerance
customer_segment_behavior,total_orders,{'customer_segment': 'Occasional'},92645,92645,0.0,0.0,True,within declared rounding tolerance
customer_segment_behavior,avg_order_value,{'customer_segment': 'Occasional'},8433.28,8433.28,0.0,0.005,True,within declared rounding tolerance
customer_segment_behavior,revenue,{'customer_segment': 'Occasional'},781301493.69,781301493.69,0.0,0.005,True,within declared rounding tolerance
customer_segment_behavior,customers,{'customer_segment': 'Regular'},25491,25491,0.0,0.0,True,within declared rounding tolerance
customer_segment_behavior,total_orders,{'customer_segment': 'Regular'},208935,208935,0.0,0.0,True,within declared rounding tolerance
customer_segment_behavior,avg_order_value,{'customer_segment': 'Regular'},8435.92,8435.92,0.0,0.005,True,within declared rounding tolerance
customer_segment_behavior,revenue,{'customer_segment': 'Regular'},1762559056.06,1762559056.06,0.0,0.005,True,within declared rounding tolerance
restaurant_ratings,rating_count,{'restaurant_id': 'R001'},8840,8840,0.0,0.0,True,within declared rounding tolerance
restaurant_ratings,avg_rating,{'restaurant_id': 'R001'},3.987,3.987,0.0,0.0005,True,within declared rounding tolerance
restaurant_ratings,avg_food_rating,{'restaurant_id': 'R001'},3.918,3.918,0.0,0.0005,True,within declared rounding tolerance
restaurant_ratings,avg_service_rating,{'restaurant_id': 'R001'},3.906,3.906,0.0,0.0005,True,within declared rounding tolerance
restaurant_ratings,rating_count,{'restaurant_id': 'R002'},8785,8785,0.0,0.0,True,within declared rounding tolerance
restaurant_ratings,avg_rating,{'restaurant_id': 'R002'},4.018,4.018,0.0,0.0005,True,within declared rounding tolerance
restaurant_ratings,avg_food_rating,{'restaurant_id': 'R002'},3.937,3.937,0.0,0.0005,True,within declared rounding tolerance
restaurant_ratings,avg_service_rating,{'restaurant_id': 'R002'},3.922,3.922,0.0,0.0005,True,within declared rounding tolerance
restaurant_ratings,rating_count,{'restaurant_id': 'R003'},8733,8733,0.0,0.0,True,within declared rounding tolerance
restaurant_ratings,avg_rating,{'restaurant_id': 'R003'},4.006,4.006,0.0,0.0005,True,within declared rounding tolerance
restaurant_ratings,avg_food_rating,{'restaurant_id': 'R003'},3.924,3.924,0.0,0.0005,True,within declared rounding tolerance
restaurant_ratings,avg_service_rating,{'restaurant_id': 'R003'},3.908,3.908,0.0,0.0005,True,within declared rounding tolerance
restaurant_ratings,rating_count,{'restaurant_id': 'R004'},8744,8744,0.0,0.0,True,within declared rounding tolerance
restaurant_ratings,avg_rating,{'restaurant_id': 'R004'},3.983,3.983,0.0,0.0005,True,within declared rounding tolerance
restaurant_ratings,avg_food_rating,{'restaurant_id': 'R004'},3.922,3.922,0.0,0.0005,True,within declared rounding tolerance
restaurant_ratings,avg_service_rating,{'restaurant_id': 'R004'},3.901,3.901,0.0,0.0005,True,within declared rounding tolerance
restaurant_ratings,rating_count,{'restaurant_id': 'R005'},8795,8795,0.0,0.0,True,within declared rounding tolerance
restaurant_ratings,avg_rating,{'restaurant_id': 'R005'},3.989,3.989,0.0,0.0005,True,within declared rounding tolerance
restaurant_ratings,avg_food_rating,{'restaurant_id': 'R005'},3.918,3.918,0.0,0.0005,True,within declared rounding tolerance
restaurant_ratings,avg_service_rating,{'restaurant_id': 'R005'},3.897,3.897,0.0,0.0005,True,within declared rounding tolerance
restaurant_ratings,rating_count,{'restaurant_id': 'R006'},8915,8915,0.0,0.0,True,within declared rounding tolerance
restaurant_ratings,avg_rating,{'restaurant_id': 'R006'},3.975,3.975,0.0,0.0005,True,within declared rounding tolerance
restaurant_ratings,avg_food_rating,{'restaurant_id': 'R006'},3.901,3.901,0.0,0.0005,True,within declared rounding tolerance
restaurant_ratings,avg_service_rating,{'restaurant_id': 'R006'},3.877,3.877,0.0,0.0005,True,within declared rounding tolerance
restaurant_ratings,rating_count,{'restaurant_id': 'R007'},8930,8930,0.0,0.0,True,within declared rounding tolerance
restaurant_ratings,avg_rating,{'restaurant_id': 'R007'},3.992,3.992,0.0,0.0005,True,within declared rounding tolerance
restaurant_ratings,avg_food_rating,{'restaurant_id': 'R007'},3.922,3.922,0.0,0.0005,True,within declared rounding tolerance
restaurant_ratings,avg_service_rating,{'restaurant_id': 'R007'},3.9,3.9,0.0,0.0005,True,within declared rounding tolerance
restaurant_ratings,rating_count,{'restaurant_id': 'R008'},8827,8827,0.0,0.0,True,within declared rounding tolerance
restaurant_ratings,avg_rating,{'restaurant_id': 'R008'},3.985,3.985,0.0,0.0005,True,within declared rounding tolerance
restaurant_ratings,avg_food_rating,{'restaurant_id': 'R008'},3.926,3.926,0.0,0.0005,True,within declared rounding tolerance
restaurant_ratings,avg_service_rating,{'restaurant_id': 'R008'},3.899,3.899,0.0,0.0005,True,within declared rounding tolerance
restaurant_ratings,rating_count,{'restaurant_id': 'R009'},8922,8922,0.0,0.0,True,within declared rounding tolerance
restaurant_ratings,avg_rating,{'restaurant_id': 'R009'},3.989,3.989,0.0,0.0005,True,within declared rounding tolerance
restaurant_ratings,avg_food_rating,{'restaurant_id': 'R009'},3.927,3.927,0.0,0.0005,True,within declared rounding tolerance
restaurant_ratings,avg_service_rating,{'restaurant_id': 'R009'},3.897,3.897,0.0,0.0005,True,within declared rounding tolerance
restaurant_ratings,rating_count,{'restaurant_id': 'R010'},8591,8591,0.0,0.0,True,within declared rounding tolerance
restaurant_ratings,avg_rating,{'restaurant_id': 'R010'},3.985,3.985,0.0,0.0005,True,within declared rounding tolerance
restaurant_ratings,avg_food_rating,{'restaurant_id': 'R010'},3.913,3.913,0.0,0.0005,True,within declared rounding tolerance
restaurant_ratings,avg_service_rating,{'restaurant_id': 'R010'},3.898,3.898,0.0,0.0005,True,within declared rounding tolerance
restaurant_ratings,rating_count,{'restaurant_id': 'R011'},8852,8852,0.0,0.0,True,within declared rounding tolerance
restaurant_ratings,avg_rating,{'restaurant_id': 'R011'},3.978,3.978,0.0,0.0005,True,within declared rounding tolerance
restaurant_ratings,avg_food_rating,{'restaurant_id': 'R011'},3.903,3.903,0.0,0.0005,True,within declared rounding tolerance
restaurant_ratings,avg_service_rating,{'restaurant_id': 'R011'},3.884,3.884,0.0,0.0005,True,within declared rounding tolerance
restaurant_ratings,rating_count,{'restaurant_id': 'R012'},8677,8677,0.0,0.0,True,within declared rounding tolerance
restaurant_ratings,avg_rating,{'restaurant_id': 'R012'},3.999,3.999,0.0,0.0005,True,within declared rounding tolerance
restaurant_ratings,avg_food_rating,{'restaurant_id': 'R012'},3.923,3.923,0.0,0.0005,True,within declared rounding tolerance
restaurant_ratings,avg_service_rating,{'restaurant_id': 'R012'},3.909,3.909,0.0,0.0005,True,within declared rounding tolerance
restaurant_ratings,rating_count,{'restaurant_id': 'R013'},8722,8722,0.0,0.0,True,within declared rounding tolerance
restaurant_ratings,avg_rating,{'restaurant_id': 'R013'},3.985,3.985,0.0,0.0005,True,within declared rounding tolerance
restaurant_ratings,avg_food_rating,{'restaurant_id': 'R013'},3.915,3.915,0.0,0.0005,True,within declared rounding tolerance
restaurant_ratings,avg_service_rating,{'restaurant_id': 'R013'},3.889,3.889,0.0,0.0005,True,within declared rounding tolerance
restaurant_ratings,rating_count,{'restaurant_id': 'R014'},8834,8834,0.0,0.0,True,within declared rounding tolerance
restaurant_ratings,avg_rating,{'restaurant_id': 'R014'},3.996,3.996,0.0,0.0005,True,within declared rounding tolerance
restaurant_ratings,avg_food_rating,{'restaurant_id': 'R014'},3.93,3.93,0.0,0.0005,True,within declared rounding tolerance
restaurant_ratings,avg_service_rating,{'restaurant_id': 'R014'},3.906,3.906,0.0,0.0005,True,within declared rounding tolerance
restaurant_ratings,rating_count,{'restaurant_id': 'R015'},8818,8818,0.0,0.0,True,within declared rounding tolerance
restaurant_ratings,avg_rating,{'restaurant_id': 'R015'},4.001,4.001,0.0,0.0005,True,within declared rounding tolerance
restaurant_ratings,avg_food_rating,{'restaurant_id': 'R015'},3.937,3.937,0.0,0.0005,True,within declared rounding tolerance
restaurant_ratings,avg_service_rating,{'restaurant_id': 'R015'},3.914,3.914,0.0,0.0005,True,within declared rounding tolerance
restaurant_ratings,rating_count,{'restaurant_id': 'R016'},8839,8839,0.0,0.0,True,within declared rounding tolerance
restaurant_ratings,avg_rating,{'restaurant_id': 'R016'},3.986,3.986,0.0,0.0005,True,within declared rounding tolerance
restaurant_ratings,avg_food_rating,{'restaurant_id': 'R016'},3.921,3.921,0.0,0.0005,True,within declared rounding tolerance
restaurant_ratings,avg_service_rating,{'restaurant_id': 'R016'},3.901,3.901,0.0,0.0005,True,within declared rounding tolerance
restaurant_ratings,rating_count,{'restaurant_id': 'R017'},8758,8758,0.0,0.0,True,within declared rounding tolerance
restaurant_ratings,avg_rating,{'restaurant_id': 'R017'},3.985,3.985,0.0,0.0005,True,within declared rounding tolerance
restaurant_ratings,avg_food_rating,{'restaurant_id': 'R017'},3.906,3.906,0.0,0.0005,True,within declared rounding tolerance
restaurant_ratings,avg_service_rating,{'restaurant_id': 'R017'},3.9,3.9,0.0,0.0005,True,within declared rounding tolerance
restaurant_ratings,rating_count,{'restaurant_id': 'R018'},8999,8999,0.0,0.0,True,within declared rounding tolerance
restaurant_ratings,avg_rating,{'restaurant_id': 'R018'},4.011,4.011,0.0,0.0005,True,within declared rounding tolerance
restaurant_ratings,avg_food_rating,{'restaurant_id': 'R018'},3.939,3.939,0.0,0.0005,True,within declared rounding tolerance
restaurant_ratings,avg_service_rating,{'restaurant_id': 'R018'},3.916,3.916,0.0,0.0005,True,within declared rounding tolerance
restaurant_ratings,rating_count,{'restaurant_id': 'R019'},8593,8593,0.0,0.0,True,within declared rounding tolerance
restaurant_ratings,avg_rating,{'restaurant_id': 'R019'},4.011,4.011,0.0,0.0005,True,within declared rounding tolerance
restaurant_ratings,avg_food_rating,{'restaurant_id': 'R019'},3.943,3.943,0.0,0.0005,True,within declared rounding tolerance
restaurant_ratings,avg_service_rating,{'restaurant_id': 'R019'},3.929,3.929,0.0,0.0005,True,within declared rounding tolerance
restaurant_ratings,rating_count,{'restaurant_id': 'R020'},8825,8825,0.0,0.0,True,within declared rounding tolerance
restaurant_ratings,avg_rating,{'restaurant_id': 'R020'},3.981,3.981,0.0,0.0005,True,within declared rounding tolerance
restaurant_ratings,avg_food_rating,{'restaurant_id': 'R020'},3.903,3.903,0.0,0.0005,True,within declared rounding tolerance
restaurant_ratings,avg_service_rating,{'restaurant_id': 'R020'},3.889,3.889,0.0,0.0005,True,within declared rounding tolerance
restaurant_ratings,rating_count,{'restaurant_id': 'R021'},8868,8868,0.0,0.0,True,within declared rounding tolerance
restaurant_ratings,avg_rating,{'restaurant_id': 'R021'},3.99,3.99,0.0,0.0005,True,within declared rounding tolerance
restaurant_ratings,avg_food_rating,{'restaurant_id': 'R021'},3.919,3.919,0.0,0.0005,True,within declared rounding tolerance
restaurant_ratings,avg_service_rating,{'restaurant_id': 'R021'},3.887,3.887,0.0,0.0005,True,within declared rounding tolerance
restaurant_ratings,rating_count,{'restaurant_id': 'R022'},8720,8720,0.0,0.0,True,within declared rounding tolerance
restaurant_ratings,avg_rating,{'restaurant_id': 'R022'},3.999,3.999,0.0,0.0005,True,within declared rounding tolerance
restaurant_ratings,avg_food_rating,{'restaurant_id': 'R022'},3.931,3.931,0.0,0.0005,True,within declared rounding tolerance
restaurant_ratings,avg_service_rating,{'restaurant_id': 'R022'},3.907,3.907,0.0,0.0005,True,within declared rounding tolerance
restaurant_ratings,rating_count,{'restaurant_id': 'R023'},8591,8591,0.0,0.0,True,within declared rounding tolerance
restaurant_ratings,avg_rating,{'restaurant_id': 'R023'},3.993,3.993,0.0,0.0005,True,within declared rounding tolerance
restaurant_ratings,avg_food_rating,{'restaurant_id': 'R023'},3.917,3.917,0.0,0.0005,True,within declared rounding tolerance
restaurant_ratings,avg_service_rating,{'restaurant_id': 'R023'},3.91,3.91,0.0,0.0005,True,within declared rounding tolerance
restaurant_ratings,rating_count,{'restaurant_id': 'R024'},8934,8934,0.0,0.0,True,within declared rounding tolerance
restaurant_ratings,avg_rating,{'restaurant_id': 'R024'},3.988,3.988,0.0,0.0005,True,within declared rounding tolerance
restaurant_ratings,avg_food_rating,{'restaurant_id': 'R024'},3.915,3.915,0.0,0.0005,True,within declared rounding tolerance
restaurant_ratings,avg_service_rating,{'restaurant_id': 'R024'},3.894,3.894,0.0,0.0005,True,within declared rounding tolerance
restaurant_ratings,rating_count,{'restaurant_id': 'R025'},8888,8888,0.0,0.0,True,within declared rounding tolerance
restaurant_ratings,avg_rating,{'restaurant_id': 'R025'},3.98,3.98,0.0,0.0005,True,within declared rounding tolerance
restaurant_ratings,avg_food_rating,{'restaurant_id': 'R025'},3.911,3.911,0.0,0.0005,True,within declared rounding tolerance
restaurant_ratings,avg_service_rating,{'restaurant_id': 'R025'},3.881,3.881,0.0,0.0005,True,within declared rounding tolerance
wastage_by_reason,records,{'reason': 'Damaged'},10927,10927,0.0,0.0,True,within declared rounding tolerance
wastage_by_reason,quantity_wasted,{'reason': 'Damaged'},23578.21,23578.21,0.0,0.005,True,within declared rounding tolerance
wastage_by_reason,wastage_cost,{'reason': 'Damaged'},11661629.16,11661629.16,0.0,0.005,True,within declared rounding tolerance
wastage_by_reason,records,{'reason': 'Expired'},27541,27541,0.0,0.0,True,within declared rounding tolerance
wastage_by_reason,quantity_wasted,{'reason': 'Expired'},59461.03,59461.03,0.0,0.005,True,within declared rounding tolerance
wastage_by_reason,wastage_cost,{'reason': 'Expired'},29420238.55,29420238.55,0.0,0.005,True,within declared rounding tolerance
wastage_by_reason,records,{'reason': 'Overproduction'},30699,30699,0.0,0.0,True,within declared rounding tolerance
wastage_by_reason,quantity_wasted,{'reason': 'Overproduction'},66183.82,66183.82,0.0,0.005,True,within declared rounding tolerance
wastage_by_reason,wastage_cost,{'reason': 'Overproduction'},32361090.23,32361090.23,0.0,0.005,True,within declared rounding tolerance
wastage_by_reason,records,{'reason': 'Preparation Error'},18816,18816,0.0,0.0,True,within declared rounding tolerance
wastage_by_reason,quantity_wasted,{'reason': 'Preparation Error'},40458.78,40458.78,0.0,0.005,True,within declared rounding tolerance
wastage_by_reason,wastage_cost,{'reason': 'Preparation Error'},19910718.8,19910718.8,0.0,0.005,True,within declared rounding tolerance
wastage_by_reason,records,{'reason': 'Unsold'},21962,21962,0.0,0.0,True,within declared rounding tolerance
wastage_by_reason,quantity_wasted,{'reason': 'Unsold'},47713.18,47713.18,0.0,0.005,True,within declared rounding tolerance
wastage_by_reason,wastage_cost,{'reason': 'Unsold'},23579588.43,23579588.43,0.0,0.005,True,within declared rounding tolerance
promotion_effectiveness,promotion_name,{'promotion_id': 'P0001'},Campaign 001,Campaign 001,,0.0,True,exact categorical/dimension match
promotion_effectiveness,used_orders,{'promotion_id': 'P0001'},2195,2195,0.0,0.0,True,within declared rounding tolerance
promotion_effectiveness,avg_subtotal,{'promotion_id': 'P0001'},7498.89,7498.89,0.0,0.005,True,within declared rounding tolerance
promotion_effectiveness,avg_discount,{'promotion_id': 'P0001'},499.65,499.65,0.0,0.005,True,within declared rounding tolerance
promotion_effectiveness,final_revenue,{'promotion_id': 'P0001'},17791721.71,17791721.71,0.0,0.005,True,within declared rounding tolerance
promotion_effectiveness,promotion_name,{'promotion_id': 'P0002'},Campaign 002,Campaign 002,,0.0,True,exact categorical/dimension match
promotion_effectiveness,used_orders,{'promotion_id': 'P0002'},2107,2107,0.0,0.0,True,within declared rounding tolerance
promotion_effectiveness,avg_subtotal,{'promotion_id': 'P0002'},7441.51,7441.51,0.0,0.005,True,within declared rounding tolerance
promotion_effectiveness,avg_discount,{'promotion_id': 'P0002'},371.83,371.83,0.0,0.005,True,within declared rounding tolerance
promotion_effectiveness,final_revenue,{'promotion_id': 'P0002'},17244669.77,17244669.77,0.0,0.005,True,within declared rounding tolerance
promotion_effectiveness,promotion_name,{'promotion_id': 'P0003'},Campaign 003,Campaign 003,,0.0,True,exact categorical/dimension match
promotion_effectiveness,used_orders,{'promotion_id': 'P0003'},2128,2128,0.0,0.0,True,within declared rounding tolerance
promotion_effectiveness,avg_subtotal,{'promotion_id': 'P0003'},7396.28,7396.28,0.0,0.005,True,within declared rounding tolerance
promotion_effectiveness,avg_discount,{'promotion_id': 'P0003'},200.0,200.0,0.0,0.005,True,within declared rounding tolerance
promotion_effectiveness,final_revenue,{'promotion_id': 'P0003'},17728532.92,17728532.92,0.0,0.005,True,within declared rounding tolerance
promotion_effectiveness,promotion_name,{'promotion_id': 'P0004'},Campaign 004,Campaign 004,,0.0,True,exact categorical/dimension match
promotion_effectiveness,used_orders,{'promotion_id': 'P0004'},2065,2065,0.0,0.0,True,within declared rounding tolerance
promotion_effectiveness,avg_subtotal,{'promotion_id': 'P0004'},7402.96,7402.96,0.0,0.005,True,within declared rounding tolerance
promotion_effectiveness,avg_discount,{'promotion_id': 'P0004'},737.98,737.98,0.0,0.005,True,within declared rounding tolerance
promotion_effectiveness,final_revenue,{'promotion_id': 'P0004'},15943575.65,15943575.65,0.0,0.005,True,within declared rounding tolerance
promotion_effectiveness,promotion_name,{'promotion_id': 'P0005'},Campaign 005,Campaign 005,,0.0,True,exact categorical/dimension match
promotion_effectiveness,used_orders,{'promotion_id': 'P0005'},2228,2228,0.0,0.0,True,within declared rounding tolerance
promotion_effectiveness,avg_subtotal,{'promotion_id': 'P0005'},7515.82,7515.82,0.0,0.005,True,within declared rounding tolerance
promotion_effectiveness,avg_discount,{'promotion_id': 'P0005'},95.33,95.33,0.0,0.005,True,within declared rounding tolerance
promotion_effectiveness,final_revenue,{'promotion_id': 'P0005'},19138294.5,19138294.5,0.0,0.005,True,within declared rounding tolerance
promotion_effectiveness,promotion_name,{'promotion_id': 'P0006'},Campaign 006,Campaign 006,,0.0,True,exact categorical/dimension match
promotion_effectiveness,used_orders,{'promotion_id': 'P0006'},2114,2114,0.0,0.0,True,within declared rounding tolerance
promotion_effectiveness,avg_subtotal,{'promotion_id': 'P0006'},7698.88,7698.88,0.0,0.005,True,within declared rounding tolerance
promotion_effectiveness,avg_discount,{'promotion_id': 'P0006'},97.16,97.16,0.0,0.005,True,within declared rounding tolerance
promotion_effectiveness,final_revenue,{'promotion_id': 'P0006'},18597442.03,18597442.03,0.0,0.005,True,within declared rounding tolerance
promotion_effectiveness,promotion_name,{'promotion_id': 'P0007'},Campaign 007,Campaign 007,,0.0,True,exact categorical/dimension match
promotion_effectiveness,used_orders,{'promotion_id': 'P0007'},1979,1979,0.0,0.0,True,within declared rounding tolerance
promotion_effectiveness,avg_subtotal,{'promotion_id': 'P0007'},7361.47,7361.47,0.0,0.005,True,within declared rounding tolerance
promotion_effectiveness,avg_discount,{'promotion_id': 'P0007'},197.67,197.67,0.0,0.005,True,within declared rounding tolerance
promotion_effectiveness,final_revenue,{'promotion_id': 'P0007'},16418912.94,16418912.94,0.0,0.005,True,within declared rounding tolerance
promotion_effectiveness,promotion_name,{'promotion_id': 'P0008'},Campaign 008,Campaign 008,,0.0,True,exact categorical/dimension match
promotion_effectiveness,used_orders,{'promotion_id': 'P0008'},2129,2129,0.0,0.0,True,within declared rounding tolerance
promotion_effectiveness,avg_subtotal,{'promotion_id': 'P0008'},7270.72,7270.72,0.0,0.005,True,within declared rounding tolerance
promotion_effectiveness,avg_discount,{'promotion_id': 'P0008'},1797.45,1797.45,0.0,0.005,True,within declared rounding tolerance
promotion_effectiveness,final_revenue,{'promotion_id': 'P0008'},13520798.73,13520798.73,0.0,0.005,True,within declared rounding tolerance
promotion_effectiveness,promotion_name,{'promotion_id': 'P0009'},Campaign 009,Campaign 009,,0.0,True,exact categorical/dimension match
promotion_effectiveness,used_orders,{'promotion_id': 'P0009'},2185,2185,0.0,0.0,True,within declared rounding tolerance
promotion_effectiveness,avg_subtotal,{'promotion_id': 'P0009'},7568.35,7568.35,0.0,0.005,True,within declared rounding tolerance
promotion_effectiveness,avg_discount,{'promotion_id': 'P0009'},754.64,754.64,0.0,0.005,True,within declared rounding tolerance
promotion_effectiveness,final_revenue,{'promotion_id': 'P0009'},17239901.76,17239901.76,0.0,0.005,True,within declared rounding tolerance
promotion_effectiveness,promotion_name,{'promotion_id': 'P0010'},Campaign 010,Campaign 010,,0.0,True,exact categorical/dimension match
promotion_effectiveness,used_orders,{'promotion_id': 'P0010'},2160,2160,0.0,0.0,True,within declared rounding tolerance
promotion_effectiveness,avg_subtotal,{'promotion_id': 'P0010'},7604.81,7604.81,0.0,0.005,True,within declared rounding tolerance
promotion_effectiveness,avg_discount,{'promotion_id': 'P0010'},199.44,199.44,0.0,0.005,True,within declared rounding tolerance
promotion_effectiveness,final_revenue,{'promotion_id': 'P0010'},18510957.34,18510957.34,0.0,0.005,True,within declared rounding tolerance
promotion_effectiveness,promotion_name,{'promotion_id': 'P0011'},Campaign 011,Campaign 011,,0.0,True,exact categorical/dimension match
promotion_effectiveness,used_orders,{'promotion_id': 'P0011'},2082,2082,0.0,0.0,True,within declared rounding tolerance
promotion_effectiveness,avg_subtotal,{'promotion_id': 'P0011'},7529.7,7529.7,0.0,0.005,True,within declared rounding tolerance
promotion_effectiveness,avg_discount,{'promotion_id': 'P0011'},1876.14,1876.14,0.0,0.005,True,within declared rounding tolerance
promotion_effectiveness,final_revenue,{'promotion_id': 'P0011'},13650845.77,13650845.77,0.0,0.005,True,within declared rounding tolerance
promotion_effectiveness,promotion_name,{'promotion_id': 'P0012'},Campaign 012,Campaign 012,,0.0,True,exact categorical/dimension match
promotion_effectiveness,used_orders,{'promotion_id': 'P0012'},2052,2052,0.0,0.0,True,within declared rounding tolerance
promotion_effectiveness,avg_subtotal,{'promotion_id': 'P0012'},7529.44,7529.44,0.0,0.005,True,within declared rounding tolerance
promotion_effectiveness,avg_discount,{'promotion_id': 'P0012'},150.0,150.0,0.0,0.005,True,within declared rounding tolerance
promotion_effectiveness,final_revenue,{'promotion_id': 'P0012'},17527575.89,17527575.89,0.0,0.005,True,within declared rounding tolerance
promotion_effectiveness,promotion_name,{'promotion_id': 'P0013'},Campaign 013,Campaign 013,,0.0,True,exact categorical/dimension match
promotion_effectiveness,used_orders,{'promotion_id': 'P0013'},2159,2159,0.0,0.0,True,within declared rounding tolerance
promotion_effectiveness,avg_subtotal,{'promotion_id': 'P0013'},7329.81,7329.81,0.0,0.005,True,within declared rounding tolerance
promotion_effectiveness,avg_discount,{'promotion_id': 'P0013'},1816.37,1816.37,0.0,0.005,True,within declared rounding tolerance
promotion_effectiveness,final_revenue,{'promotion_id': 'P0013'},13815706.96,13815706.96,0.0,0.005,True,within declared rounding tolerance
promotion_effectiveness,promotion_name,{'promotion_id': 'P0014'},Campaign 014,Campaign 014,,0.0,True,exact categorical/dimension match
promotion_effectiveness,used_orders,{'promotion_id': 'P0014'},2156,2156,0.0,0.0,True,within declared rounding tolerance
promotion_effectiveness,avg_subtotal,{'promotion_id': 'P0014'},7472.6,7472.6,0.0,0.005,True,within declared rounding tolerance
promotion_effectiveness,avg_discount,{'promotion_id': 'P0014'},291.79,291.79,0.0,0.005,True,within declared rounding tolerance
promotion_effectiveness,final_revenue,{'promotion_id': 'P0014'},17926326.69,17926326.69,0.0,0.005,True,within declared rounding tolerance
promotion_effectiveness,promotion_name,{'promotion_id': 'P0015'},Campaign 015,Campaign 015,,0.0,True,exact categorical/dimension match
promotion_effectiveness,used_orders,{'promotion_id': 'P0015'},2165,2165,0.0,0.0,True,within declared rounding tolerance
promotion_effectiveness,avg_subtotal,{'promotion_id': 'P0015'},7474.09,7474.09,0.0,0.005,True,within declared rounding tolerance
promotion_effectiveness,avg_discount,{'promotion_id': 'P0015'},197.69,197.69,0.0,0.005,True,within declared rounding tolerance
promotion_effectiveness,final_revenue,{'promotion_id': 'P0015'},18237651.34,18237651.34,0.0,0.005,True,within declared rounding tolerance
promotion_effectiveness,promotion_name,{'promotion_id': 'P0016'},Campaign 016,Campaign 016,,0.0,True,exact categorical/dimension match
promotion_effectiveness,used_orders,{'promotion_id': 'P0016'},2158,2158,0.0,0.0,True,within declared rounding tolerance
promotion_effectiveness,avg_subtotal,{'promotion_id': 'P0016'},7431.01,7431.01,0.0,0.005,True,within declared rounding tolerance
promotion_effectiveness,avg_discount,{'promotion_id': 'P0016'},200.0,200.0,0.0,0.005,True,within declared rounding tolerance
promotion_effectiveness,final_revenue,{'promotion_id': 'P0016'},18068166.15,18068166.15,0.0,0.005,True,within declared rounding tolerance
promotion_effectiveness,promotion_name,{'promotion_id': 'P0017'},Campaign 017,Campaign 017,,0.0,True,exact categorical/dimension match
promotion_effectiveness,used_orders,{'promotion_id': 'P0017'},2121,2121,0.0,0.0,True,within declared rounding tolerance
promotion_effectiveness,avg_subtotal,{'promotion_id': 'P0017'},7418.82,7418.82,0.0,0.005,True,within declared rounding tolerance
promotion_effectiveness,avg_discount,{'promotion_id': 'P0017'},299.87,299.87,0.0,0.005,True,within declared rounding tolerance
promotion_effectiveness,final_revenue,{'promotion_id': 'P0017'},17485969.52,17485969.52,0.0,0.005,True,within declared rounding tolerance
promotion_effectiveness,promotion_name,{'promotion_id': 'P0018'},Campaign 018,Campaign 018,,0.0,True,exact categorical/dimension match
promotion_effectiveness,used_orders,{'promotion_id': 'P0018'},2010,2010,0.0,0.0,True,within declared rounding tolerance
promotion_effectiveness,avg_subtotal,{'promotion_id': 'P0018'},7376.9,7376.9,0.0,0.005,True,within declared rounding tolerance
promotion_effectiveness,avg_discount,{'promotion_id': 'P0018'},2204.86,2204.86,0.0,0.005,True,within declared rounding tolerance
promotion_effectiveness,final_revenue,{'promotion_id': 'P0018'},12068015.53,12068015.53,0.0,0.005,True,within declared rounding tolerance
promotion_effectiveness,promotion_name,{'promotion_id': 'P0019'},Campaign 019,Campaign 019,,0.0,True,exact categorical/dimension match
promotion_effectiveness,used_orders,{'promotion_id': 'P0019'},2160,2160,0.0,0.0,True,within declared rounding tolerance
promotion_effectiveness,avg_subtotal,{'promotion_id': 'P0019'},7459.39,7459.39,0.0,0.005,True,within declared rounding tolerance
promotion_effectiveness,avg_discount,{'promotion_id': 'P0019'},474.75,474.75,0.0,0.005,True,within declared rounding tolerance
promotion_effectiveness,final_revenue,{'promotion_id': 'P0019'},17470067.3,17470067.3,0.0,0.005,True,within declared rounding tolerance
promotion_effectiveness,promotion_name,{'promotion_id': 'P0020'},Campaign 020,Campaign 020,,0.0,True,exact categorical/dimension match
promotion_effectiveness,used_orders,{'promotion_id': 'P0020'},2215,2215,0.0,0.0,True,within declared rounding tolerance
promotion_effectiveness,avg_subtotal,{'promotion_id': 'P0020'},7493.07,7493.07,0.0,0.005,True,within declared rounding tolerance
promotion_effectiveness,avg_discount,{'promotion_id': 'P0020'},1122.88,1122.88,0.0,0.005,True,within declared rounding tolerance
promotion_effectiveness,final_revenue,{'promotion_id': 'P0020'},16353538.25,16353538.25,0.0,0.005,True,within declared rounding tolerance
promotion_effectiveness,promotion_name,{'promotion_id': 'P0021'},Campaign 021,Campaign 021,,0.0,True,exact categorical/dimension match
promotion_effectiveness,used_orders,{'promotion_id': 'P0021'},2182,2182,0.0,0.0,True,within declared rounding tolerance
promotion_effectiveness,avg_subtotal,{'promotion_id': 'P0021'},7478.46,7478.46,0.0,0.005,True,within declared rounding tolerance
promotion_effectiveness,avg_discount,{'promotion_id': 'P0021'},95.08,95.08,0.0,0.005,True,within declared rounding tolerance
promotion_effectiveness,final_revenue,{'promotion_id': 'P0021'},18649202.54,18649202.54,0.0,0.005,True,within declared rounding tolerance
promotion_effectiveness,promotion_name,{'promotion_id': 'P0022'},Campaign 022,Campaign 022,,0.0,True,exact categorical/dimension match
promotion_effectiveness,used_orders,{'promotion_id': 'P0022'},2171,2171,0.0,0.0,True,within declared rounding tolerance
promotion_effectiveness,avg_subtotal,{'promotion_id': 'P0022'},7398.13,7398.13,0.0,0.005,True,within declared rounding tolerance
promotion_effectiveness,avg_discount,{'promotion_id': 'P0022'},739.42,739.42,0.0,0.005,True,within declared rounding tolerance
promotion_effectiveness,final_revenue,{'promotion_id': 'P0022'},16746891.64,16746891.64,0.0,0.005,True,within declared rounding tolerance
promotion_effectiveness,promotion_name,{'promotion_id': 'P0023'},Campaign 023,Campaign 023,,0.0,True,exact categorical/dimension match
promotion_effectiveness,used_orders,{'promotion_id': 'P0023'},2114,2114,0.0,0.0,True,within declared rounding tolerance
promotion_effectiveness,avg_subtotal,{'promotion_id': 'P0023'},7622.06,7622.06,0.0,0.005,True,within declared rounding tolerance
promotion_effectiveness,avg_discount,{'promotion_id': 'P0023'},1143.18,1143.18,0.0,0.005,True,within declared rounding tolerance
promotion_effectiveness,final_revenue,{'promotion_id': 'P0023'},15873995.98,15873995.98,0.0,0.005,True,within declared rounding tolerance
promotion_effectiveness,promotion_name,{'promotion_id': 'P0024'},Campaign 024,Campaign 024,,0.0,True,exact categorical/dimension match
promotion_effectiveness,used_orders,{'promotion_id': 'P0024'},2107,2107,0.0,0.0,True,within declared rounding tolerance
promotion_effectiveness,avg_subtotal,{'promotion_id': 'P0024'},7355.31,7355.31,0.0,0.005,True,within declared rounding tolerance
promotion_effectiveness,avg_discount,{'promotion_id': 'P0024'},2206.93,2206.93,0.0,0.005,True,within declared rounding tolerance
promotion_effectiveness,final_revenue,{'promotion_id': 'P0024'},12591114.58,12591114.58,0.0,0.005,True,within declared rounding tolerance
promotion_effectiveness,promotion_name,{'promotion_id': 'P0025'},Campaign 025,Campaign 025,,0.0,True,exact categorical/dimension match
promotion_effectiveness,used_orders,{'promotion_id': 'P0025'},2079,2079,0.0,0.0,True,within declared rounding tolerance
promotion_effectiveness,avg_subtotal,{'promotion_id': 'P0025'},7397.91,7397.91,0.0,0.005,True,within declared rounding tolerance
promotion_effectiveness,avg_discount,{'promotion_id': 'P0025'},188.93,188.93,0.0,0.005,True,within declared rounding tolerance
promotion_effectiveness,final_revenue,{'promotion_id': 'P0025'},17353685.65,17353685.65,0.0,0.005,True,within declared rounding tolerance
promotion_effectiveness,promotion_name,{'promotion_id': 'P0026'},Campaign 026,Campaign 026,,0.0,True,exact categorical/dimension match
promotion_effectiveness,used_orders,{'promotion_id': 'P0026'},2114,2114,0.0,0.0,True,within declared rounding tolerance
promotion_effectiveness,avg_subtotal,{'promotion_id': 'P0026'},7550.74,7550.74,0.0,0.005,True,within declared rounding tolerance
promotion_effectiveness,avg_discount,{'promotion_id': 'P0026'},1128.25,1128.25,0.0,0.005,True,within declared rounding tolerance
promotion_effectiveness,final_revenue,{'promotion_id': 'P0026'},15734948.99,15734948.99,0.0,0.005,True,within declared rounding tolerance
promotion_effectiveness,promotion_name,{'promotion_id': 'P0027'},Campaign 027,Campaign 027,,0.0,True,exact categorical/dimension match
promotion_effectiveness,used_orders,{'promotion_id': 'P0027'},2125,2125,0.0,0.0,True,within declared rounding tolerance
promotion_effectiveness,avg_subtotal,{'promotion_id': 'P0027'},7448.02,7448.02,0.0,0.005,True,within declared rounding tolerance
promotion_effectiveness,avg_discount,{'promotion_id': 'P0027'},291.95,291.95,0.0,0.005,True,within declared rounding tolerance
promotion_effectiveness,final_revenue,{'promotion_id': 'P0027'},17610766.46,17610766.46,0.0,0.005,True,within declared rounding tolerance
promotion_effectiveness,promotion_name,{'promotion_id': 'P0028'},Campaign 028,Campaign 028,,0.0,True,exact categorical/dimension match
promotion_effectiveness,used_orders,{'promotion_id': 'P0028'},2080,2080,0.0,0.0,True,within declared rounding tolerance
promotion_effectiveness,avg_subtotal,{'promotion_id': 'P0028'},7513.18,7513.18,0.0,0.005,True,within declared rounding tolerance
promotion_effectiveness,avg_discount,{'promotion_id': 'P0028'},472.34,472.34,0.0,0.005,True,within declared rounding tolerance
promotion_effectiveness,final_revenue,{'promotion_id': 'P0028'},16959815.68,16959815.68,0.0,0.005,True,within declared rounding tolerance
promotion_effectiveness,promotion_name,{'promotion_id': 'P0029'},Campaign 029,Campaign 029,,0.0,True,exact categorical/dimension match
promotion_effectiveness,used_orders,{'promotion_id': 'P0029'},2180,2180,0.0,0.0,True,within declared rounding tolerance
promotion_effectiveness,avg_subtotal,{'promotion_id': 'P0029'},7369.42,7369.42,0.0,0.005,True,within declared rounding tolerance
promotion_effectiveness,avg_discount,{'promotion_id': 'P0029'},2202.16,2202.16,0.0,0.005,True,within declared rounding tolerance
promotion_effectiveness,final_revenue,{'promotion_id': 'P0029'},13072132.08,13072132.08,0.0,0.005,True,within declared rounding tolerance
promotion_effectiveness,promotion_name,{'promotion_id': 'P0030'},Campaign 030,Campaign 030,,0.0,True,exact categorical/dimension match
promotion_effectiveness,used_orders,{'promotion_id': 'P0030'},2088,2088,0.0,0.0,True,within declared rounding tolerance
promotion_effectiveness,avg_subtotal,{'promotion_id': 'P0030'},7366.91,7366.91,0.0,0.005,True,within declared rounding tolerance
promotion_effectiveness,avg_discount,{'promotion_id': 'P0030'},149.07,149.07,0.0,0.005,True,within declared rounding tolerance
promotion_effectiveness,final_revenue,{'promotion_id': 'P0030'},17447513.82,17447513.82,0.0,0.005,True,within declared rounding tolerance
promotion_effectiveness,promotion_name,{'promotion_id': 'P0031'},Campaign 031,Campaign 031,,0.0,True,exact categorical/dimension match
promotion_effectiveness,used_orders,{'promotion_id': 'P0031'},2131,2131,0.0,0.0,True,within declared rounding tolerance
promotion_effectiveness,avg_subtotal,{'promotion_id': 'P0031'},7502.11,7502.11,0.0,0.005,True,within declared rounding tolerance
promotion_effectiveness,avg_discount,{'promotion_id': 'P0031'},749.88,749.88,0.0,0.005,True,within declared rounding tolerance
promotion_effectiveness,final_revenue,{'promotion_id': 'P0031'},16668211.57,16668211.57,0.0,0.005,True,within declared rounding tolerance
promotion_effectiveness,promotion_name,{'promotion_id': 'P0032'},Campaign 032,Campaign 032,,0.0,True,exact categorical/dimension match
promotion_effectiveness,used_orders,{'promotion_id': 'P0032'},2143,2143,0.0,0.0,True,within declared rounding tolerance
promotion_effectiveness,avg_subtotal,{'promotion_id': 'P0032'},7397.35,7397.35,0.0,0.005,True,within declared rounding tolerance
promotion_effectiveness,avg_discount,{'promotion_id': 'P0032'},2209.76,2209.76,0.0,0.005,True,within declared rounding tolerance
promotion_effectiveness,final_revenue,{'promotion_id': 'P0032'},12904410.93,12904410.93,0.0,0.005,True,within declared rounding tolerance
promotion_effectiveness,promotion_name,{'promotion_id': 'P0033'},Campaign 033,Campaign 033,,0.0,True,exact categorical/dimension match
promotion_effectiveness,used_orders,{'promotion_id': 'P0033'},2165,2165,0.0,0.0,True,within declared rounding tolerance
promotion_effectiveness,avg_subtotal,{'promotion_id': 'P0033'},7504.61,7504.61,0.0,0.005,True,within declared rounding tolerance
promotion_effectiveness,avg_discount,{'promotion_id': 'P0033'},743.93,743.93,0.0,0.005,True,within declared rounding tolerance
promotion_effectiveness,final_revenue,{'promotion_id': 'P0033'},16958152.79,16958152.79,0.0,0.005,True,within declared rounding tolerance
promotion_effectiveness,promotion_name,{'promotion_id': 'P0034'},Campaign 034,Campaign 034,,0.0,True,exact categorical/dimension match
promotion_effectiveness,used_orders,{'promotion_id': 'P0034'},2160,2160,0.0,0.0,True,within declared rounding tolerance
promotion_effectiveness,avg_subtotal,{'promotion_id': 'P0034'},7526.64,7526.64,0.0,0.005,True,within declared rounding tolerance
promotion_effectiveness,avg_discount,{'promotion_id': 'P0034'},99.26,99.26,0.0,0.005,True,within declared rounding tolerance
promotion_effectiveness,final_revenue,{'promotion_id': 'P0034'},18574052.87,18574052.87,0.0,0.005,True,within declared rounding tolerance
promotion_effectiveness,promotion_name,{'promotion_id': 'P0035'},Campaign 035,Campaign 035,,0.0,True,exact categorical/dimension match
promotion_effectiveness,used_orders,{'promotion_id': 'P0035'},2021,2021,0.0,0.0,True,within declared rounding tolerance
promotion_effectiveness,avg_subtotal,{'promotion_id': 'P0035'},7539.18,7539.18,0.0,0.005,True,within declared rounding tolerance
promotion_effectiveness,avg_discount,{'promotion_id': 'P0035'},479.46,479.46,0.0,0.005,True,within declared rounding tolerance
promotion_effectiveness,final_revenue,{'promotion_id': 'P0035'},16520104.1,16520104.1,0.0,0.005,True,within declared rounding tolerance
promotion_effectiveness,promotion_name,{'promotion_id': 'P0036'},Campaign 036,Campaign 036,,0.0,True,exact categorical/dimension match
promotion_effectiveness,used_orders,{'promotion_id': 'P0036'},2107,2107,0.0,0.0,True,within declared rounding tolerance
promotion_effectiveness,avg_subtotal,{'promotion_id': 'P0036'},7524.27,7524.27,0.0,0.005,True,within declared rounding tolerance
promotion_effectiveness,avg_discount,{'promotion_id': 'P0036'},1128.58,1128.58,0.0,0.005,True,within declared rounding tolerance
promotion_effectiveness,final_revenue,{'promotion_id': 'P0036'},15614534.74,15614534.74,0.0,0.005,True,within declared rounding tolerance
promotion_effectiveness,promotion_name,{'promotion_id': 'P0037'},Campaign 037,Campaign 037,,0.0,True,exact categorical/dimension match
promotion_effectiveness,used_orders,{'promotion_id': 'P0037'},2071,2071,0.0,0.0,True,within declared rounding tolerance
promotion_effectiveness,avg_subtotal,{'promotion_id': 'P0037'},7602.33,7602.33,0.0,0.005,True,within declared rounding tolerance
promotion_effectiveness,avg_discount,{'promotion_id': 'P0037'},297.1,297.1,0.0,0.005,True,within declared rounding tolerance
promotion_effectiveness,final_revenue,{'promotion_id': 'P0037'},17517365.38,17517365.38,0.0,0.005,True,within declared rounding tolerance
promotion_effectiveness,promotion_name,{'promotion_id': 'P0038'},Campaign 038,Campaign 038,,0.0,True,exact categorical/dimension match
promotion_effectiveness,used_orders,{'promotion_id': 'P0038'},2109,2109,0.0,0.0,True,within declared rounding tolerance
promotion_effectiveness,avg_subtotal,{'promotion_id': 'P0038'},7526.02,7526.02,0.0,0.005,True,within declared rounding tolerance
promotion_effectiveness,avg_discount,{'promotion_id': 'P0038'},752.5,752.5,0.0,0.005,True,within declared rounding tolerance
promotion_effectiveness,final_revenue,{'promotion_id': 'P0038'},16545808.01,16545808.01,0.0,0.005,True,within declared rounding tolerance
promotion_effectiveness,promotion_name,{'promotion_id': 'P0039'},Campaign 039,Campaign 039,,0.0,True,exact categorical/dimension match
promotion_effectiveness,used_orders,{'promotion_id': 'P0039'},2195,2195,0.0,0.0,True,within declared rounding tolerance
promotion_effectiveness,avg_subtotal,{'promotion_id': 'P0039'},7435.08,7435.08,0.0,0.005,True,within declared rounding tolerance
promotion_effectiveness,avg_discount,{'promotion_id': 'P0039'},471.3,471.3,0.0,0.005,True,within declared rounding tolerance
promotion_effectiveness,final_revenue,{'promotion_id': 'P0039'},17702732.45,17702732.45,0.0,0.005,True,within declared rounding tolerance
promotion_effectiveness,promotion_name,{'promotion_id': 'P0040'},Campaign 040,Campaign 040,,0.0,True,exact categorical/dimension match
promotion_effectiveness,used_orders,{'promotion_id': 'P0040'},2201,2201,0.0,0.0,True,within declared rounding tolerance
promotion_effectiveness,avg_subtotal,{'promotion_id': 'P0040'},7413.31,7413.31,0.0,0.005,True,within declared rounding tolerance
promotion_effectiveness,avg_discount,{'promotion_id': 'P0040'},99.27,99.27,0.0,0.005,True,within declared rounding tolerance
promotion_effectiveness,final_revenue,{'promotion_id': 'P0040'},18638916.2,18638916.2,0.0,0.005,True,within declared rounding tolerance
promotion_effectiveness,promotion_name,{'promotion_id': 'P0041'},Campaign 041,Campaign 041,,0.0,True,exact categorical/dimension match
promotion_effectiveness,used_orders,{'promotion_id': 'P0041'},2182,2182,0.0,0.0,True,within declared rounding tolerance
promotion_effectiveness,avg_subtotal,{'promotion_id': 'P0041'},7610.41,7610.41,0.0,0.005,True,within declared rounding tolerance
promotion_effectiveness,avg_discount,{'promotion_id': 'P0041'},1521.92,1521.92,0.0,0.005,True,within declared rounding tolerance
promotion_effectiveness,final_revenue,{'promotion_id': 'P0041'},15402252.74,15402252.74,0.0,0.005,True,within declared rounding tolerance
promotion_effectiveness,promotion_name,{'promotion_id': 'P0042'},Campaign 042,Campaign 042,,0.0,True,exact categorical/dimension match
promotion_effectiveness,used_orders,{'promotion_id': 'P0042'},2200,2200,0.0,0.0,True,within declared rounding tolerance
promotion_effectiveness,avg_subtotal,{'promotion_id': 'P0042'},7497.8,7497.8,0.0,0.005,True,within declared rounding tolerance
promotion_effectiveness,avg_discount,{'promotion_id': 'P0042'},1496.43,1496.43,0.0,0.005,True,within declared rounding tolerance
promotion_effectiveness,final_revenue,{'promotion_id': 'P0042'},15300081.24,15300081.24,0.0,0.005,True,within declared rounding tolerance
promotion_effectiveness,promotion_name,{'promotion_id': 'P0043'},Campaign 043,Campaign 043,,0.0,True,exact categorical/dimension match
promotion_effectiveness,used_orders,{'promotion_id': 'P0043'},2192,2192,0.0,0.0,True,within declared rounding tolerance
promotion_effectiveness,avg_subtotal,{'promotion_id': 'P0043'},7480.71,7480.71,0.0,0.005,True,within declared rounding tolerance
promotion_effectiveness,avg_discount,{'promotion_id': 'P0043'},99.77,99.77,0.0,0.005,True,within declared rounding tolerance
promotion_effectiveness,final_revenue,{'promotion_id': 'P0043'},18727660.52,18727660.52,0.0,0.005,True,within declared rounding tolerance
promotion_effectiveness,promotion_name,{'promotion_id': 'P0044'},Campaign 044,Campaign 044,,0.0,True,exact categorical/dimension match
promotion_effectiveness,used_orders,{'promotion_id': 'P0044'},2052,2052,0.0,0.0,True,within declared rounding tolerance
promotion_effectiveness,avg_subtotal,{'promotion_id': 'P0044'},7632.42,7632.42,0.0,0.005,True,within declared rounding tolerance
promotion_effectiveness,avg_discount,{'promotion_id': 'P0044'},150.0,150.0,0.0,0.005,True,within declared rounding tolerance
promotion_effectiveness,final_revenue,{'promotion_id': 'P0044'},17774541.54,17774541.54,0.0,0.005,True,within declared rounding tolerance
promotion_effectiveness,promotion_name,{'promotion_id': 'P0045'},Campaign 045,Campaign 045,,0.0,True,exact categorical/dimension match
promotion_effectiveness,used_orders,{'promotion_id': 'P0045'},2131,2131,0.0,0.0,True,within declared rounding tolerance
promotion_effectiveness,avg_subtotal,{'promotion_id': 'P0045'},7584.49,7584.49,0.0,0.005,True,within declared rounding tolerance
promotion_effectiveness,avg_discount,{'promotion_id': 'P0045'},2272.92,2272.92,0.0,0.005,True,within declared rounding tolerance
promotion_effectiveness,final_revenue,{'promotion_id': 'P0045'},13136806.0,13136806.0,0.0,0.005,True,within declared rounding tolerance
promotion_effectiveness,promotion_name,{'promotion_id': 'P0046'},Campaign 046,Campaign 046,,0.0,True,exact categorical/dimension match
promotion_effectiveness,used_orders,{'promotion_id': 'P0046'},2143,2143,0.0,0.0,True,within declared rounding tolerance
promotion_effectiveness,avg_subtotal,{'promotion_id': 'P0046'},7534.43,7534.43,0.0,0.005,True,within declared rounding tolerance
promotion_effectiveness,avg_discount,{'promotion_id': 'P0046'},1130.67,1130.67,0.0,0.005,True,within declared rounding tolerance
promotion_effectiveness,final_revenue,{'promotion_id': 'P0046'},15899718.48,15899718.48,0.0,0.005,True,within declared rounding tolerance
promotion_effectiveness,promotion_name,{'promotion_id': 'P0047'},Campaign 047,Campaign 047,,0.0,True,exact categorical/dimension match
promotion_effectiveness,used_orders,{'promotion_id': 'P0047'},2212,2212,0.0,0.0,True,within declared rounding tolerance
promotion_effectiveness,avg_subtotal,{'promotion_id': 'P0047'},7514.97,7514.97,0.0,0.005,True,within declared rounding tolerance
promotion_effectiveness,avg_discount,{'promotion_id': 'P0047'},99.77,99.77,0.0,0.005,True,within declared rounding tolerance
promotion_effectiveness,final_revenue,{'promotion_id': 'P0047'},18988547.32,18988547.32,0.0,0.005,True,within declared rounding tolerance
promotion_effectiveness,promotion_name,{'promotion_id': 'P0048'},Campaign 048,Campaign 048,,0.0,True,exact categorical/dimension match
promotion_effectiveness,used_orders,{'promotion_id': 'P0048'},2129,2129,0.0,0.0,True,within declared rounding tolerance
promotion_effectiveness,avg_subtotal,{'promotion_id': 'P0048'},7452.7,7452.7,0.0,0.005,True,within declared rounding tolerance
promotion_effectiveness,avg_discount,{'promotion_id': 'P0048'},1488.36,1488.36,0.0,0.005,True,within declared rounding tolerance
promotion_effectiveness,final_revenue,{'promotion_id': 'P0048'},14723275.6,14723275.6,0.0,0.005,True,within declared rounding tolerance
promotion_effectiveness,promotion_name,{'promotion_id': 'P0049'},Campaign 049,Campaign 049,,0.0,True,exact categorical/dimension match
promotion_effectiveness,used_orders,{'promotion_id': 'P0049'},2106,2106,0.0,0.0,True,within declared rounding tolerance
promotion_effectiveness,avg_subtotal,{'promotion_id': 'P0049'},7495.89,7495.89,0.0,0.005,True,within declared rounding tolerance
promotion_effectiveness,avg_discount,{'promotion_id': 'P0049'},2239.46,2239.46,0.0,0.005,True,within declared rounding tolerance
promotion_effectiveness,final_revenue,{'promotion_id': 'P0049'},12847793.0,12847793.0,0.0,0.005,True,within declared rounding tolerance
promotion_effectiveness,promotion_name,{'promotion_id': 'P0050'},Campaign 050,Campaign 050,,0.0,True,exact categorical/dimension match
promotion_effectiveness,used_orders,{'promotion_id': 'P0050'},2159,2159,0.0,0.0,True,within declared rounding tolerance
promotion_effectiveness,avg_subtotal,{'promotion_id': 'P0050'},7437.7,7437.7,0.0,0.005,True,within declared rounding tolerance
promotion_effectiveness,avg_discount,{'promotion_id': 'P0050'},290.27,290.27,0.0,0.005,True,within declared rounding tolerance
promotion_effectiveness,final_revenue,{'promotion_id': 'P0050'},17868369.61,17868369.61,0.0,0.005,True,within declared rounding tolerance
promotion_effectiveness,promotion_name,{'promotion_id': 'P0051'},Campaign 051,Campaign 051,,0.0,True,exact categorical/dimension match
promotion_effectiveness,used_orders,{'promotion_id': 'P0051'},2144,2144,0.0,0.0,True,within declared rounding tolerance
promotion_effectiveness,avg_subtotal,{'promotion_id': 'P0051'},7553.11,7553.11,0.0,0.005,True,within declared rounding tolerance
promotion_effectiveness,avg_discount,{'promotion_id': 'P0051'},144.68,144.68,0.0,0.005,True,within declared rounding tolerance
promotion_effectiveness,final_revenue,{'promotion_id': 'P0051'},18386143.24,18386143.24,0.0,0.005,True,within declared rounding tolerance
promotion_effectiveness,promotion_name,{'promotion_id': 'P0052'},Campaign 052,Campaign 052,,0.0,True,exact categorical/dimension match
promotion_effectiveness,used_orders,{'promotion_id': 'P0052'},2092,2092,0.0,0.0,True,within declared rounding tolerance
promotion_effectiveness,avg_subtotal,{'promotion_id': 'P0052'},7567.24,7567.24,0.0,0.005,True,within declared rounding tolerance
promotion_effectiveness,avg_discount,{'promotion_id': 'P0052'},1513.45,1513.45,0.0,0.005,True,within declared rounding tolerance
promotion_effectiveness,final_revenue,{'promotion_id': 'P0052'},14686920.58,14686920.58,0.0,0.005,True,within declared rounding tolerance
promotion_effectiveness,promotion_name,{'promotion_id': 'P0053'},Campaign 053,Campaign 053,,0.0,True,exact categorical/dimension match
promotion_effectiveness,used_orders,{'promotion_id': 'P0053'},2158,2158,0.0,0.0,True,within declared rounding tolerance
promotion_effectiveness,avg_subtotal,{'promotion_id': 'P0053'},7407.28,7407.28,0.0,0.005,True,within declared rounding tolerance
promotion_effectiveness,avg_discount,{'promotion_id': 'P0053'},100.0,100.0,0.0,0.005,True,within declared rounding tolerance
promotion_effectiveness,final_revenue,{'promotion_id': 'P0053'},18261305.38,18261305.38,0.0,0.005,True,within declared rounding tolerance
promotion_effectiveness,promotion_name,{'promotion_id': 'P0054'},Campaign 054,Campaign 054,,0.0,True,exact categorical/dimension match
promotion_effectiveness,used_orders,{'promotion_id': 'P0054'},2149,2149,0.0,0.0,True,within declared rounding tolerance
promotion_effectiveness,avg_subtotal,{'promotion_id': 'P0054'},7589.92,7589.92,0.0,0.005,True,within declared rounding tolerance
promotion_effectiveness,avg_discount,{'promotion_id': 'P0054'},1897.96,1897.96,0.0,0.005,True,within declared rounding tolerance
promotion_effectiveness,final_revenue,{'promotion_id': 'P0054'},14186304.04,14186304.04,0.0,0.005,True,within declared rounding tolerance
promotion_effectiveness,promotion_name,{'promotion_id': 'P0055'},Campaign 055,Campaign 055,,0.0,True,exact categorical/dimension match
promotion_effectiveness,used_orders,{'promotion_id': 'P0055'},2163,2163,0.0,0.0,True,within declared rounding tolerance
promotion_effectiveness,avg_subtotal,{'promotion_id': 'P0055'},7459.36,7459.36,0.0,0.005,True,within declared rounding tolerance
promotion_effectiveness,avg_discount,{'promotion_id': 'P0055'},142.85,142.85,0.0,0.005,True,within declared rounding tolerance
promotion_effectiveness,final_revenue,{'promotion_id': 'P0055'},18318726.83,18318726.83,0.0,0.005,True,within declared rounding tolerance
promotion_effectiveness,promotion_name,{'promotion_id': 'P0056'},Campaign 056,Campaign 056,,0.0,True,exact categorical/dimension match
promotion_effectiveness,used_orders,{'promotion_id': 'P0056'},2217,2217,0.0,0.0,True,within declared rounding tolerance
promotion_effectiveness,avg_subtotal,{'promotion_id': 'P0056'},7439.2,7439.2,0.0,0.005,True,within declared rounding tolerance
promotion_effectiveness,avg_discount,{'promotion_id': 'P0056'},371.98,371.98,0.0,0.005,True,within declared rounding tolerance
promotion_effectiveness,final_revenue,{'promotion_id': 'P0056'},18138379.62,18138379.62,0.0,0.005,True,within declared rounding tolerance
promotion_effectiveness,promotion_name,{'promotion_id': 'P0057'},Campaign 057,Campaign 057,,0.0,True,exact categorical/dimension match
promotion_effectiveness,used_orders,{'promotion_id': 'P0057'},2175,2175,0.0,0.0,True,within declared rounding tolerance
promotion_effectiveness,avg_subtotal,{'promotion_id': 'P0057'},7560.77,7560.77,0.0,0.005,True,within declared rounding tolerance
promotion_effectiveness,avg_discount,{'promotion_id': 'P0057'},378.09,378.09,0.0,0.005,True,within declared rounding tolerance
promotion_effectiveness,final_revenue,{'promotion_id': 'P0057'},18091735.54,18091735.54,0.0,0.005,True,within declared rounding tolerance
promotion_effectiveness,promotion_name,{'promotion_id': 'P0058'},Campaign 058,Campaign 058,,0.0,True,exact categorical/dimension match
promotion_effectiveness,used_orders,{'promotion_id': 'P0058'},2123,2123,0.0,0.0,True,within declared rounding tolerance
promotion_effectiveness,avg_subtotal,{'promotion_id': 'P0058'},7472.23,7472.23,0.0,0.005,True,within declared rounding tolerance
promotion_effectiveness,avg_discount,{'promotion_id': 'P0058'},189.16,189.16,0.0,0.005,True,within declared rounding tolerance
promotion_effectiveness,final_revenue,{'promotion_id': 'P0058'},17899616.83,17899616.83,0.0,0.005,True,within declared rounding tolerance
promotion_effectiveness,promotion_name,{'promotion_id': 'P0059'},Campaign 059,Campaign 059,,0.0,True,exact categorical/dimension match
promotion_effectiveness,used_orders,{'promotion_id': 'P0059'},2155,2155,0.0,0.0,True,within declared rounding tolerance
promotion_effectiveness,avg_subtotal,{'promotion_id': 'P0059'},7526.12,7526.12,0.0,0.005,True,within declared rounding tolerance
promotion_effectiveness,avg_discount,{'promotion_id': 'P0059'},2254.86,2254.86,0.0,0.005,True,within declared rounding tolerance
promotion_effectiveness,final_revenue,{'promotion_id': 'P0059'},13183943.63,13183943.63,0.0,0.005,True,within declared rounding tolerance
promotion_effectiveness,promotion_name,{'promotion_id': 'P0060'},Campaign 060,Campaign 060,,0.0,True,exact categorical/dimension match
promotion_effectiveness,used_orders,{'promotion_id': 'P0060'},2128,2128,0.0,0.0,True,within declared rounding tolerance
promotion_effectiveness,avg_subtotal,{'promotion_id': 'P0060'},7543.18,7543.18,0.0,0.005,True,within declared rounding tolerance
promotion_effectiveness,avg_discount,{'promotion_id': 'P0060'},296.62,296.62,0.0,0.005,True,within declared rounding tolerance
promotion_effectiveness,final_revenue,{'promotion_id': 'P0060'},17853322.47,17853322.47,0.0,0.005,True,within declared rounding tolerance
promotion_effectiveness,promotion_name,{'promotion_id': 'P0061'},Campaign 061,Campaign 061,,0.0,True,exact categorical/dimension match
promotion_effectiveness,used_orders,{'promotion_id': 'P0061'},2099,2099,0.0,0.0,True,within declared rounding tolerance
promotion_effectiveness,avg_subtotal,{'promotion_id': 'P0061'},7560.09,7560.09,0.0,0.005,True,within declared rounding tolerance
promotion_effectiveness,avg_discount,{'promotion_id': 'P0061'},291.71,291.71,0.0,0.005,True,within declared rounding tolerance
promotion_effectiveness,final_revenue,{'promotion_id': 'P0061'},17665746.82,17665746.82,0.0,0.005,True,within declared rounding tolerance
promotion_effectiveness,promotion_name,{'promotion_id': 'P0062'},Campaign 062,Campaign 062,,0.0,True,exact categorical/dimension match
promotion_effectiveness,used_orders,{'promotion_id': 'P0062'},2164,2164,0.0,0.0,True,within declared rounding tolerance
promotion_effectiveness,avg_subtotal,{'promotion_id': 'P0062'},7511.37,7511.37,0.0,0.005,True,within declared rounding tolerance
promotion_effectiveness,avg_discount,{'promotion_id': 'P0062'},97.97,97.97,0.0,0.005,True,within declared rounding tolerance
promotion_effectiveness,final_revenue,{'promotion_id': 'P0062'},18568550.05,18568550.05,0.0,0.005,True,within declared rounding tolerance
promotion_effectiveness,promotion_name,{'promotion_id': 'P0063'},Campaign 063,Campaign 063,,0.0,True,exact categorical/dimension match
promotion_effectiveness,used_orders,{'promotion_id': 'P0063'},2135,2135,0.0,0.0,True,within declared rounding tolerance
promotion_effectiveness,avg_subtotal,{'promotion_id': 'P0063'},7592.51,7592.51,0.0,0.005,True,within declared rounding tolerance
promotion_effectiveness,avg_discount,{'promotion_id': 'P0063'},99.11,99.11,0.0,0.005,True,within declared rounding tolerance
promotion_effectiveness,final_revenue,{'promotion_id': 'P0063'},18520042.91,18520042.91,0.0,0.005,True,within declared rounding tolerance
promotion_effectiveness,promotion_name,{'promotion_id': 'P0064'},Campaign 064,Campaign 064,,0.0,True,exact categorical/dimension match
promotion_effectiveness,used_orders,{'promotion_id': 'P0064'},2117,2117,0.0,0.0,True,within declared rounding tolerance
promotion_effectiveness,avg_subtotal,{'promotion_id': 'P0064'},7547.13,7547.13,0.0,0.005,True,within declared rounding tolerance
promotion_effectiveness,avg_discount,{'promotion_id': 'P0064'},498.35,498.35,0.0,0.005,True,within declared rounding tolerance
promotion_effectiveness,final_revenue,{'promotion_id': 'P0064'},17280405.43,17280405.43,0.0,0.005,True,within declared rounding tolerance
promotion_effectiveness,promotion_name,{'promotion_id': 'P0065'},Campaign 065,Campaign 065,,0.0,True,exact categorical/dimension match
promotion_effectiveness,used_orders,{'promotion_id': 'P0065'},2095,2095,0.0,0.0,True,within declared rounding tolerance
promotion_effectiveness,avg_subtotal,{'promotion_id': 'P0065'},7480.45,7480.45,0.0,0.005,True,within declared rounding tolerance
promotion_effectiveness,avg_discount,{'promotion_id': 'P0065'},96.8,96.8,0.0,0.005,True,within declared rounding tolerance
promotion_effectiveness,final_revenue,{'promotion_id': 'P0065'},17904346.38,17904346.38,0.0,0.005,True,within declared rounding tolerance
promotion_effectiveness,promotion_name,{'promotion_id': 'P0066'},Campaign 066,Campaign 066,,0.0,True,exact categorical/dimension match
promotion_effectiveness,used_orders,{'promotion_id': 'P0066'},2141,2141,0.0,0.0,True,within declared rounding tolerance
promotion_effectiveness,avg_subtotal,{'promotion_id': 'P0066'},7435.29,7435.29,0.0,0.005,True,within declared rounding tolerance
promotion_effectiveness,avg_discount,{'promotion_id': 'P0066'},371.67,371.67,0.0,0.005,True,within declared rounding tolerance
promotion_effectiveness,final_revenue,{'promotion_id': 'P0066'},17507013.6,17507013.6,0.0,0.005,True,within declared rounding tolerance
promotion_effectiveness,promotion_name,{'promotion_id': 'P0067'},Campaign 067,Campaign 067,,0.0,True,exact categorical/dimension match
promotion_effectiveness,used_orders,{'promotion_id': 'P0067'},2176,2176,0.0,0.0,True,within declared rounding tolerance
promotion_effectiveness,avg_subtotal,{'promotion_id': 'P0067'},7581.75,7581.75,0.0,0.005,True,within declared rounding tolerance
promotion_effectiveness,avg_discount,{'promotion_id': 'P0067'},749.86,749.86,0.0,0.005,True,within declared rounding tolerance
promotion_effectiveness,final_revenue,{'promotion_id': 'P0067'},17218570.66,17218570.66,0.0,0.005,True,within declared rounding tolerance
promotion_effectiveness,promotion_name,{'promotion_id': 'P0068'},Campaign 068,Campaign 068,,0.0,True,exact categorical/dimension match
promotion_effectiveness,used_orders,{'promotion_id': 'P0068'},2074,2074,0.0,0.0,True,within declared rounding tolerance
promotion_effectiveness,avg_subtotal,{'promotion_id': 'P0068'},7438.26,7438.26,0.0,0.005,True,within declared rounding tolerance
promotion_effectiveness,avg_discount,{'promotion_id': 'P0068'},743.29,743.29,0.0,0.005,True,within declared rounding tolerance
promotion_effectiveness,final_revenue,{'promotion_id': 'P0068'},16081359.78,16081359.78,0.0,0.005,True,within declared rounding tolerance
promotion_effectiveness,promotion_name,{'promotion_id': 'P0069'},Campaign 069,Campaign 069,,0.0,True,exact categorical/dimension match
promotion_effectiveness,used_orders,{'promotion_id': 'P0069'},2063,2063,0.0,0.0,True,within declared rounding tolerance
promotion_effectiveness,avg_subtotal,{'promotion_id': 'P0069'},7455.77,7455.77,0.0,0.005,True,within declared rounding tolerance
promotion_effectiveness,avg_discount,{'promotion_id': 'P0069'},1848.09,1848.09,0.0,0.005,True,within declared rounding tolerance
promotion_effectiveness,final_revenue,{'promotion_id': 'P0069'},13416304.13,13416304.13,0.0,0.005,True,within declared rounding tolerance
promotion_effectiveness,promotion_name,{'promotion_id': 'P0070'},Campaign 070,Campaign 070,,0.0,True,exact categorical/dimension match
promotion_effectiveness,used_orders,{'promotion_id': 'P0070'},2188,2188,0.0,0.0,True,within declared rounding tolerance
promotion_effectiveness,avg_subtotal,{'promotion_id': 'P0070'},7609.39,7609.39,0.0,0.005,True,within declared rounding tolerance
promotion_effectiveness,avg_discount,{'promotion_id': 'P0070'},290.95,290.95,0.0,0.005,True,within declared rounding tolerance
promotion_effectiveness,final_revenue,{'promotion_id': 'P0070'},18538796.22,18538796.22,0.0,0.005,True,within declared rounding tolerance
promotion_effectiveness,promotion_name,{'promotion_id': 'P0071'},Campaign 071,Campaign 071,,0.0,True,exact categorical/dimension match
promotion_effectiveness,used_orders,{'promotion_id': 'P0071'},2162,2162,0.0,0.0,True,within declared rounding tolerance
promotion_effectiveness,avg_subtotal,{'promotion_id': 'P0071'},7700.7,7700.7,0.0,0.005,True,within declared rounding tolerance
promotion_effectiveness,avg_discount,{'promotion_id': 'P0071'},199.63,199.63,0.0,0.005,True,within declared rounding tolerance
promotion_effectiveness,final_revenue,{'promotion_id': 'P0071'},18771727.8,18771727.8,0.0,0.005,True,within declared rounding tolerance
promotion_effectiveness,promotion_name,{'promotion_id': 'P0072'},Campaign 072,Campaign 072,,0.0,True,exact categorical/dimension match
promotion_effectiveness,used_orders,{'promotion_id': 'P0072'},2058,2058,0.0,0.0,True,within declared rounding tolerance
promotion_effectiveness,avg_subtotal,{'promotion_id': 'P0072'},7575.79,7575.79,0.0,0.005,True,within declared rounding tolerance
promotion_effectiveness,avg_discount,{'promotion_id': 'P0072'},486.39,486.39,0.0,0.005,True,within declared rounding tolerance
promotion_effectiveness,final_revenue,{'promotion_id': 'P0072'},16894264.78,16894264.78,0.0,0.005,True,within declared rounding tolerance
promotion_effectiveness,promotion_name,{'promotion_id': 'P0073'},Campaign 073,Campaign 073,,0.0,True,exact categorical/dimension match
promotion_effectiveness,used_orders,{'promotion_id': 'P0073'},2128,2128,0.0,0.0,True,within declared rounding tolerance
promotion_effectiveness,avg_subtotal,{'promotion_id': 'P0073'},7535.6,7535.6,0.0,0.005,True,within declared rounding tolerance
promotion_effectiveness,avg_discount,{'promotion_id': 'P0073'},149.36,149.36,0.0,0.005,True,within declared rounding tolerance
promotion_effectiveness,final_revenue,{'promotion_id': 'P0073'},18198446.59,18198446.59,0.0,0.005,True,within declared rounding tolerance
promotion_effectiveness,promotion_name,{'promotion_id': 'P0074'},Campaign 074,Campaign 074,,0.0,True,exact categorical/dimension match
promotion_effectiveness,used_orders,{'promotion_id': 'P0074'},2175,2175,0.0,0.0,True,within declared rounding tolerance
promotion_effectiveness,avg_subtotal,{'promotion_id': 'P0074'},7566.23,7566.23,0.0,0.005,True,within declared rounding tolerance
promotion_effectiveness,avg_discount,{'promotion_id': 'P0074'},378.16,378.16,0.0,0.005,True,within declared rounding tolerance
promotion_effectiveness,final_revenue,{'promotion_id': 'P0074'},18101725.06,18101725.06,0.0,0.005,True,within declared rounding tolerance
promotion_effectiveness,promotion_name,{'promotion_id': 'P0075'},Campaign 075,Campaign 075,,0.0,True,exact categorical/dimension match
promotion_effectiveness,used_orders,{'promotion_id': 'P0075'},2102,2102,0.0,0.0,True,within declared rounding tolerance
promotion_effectiveness,avg_subtotal,{'promotion_id': 'P0075'},7501.68,7501.68,0.0,0.005,True,within declared rounding tolerance
promotion_effectiveness,avg_discount,{'promotion_id': 'P0075'},2230.53,2230.53,0.0,0.005,True,within declared rounding tolerance
promotion_effectiveness,final_revenue,{'promotion_id': 'P0075'},12856746.12,12856746.12,0.0,0.005,True,within declared rounding tolerance
promotion_effectiveness,promotion_name,{'promotion_id': 'P0076'},Campaign 076,Campaign 076,,0.0,True,exact categorical/dimension match
promotion_effectiveness,used_orders,{'promotion_id': 'P0076'},2160,2160,0.0,0.0,True,within declared rounding tolerance
promotion_effectiveness,avg_subtotal,{'promotion_id': 'P0076'},7502.72,7502.72,0.0,0.005,True,within declared rounding tolerance
promotion_effectiveness,avg_discount,{'promotion_id': 'P0076'},189.53,189.53,0.0,0.005,True,within declared rounding tolerance
promotion_effectiveness,final_revenue,{'promotion_id': 'P0076'},18285797.13,18285797.13,0.0,0.005,True,within declared rounding tolerance
promotion_effectiveness,promotion_name,{'promotion_id': 'P0077'},Campaign 077,Campaign 077,,0.0,True,exact categorical/dimension match
promotion_effectiveness,used_orders,{'promotion_id': 'P0077'},2074,2074,0.0,0.0,True,within declared rounding tolerance
promotion_effectiveness,avg_subtotal,{'promotion_id': 'P0077'},7484.82,7484.82,0.0,0.005,True,within declared rounding tolerance
promotion_effectiveness,avg_discount,{'promotion_id': 'P0077'},1122.99,1122.99,0.0,0.005,True,within declared rounding tolerance
promotion_effectiveness,final_revenue,{'promotion_id': 'P0077'},15286902.77,15286902.77,0.0,0.005,True,within declared rounding tolerance
promotion_effectiveness,promotion_name,{'promotion_id': 'P0078'},Campaign 078,Campaign 078,,0.0,True,exact categorical/dimension match
promotion_effectiveness,used_orders,{'promotion_id': 'P0078'},2184,2184,0.0,0.0,True,within declared rounding tolerance
promotion_effectiveness,avg_subtotal,{'promotion_id': 'P0078'},7650.74,7650.74,0.0,0.005,True,within declared rounding tolerance
promotion_effectiveness,avg_discount,{'promotion_id': 'P0078'},1530.16,1530.16,0.0,0.005,True,within declared rounding tolerance
promotion_effectiveness,final_revenue,{'promotion_id': 'P0078'},15493515.52,15493515.52,0.0,0.005,True,within declared rounding tolerance
promotion_effectiveness,promotion_name,{'promotion_id': 'P0079'},Campaign 079,Campaign 079,,0.0,True,exact categorical/dimension match
promotion_effectiveness,used_orders,{'promotion_id': 'P0079'},2212,2212,0.0,0.0,True,within declared rounding tolerance
promotion_effectiveness,avg_subtotal,{'promotion_id': 'P0079'},7617.63,7617.63,0.0,0.005,True,within declared rounding tolerance
promotion_effectiveness,avg_discount,{'promotion_id': 'P0079'},489.38,489.38,0.0,0.005,True,within declared rounding tolerance
promotion_effectiveness,final_revenue,{'promotion_id': 'P0079'},18253879.33,18253879.33,0.0,0.005,True,within declared rounding tolerance
promotion_effectiveness,promotion_name,{'promotion_id': 'P0080'},Campaign 080,Campaign 080,,0.0,True,exact categorical/dimension match
promotion_effectiveness,used_orders,{'promotion_id': 'P0080'},2122,2122,0.0,0.0,True,within declared rounding tolerance
promotion_effectiveness,avg_subtotal,{'promotion_id': 'P0080'},7555.03,7555.03,0.0,0.005,True,within declared rounding tolerance
promotion_effectiveness,avg_discount,{'promotion_id': 'P0080'},296.89,296.89,0.0,0.005,True,within declared rounding tolerance
promotion_effectiveness,final_revenue,{'promotion_id': 'P0080'},17830530.94,17830530.94,0.0,0.005,True,within declared rounding tolerance
pricing_changes,changes,{'change_reason': 'Inflation'},593,593,0.0,0.0,True,within declared rounding tolerance
pricing_changes,avg_price_change,{'change_reason': 'Inflation'},75.04,75.04,0.0,0.005,True,within declared rounding tolerance
pricing_changes,avg_percent_change,{'change_reason': 'Inflation'},7.05,7.05,0.0,0.005,True,within declared rounding tolerance
pricing_changes,changes,{'change_reason': 'Menu Review'},602,602,0.0,0.0,True,within declared rounding tolerance
pricing_changes,avg_price_change,{'change_reason': 'Menu Review'},76.5,76.5,0.0,0.005,True,within declared rounding tolerance
pricing_changes,avg_percent_change,{'change_reason': 'Menu Review'},7.16,7.16,0.0,0.005,True,within declared rounding tolerance
pricing_changes,changes,{'change_reason': 'Promotion End'},633,633,0.0,0.0,True,within declared rounding tolerance
pricing_changes,avg_price_change,{'change_reason': 'Promotion End'},76.48,76.48,0.0,0.005,True,within declared rounding tolerance
pricing_changes,avg_percent_change,{'change_reason': 'Promotion End'},6.9,6.9,0.0,0.005,True,within declared rounding tolerance
pricing_changes,changes,{'change_reason': 'Seasonal Adjustment'},562,562,0.0,0.0,True,within declared rounding tolerance
pricing_changes,avg_price_change,{'change_reason': 'Seasonal Adjustment'},77.47,77.47,0.0,0.005,True,within declared rounding tolerance
pricing_changes,avg_percent_change,{'change_reason': 'Seasonal Adjustment'},7.0,7.0,0.0,0.005,True,within declared rounding tolerance
pricing_changes,changes,{'change_reason': 'Supplier Cost'},602,602,0.0,0.0,True,within declared rounding tolerance
pricing_changes,avg_price_change,{'change_reason': 'Supplier Cost'},75.15,75.15,0.0,0.005,True,within declared rounding tolerance
pricing_changes,avg_percent_change,{'change_reason': 'Supplier Cost'},6.9,6.9,0.0,0.005,True,within declared rounding tolerance
inventory_status,observations,{'stock_status': 'Low'},17911,17911,0.0,0.0,True,within declared rounding tolerance
inventory_status,avg_closing_stock,{'stock_status': 'Low'},21.0,21.0,0.0,0.005,True,within declared rounding tolerance
inventory_status,observations,{'stock_status': 'Normal'},72089,72089,0.0,0.0,True,within declared rounding tolerance
inventory_status,avg_closing_stock,{'stock_status': 'Normal'},138.44,138.44,0.0,0.005,True,within declared rounding tolerance
weekday_peak_hour,orders,"{'weekday': '1', 'hour_of_day': '0'}",1055,1055,0.0,0.0,True,within declared rounding tolerance
weekday_peak_hour,avg_order_value,"{'weekday': '1', 'hour_of_day': '0'}",8599.79,8599.79,0.0,0.005,True,within declared rounding tolerance
weekday_peak_hour,orders,"{'weekday': '1', 'hour_of_day': '1'}",494,494,0.0,0.0,True,within declared rounding tolerance
weekday_peak_hour,avg_order_value,"{'weekday': '1', 'hour_of_day': '1'}",8229.77,8229.77,0.0,0.005,True,within declared rounding tolerance
weekday_peak_hour,orders,"{'weekday': '1', 'hour_of_day': '10'}",3109,3109,0.0,0.0,True,within declared rounding tolerance
weekday_peak_hour,avg_order_value,"{'weekday': '1', 'hour_of_day': '10'}",8459.24,8459.24,0.0,0.005,True,within declared rounding tolerance
weekday_peak_hour,orders,"{'weekday': '1', 'hour_of_day': '11'}",4152,4152,0.0,0.0,True,within declared rounding tolerance
weekday_peak_hour,avg_order_value,"{'weekday': '1', 'hour_of_day': '11'}",8539.61,8539.61,0.0,0.005,True,within declared rounding tolerance
weekday_peak_hour,orders,"{'weekday': '1', 'hour_of_day': '12'}",7878,7878,0.0,0.0,True,within declared rounding tolerance
weekday_peak_hour,avg_order_value,"{'weekday': '1', 'hour_of_day': '12'}",8551.73,8551.73,0.0,0.005,True,within declared rounding tolerance
weekday_peak_hour,orders,"{'weekday': '1', 'hour_of_day': '13'}",8781,8781,0.0,0.0,True,within declared rounding tolerance
weekday_peak_hour,avg_order_value,"{'weekday': '1', 'hour_of_day': '13'}",8460.37,8460.37,0.0,0.005,True,within declared rounding tolerance
weekday_peak_hour,orders,"{'weekday': '1', 'hour_of_day': '14'}",6872,6872,0.0,0.0,True,within declared rounding tolerance
weekday_peak_hour,avg_order_value,"{'weekday': '1', 'hour_of_day': '14'}",8458.19,8458.19,0.0,0.005,True,within declared rounding tolerance
weekday_peak_hour,orders,"{'weekday': '1', 'hour_of_day': '15'}",4156,4156,0.0,0.0,True,within declared rounding tolerance
weekday_peak_hour,avg_order_value,"{'weekday': '1', 'hour_of_day': '15'}",8354.95,8354.95,0.0,0.005,True,within declared rounding tolerance
weekday_peak_hour,orders,"{'weekday': '1', 'hour_of_day': '16'}",4214,4214,0.0,0.0,True,within declared rounding tolerance
weekday_peak_hour,avg_order_value,"{'weekday': '1', 'hour_of_day': '16'}",8487.48,8487.48,0.0,0.005,True,within declared rounding tolerance
weekday_peak_hour,orders,"{'weekday': '1', 'hour_of_day': '17'}",6742,6742,0.0,0.0,True,within declared rounding tolerance
weekday_peak_hour,avg_order_value,"{'weekday': '1', 'hour_of_day': '17'}",8374.6,8374.6,0.0,0.005,True,within declared rounding tolerance
weekday_peak_hour,orders,"{'weekday': '1', 'hour_of_day': '18'}",9417,9417,0.0,0.0,True,within declared rounding tolerance
weekday_peak_hour,avg_order_value,"{'weekday': '1', 'hour_of_day': '18'}",8394.25,8394.25,0.0,0.005,True,within declared rounding tolerance
weekday_peak_hour,orders,"{'weekday': '1', 'hour_of_day': '19'}",10363,10363,0.0,0.0,True,within declared rounding tolerance
weekday_peak_hour,avg_order_value,"{'weekday': '1', 'hour_of_day': '19'}",8496.63,8496.63,0.0,0.005,True,within declared rounding tolerance
weekday_peak_hour,orders,"{'weekday': '1', 'hour_of_day': '2'}",528,528,0.0,0.0,True,within declared rounding tolerance
weekday_peak_hour,avg_order_value,"{'weekday': '1', 'hour_of_day': '2'}",8073.47,8073.47,0.0,0.005,True,within declared rounding tolerance
weekday_peak_hour,orders,"{'weekday': '1', 'hour_of_day': '20'}",9412,9412,0.0,0.0,True,within declared rounding tolerance
weekday_peak_hour,avg_order_value,"{'weekday': '1', 'hour_of_day': '20'}",8550.09,8550.09,0.0,0.005,True,within declared rounding tolerance
weekday_peak_hour,orders,"{'weekday': '1', 'hour_of_day': '21'}",5295,5295,0.0,0.0,True,within declared rounding tolerance
weekday_peak_hour,avg_order_value,"{'weekday': '1', 'hour_of_day': '21'}",8442.7,8442.7,0.0,0.005,True,within declared rounding tolerance
weekday_peak_hour,orders,"{'weekday': '1', 'hour_of_day': '22'}",2551,2551,0.0,0.0,True,within declared rounding tolerance
weekday_peak_hour,avg_order_value,"{'weekday': '1', 'hour_of_day': '22'}",8437.31,8437.31,0.0,0.005,True,within declared rounding tolerance
weekday_peak_hour,orders,"{'weekday': '1', 'hour_of_day': '23'}",1681,1681,0.0,0.0,True,within declared rounding tolerance
weekday_peak_hour,avg_order_value,"{'weekday': '1', 'hour_of_day': '23'}",8301.9,8301.9,0.0,0.005,True,within declared rounding tolerance
weekday_peak_hour,orders,"{'weekday': '1', 'hour_of_day': '3'}",495,495,0.0,0.0,True,within declared rounding tolerance
weekday_peak_hour,avg_order_value,"{'weekday': '1', 'hour_of_day': '3'}",8438.63,8438.63,0.0,0.005,True,within declared rounding tolerance
weekday_peak_hour,orders,"{'weekday': '1', 'hour_of_day': '4'}",520,520,0.0,0.0,True,within declared rounding tolerance
weekday_peak_hour,avg_order_value,"{'weekday': '1', 'hour_of_day': '4'}",8476.49,8476.49,0.0,0.005,True,within declared rounding tolerance
weekday_peak_hour,orders,"{'weekday': '1', 'hour_of_day': '5'}",1062,1062,0.0,0.0,True,within declared rounding tolerance
weekday_peak_hour,avg_order_value,"{'weekday': '1', 'hour_of_day': '5'}",8401.03,8401.03,0.0,0.005,True,within declared rounding tolerance
weekday_peak_hour,orders,"{'weekday': '1', 'hour_of_day': '6'}",2020,2020,0.0,0.0,True,within declared rounding tolerance
weekday_peak_hour,avg_order_value,"{'weekday': '1', 'hour_of_day': '6'}",8435.85,8435.85,0.0,0.005,True,within declared rounding tolerance
weekday_peak_hour,orders,"{'weekday': '1', 'hour_of_day': '7'}",3707,3707,0.0,0.0,True,within declared rounding tolerance
weekday_peak_hour,avg_order_value,"{'weekday': '1', 'hour_of_day': '7'}",8429.34,8429.34,0.0,0.005,True,within declared rounding tolerance
weekday_peak_hour,orders,"{'weekday': '1', 'hour_of_day': '8'}",5257,5257,0.0,0.0,True,within declared rounding tolerance
weekday_peak_hour,avg_order_value,"{'weekday': '1', 'hour_of_day': '8'}",8437.84,8437.84,0.0,0.005,True,within declared rounding tolerance
weekday_peak_hour,orders,"{'weekday': '1', 'hour_of_day': '9'}",4316,4316,0.0,0.0,True,within declared rounding tolerance
weekday_peak_hour,avg_order_value,"{'weekday': '1', 'hour_of_day': '9'}",8413.8,8413.8,0.0,0.005,True,within declared rounding tolerance
weekday_peak_hour,orders,"{'weekday': '2', 'hour_of_day': '0'}",816,816,0.0,0.0,True,within declared rounding tolerance
weekday_peak_hour,avg_order_value,"{'weekday': '2', 'hour_of_day': '0'}",8224.97,8224.97,0.0,0.005,True,within declared rounding tolerance
weekday_peak_hour,orders,"{'weekday': '2', 'hour_of_day': '1'}",424,424,0.0,0.0,True,within declared rounding tolerance
weekday_peak_hour,avg_order_value,"{'weekday': '2', 'hour_of_day': '1'}",8608.48,8608.48,0.0,0.005,True,within declared rounding tolerance
weekday_peak_hour,orders,"{'weekday': '2', 'hour_of_day': '10'}",2426,2426,0.0,0.0,True,within declared rounding tolerance
weekday_peak_hour,avg_order_value,"{'weekday': '2', 'hour_of_day': '10'}",8454.66,8454.66,0.0,0.005,True,within declared rounding tolerance
weekday_peak_hour,orders,"{'weekday': '2', 'hour_of_day': '11'}",3185,3185,0.0,0.0,True,within declared rounding tolerance
weekday_peak_hour,avg_order_value,"{'weekday': '2', 'hour_of_day': '11'}",8600.25,8600.25,0.0,0.005,True,within declared rounding tolerance
weekday_peak_hour,orders,"{'weekday': '2', 'hour_of_day': '12'}",6188,6188,0.0,0.0,True,within declared rounding tolerance
weekday_peak_hour,avg_order_value,"{'weekday': '2', 'hour_of_day': '12'}",8449.05,8449.05,0.0,0.005,True,within declared rounding tolerance
weekday_peak_hour,orders,"{'weekday': '2', 'hour_of_day': '13'}",6986,6986,0.0,0.0,True,within declared rounding tolerance
weekday_peak_hour,avg_order_value,"{'weekday': '2', 'hour_of_day': '13'}",8389.94,8389.94,0.0,0.005,True,within declared rounding tolerance
weekday_peak_hour,orders,"{'weekday': '2', 'hour_of_day': '14'}",5264,5264,0.0,0.0,True,within declared rounding tolerance
weekday_peak_hour,avg_order_value,"{'weekday': '2', 'hour_of_day': '14'}",8405.77,8405.77,0.0,0.005,True,within declared rounding tolerance
weekday_peak_hour,orders,"{'weekday': '2', 'hour_of_day': '15'}",3261,3261,0.0,0.0,True,within declared rounding tolerance
weekday_peak_hour,avg_order_value,"{'weekday': '2', 'hour_of_day': '15'}",8488.43,8488.43,0.0,0.005,True,within declared rounding tolerance
weekday_peak_hour,orders,"{'weekday': '2', 'hour_of_day': '16'}",3207,3207,0.0,0.0,True,within declared rounding tolerance
weekday_peak_hour,avg_order_value,"{'weekday': '2', 'hour_of_day': '16'}",8321.36,8321.36,0.0,0.005,True,within declared rounding tolerance
weekday_peak_hour,orders,"{'weekday': '2', 'hour_of_day': '17'}",5413,5413,0.0,0.0,True,within declared rounding tolerance
weekday_peak_hour,avg_order_value,"{'weekday': '2', 'hour_of_day': '17'}",8392.76,8392.76,0.0,0.005,True,within declared rounding tolerance
weekday_peak_hour,orders,"{'weekday': '2', 'hour_of_day': '18'}",7496,7496,0.0,0.0,True,within declared rounding tolerance
weekday_peak_hour,avg_order_value,"{'weekday': '2', 'hour_of_day': '18'}",8408.08,8408.08,0.0,0.005,True,within declared rounding tolerance
weekday_peak_hour,orders,"{'weekday': '2', 'hour_of_day': '19'}",8099,8099,0.0,0.0,True,within declared rounding tolerance
weekday_peak_hour,avg_order_value,"{'weekday': '2', 'hour_of_day': '19'}",8406.65,8406.65,0.0,0.005,True,within declared rounding tolerance
weekday_peak_hour,orders,"{'weekday': '2', 'hour_of_day': '2'}",391,391,0.0,0.0,True,within declared rounding tolerance
weekday_peak_hour,avg_order_value,"{'weekday': '2', 'hour_of_day': '2'}",8232.0,8232.0,0.0,0.005,True,within declared rounding tolerance
weekday_peak_hour,orders,"{'weekday': '2', 'hour_of_day': '20'}",7384,7384,0.0,0.0,True,within declared rounding tolerance
weekday_peak_hour,avg_order_value,"{'weekday': '2', 'hour_of_day': '20'}",8378.25,8378.25,0.0,0.005,True,within declared rounding tolerance
weekday_peak_hour,orders,"{'weekday': '2', 'hour_of_day': '21'}",4105,4105,0.0,0.0,True,within declared rounding tolerance
weekday_peak_hour,avg_order_value,"{'weekday': '2', 'hour_of_day': '21'}",8344.73,8344.73,0.0,0.005,True,within declared rounding tolerance
weekday_peak_hour,orders,"{'weekday': '2', 'hour_of_day': '22'}",2025,2025,0.0,0.0,True,within declared rounding tolerance
weekday_peak_hour,avg_order_value,"{'weekday': '2', 'hour_of_day': '22'}",8290.92,8290.92,0.0,0.005,True,within declared rounding tolerance
weekday_peak_hour,orders,"{'weekday': '2', 'hour_of_day': '23'}",1280,1280,0.0,0.0,True,within declared rounding tolerance
weekday_peak_hour,avg_order_value,"{'weekday': '2', 'hour_of_day': '23'}",8588.14,8588.14,0.0,0.005,True,within declared rounding tolerance
weekday_peak_hour,orders,"{'weekday': '2', 'hour_of_day': '3'}",405,405,0.0,0.0,True,within declared rounding tolerance
weekday_peak_hour,avg_order_value,"{'weekday': '2', 'hour_of_day': '3'}",8681.03,8681.03,0.0,0.005,True,within declared rounding tolerance
weekday_peak_hour,orders,"{'weekday': '2', 'hour_of_day': '4'}",424,424,0.0,0.0,True,within declared rounding tolerance
weekday_peak_hour,avg_order_value,"{'weekday': '2', 'hour_of_day': '4'}",8644.66,8644.66,0.0,0.005,True,within declared rounding tolerance
weekday_peak_hour,orders,"{'weekday': '2', 'hour_of_day': '5'}",814,814,0.0,0.0,True,within declared rounding tolerance
weekday_peak_hour,avg_order_value,"{'weekday': '2', 'hour_of_day': '5'}",8374.42,8374.42,0.0,0.005,True,within declared rounding tolerance
weekday_peak_hour,orders,"{'weekday': '2', 'hour_of_day': '6'}",1650,1650,0.0,0.0,True,within declared rounding tolerance
weekday_peak_hour,avg_order_value,"{'weekday': '2', 'hour_of_day': '6'}",8265.76,8265.76,0.0,0.005,True,within declared rounding tolerance
weekday_peak_hour,orders,"{'weekday': '2', 'hour_of_day': '7'}",2893,2893,0.0,0.0,True,within declared rounding tolerance
weekday_peak_hour,avg_order_value,"{'weekday': '2', 'hour_of_day': '7'}",8489.24,8489.24,0.0,0.005,True,within declared rounding tolerance
weekday_peak_hour,orders,"{'weekday': '2', 'hour_of_day': '8'}",4056,4056,0.0,0.0,True,within declared rounding tolerance
weekday_peak_hour,avg_order_value,"{'weekday': '2', 'hour_of_day': '8'}",8369.69,8369.69,0.0,0.005,True,within declared rounding tolerance
weekday_peak_hour,orders,"{'weekday': '2', 'hour_of_day': '9'}",3304,3304,0.0,0.0,True,within declared rounding tolerance
weekday_peak_hour,avg_order_value,"{'weekday': '2', 'hour_of_day': '9'}",8377.61,8377.61,0.0,0.005,True,within declared rounding tolerance
weekday_peak_hour,orders,"{'weekday': '3', 'hour_of_day': '0'}",785,785,0.0,0.0,True,within declared rounding tolerance
weekday_peak_hour,avg_order_value,"{'weekday': '3', 'hour_of_day': '0'}",8661.01,8661.01,0.0,0.005,True,within declared rounding tolerance
weekday_peak_hour,orders,"{'weekday': '3', 'hour_of_day': '1'}",417,417,0.0,0.0,True,within declared rounding tolerance
weekday_peak_hour,avg_order_value,"{'weekday': '3', 'hour_of_day': '1'}",8014.09,8014.09,0.0,0.005,True,within declared rounding tolerance
weekday_peak_hour,orders,"{'weekday': '3', 'hour_of_day': '10'}",2406,2406,0.0,0.0,True,within declared rounding tolerance
weekday_peak_hour,avg_order_value,"{'weekday': '3', 'hour_of_day': '10'}",8562.01,8562.01,0.0,0.005,True,within declared rounding tolerance
weekday_peak_hour,orders,"{'weekday': '3', 'hour_of_day': '11'}",3276,3276,0.0,0.0,True,within declared rounding tolerance
weekday_peak_hour,avg_order_value,"{'weekday': '3', 'hour_of_day': '11'}",8327.27,8327.27,0.0,0.005,True,within declared rounding tolerance
weekday_peak_hour,orders,"{'weekday': '3', 'hour_of_day': '12'}",5923,5923,0.0,0.0,True,within declared rounding tolerance
weekday_peak_hour,avg_order_value,"{'weekday': '3', 'hour_of_day': '12'}",8489.6,8489.6,0.0,0.005,True,within declared rounding tolerance
weekday_peak_hour,orders,"{'weekday': '3', 'hour_of_day': '13'}",6791,6791,0.0,0.0,True,within declared rounding tolerance
weekday_peak_hour,avg_order_value,"{'weekday': '3', 'hour_of_day': '13'}",8562.42,8562.42,0.0,0.005,True,within declared rounding tolerance
weekday_peak_hour,orders,"{'weekday': '3', 'hour_of_day': '14'}",5321,5321,0.0,0.0,True,within declared rounding tolerance
weekday_peak_hour,avg_order_value,"{'weekday': '3', 'hour_of_day': '14'}",8435.49,8435.49,0.0,0.005,True,within declared rounding tolerance
weekday_peak_hour,orders,"{'weekday': '3', 'hour_of_day': '15'}",3224,3224,0.0,0.0,True,within declared rounding tolerance
weekday_peak_hour,avg_order_value,"{'weekday': '3', 'hour_of_day': '15'}",8451.66,8451.66,0.0,0.005,True,within declared rounding tolerance
weekday_peak_hour,orders,"{'weekday': '3', 'hour_of_day': '16'}",3171,3171,0.0,0.0,True,within declared rounding tolerance
weekday_peak_hour,avg_order_value,"{'weekday': '3', 'hour_of_day': '16'}",8532.67,8532.67,0.0,0.005,True,within declared rounding tolerance
weekday_peak_hour,orders,"{'weekday': '3', 'hour_of_day': '17'}",5127,5127,0.0,0.0,True,within declared rounding tolerance
weekday_peak_hour,avg_order_value,"{'weekday': '3', 'hour_of_day': '17'}",8408.65,8408.65,0.0,0.005,True,within declared rounding tolerance
weekday_peak_hour,orders,"{'weekday': '3', 'hour_of_day': '18'}",7289,7289,0.0,0.0,True,within declared rounding tolerance
weekday_peak_hour,avg_order_value,"{'weekday': '3', 'hour_of_day': '18'}",8344.0,8344.0,0.0,0.005,True,within declared rounding tolerance
weekday_peak_hour,orders,"{'weekday': '3', 'hour_of_day': '19'}",7917,7917,0.0,0.0,True,within declared rounding tolerance
weekday_peak_hour,avg_order_value,"{'weekday': '3', 'hour_of_day': '19'}",8408.32,8408.32,0.0,0.005,True,within declared rounding tolerance
weekday_peak_hour,orders,"{'weekday': '3', 'hour_of_day': '2'}",424,424,0.0,0.0,True,within declared rounding tolerance
weekday_peak_hour,avg_order_value,"{'weekday': '3', 'hour_of_day': '2'}",8630.09,8630.09,0.0,0.005,True,within declared rounding tolerance
weekday_peak_hour,orders,"{'weekday': '3', 'hour_of_day': '20'}",7283,7283,0.0,0.0,True,within declared rounding tolerance
weekday_peak_hour,avg_order_value,"{'weekday': '3', 'hour_of_day': '20'}",8463.37,8463.37,0.0,0.005,True,within declared rounding tolerance
weekday_peak_hour,orders,"{'weekday': '3', 'hour_of_day': '21'}",3992,3992,0.0,0.0,True,within declared rounding tolerance
weekday_peak_hour,avg_order_value,"{'weekday': '3', 'hour_of_day': '21'}",8369.77,8369.77,0.0,0.005,True,within declared rounding tolerance
weekday_peak_hour,orders,"{'weekday': '3', 'hour_of_day': '22'}",2080,2080,0.0,0.0,True,within declared rounding tolerance
weekday_peak_hour,avg_order_value,"{'weekday': '3', 'hour_of_day': '22'}",8400.39,8400.39,0.0,0.005,True,within declared rounding tolerance
weekday_peak_hour,orders,"{'weekday': '3', 'hour_of_day': '23'}",1288,1288,0.0,0.0,True,within declared rounding tolerance
weekday_peak_hour,avg_order_value,"{'weekday': '3', 'hour_of_day': '23'}",8469.99,8469.99,0.0,0.005,True,within declared rounding tolerance
weekday_peak_hour,orders,"{'weekday': '3', 'hour_of_day': '3'}",427,427,0.0,0.0,True,within declared rounding tolerance
weekday_peak_hour,avg_order_value,"{'weekday': '3', 'hour_of_day': '3'}",8564.36,8564.36,0.0,0.005,True,within declared rounding tolerance
weekday_peak_hour,orders,"{'weekday': '3', 'hour_of_day': '4'}",434,434,0.0,0.0,True,within declared rounding tolerance
weekday_peak_hour,avg_order_value,"{'weekday': '3', 'hour_of_day': '4'}",8492.07,8492.07,0.0,0.005,True,within declared rounding tolerance
weekday_peak_hour,orders,"{'weekday': '3', 'hour_of_day': '5'}",826,826,0.0,0.0,True,within declared rounding tolerance
weekday_peak_hour,avg_order_value,"{'weekday': '3', 'hour_of_day': '5'}",8575.37,8575.37,0.0,0.005,True,within declared rounding tolerance
weekday_peak_hour,orders,"{'weekday': '3', 'hour_of_day': '6'}",1556,1556,0.0,0.0,True,within declared rounding tolerance
weekday_peak_hour,avg_order_value,"{'weekday': '3', 'hour_of_day': '6'}",8553.16,8553.16,0.0,0.005,True,within declared rounding tolerance
weekday_peak_hour,orders,"{'weekday': '3', 'hour_of_day': '7'}",2858,2858,0.0,0.0,True,within declared rounding tolerance
weekday_peak_hour,avg_order_value,"{'weekday': '3', 'hour_of_day': '7'}",8402.78,8402.78,0.0,0.005,True,within declared rounding tolerance
weekday_peak_hour,orders,"{'weekday': '3', 'hour_of_day': '8'}",4054,4054,0.0,0.0,True,within declared rounding tolerance
weekday_peak_hour,avg_order_value,"{'weekday': '3', 'hour_of_day': '8'}",8431.74,8431.74,0.0,0.005,True,within declared rounding tolerance
weekday_peak_hour,orders,"{'weekday': '3', 'hour_of_day': '9'}",3260,3260,0.0,0.0,True,within declared rounding tolerance
weekday_peak_hour,avg_order_value,"{'weekday': '3', 'hour_of_day': '9'}",8593.78,8593.78,0.0,0.005,True,within declared rounding tolerance
weekday_peak_hour,orders,"{'weekday': '4', 'hour_of_day': '0'}",837,837,0.0,0.0,True,within declared rounding tolerance
weekday_peak_hour,avg_order_value,"{'weekday': '4', 'hour_of_day': '0'}",8217.22,8217.22,0.0,0.005,True,within declared rounding tolerance
weekday_peak_hour,orders,"{'weekday': '4', 'hour_of_day': '1'}",429,429,0.0,0.0,True,within declared rounding tolerance
weekday_peak_hour,avg_order_value,"{'weekday': '4', 'hour_of_day': '1'}",8457.94,8457.94,0.0,0.005,True,within declared rounding tolerance
weekday_peak_hour,orders,"{'weekday': '4', 'hour_of_day': '10'}",2385,2385,0.0,0.0,True,within declared rounding tolerance
weekday_peak_hour,avg_order_value,"{'weekday': '4', 'hour_of_day': '10'}",8315.74,8315.74,0.0,0.005,True,within declared rounding tolerance
weekday_peak_hour,orders,"{'weekday': '4', 'hour_of_day': '11'}",3154,3154,0.0,0.0,True,within declared rounding tolerance
weekday_peak_hour,avg_order_value,"{'weekday': '4', 'hour_of_day': '11'}",8517.46,8517.46,0.0,0.005,True,within declared rounding tolerance
weekday_peak_hour,orders,"{'weekday': '4', 'hour_of_day': '12'}",6173,6173,0.0,0.0,True,within declared rounding tolerance
weekday_peak_hour,avg_order_value,"{'weekday': '4', 'hour_of_day': '12'}",8453.09,8453.09,0.0,0.005,True,within declared rounding tolerance
weekday_peak_hour,orders,"{'weekday': '4', 'hour_of_day': '13'}",6928,6928,0.0,0.0,True,within declared rounding tolerance
weekday_peak_hour,avg_order_value,"{'weekday': '4', 'hour_of_day': '13'}",8404.42,8404.42,0.0,0.005,True,within declared rounding tolerance
weekday_peak_hour,orders,"{'weekday': '4', 'hour_of_day': '14'}",5266,5266,0.0,0.0,True,within declared rounding tolerance
weekday_peak_hour,avg_order_value,"{'weekday': '4', 'hour_of_day': '14'}",8416.98,8416.98,0.0,0.005,True,within declared rounding tolerance
weekday_peak_hour,orders,"{'weekday': '4', 'hour_of_day': '15'}",3289,3289,0.0,0.0,True,within declared rounding tolerance
weekday_peak_hour,avg_order_value,"{'weekday': '4', 'hour_of_day': '15'}",8345.5,8345.5,0.0,0.005,True,within declared rounding tolerance
weekday_peak_hour,orders,"{'weekday': '4', 'hour_of_day': '16'}",3287,3287,0.0,0.0,True,within declared rounding tolerance
weekday_peak_hour,avg_order_value,"{'weekday': '4', 'hour_of_day': '16'}",8370.24,8370.24,0.0,0.005,True,within declared rounding tolerance
weekday_peak_hour,orders,"{'weekday': '4', 'hour_of_day': '17'}",5141,5141,0.0,0.0,True,within declared rounding tolerance
weekday_peak_hour,avg_order_value,"{'weekday': '4', 'hour_of_day': '17'}",8465.03,8465.03,0.0,0.005,True,within declared rounding tolerance
weekday_peak_hour,orders,"{'weekday': '4', 'hour_of_day': '18'}",7300,7300,0.0,0.0,True,within declared rounding tolerance
weekday_peak_hour,avg_order_value,"{'weekday': '4', 'hour_of_day': '18'}",8415.05,8415.05,0.0,0.005,True,within declared rounding tolerance
weekday_peak_hour,orders,"{'weekday': '4', 'hour_of_day': '19'}",8156,8156,0.0,0.0,True,within declared rounding tolerance
weekday_peak_hour,avg_order_value,"{'weekday': '4', 'hour_of_day': '19'}",8395.62,8395.62,0.0,0.005,True,within declared rounding tolerance
weekday_peak_hour,orders,"{'weekday': '4', 'hour_of_day': '2'}",401,401,0.0,0.0,True,within declared rounding tolerance
weekday_peak_hour,avg_order_value,"{'weekday': '4', 'hour_of_day': '2'}",8241.66,8241.66,0.0,0.005,True,within declared rounding tolerance
weekday_peak_hour,orders,"{'weekday': '4', 'hour_of_day': '20'}",7203,7203,0.0,0.0,True,within declared rounding tolerance
weekday_peak_hour,avg_order_value,"{'weekday': '4', 'hour_of_day': '20'}",8353.86,8353.86,0.0,0.005,True,within declared rounding tolerance
weekday_peak_hour,orders,"{'weekday': '4', 'hour_of_day': '21'}",4016,4016,0.0,0.0,True,within declared rounding tolerance
weekday_peak_hour,avg_order_value,"{'weekday': '4', 'hour_of_day': '21'}",8543.5,8543.5,0.0,0.005,True,within declared rounding tolerance
weekday_peak_hour,orders,"{'weekday': '4', 'hour_of_day': '22'}",2027,2027,0.0,0.0,True,within declared rounding tolerance
weekday_peak_hour,avg_order_value,"{'weekday': '4', 'hour_of_day': '22'}",8356.78,8356.78,0.0,0.005,True,within declared rounding tolerance
weekday_peak_hour,orders,"{'weekday': '4', 'hour_of_day': '23'}",1193,1193,0.0,0.0,True,within declared rounding tolerance
weekday_peak_hour,avg_order_value,"{'weekday': '4', 'hour_of_day': '23'}",8334.24,8334.24,0.0,0.005,True,within declared rounding tolerance
weekday_peak_hour,orders,"{'weekday': '4', 'hour_of_day': '3'}",416,416,0.0,0.0,True,within declared rounding tolerance
weekday_peak_hour,avg_order_value,"{'weekday': '4', 'hour_of_day': '3'}",8298.96,8298.96,0.0,0.005,True,within declared rounding tolerance
weekday_peak_hour,orders,"{'weekday': '4', 'hour_of_day': '4'}",457,457,0.0,0.0,True,within declared rounding tolerance
weekday_peak_hour,avg_order_value,"{'weekday': '4', 'hour_of_day': '4'}",8582.02,8582.02,0.0,0.005,True,within declared rounding tolerance
weekday_peak_hour,orders,"{'weekday': '4', 'hour_of_day': '5'}",854,854,0.0,0.0,True,within declared rounding tolerance
weekday_peak_hour,avg_order_value,"{'weekday': '4', 'hour_of_day': '5'}",8366.53,8366.53,0.0,0.005,True,within declared rounding tolerance
weekday_peak_hour,orders,"{'weekday': '4', 'hour_of_day': '6'}",1602,1602,0.0,0.0,True,within declared rounding tolerance
weekday_peak_hour,avg_order_value,"{'weekday': '4', 'hour_of_day': '6'}",8419.06,8419.06,0.0,0.005,True,within declared rounding tolerance
weekday_peak_hour,orders,"{'weekday': '4', 'hour_of_day': '7'}",2865,2865,0.0,0.0,True,within declared rounding tolerance
weekday_peak_hour,avg_order_value,"{'weekday': '4', 'hour_of_day': '7'}",8516.7,8516.7,0.0,0.005,True,within declared rounding tolerance
weekday_peak_hour,orders,"{'weekday': '4', 'hour_of_day': '8'}",4182,4182,0.0,0.0,True,within declared rounding tolerance
weekday_peak_hour,avg_order_value,"{'weekday': '4', 'hour_of_day': '8'}",8470.71,8470.71,0.0,0.005,True,within declared rounding tolerance
weekday_peak_hour,orders,"{'weekday': '4', 'hour_of_day': '9'}",3376,3376,0.0,0.0,True,within declared rounding tolerance
weekday_peak_hour,avg_order_value,"{'weekday': '4', 'hour_of_day': '9'}",8451.08,8451.08,0.0,0.005,True,within declared rounding tolerance
weekday_peak_hour,orders,"{'weekday': '5', 'hour_of_day': '0'}",820,820,0.0,0.0,True,within declared rounding tolerance
weekday_peak_hour,avg_order_value,"{'weekday': '5', 'hour_of_day': '0'}",8585.04,8585.04,0.0,0.005,True,within declared rounding tolerance
weekday_peak_hour,orders,"{'weekday': '5', 'hour_of_day': '1'}",382,382,0.0,0.0,True,within declared rounding tolerance
weekday_peak_hour,avg_order_value,"{'weekday': '5', 'hour_of_day': '1'}",8331.26,8331.26,0.0,0.005,True,within declared rounding tolerance
weekday_peak_hour,orders,"{'weekday': '5', 'hour_of_day': '10'}",2450,2450,0.0,0.0,True,within declared rounding tolerance
weekday_peak_hour,avg_order_value,"{'weekday': '5', 'hour_of_day': '10'}",8400.6,8400.6,0.0,0.005,True,within declared rounding tolerance
weekday_peak_hour,orders,"{'weekday': '5', 'hour_of_day': '11'}",3247,3247,0.0,0.0,True,within declared rounding tolerance
weekday_peak_hour,avg_order_value,"{'weekday': '5', 'hour_of_day': '11'}",8307.8,8307.8,0.0,0.005,True,within declared rounding tolerance
weekday_peak_hour,orders,"{'weekday': '5', 'hour_of_day': '12'}",6186,6186,0.0,0.0,True,within declared rounding tolerance
weekday_peak_hour,avg_order_value,"{'weekday': '5', 'hour_of_day': '12'}",8530.49,8530.49,0.0,0.005,True,within declared rounding tolerance
weekday_peak_hour,orders,"{'weekday': '5', 'hour_of_day': '13'}",6859,6859,0.0,0.0,True,within declared rounding tolerance
weekday_peak_hour,avg_order_value,"{'weekday': '5', 'hour_of_day': '13'}",8394.29,8394.29,0.0,0.005,True,within declared rounding tolerance
weekday_peak_hour,orders,"{'weekday': '5', 'hour_of_day': '14'}",5168,5168,0.0,0.0,True,within declared rounding tolerance
weekday_peak_hour,avg_order_value,"{'weekday': '5', 'hour_of_day': '14'}",8366.0,8366.0,0.0,0.005,True,within declared rounding tolerance
weekday_peak_hour,orders,"{'weekday': '5', 'hour_of_day': '15'}",3241,3241,0.0,0.0,True,within declared rounding tolerance
weekday_peak_hour,avg_order_value,"{'weekday': '5', 'hour_of_day': '15'}",8435.62,8435.62,0.0,0.005,True,within declared rounding tolerance
weekday_peak_hour,orders,"{'weekday': '5', 'hour_of_day': '16'}",3237,3237,0.0,0.0,True,within declared rounding tolerance
weekday_peak_hour,avg_order_value,"{'weekday': '5', 'hour_of_day': '16'}",8294.11,8294.11,0.0,0.005,True,within declared rounding tolerance
weekday_peak_hour,orders,"{'weekday': '5', 'hour_of_day': '17'}",5250,5250,0.0,0.0,True,within declared rounding tolerance
weekday_peak_hour,avg_order_value,"{'weekday': '5', 'hour_of_day': '17'}",8532.52,8532.52,0.0,0.005,True,within declared rounding tolerance
weekday_peak_hour,orders,"{'weekday': '5', 'hour_of_day': '18'}",7354,7354,0.0,0.0,True,within declared rounding tolerance
weekday_peak_hour,avg_order_value,"{'weekday': '5', 'hour_of_day': '18'}",8507.38,8507.38,0.0,0.005,True,within declared rounding tolerance
weekday_peak_hour,orders,"{'weekday': '5', 'hour_of_day': '19'}",8188,8188,0.0,0.0,True,within declared rounding tolerance
weekday_peak_hour,avg_order_value,"{'weekday': '5', 'hour_of_day': '19'}",8403.34,8403.34,0.0,0.005,True,within declared rounding tolerance
weekday_peak_hour,orders,"{'weekday': '5', 'hour_of_day': '2'}",412,412,0.0,0.0,True,within declared rounding tolerance
weekday_peak_hour,avg_order_value,"{'weekday': '5', 'hour_of_day': '2'}",8024.54,8024.54,0.0,0.005,True,within declared rounding tolerance
weekday_peak_hour,orders,"{'weekday': '5', 'hour_of_day': '20'}",7232,7232,0.0,0.0,True,within declared rounding tolerance
weekday_peak_hour,avg_order_value,"{'weekday': '5', 'hour_of_day': '20'}",8440.66,8440.66,0.0,0.005,True,within declared rounding tolerance
weekday_peak_hour,orders,"{'weekday': '5', 'hour_of_day': '21'}",4078,4078,0.0,0.0,True,within declared rounding tolerance
weekday_peak_hour,avg_order_value,"{'weekday': '5', 'hour_of_day': '21'}",8316.23,8316.23,0.0,0.005,True,within declared rounding tolerance
weekday_peak_hour,orders,"{'weekday': '5', 'hour_of_day': '22'}",1982,1982,0.0,0.0,True,within declared rounding tolerance
weekday_peak_hour,avg_order_value,"{'weekday': '5', 'hour_of_day': '22'}",8261.76,8261.76,0.0,0.005,True,within declared rounding tolerance
weekday_peak_hour,orders,"{'weekday': '5', 'hour_of_day': '23'}",1233,1233,0.0,0.0,True,within declared rounding tolerance
weekday_peak_hour,avg_order_value,"{'weekday': '5', 'hour_of_day': '23'}",8523.09,8523.09,0.0,0.005,True,within declared rounding tolerance
weekday_peak_hour,orders,"{'weekday': '5', 'hour_of_day': '3'}",399,399,0.0,0.0,True,within declared rounding tolerance
weekday_peak_hour,avg_order_value,"{'weekday': '5', 'hour_of_day': '3'}",8148.78,8148.78,0.0,0.005,True,within declared rounding tolerance
weekday_peak_hour,orders,"{'weekday': '5', 'hour_of_day': '4'}",400,400,0.0,0.0,True,within declared rounding tolerance
weekday_peak_hour,avg_order_value,"{'weekday': '5', 'hour_of_day': '4'}",8493.66,8493.66,0.0,0.005,True,within declared rounding tolerance
weekday_peak_hour,orders,"{'weekday': '5', 'hour_of_day': '5'}",795,795,0.0,0.0,True,within declared rounding tolerance
weekday_peak_hour,avg_order_value,"{'weekday': '5', 'hour_of_day': '5'}",8263.36,8263.36,0.0,0.005,True,within declared rounding tolerance
weekday_peak_hour,orders,"{'weekday': '5', 'hour_of_day': '6'}",1603,1603,0.0,0.0,True,within declared rounding tolerance
weekday_peak_hour,avg_order_value,"{'weekday': '5', 'hour_of_day': '6'}",8133.0,8133.0,0.0,0.005,True,within declared rounding tolerance
weekday_peak_hour,orders,"{'weekday': '5', 'hour_of_day': '7'}",2877,2877,0.0,0.0,True,within declared rounding tolerance
weekday_peak_hour,avg_order_value,"{'weekday': '5', 'hour_of_day': '7'}",8500.37,8500.37,0.0,0.005,True,within declared rounding tolerance
weekday_peak_hour,orders,"{'weekday': '5', 'hour_of_day': '8'}",4078,4078,0.0,0.0,True,within declared rounding tolerance
weekday_peak_hour,avg_order_value,"{'weekday': '5', 'hour_of_day': '8'}",8372.78,8372.78,0.0,0.005,True,within declared rounding tolerance
weekday_peak_hour,orders,"{'weekday': '5', 'hour_of_day': '9'}",3308,3308,0.0,0.0,True,within declared rounding tolerance
weekday_peak_hour,avg_order_value,"{'weekday': '5', 'hour_of_day': '9'}",8450.14,8450.14,0.0,0.005,True,within declared rounding tolerance
weekday_peak_hour,orders,"{'weekday': '6', 'hour_of_day': '0'}",773,773,0.0,0.0,True,within declared rounding tolerance
weekday_peak_hour,avg_order_value,"{'weekday': '6', 'hour_of_day': '0'}",8217.43,8217.43,0.0,0.005,True,within declared rounding tolerance
weekday_peak_hour,orders,"{'weekday': '6', 'hour_of_day': '1'}",396,396,0.0,0.0,True,within declared rounding tolerance
weekday_peak_hour,avg_order_value,"{'weekday': '6', 'hour_of_day': '1'}",8367.29,8367.29,0.0,0.005,True,within declared rounding tolerance
weekday_peak_hour,orders,"{'weekday': '6', 'hour_of_day': '10'}",2430,2430,0.0,0.0,True,within declared rounding tolerance
weekday_peak_hour,avg_order_value,"{'weekday': '6', 'hour_of_day': '10'}",8459.86,8459.86,0.0,0.005,True,within declared rounding tolerance
weekday_peak_hour,orders,"{'weekday': '6', 'hour_of_day': '11'}",3209,3209,0.0,0.0,True,within declared rounding tolerance
weekday_peak_hour,avg_order_value,"{'weekday': '6', 'hour_of_day': '11'}",8248.85,8248.85,0.0,0.005,True,within declared rounding tolerance
weekday_peak_hour,orders,"{'weekday': '6', 'hour_of_day': '12'}",6017,6017,0.0,0.0,True,within declared rounding tolerance
weekday_peak_hour,avg_order_value,"{'weekday': '6', 'hour_of_day': '12'}",8456.7,8456.7,0.0,0.005,True,within declared rounding tolerance
weekday_peak_hour,orders,"{'weekday': '6', 'hour_of_day': '13'}",6690,6690,0.0,0.0,True,within declared rounding tolerance
weekday_peak_hour,avg_order_value,"{'weekday': '6', 'hour_of_day': '13'}",8443.75,8443.75,0.0,0.005,True,within declared rounding tolerance
weekday_peak_hour,orders,"{'weekday': '6', 'hour_of_day': '14'}",5236,5236,0.0,0.0,True,within declared rounding tolerance
weekday_peak_hour,avg_order_value,"{'weekday': '6', 'hour_of_day': '14'}",8415.3,8415.3,0.0,0.005,True,within declared rounding tolerance
weekday_peak_hour,orders,"{'weekday': '6', 'hour_of_day': '15'}",3219,3219,0.0,0.0,True,within declared rounding tolerance
weekday_peak_hour,avg_order_value,"{'weekday': '6', 'hour_of_day': '15'}",8448.98,8448.98,0.0,0.005,True,within declared rounding tolerance
weekday_peak_hour,orders,"{'weekday': '6', 'hour_of_day': '16'}",3214,3214,0.0,0.0,True,within declared rounding tolerance
weekday_peak_hour,avg_order_value,"{'weekday': '6', 'hour_of_day': '16'}",8441.43,8441.43,0.0,0.005,True,within declared rounding tolerance
weekday_peak_hour,orders,"{'weekday': '6', 'hour_of_day': '17'}",5268,5268,0.0,0.0,True,within declared rounding tolerance
weekday_peak_hour,avg_order_value,"{'weekday': '6', 'hour_of_day': '17'}",8333.45,8333.45,0.0,0.005,True,within declared rounding tolerance
weekday_peak_hour,orders,"{'weekday': '6', 'hour_of_day': '18'}",7207,7207,0.0,0.0,True,within declared rounding tolerance
weekday_peak_hour,avg_order_value,"{'weekday': '6', 'hour_of_day': '18'}",8484.82,8484.82,0.0,0.005,True,within declared rounding tolerance
weekday_peak_hour,orders,"{'weekday': '6', 'hour_of_day': '19'}",7997,7997,0.0,0.0,True,within declared rounding tolerance
weekday_peak_hour,avg_order_value,"{'weekday': '6', 'hour_of_day': '19'}",8446.25,8446.25,0.0,0.005,True,within declared rounding tolerance
weekday_peak_hour,orders,"{'weekday': '6', 'hour_of_day': '2'}",382,382,0.0,0.0,True,within declared rounding tolerance
weekday_peak_hour,avg_order_value,"{'weekday': '6', 'hour_of_day': '2'}",8527.26,8527.26,0.0,0.005,True,within declared rounding tolerance
weekday_peak_hour,orders,"{'weekday': '6', 'hour_of_day': '20'}",7131,7131,0.0,0.0,True,within declared rounding tolerance
weekday_peak_hour,avg_order_value,"{'weekday': '6', 'hour_of_day': '20'}",8427.51,8427.51,0.0,0.005,True,within declared rounding tolerance
weekday_peak_hour,orders,"{'weekday': '6', 'hour_of_day': '21'}",3967,3967,0.0,0.0,True,within declared rounding tolerance
weekday_peak_hour,avg_order_value,"{'weekday': '6', 'hour_of_day': '21'}",8275.03,8275.03,0.0,0.005,True,within declared rounding tolerance
weekday_peak_hour,orders,"{'weekday': '6', 'hour_of_day': '22'}",1981,1981,0.0,0.0,True,within declared rounding tolerance
weekday_peak_hour,avg_order_value,"{'weekday': '6', 'hour_of_day': '22'}",8508.26,8508.26,0.0,0.005,True,within declared rounding tolerance
weekday_peak_hour,orders,"{'weekday': '6', 'hour_of_day': '23'}",1177,1177,0.0,0.0,True,within declared rounding tolerance
weekday_peak_hour,avg_order_value,"{'weekday': '6', 'hour_of_day': '23'}",8594.84,8594.84,0.0,0.005,True,within declared rounding tolerance
weekday_peak_hour,orders,"{'weekday': '6', 'hour_of_day': '3'}",403,403,0.0,0.0,True,within declared rounding tolerance
weekday_peak_hour,avg_order_value,"{'weekday': '6', 'hour_of_day': '3'}",8350.14,8350.14,0.0,0.005,True,within declared rounding tolerance
weekday_peak_hour,orders,"{'weekday': '6', 'hour_of_day': '4'}",409,409,0.0,0.0,True,within declared rounding tolerance
weekday_peak_hour,avg_order_value,"{'weekday': '6', 'hour_of_day': '4'}",8061.01,8061.01,0.0,0.005,True,within declared rounding tolerance
weekday_peak_hour,orders,"{'weekday': '6', 'hour_of_day': '5'}",799,799,0.0,0.0,True,within declared rounding tolerance
weekday_peak_hour,avg_order_value,"{'weekday': '6', 'hour_of_day': '5'}",8615.45,8615.45,0.0,0.005,True,within declared rounding tolerance
weekday_peak_hour,orders,"{'weekday': '6', 'hour_of_day': '6'}",1701,1701,0.0,0.0,True,within declared rounding tolerance
weekday_peak_hour,avg_order_value,"{'weekday': '6', 'hour_of_day': '6'}",8608.84,8608.84,0.0,0.005,True,within declared rounding tolerance
weekday_peak_hour,orders,"{'weekday': '6', 'hour_of_day': '7'}",2825,2825,0.0,0.0,True,within declared rounding tolerance
weekday_peak_hour,avg_order_value,"{'weekday': '6', 'hour_of_day': '7'}",8474.25,8474.25,0.0,0.005,True,within declared rounding tolerance
weekday_peak_hour,orders,"{'weekday': '6', 'hour_of_day': '8'}",4085,4085,0.0,0.0,True,within declared rounding tolerance
weekday_peak_hour,avg_order_value,"{'weekday': '6', 'hour_of_day': '8'}",8434.52,8434.52,0.0,0.005,True,within declared rounding tolerance
weekday_peak_hour,orders,"{'weekday': '6', 'hour_of_day': '9'}",3330,3330,0.0,0.0,True,within declared rounding tolerance
weekday_peak_hour,avg_order_value,"{'weekday': '6', 'hour_of_day': '9'}",8417.9,8417.9,0.0,0.005,True,within declared rounding tolerance
weekday_peak_hour,orders,"{'weekday': '7', 'hour_of_day': '0'}",1001,1001,0.0,0.0,True,within declared rounding tolerance
weekday_peak_hour,avg_order_value,"{'weekday': '7', 'hour_of_day': '0'}",8859.64,8859.64,0.0,0.005,True,within declared rounding tolerance
weekday_peak_hour,orders,"{'weekday': '7', 'hour_of_day': '1'}",504,504,0.0,0.0,True,within declared rounding tolerance
weekday_peak_hour,avg_order_value,"{'weekday': '7', 'hour_of_day': '1'}",8330.69,8330.69,0.0,0.005,True,within declared rounding tolerance
weekday_peak_hour,orders,"{'weekday': '7', 'hour_of_day': '10'}",3132,3132,0.0,0.0,True,within declared rounding tolerance
weekday_peak_hour,avg_order_value,"{'weekday': '7', 'hour_of_day': '10'}",8506.32,8506.32,0.0,0.005,True,within declared rounding tolerance
weekday_peak_hour,orders,"{'weekday': '7', 'hour_of_day': '11'}",4060,4060,0.0,0.0,True,within declared rounding tolerance
weekday_peak_hour,avg_order_value,"{'weekday': '7', 'hour_of_day': '11'}",8582.65,8582.65,0.0,0.005,True,within declared rounding tolerance
weekday_peak_hour,orders,"{'weekday': '7', 'hour_of_day': '12'}",7874,7874,0.0,0.0,True,within declared rounding tolerance
weekday_peak_hour,avg_order_value,"{'weekday': '7', 'hour_of_day': '12'}",8560.12,8560.12,0.0,0.005,True,within declared rounding tolerance
weekday_peak_hour,orders,"{'weekday': '7', 'hour_of_day': '13'}",8727,8727,0.0,0.0,True,within declared rounding tolerance
weekday_peak_hour,avg_order_value,"{'weekday': '7', 'hour_of_day': '13'}",8492.51,8492.51,0.0,0.005,True,within declared rounding tolerance
weekday_peak_hour,orders,"{'weekday': '7', 'hour_of_day': '14'}",6800,6800,0.0,0.0,True,within declared rounding tolerance
weekday_peak_hour,avg_order_value,"{'weekday': '7', 'hour_of_day': '14'}",8349.44,8349.44,0.0,0.005,True,within declared rounding tolerance
weekday_peak_hour,orders,"{'weekday': '7', 'hour_of_day': '15'}",4179,4179,0.0,0.0,True,within declared rounding tolerance
weekday_peak_hour,avg_order_value,"{'weekday': '7', 'hour_of_day': '15'}",8534.39,8534.39,0.0,0.005,True,within declared rounding tolerance
weekday_peak_hour,orders,"{'weekday': '7', 'hour_of_day': '16'}",4236,4236,0.0,0.0,True,within declared rounding tolerance
weekday_peak_hour,avg_order_value,"{'weekday': '7', 'hour_of_day': '16'}",8542.9,8542.9,0.0,0.005,True,within declared rounding tolerance
weekday_peak_hour,orders,"{'weekday': '7', 'hour_of_day': '17'}",6979,6979,0.0,0.0,True,within declared rounding tolerance
weekday_peak_hour,avg_order_value,"{'weekday': '7', 'hour_of_day': '17'}",8487.69,8487.69,0.0,0.005,True,within declared rounding tolerance
weekday_peak_hour,orders,"{'weekday': '7', 'hour_of_day': '18'}",9443,9443,0.0,0.0,True,within declared rounding tolerance
weekday_peak_hour,avg_order_value,"{'weekday': '7', 'hour_of_day': '18'}",8518.89,8518.89,0.0,0.005,True,within declared rounding tolerance
weekday_peak_hour,orders,"{'weekday': '7', 'hour_of_day': '19'}",10258,10258,0.0,0.0,True,within declared rounding tolerance
weekday_peak_hour,avg_order_value,"{'weekday': '7', 'hour_of_day': '19'}",8389.22,8389.22,0.0,0.005,True,within declared rounding tolerance
weekday_peak_hour,orders,"{'weekday': '7', 'hour_of_day': '2'}",509,509,0.0,0.0,True,within declared rounding tolerance
weekday_peak_hour,avg_order_value,"{'weekday': '7', 'hour_of_day': '2'}",8267.01,8267.01,0.0,0.005,True,within declared rounding tolerance
weekday_peak_hour,orders,"{'weekday': '7', 'hour_of_day': '20'}",9467,9467,0.0,0.0,True,within declared rounding tolerance
weekday_peak_hour,avg_order_value,"{'weekday': '7', 'hour_of_day': '20'}",8490.55,8490.55,0.0,0.005,True,within declared rounding tolerance
weekday_peak_hour,orders,"{'weekday': '7', 'hour_of_day': '21'}",5276,5276,0.0,0.0,True,within declared rounding tolerance
weekday_peak_hour,avg_order_value,"{'weekday': '7', 'hour_of_day': '21'}",8468.07,8468.07,0.0,0.005,True,within declared rounding tolerance
weekday_peak_hour,orders,"{'weekday': '7', 'hour_of_day': '22'}",2604,2604,0.0,0.0,True,within declared rounding tolerance
weekday_peak_hour,avg_order_value,"{'weekday': '7', 'hour_of_day': '22'}",8637.01,8637.01,0.0,0.005,True,within declared rounding tolerance
weekday_peak_hour,orders,"{'weekday': '7', 'hour_of_day': '23'}",1599,1599,0.0,0.0,True,within declared rounding tolerance
weekday_peak_hour,avg_order_value,"{'weekday': '7', 'hour_of_day': '23'}",8340.09,8340.09,0.0,0.005,True,within declared rounding tolerance
weekday_peak_hour,orders,"{'weekday': '7', 'hour_of_day': '3'}",531,531,0.0,0.0,True,within declared rounding tolerance
weekday_peak_hour,avg_order_value,"{'weekday': '7', 'hour_of_day': '3'}",8363.45,8363.45,0.0,0.005,True,within declared rounding tolerance
weekday_peak_hour,orders,"{'weekday': '7', 'hour_of_day': '4'}",502,502,0.0,0.0,True,within declared rounding tolerance
weekday_peak_hour,avg_order_value,"{'weekday': '7', 'hour_of_day': '4'}",8594.61,8594.61,0.0,0.005,True,within declared rounding tolerance
weekday_peak_hour,orders,"{'weekday': '7', 'hour_of_day': '5'}",1034,1034,0.0,0.0,True,within declared rounding tolerance
weekday_peak_hour,avg_order_value,"{'weekday': '7', 'hour_of_day': '5'}",8759.83,8759.83,0.0,0.005,True,within declared rounding tolerance
weekday_peak_hour,orders,"{'weekday': '7', 'hour_of_day': '6'}",2059,2059,0.0,0.0,True,within declared rounding tolerance
weekday_peak_hour,avg_order_value,"{'weekday': '7', 'hour_of_day': '6'}",8283.81,8283.81,0.0,0.005,True,within declared rounding tolerance
weekday_peak_hour,orders,"{'weekday': '7', 'hour_of_day': '7'}",3750,3750,0.0,0.0,True,within declared rounding tolerance
weekday_peak_hour,avg_order_value,"{'weekday': '7', 'hour_of_day': '7'}",8332.77,8332.77,0.0,0.005,True,within declared rounding tolerance
weekday_peak_hour,orders,"{'weekday': '7', 'hour_of_day': '8'}",5241,5241,0.0,0.0,True,within declared rounding tolerance
weekday_peak_hour,avg_order_value,"{'weekday': '7', 'hour_of_day': '8'}",8368.97,8368.97,0.0,0.005,True,within declared rounding tolerance
weekday_peak_hour,orders,"{'weekday': '7', 'hour_of_day': '9'}",4122,4122,0.0,0.0,True,within declared rounding tolerance
weekday_peak_hour,avg_order_value,"{'weekday': '7', 'hour_of_day': '9'}",8482.38,8482.38,0.0,0.005,True,within declared rounding tolerance
